year,source_pdf,n_pdf_pages,sentence,primary_driver,all_drivers,n_drivers_matched,project_name,contractor,statutory_body,funding_source,construction_relevant
2018,2018_AGKHI@CON2018.pdf,450,"Domestic Arrears  Domestic arrears refer to short-term debts incurred by governments  against unpaid procurement invoices for supply of goods and services  during the financial year  External Debt  Portion of a country's debt that was borrowed from foreign lenders  including commercial banks, governments or international financial  institutions.",delayed_payments,delayed_payments|procurement_irregularities,2,,,,,False
2018,2018_AGKHI@CON2018.pdf,450,"  Classified expenditure    Audit of all government investments    Procurement Audits    Audit of the treasury memoranda    Under Article 163 (4) of the Constitution, I am also required to submit to Parliament  annually a Report of the Accounts audited by me for the year immediately preceding.",procurement_irregularities,procurement_irregularities,1,,,Parliament  annually a Report of the Accounts audited by me for the year immediately prece,,False
2018,2018_AGKHI@CON2018.pdf,450,"During the overall office wide planning, I identified risks such as inadequate release of  funds and failure to undertake budget monitoring and supervision that are likely to be  the causes of failure to implement the planned activities under Uganda road fund.",contract_management,contract_management,1,,,,,True
2018,2018_AGKHI@CON2018.pdf,450,"During the overall office wide planning, I identified risks such as inadequate release of funds  and failure to undertake budget monitoring and supervision that are likely to be the causes of        35    failure to implement the planned activities under Uganda road fund.",contract_management,contract_management,1,,,,,True
2018,2018_AGKHI@CON2018.pdf,450,"However, I noted that some entities did not implement activities as planned citing non- release of funds, late release of funds, delayed procurement processes.",procurement_irregularities,procurement_irregularities,1,,,,,False
2018,2018_AGKHI@CON2018.pdf,450,"The occurrence of these unspent balances was attributed by Accounting Officers  to late release of funds from Ministry of Finance, Planning and Economic Development,  inefficiencies in procurement units and incompetent contractors among others.",procurement_irregularities,procurement_irregularities,1,,,"Ministry of Finance, Planning and Economic Development,  inefficiencies in procurement u",,True
2018,2018_AGKHI@CON2018.pdf,450,I advised the Accounting Officers to liaise with MoFPED for timely release of funds and  streamline procurement and contract management processes.,contract_management,contract_management|procurement_irregularities,2,,,,,False
2018,2018_AGKHI@CON2018.pdf,450,"657,578.14)  2,450,004,629  -  6  Gulu University  324,624,045  -  7  Gulu Regional Referral Hospital  -  111,598,776  Total  2,775,690,674  24,724,815,955        44      3.1.4 Wasteful/ Nugatory Expenditure  Good practice requires Accounting Officers to reduce cases of apparent waste,  extravagant administration or failure to achieve value for money due to management’s  laxity in the conduct of operations.",claims_and_disputes,claims_and_disputes,1,,,,,True
2018,2018_AGKHI@CON2018.pdf,450,"across the entire country)  3  Uganda Prisons  Services  Unaccounted for land at Luzira (106.692 acres),  Untitled and Unsurveyed land, Land with encroachments,  disputes and encumbrances at Arua, Namalu, Amita,  Ngenge, Ragem, Kotido, Bukedea and Budaka--un surveyed  and un titled land is equivalent to 89 pieces of varying sizes  across the country  4  Ministry of Defence  and Veterans Affairs  Compensation of Land at Usuk, Ngariam Katakwi, JIE Block  4, Plot 21, Nakapirimor, Kotido District, Petero Bashaija  (Estate of Maria Kakindu) Kabamba and Plot 20 Lugard  Avenue, Entebbe (Total 7.675bn)  5  Ministry of Agriculture  Animal Industry &  Fisheries  Untitled Land(VODP),Missing land title and loss of land to  Government Departments (Bukalasa Agricultural college)    6  Ministry of Tourism,  Wildlife and  Antiquities  6 pieces of land where museums are located did not have  titles  7  Ministry of Water and  Environment  Various water schemes built (construction cost over  UGX50bn) across the country have no land titles  8  Public Universities  (KYU, Soroti,  Busitema, Muni,  Gulu)  Illegal encroachment, underutilised and untitled land  9  Jinja Referral  Lack of Titles  10  Ministry of Science  and Technology  Lack of Land Titles for PIBID Land (land at Sanga  approximately 50 acres and land where the water source is  located at Kyamugambira approximately 4 acres).",land_and_right_of_way,land_and_right_of_way,1,,,"Ministry of Defence  and Veterans Affairs  Compensation of Land at Usuk, Ngariam Katakwi; Ministry of Agriculture  Animal Industry &  Fisheries  Untitled Land(VODP),Missing land ",,True
2018,2018_AGKHI@CON2018.pdf,450,"The Accounting Officer explained that the Tax and Energy incentive was not backed by  relevant resources, which created domestic arrears.",delayed_payments,delayed_payments,1,,,,,True
2018,2018_AGKHI@CON2018.pdf,450,  Court cases relating to compensation of sub-surface rocks  I observed that there are a number of on-going court cases arising from legal suits by  Project Affected Persons (PAPs) against the Ministry of Energy and Mineral Development.,claims_and_disputes,claims_and_disputes,1,Project Affected Persons (PAPs) against the Ministry of Energy and Mineral Development,,Ministry of Energy and Mineral Development,,True
2018,2018_AGKHI@CON2018.pdf,450,An amount of UGX379.1 billion relates to compensation claims for  land affected by the construction of Isimba HPP while UGX.,claims_and_disputes,claims_and_disputes,1,,,,,True
2018,2018_AGKHI@CON2018.pdf,450,These court cases may result into the delays in the construction of the strategic dams  thus resulting into increase of commitment fees and delay in achieving the intended  objective of the project.,claims_and_disputes,claims_and_disputes,1,project,,,,True
2018,2018_AGKHI@CON2018.pdf,450,  Delayed Completion of Projects due to Right of Way challenges  I noted that a number of Projects under the Energy sector were not completed within the  agreed contract periods.,delay_time_overrun,delay_time_overrun|land_and_right_of_way,2,,,,,True
2018,2018_AGKHI@CON2018.pdf,450,"This was attributed to delays in compensation of Project Affected  Persons, hence failure to access Right of Way (ROW).",land_and_right_of_way,land_and_right_of_way,1,"Project Affected  Persons, hence failure to access Right of Way (ROW)",,,,True
2018,2018_AGKHI@CON2018.pdf,450,The delay to complete the projects ranged from  4months to 8 years and resulted into contract cost escalations in some projects.,cost_overrun,cost_overrun,1,,,,,False
2018,2018_AGKHI@CON2018.pdf,450, Delayed signing of the Financing agreements by the Government of Uganda    I advised projects management to streamline planning and procurement processes so as  to reduce the inefficiencies which are affecting the project implementation.,procurement_irregularities,procurement_irregularities,1,project implementation,,,,False
2018,2018_AGKHI@CON2018.pdf,450,There is need for Government to fund research activities in line with the provisions of the  International Museum Standards a view of benefiting from global dynamic research  activities    3.3.6 Works Sector    Expiry of Standard Gauge Railway Board (SGR)  It was noted that all the Board members’ terms expired in November 2017 and have  not been renewed or replaced contrary to Section 4.4 of the SGR Project Governance  Manual which requires members of the Board to hold office for a period of 2 years  renewable at the discretion of the Minister of Works and Transport.,governance_and_controls,governance_and_controls,1,Project Governance  Manual which requires members of the Board to hold office for a period of 2 y,,,,True
2018,2018_AGKHI@CON2018.pdf,450,Absence of a Board creates challenges in governance and execution of the Project’s  mandate.,governance_and_controls,governance_and_controls,1,Project’s  mandate,,,,False
2018,2018_AGKHI@CON2018.pdf,450,Procurement of consultancy services for construction of start-up infrastructure (Road and  Fence) is in advanced stage.,procurement_irregularities,procurement_irregularities,1,,,,,True
2018,2018_AGKHI@CON2018.pdf,450,"Other reasons for delayed  execution of works were; increased scope of works, late instructions and pending  information from the consultant, delayed payment of VAT amounts, and delayed payment        62    of IPC no.13 by 69 days.",delayed_payments,delayed_payments,1,,,,,True
2018,2018_AGKHI@CON2018.pdf,450,"Delayed execution of works resulted into additional costs of USD  380,000 incurred in extension of the supervising consultant’s contract.",cost_overrun,cost_overrun,1,,,,,True
2018,2018_AGKHI@CON2018.pdf,450,"Entity  Profit  before  Interest  (Operating  Profit) (UGX)  Interest  (Financing  cost) (UGX)  Number of  Times  1  NEC Luwero Industries Limited  231,972,069  1,898,740  122.2  2  National Water and Sewerage  Corporation  58,889,248,000  891,744,000  66.0  3  NEC Tractor Hire Scheme  Limited  765,650,619  13,368,513  57.3  4  NEC Construction Works &  Engineering Limited  810,468,628  14,548,220  55.7  5  NEC Tractor Project  69,353,628  1,282,575  54.1  6  Bank of Uganda  442,262,000,000  18,149,000,000  24.4  7  Uganda Property Holdings  Limited  672,423,379  229,649,582  2.9  8  Uganda Post Limited  600,331,000  626,531,000  1.0  9  National  Housing  and  Construction  Company  Limited  (101,502,000)  1,949,498,000  -0.1  10  Uganda  Electricity  Transmission  Company  Limited  (106,636,000,00 0)  588,000,000  -181.4    Through its oversight role, government should caution the management of these  enterprises to limit the amounts of debt to manageable levels guaranteed by improved  profitability.",governance_and_controls,governance_and_controls,1,"Project  69,353,628  1,282,575  54","Limited  231,972,069  1,898,740  122; Limited  765,650,619  13,368,513  57","Corporation  58,889,248,000  891,744,000  66",,True
2018,2018_AGKHI@CON2018.pdf,450,"Absence of a Board of Directors since January, 2008  3  Uganda Free Zones Authority  Lack of an Internal Audit function  4  National Agricultural Advisory  Services-NAADS  legal mandate of NAADS (Irregular restructuring)  5  Management Training and  Advisory Centre (MTAC)  Lack of a governing council  6  National Drug Authority  Board not fully constituted  7  National Medical Stores  Failure to provide for position of Deputy General  Manager  8  National Information  Technology Authority -Uganda  Board not fully constituted  9  Uganda Communication  Commission  Conflicting sections of the Law in Regard to the  Position of the Executive Director also being a Board  Member  10  Uganda Institute of  Communication and  Information Technology  Unclear governance structure and legal status of  the Institute  11  Uganda Posts Limited  Expired Contracts for Members of the UPL Board  12  Uganda Human Rights  Commission  Only 3 of the 7 members were appointed  13  National Identification and  Registration Authority (NIRA)  Lack of a fully constituted Board  14  National Planning Authority  Board not fully constituted  15  National Council for Disability  Failure to Hold Annual General Meeting  16  Uganda National Cultural  Centre  Expiry of Board Tenure  17  Uganda National Children’s'  Authority  Lack of a governing board  18  Uganda Industrial Research  Institute  Absence of a Board of Directors  19  Uganda National Council for  Science and Technology  Absence of a fully constituted Governing Council,  only 9 out of the 36 members are appointed  20  National Enterprise Corporation  Absence of an Audit Committee  21  Uganda Veterans Assistance  Board  Failure to implement the mandate of Uganda  Veterans Assistance Board  22  Uganda Wildlife Research and  Training Institute  Inappropriate composition of the Governing  Council and absence of academic Board        76    23  Nile Hotel International Limited  Continuous stay of the Board after the expiry of the  two  terms  and  override  of  managements  responsibility by the board  24  Uganda National  Meteorological Authority  Lack of a Board of Directors  25  Uganda Road Fund  Board misunderstandings.",governance_and_controls,governance_and_controls,1,,Limited  Expired Contracts for Members of the UPL Board  12  Uganda Human Rights  Commi; Limited  Continuous stay of the Board after the expiry of the  two  terms  and  overrid,Authority  Lack of an Internal Audit function  4  National Agricultural Advisory  Service; Authority  Board not fully constituted  7  National Medical Stores  Failure to provide fo,,True
2018,2018_AGKHI@CON2018.pdf,450,"In spite of several  meetings, chairperson has not signed any minutes  25  Civil Aviation Authority  Failure to assess likelihood of fraud and absence of  related policies  26  Uganda Railways Corporation - SGR  The terms of all Board members for the Standard  Gauge Railway Board had expired in November  2017    Noncompliance with corporate governance principles hinders oversight and may affect the  implementation of the organisation policies and procedures.",governance_and_controls,governance_and_controls,1,,,Authority  Failure to assess likelihood of fraud and absence of  related policies  26  Ug; Corporation - SGR  The terms of all Board members for the Standard  Gauge Railway Board had,,True
2018,2018_AGKHI@CON2018.pdf,450,"of cases  outstanding  Estimated legal  cost-UGX  Remark  1  National  Agricultural  Advisory Services- NAADS  15  18,000,000,000 Estimated  costs  for  outstanding court cases  2  Kampala Sanitation  Program (KSP) -  National Water  1  1,395,856,789 Impending Legal Suits  on  Disputed  Compensation  Offers/claims  3  Kampala Capital  City Authority  N/A  39,818,479,736 For existing and potential  legal claims  4  National Social  Security Fund  (NSSF)  1  42,200,000,000 Tax dispute with URA  5  Uganda National  Roads Authority  N/a  430,013,722,276 Contingent Liabilities    Total    531,428,058,801    Their eventual determination and/or payment could negatively affect the cash flows and  ability of the concerned entities to continue as going concerns.",claims_and_disputes,claims_and_disputes,1,"Program (KSP) -  National Water  1  1,395,856,789 Impending Legal Suits  on  Disputed  Compensati",,"Authority  N/A  39,818,479,736 For existing and potential  legal claims  4  National Soci; Authority  N/a  430,013,722,276 Contingent Liabilities    Total    531,428,058,801    The",,True
2018,2018_AGKHI@CON2018.pdf,450,"10  Hoima Nkenda transmission line  Delays in land titling  11  Mbarara Nkenda transmission  line  Delays in land transfer and titling        84    12  Uganda National Oil Company  Lack of Title for assets transferred to the Company  13  Uganda Posts Limited  Lack of Land Titles for UPL Land - Plot 40 Margarita  Road, Kasese; Plot 18-20 Gogonyo Road, Pallisa; Plot  76 Mawokota Block 92, Mpigi; Plot 6-10 Birch Avenue,  Masaka; Plot 2-6 Mutekanga Road, Kamuli; Plot 1-11  Nsambya Road, Kampala  14  Law Development Centre  • Untitled Land on plots 34, 89, 155, 159, 166, 170,  221, 222, 245, 450, 451, 464, 465, 466, 482, 481,  508-510, 613-615  • Untitled Land in Kyadodndo and Bukoto  15  Uganda Human Rights  Commission  Inadequate management of land assets  16  Parliamentary Commission  Absence of land titles for 3 plots; 16-18 on Parliament  Avenue  17  National Library of Uganda  Forfeiture of land/Loss of land  18  NEC Head Quarter  Undeveloped Plot in Namanve Industrial Park  19  NEC Farm Katonga  Un-surveyed Land/untitled land blocks 274,378 and  386  20  National Water & Sewerage  Corporation  Absence of land titles for assets taken over  21  National Forestry Authority  • Over 2m Hectares of Forest cover lost in last 10yrs   Loss of land in Buhungiro Central Forest Reserve in  Kyegegwa District  • Encroachment on Namanve Central Forest Reserve  22  Uganda National Road Authority    Delayed return of residual Titles to Project Affected  Persons (PAPs)  23  Uganda Railway Corporation    Un-titled land of over 362 sq meters at Nalukolongo  leading to encroachment of some plots    I advised Management of the affected entities to process land titles and institute measures  to recover land from the encroachers.",land_and_right_of_way,land_and_right_of_way,1,Project Affected  Persons (PAPs)  23  Uganda Railway Corporation    Un-titled land of over 362 s,Company  Lack of Title for assets transferred to the Company  13  Uganda Posts Limited ,Commission  Inadequate management of land assets  16  Parliamentary Commission  Absence of; Parliament  Avenue  17  National Library of Uganda  Forfeiture of land/Loss of land  18  N,,True
2018,2018_AGKHI@CON2018.pdf,450,"4.3.9 Procurement Anomalies  I noted in several instances that a number of commissions, statutory authorities and state  enterprises did not comply with procurement guidelines during procurement and contract  management.",procurement_irregularities,procurement_irregularities,1,,,,,False
2018,2018_AGKHI@CON2018.pdf,450,"The anomalies included un-planned procurements, unjustified use of direct  procurement, awards above market prices and un-documented procurements among  others.",procurement_irregularities,procurement_irregularities,1,,,,,False
2018,2018_AGKHI@CON2018.pdf,450,86    I advised management to strengthen controls under procurement and always ensure  compliance with the procurement laws.,procurement_irregularities,procurement_irregularities,1,,,,,False
2018,2018_AGKHI@CON2018.pdf,450,The inconsistencies in the operationalisation of the agreements and the involved parties'  deemed actions represent non- compliance/ breach of contract that could result in  penalties and even cancellation of the facility.,claims_and_disputes,claims_and_disputes,1,,,,,False
2018,2018_AGKHI@CON2018.pdf,450,Demarcation and Gazettement of Wetlands  WMD’s delay to gazette wetlands and complete demarcation makes it difficult to identify  wetland boundaries and encourages continued encroachment.,land_and_right_of_way,land_and_right_of_way,1,,,,,False
2018,2018_AGKHI@CON2018.pdf,450,"MWE should continuously engage MAAIF, MLHUD and other players to:   Expand interventions which seek to prevent wetland (re-)encroachment by addressing  the factors that lead to encroachment such as declining fertility of traditional farmlands,  water scarcity, unplanned urban expansion, to other areas not covered by the GCF  projects;   Implement the plan to extend irrigation infrastructure especially in rice-growing regions  to encourage the farmers to leave wetlands, after which they can re-generate on their  own, saving government restoration costs;  v.",land_and_right_of_way,land_and_right_of_way,1,,,,,True
2018,2018_AGKHI@CON2018.pdf,450,"Government efforts to reverse this decline during the 4 years under review had registered  little success mainly due to emphasis by WMD on restoration of degraded wetlands which  is expensive and does not adequately address the factors that push people to encroach  on wetlands; unclear delineation of roles, responsibilities and mandates between WMD,  NEMA and other key players in regulation and management of wetlands; failure to utilise  all pillars and beacons purchased for demarcation; gaps in collection and dissemination of  knowledge on wetlands to stakeholders to guide decision-making; failure to utilise training  funds for the intended purpose; delay to fund implementation of the Cabinet resolution to  cancel land titles in wetlands; and limited funding to district local governments to restore,  protect and manage wetlands.",land_and_right_of_way,land_and_right_of_way,1,,"limited funding to district local governments to restore,  protect and manage wetlands",,,False
2018,2018_AGKHI@CON2018.pdf,450,"On a positive note, however, it was observed that starting late in 2017, WMD had started  implementing a project to address factors that encourage encroachment in 20 districts,  and review of legislation to clarify the mandates and roles of the different players was in  advanced stages.",land_and_right_of_way,land_and_right_of_way,1,"project to address factors that encourage encroachment in 20 districts,  and review of legislatio",,,,False
2018,2018_AGKHI@CON2018.pdf,450,Extent to which procedures were undertaken in regard to the manual  Contrary to operational guidelines I noted that LDCs did not submit all required annual  work plans and budgets in a timely manner and REA management contract management  reports were not fully submitted.,contract_management,contract_management,1,,,,,True
2018,2018_AGKHI@CON2018.pdf,450,Ensure that it undertakes due diligence in procuring consultants and should undertake  adequate contract management to ensure contract obligations are met.,contract_management,contract_management,1,,,,,False
2018,2018_AGKHI@CON2018.pdf,450,"122    OVERALL AUDIT CONCLUSION  Whereas the Rural Electrification Agency under the Output Based Aid project was reported  to have achieved 75.7 % of the project targeted connections of 152,861, inadequacies in  planning, procurement, financial/contract management and reporting led to lower  performance of a majority of LDCs.",contract_management,contract_management|procurement_irregularities,2,"project was reported  to have achieved 75; project targeted connections of 152,861, inadequacies in  planning, procurement, financial/contra",,Agency under the Output Based Aid project was reported  to have achieved 75,,True
2018,2018_AGKHI@CON2018.pdf,450,"For the 18 outputs that were patially achieved under various entities, the major  contributing factors for partial achievement were procurement delays, budget shortfalls,  delayed release of funds and diversion of funds.",procurement_irregularities,procurement_irregularities,1,,,,,False
2018,2018_AGKHI@CON2018.pdf,450,Failure to absorb funds was attributed to procurement delays and delayed verification of  decentralised pensioners in Regional Referral Hospitals.,procurement_irregularities,procurement_irregularities,1,,,,,True
2018,2018_AGKHI@CON2018.pdf,450,"Further analysis of the performance of the selected outputs revealed that in addition to  poor release performance, the delivery of the expected outputs was affected by budget  variations such as reallocations, diversion/ mischarge of funds and delays in procurement.",procurement_irregularities,procurement_irregularities,1,,,,,False
2018,2018_AGKHI@CON2018.pdf,450,"The delivery of the expected outputs and targets was  affected by challenges in planning, budget shortfalls, funds absorption, procurement  delays and budget variations among others.",procurement_irregularities,procurement_irregularities,1,,,,,False
2018,2018_AGKHI@CON2018.pdf,450,The Sector Development Plan (2015/16-2019/20) and Annual Sector Performance Report  2016/17 highlights various challenges within the sector such as inadequate funding; high  costs of acquisition of land for the right of way for the development of infrastructure  projects coupled with unfavourable land law which affects budget performance especially  for externally financed projects in terms of project costs and completion period.,land_and_right_of_way,land_and_right_of_way,1,project costs and completion period,,,,True
2018,2018_AGKHI@CON2018.pdf,450,Inherent lags or delays in the procurement system and cost variations  It was observed that delays in procurement affected timely delivery of outputs.,cost_overrun,cost_overrun|procurement_irregularities,2,,,,,False
2018,2018_AGKHI@CON2018.pdf,450,"In UNRA  for example, procurement delays were mainly caused by administrative reviews and  sometimes bureaucratic processes to which procurements are subjected in fulfillment of  the financing requirements.",procurement_irregularities,procurement_irregularities,1,,,,,True
2018,2018_AGKHI@CON2018.pdf,450,The Ministry should ensure that procurements are undertaken within the timelines  prescribed in the procurement regulations.,procurement_irregularities,procurement_irregularities,1,,,Ministry should ensure that procurements are undertaken within the timelines  prescribed,,False
2018,2018_AGKHI@CON2018.pdf,450,The Ministry together with UNRA should continue engaging the responsible authorities  to address the impediments to land acquisition for infrastructure projects.,land_and_right_of_way,land_and_right_of_way,1,,,Ministry together with UNRA should continue engaging the responsible authorities  to add,,True
2018,2018_AGKHI@CON2018.pdf,450,"7,247,112,408    Inappropriate use of the Quotation  method  of  procurement  UGX.",procurement_irregularities,procurement_irregularities,1,,,,,False
2018,2018_AGKHI@CON2018.pdf,450,"4,811,238,710    Unspent balances UGX.3,641,516,554    None Alignment of the Ministry’s budget with  the National Development Plan    Domestic arrears UGX.42,597,252,938    Improvement of Health Services at Mulago  Hospital and the City of Kampala Project  (MKCCAP)  o  Omission of essential components  of works during planning and  design review  o  Delayed execution of works  o  Validity of contractor’s all risk policy  o  Unspecified  percentage  for  Subcontracting of works  o  Non recovery of Advance Payment  worth  UGX.251,848,338,  and  retention worth UGX.628,710,846  o  Implementation and Payment of  some Addendum Works before  Contractual Approval by contracts  committee  o  Payment for unexecuted works  USD.221, 142.63  o  Delayed payment of VAT and IPCs  USD.",delayed_payments,delayed_payments,1,Project  (MKCCAP)  o  Omission of essential components  of works during planning and  design revi,,Ministry’s budget with  the National Development Plan    Domestic arrears UGX,,True
2018,2018_AGKHI@CON2018.pdf,450,"583,965,423    Unimplemented budget activities    Inadequate Controls Surrounding  Management of Domestic Arrears – UGX  1,649,847,321    Unacknowledged Withholding Tax  Remittances - UGX 111,598,776    Diversion of funds meant for construction of  54 Unit staff houses - UGX 146,500,000    Lack of Key senior staffs    Underpayment of Disturbance Allowances to  staff UGX.",delayed_payments,delayed_payments,1,,,,,True
2018,2018_AGKHI@CON2018.pdf,450,"Lira Regional Referral  Hospital    Mischarged  Expenditure -  UGX.167,904,869    Unaccounted for  funds -  UGX.136,359,356    Non Tax Revenue (NTR) Spent at source -  UGX.15,475,663    Over statements of Benefits Expenditure -  UGX.170,282,724    Unsupported Payables/Domestic Arrears -  UGX.157,916,520        150      Undisclosed  Expenditure -  UGX.298,206,573    Overstatement of  Net worth -  UGX.108,735,083      Understaffing    Condition of Medical Equipment    Failure to plan for Consultancy Services    Failure to provide a Performance Security  12.",delayed_payments,delayed_payments,1,,,,,True
2018,2018_AGKHI@CON2018.pdf,450,"Mbale Regional  Referral Hospital    Unsupported  Gratuity Payments  UGX.695,585,680        Unsupported  domestic  arrears  UGX.752,666,672    Shortfall in Central Government Grants  UGX.141,57,943    Understaffing    Irregular Payment of Salaries to Retired Staff    Lack of land titles    shortage of medical equipment, (Condition of  the Medical equipment )    There was no fridge for storage of dead  bodies (State of the Hospital Mortuary)  13.",delayed_payments,delayed_payments,1,,,,,True
2018,2018_AGKHI@CON2018.pdf,450,"Mubende Regional  Referral Hospital    Mischarged  Expenditure  UGX.777,764,898    Un-supported  Receivables  UGX.215,408,183    Budget shortfall of UGX.1,057,562,572    Non construction of the paediatrics and  medical wards    Domestic Arrears UGX.1,543,294,611    Poor Condition of Medical Equipment    Poor maintenance of Medical Equipment    14.",delayed_payments,delayed_payments,1,,,,,True
2018,2018_AGKHI@CON2018.pdf,450,"1,054,937,758    Inadequate provisions for maintenance of existing fleet    Lack of an approved fleet management policy    Inadequate controls for fleet operational costs    Delays in some construction projects such as Natete police  station    Un surveyed and untitled police land leading to encroachment    Non-operationalization of the Crime Records Management  Information System (CRMS) and Suspect Profile System (SPS)    Un satisfactory performance in the investigation of crimes  reported (only 22% successfully investigated and taken to  court)        153      6.",land_and_right_of_way,land_and_right_of_way,1,,,,,True
2018,2018_AGKHI@CON2018.pdf,450,"4.9bn    Unimplemented budget activities    Outstanding VAT arrears - UGX.6,184,417,820    Diversion of project funds-UGX.",delayed_payments,delayed_payments,1,project funds-UGX,,,,False
2018,2018_AGKHI@CON2018.pdf,450,"40,563,582    Delayed completion of additional civil works for Nyendo Market    Performance as per the logical framework-additional works on  Nyendo market stalled  16.",delay_time_overrun,delay_time_overrun,1,,,,,True
2018,2018_AGKHI@CON2018.pdf,450,"PRELNOR   Budget shortfall of UGX.3.19bn   Discrepancy between the project’s and Ministry’s budgets on  GoU counterpart funding- UGX.417,593,000   Diversion of GOU counterpart funding contribution to non - project activities- UGX.113,954,732   Delay in acquisition of land for the construction of eight (8)  satellite and three (3) bulk markets    MoU with District Farmers Association (DFA)-Under  performance as per the annual performance targets with  the District Farmers Association (DFA)    MoU with District Farmers Association (DFA)    Under performance as per the annual performance targets  with the District Farmers Association (DFA)    Delayed procurement of walking tractors    Project performance against the Logical framework-partial/  non implementation of some activities    SECURITY    19.",procurement_irregularities,procurement_irregularities,1,project’s and Ministry’s budgets on  GoU counterpart funding- UGX; project activities- UGX,,Ministry’s budgets on  GoU counterpart funding- UGX,,True
2018,2018_AGKHI@CON2018.pdf,450,"764,230,132,962  yet  budget  was  UGX.145,592,926,044    Irregular Patient Referrals to Nakasero Hospital    Unjustifiable Compensation for land occupied by UPDF at Usuk,  Ngariam, Katakwi District   Un justifiable Payment to Pajimolugwar clan and Pajimokal clan  in respect of land – UGX.1,756,170,429   Un justified Payment of Land at JIE Block 4, Plot 21,  Nakapirimor, Kotido District – UGX.3,327,577,000    Un justified Land compensation for Plot 20 Lugard Avenue,  Entebbe – UGX.575,000,000    Incomplete works at Peace Support Operation Training Centre  (PSO TC)-SINGO    Abandoned motor vehicles at Peace Support Operation  Training Centre (PSO TC)-SINGO   Abandoned Kaweweta construction sites works– UGX.3.1 billion   Incomplete Renovation works on the Administration Block at  Lugazi   Land disputes at Kimaka   Failure to implement Presidential directive   Doubtful Supply of Jet Ranger spare parts by YAMASEC Ltd –  USD.479,030.12   Doubtful Fuel supply by Hared Petroleum Limited  20.",delay_time_overrun,delay_time_overrun,1,,Ltd –  USD; Limited  20,,,True
2018,2018_AGKHI@CON2018.pdf,450,"ATAAS (Grant) EU, WB and  Danida - MAAIF    Non-implementation of budgeted activities    Under absorption of funds 8.9bn    Overall Performance as Per the Logical Frame work    Implemented practices significantly below the planned targets  (Sustainable Land Management)    Delayed Disbursement of Funds to institutes    Delays in the procurement process  26.",procurement_irregularities,procurement_irregularities,1,,,,"Grant) EU, WB and  Danida - MAAIF    Non-implementation of budge",False
2018,2018_AGKHI@CON2018.pdf,450,"Regional  Pastoral  Livelihood  Improvement Project    Budget shortfall UGX.7.01bn    Under absorption of funds 32.6bn    Non-implementation of budgeted activities    Irregular payment of VAT on exempted supplies  –  UGX.139,703,172    Failure to supply vaccines    Delayed deliveries    Failure to deliver on second contract    Irregular transfer of District Project funds to General Fund  Account    Delayed procurement process for Consultancy services for the  design and construction of livestock watering facilities    Inadequate Project Monitoring    Delayed Disbursement of Funds to Implementing Districts    Unimplemented Activities(Inspection in Katakwi District)  27.",procurement_irregularities,procurement_irregularities,1,Project    Budget shortfall UGX; Project funds to General Fund  Account    Delayed procurement process for Consultancy services f,,,,True
2018,2018_AGKHI@CON2018.pdf,450,Multi Sectoral Food Safety &  Nutrition Project    Low Absorption funds-UGX.0.18 bn    Irregular payment of VAT for exempted Projects UGX.0.2bn    Irregular transfer of Project Funds to Iganga District General  Fund Account (TSSA) UGX.0.209bn    Non-compliance  with  the  Project  Appraisal  Document  guidelines-Bugiri District    Insufficient Project Monitoring    Failure to conclude on monitoring indicators        160    28.,contract_management,contract_management,1,Project    Low Absorption funds-UGX; Project Funds to Iganga District General  Fund Account (TSSA) UGX,,,,False
2018,2018_AGKHI@CON2018.pdf,450,"MEMD    Implementation of Budget approved by Parliament    Alignment of Budget Instruments to the National Development  Plan II      Default on payment of Annual Mineral Rent fees      Undistributed Royalties      Mischarge of Expenditure    Funds Not accounted for      Conflict Between Loan Agreement, Power Purchase Agreement  and Generation and Sale Licence    Thermal Power Subsidies/Capacity Charges        162      Delayed completion of Projects      Failure to implement the ICGLR Lusaka Declaration  38.",delay_time_overrun,delay_time_overrun,1,,,Parliament    Alignment of Budget Instruments to the National Development  Plan II      ,"Loan Agreement, Power Purchase Agreement  and Generation and Sal",False
2018,2018_AGKHI@CON2018.pdf,450,"MoLHUD    Delayed  settlement  of  domestic  arrears  worth  UGX.31,031,981,001 as at 30th June 2018    Non–alignment of the Ministry budget with the NDP II)    Failure to achieve the planned/ intended outputs    Immeasurable and non – time bound target activities /outputs    Mischarge of Expenditure of UGX.202,140,410    Funds not accounted for of UGX.114,875,000    Revenue Shortfall i.e budget of UGX.87,587,613,316 but only  UGX.68,364,555,397 was released    Staffing gaps    Lack of IT Strategic plan and ICT Management Arrangements  46.",delayed_payments,delayed_payments,1,,,Ministry budget with the NDP II)    Failure to achieve the planned/ intended outputs  ,,False
2018,2018_AGKHI@CON2018.pdf,450,"Ministry of Water and  Environment    Implementation of Budget approved by Parliament i.e out of  UGX 318.819 billion in Central Government Grants released to  the entity, funds amounting to UGX 0.774 billion remained  unspent at the year-end    Domestic Arrears i.e only UGX.",delayed_payments,delayed_payments,1,,,Ministry of Water and  Environment    Implementation of Budget approved by Parliament i,,False
2018,2018_AGKHI@CON2018.pdf,450,"Water and Sanitation  Development Facility -Eastern  (2017/18)    Revenue shortfall i.e only UGX.13,570,088,440 was received  resulting into a shortfall of UGX.7,616,911,560 representing  36%    Delayed completion of Namwiwa Town Water Supply System  and Kamuli Faecal Sludge Management Facility    Delayed completion of Bulegenyi Town Council water supply  system    Failure to recover connection fees from Local Governments    Failure to operationalize Namagera Town Water Supply System  (TWSS)  53.",delay_time_overrun,delay_time_overrun,1,,,,,True
2018,2018_AGKHI@CON2018.pdf,450,"Water and Sanitation  Development Facility -South  West (2017/18)    Budget on the GoU component of UGX.9,662,000,000, of which  only UGX.9,033,240,721 was realised leading to a funding gap  of UGX 628,759,279(7%)    Delayed Completion of Projects    Lack of Land titles for water Scheme    Under  absorption  of  funds  i.e  received  funding  of  UGX.9,033,413,054 of which only UGX.8,518,800,507 was  utilized leaving a balance of UGX.514,612,547 (6%)  54.",delay_time_overrun,delay_time_overrun,1,,,,,True
2018,2018_AGKHI@CON2018.pdf,450,Reduction of Emissions from  Deforestation Forest Degradation  project (REDD+)    Failure to implement planned activities    Use of an inappropriate procurement method for air tickets  60.,procurement_irregularities,procurement_irregularities,1,project (REDD+)    Failure to implement planned activities    Use of an inappropriate procureme,,,,False
2018,2018_AGKHI@CON2018.pdf,450,"WSDF-E (2016/17)   Failure to achieve planned consumer connections i.e only 813  of the 1,205 made   Delayed Payments to Contractors  68.",delayed_payments,delayed_payments,1,,,,,True
2018,2018_AGKHI@CON2018.pdf,450,WSDF-South West (2016/17)   Delayed Completion of Ishongororo Feacal Sludge Treatment  Plant    EDUCATION SECTOR    69.,delay_time_overrun,delay_time_overrun,1,,,,,False
2018,2018_AGKHI@CON2018.pdf,450,Norwegian Programme For  Capacity Development In Higher  Education And Research For  Development (NORHED-MUK)    Retirement of advances / accountability ( Not being accounted  for between 14 -60 days after completion of activity)    Lack of Budgetary Control Mechanism    Flouting of Procurement Regulations  71.,governance_and_controls,governance_and_controls|procurement_irregularities,2,Programme For  Capacity Development In Higher  Education And Research For  Development (NORHED-MUK),,,,False
2018,2018_AGKHI@CON2018.pdf,450,  Weak Grants Management System    Academic Staffing Gaps -606 (70%)    Illegally Operating Businesses at University Campus        169      Delayed procurements    Inadequate Budget Allocation For The Library-0.3%  83.,procurement_irregularities,procurement_irregularities,1,,,,,False
2018,2018_AGKHI@CON2018.pdf,450,"234,928,300    Lack of Strategic Supervision of the Project  84.",contract_management,contract_management,1,Project  84,,,,False
2018,2018_AGKHI@CON2018.pdf,450,  Delayed execution of construction of National High Altitude  Training Centre (Kiprotich)     Irregularities in development of Secondary school program    Accumulation of Domestic Arrears UGX.,delayed_payments,delayed_payments,1,program    Accumulation of Domestic Arrears UGX,,,,True
2018,2018_AGKHI@CON2018.pdf,450,"  Non quantification of activities in the project work plan    Under absorption of funds USD.1, 516,701.86 (26.5%)    Awarding of Local Contracts In Foreign Currency    Delayed procurement of Twinning institutions  92.",procurement_irregularities,procurement_irregularities,1,project work plan    Under absorption of funds USD,,,,False
2018,2018_AGKHI@CON2018.pdf,450,"Gulu University    Unimplemented budget activities     Un disclosed Domestic Arrears UGX.5,216,963,475    Teaching of Un-reviewed programs    Un-Collected premium and ground rent    Irregular Occupation of Premises-    Statutory Deductions-PAYE of UGX.324,624,045 not remitted    Undeveloped Land    Inadequate University Infrastructure    Loss of cash in transit- UGX.48, 527,800    Staffing Gaps    Inadequate budget allocation to the Library  94.",delayed_payments,delayed_payments,1,,,,,True
2018,2018_AGKHI@CON2018.pdf,450,"Albertine  Region  Sustainable  Development Project-1310    Un-vouched Expenditure UGX.1,876,679, 037    Low absorption of Project Funds    Delayed Implementation of the Project    Staffing gap in the Project coordinating unit    Variance between Procurements estimates and contract prices    Procurement for consultancy for international twinning of  Uganda Petroleum Institute at Kigumba (UPIK    Procurement of Consultancy Services for an International  Twinning of Kichwamba Technical College-        172      GENDER AND SOCIAL  DEVELOPMENT SECTOR      96.",procurement_irregularities,procurement_irregularities,1,Project-1310    Un-vouched Expenditure UGX; Project Funds    Delayed Implementation of the Project    Staffing gap in the Project coordinat,,,,False
2018,2018_AGKHI@CON2018.pdf,450,"Tripoli    Non submission of Budget Performance Reports    Unauthorized utilization of NTR at source (UGX.11, 769,501)    Failure to submit a procurement plan to PPDA  113.",procurement_irregularities,procurement_irregularities,1,,,,,False
2018,2018_AGKHI@CON2018.pdf,450,Rome/FAO    Outstanding Court cases    Failure to prepare a procurement plan    Non-submission of Quarterly Procurement Reports to PPDA        174      Un banked NTR    Non budgeting for NTR    Lack of a Strategic plan    Status of the Official Residence  115.,claims_and_disputes,claims_and_disputes|procurement_irregularities,2,,,,,False
2018,2018_AGKHI@CON2018.pdf,450,"48,293,717    Unapproved mission charter    Non preparation and submission of procurement quarterly  reports  120.",procurement_irregularities,procurement_irregularities,1,,,,,False
2018,2018_AGKHI@CON2018.pdf,450,"Fort Portal Regional Referral  Hospital    Unimplemented budget activities    Inadequate controls surrounding management of Domestic  arrears- UGX 362,688,782    Under Budgeting for Domestic Arrears    Unspent Balances    Unauthorized Excess Expenditure    Non Delivery of Ambulance Equipment    Lack of Skilled Staff to handle Medical Equipment    Inadequate Medical Equipment    Condition of Medical Equipment    Hospital Governing Board not fully constituted  129.",cost_overrun,cost_overrun|delayed_payments,2,,,,,True
2018,2018_AGKHI@CON2018.pdf,450,Hoima Regional Referral Hospital    Domestic Arrears    Inadequate medical equipment        176      Expired Drugs    Ineligible occupants in staff houses    Un-habitable houses    Irregularities in Prior year force account works    Collection of NTR on collection bank accounts    Utilisation of revenue at source    Staffing gaps  130.,delayed_payments,delayed_payments,1,,,,,True
2018,2018_AGKHI@CON2018.pdf,450,Soroti Regional Referral Hospital    Revenue Shortfall    Budget Under Absorption    Unapproved Supplementary Funding    Un accounted for Funds    Under staffing    Unsupported Domestic Arrears    Lack of a Hospital Board    Management of the of Oxygen Plant and supply of oxygen        177      Shortage of medical equipment at the health facility    Utilization of Medical Equipment    Failure to supply ordered Medicines    Expired Drugs    Drug Stock Outs    Unapproved Variation  133.,delayed_payments,delayed_payments,1,,,,,True
2018,2018_AGKHI@CON2018.pdf,450,"Mbarara Regional Referal  Hospital    Domestic Arrears UGX.1,925,001,338    Unauthorized Utilization of Non-Tax Revenue (NTR)    Understaffing in the Hospital    Expired Drugs    medical equipment is obsolete, faulty (Condition of medical  equipment )  134.",delayed_payments,delayed_payments,1,,,,,True
2018,2018_AGKHI@CON2018.pdf,450,"16,580,982    Understaffing at the Hospital    Outdated Staff Establishment Structure    Grounded Motor Vehicles    Lack of a Technical Person on the Evaluation Committee  (Irregularities in supply of station wagon)    Irregular award of Contract (Irregularities in supply of station  wagon)     Irregular  Composition  of  the  Evaluation  Committee  (Irregularities in the Contract for Construction of a Seven  Storey Staff House)    Irregular Contingencies in the Contract Sum (Irregularities in  the Contract for Construction of a Seven Storey Staff House )    Irregular Arithmetic Correction of the BoQS (Irregularities in  the Contract for Construction of a Seven Storey Staff House)    Irregular Award of a Contract for Consultancy in Supervision    Expired Period of the Hospital Board    Non-functional Medical Equipment  135.",contract_management,contract_management|procurement_irregularities,2,,,,,True
2018,2018_AGKHI@CON2018.pdf,450,"Butabika Mental National referral  hospital    Under collection of NTR (AIA) (UGX.381,300,537)    Unspent releases (UGX.482,532,497)    Irregular Procurement of the Supervision team for Construction  works    Protocol for approval of variations not followed    Absence of measurement sheets for certified works    Release of retention monies before issuance of a certificate of  substantial completion (UGX 100,358,206)    Quality of construction works not tested    Use of different rates for similar items in variations    Omission of as-built drawings in the contract    Liquidated damages of UGX 87,683,718 not charged    Overpayment of UGX 81,267,400 due to discrepancies in  certified quantities measured  141.",claims_and_disputes,claims_and_disputes|contract_management|procurement_irregularities,3,,,,,True
2018,2018_AGKHI@CON2018.pdf,450,"Mulago National Referral Hospital   Unspent releases (UGX.3,502,000,000)    Absence of an approved strategic plan    Delays in Banking of Collections    Lack of Hospital Management Board    Staffing gaps    Use of Inappropriate procurement method    Procurement and execution of works worth (UGX 709,716,746)  before Solicitor General’s clearance    Failure to obtain a performance security  144.",procurement_irregularities,procurement_irregularities,1,,,,,True
2018,2018_AGKHI@CON2018.pdf,450,"China- Uganda Friendship  Hospital    Accumulation of utility arrears (UGX.344,755,371)    Lack of a housing policy    Failure to sign evaluation reports by some evaluation  committee members    Failure to state the date of expiry of bid validity in the bidding  document  145.",delayed_payments,delayed_payments|procurement_irregularities,2,,,,,True
2018,2018_AGKHI@CON2018.pdf,450,180      Under absorption of funds meant for Construction of a new  office block and staff parking UGX.6.962bn    Underfunding of subventions UGX.12.1Bn    Domestic arrears of UGX.193.113bn    Irregularities in the implementation of the USD.5 Cents/KWH  Subsidy for the textile industry    Failure by GoU to meet contractual obligations with an Edible  Oil refinery    Failure to recruit staff for the PPP Unit (Public-Private  Partnerships Unit)    Escalating outstanding payables UGX.,delayed_payments,delayed_payments,1,,,,,True
2018,2018_AGKHI@CON2018.pdf,450,"UGX.6,431,654,000  (Privatisation And Utility Sector Reform Project (Operations  Account)    Long outstanding receivables UGX.127 billion (Privatisation And  Utility Sector Reform Project (Divestiture And Redundancy  Account)    Unapproved withdrawals from the Divestiture account  UGX.70.434bn    Failure to Prepare and submit Annual reports to Parliament    Non preparation of financial statements (Tax Appeals Tribunal  )     Irregular grant of Licenses (National Lotteries And Gamings  Regulatory Board)    In adequate evidence on the Collection of Statutory Income  UGX.503.865bn by the Board    Failure by the Agent to remit agreed on Government Revenues  – National Lottery    Staffing Gaps    Un planned procurement (Procurement for consultancy  services to develop an online budgeting system and provision  of technical support)  151.",procurement_irregularities,procurement_irregularities,1,Project (Operations  Account)    Long outstanding receivables UGX; Project (Divestiture And Redundancy  Account)    Unapproved withdrawals from the Divestiture acc,,Parliament    Non preparation of financial statements (Tax Appeals Tribunal  )     Irreg,grant of Licenses (National Lotteries And Gamings  Regulatory Boa,False
2018,2018_AGKHI@CON2018.pdf,450,Directorate of Ethics and Integrity   Under Staffing    Retrospective Approval of Procurements    Unauthorized Appointment of Local Contract Staff        181      ICT SECTOR      152.,procurement_irregularities,procurement_irregularities,1,,,,,False
2018,2018_AGKHI@CON2018.pdf,450,"Ministry Of Science, Technology  And Innovation    Budget shortfall UGX.4.034bn    Understaffing    Lack of Contract Management Plans    Lack of Strategic Plan    Absence of an Audit Committee    Under releases of UGX.2.048bn    Un spent expenditure balances UGX.3,250bn    Failure to Return Unspent Balances UGX.1.303bn    Expired Term of the Board and Management Committee    Lack of Internal Audit Function    Lack of Land Titles for PIBID Land    Incomplete Works (Audit Inspection of TBI Factory)    Redundant Machinery (Audit Inspection of TBI Factory)  153.",delay_time_overrun,delay_time_overrun|contract_management,2,,,"Ministry Of Science, Technology  And Innovation    Budget shortfall UGX",,True
2018,2018_AGKHI@CON2018.pdf,450,"Ministry  Of  Information  Communication Technology And  National Guidance    Budget shortfall UGX.4,641bn    Under absorption of the funds UGX.2.99 bn    Outstanding domestic Arrears UGX.0.216bn    Unjustified Direct Procurements - UGX.0.457bn    Irregular Issuance of Framework Contract for Supply of IT  Equipment - UGX.0.574 bn  WORKS SECTOR  154.",delayed_payments,delayed_payments|procurement_irregularities,2,,,Ministry  Of  Information  Communication Technology And  National Guidance    Budget sh,,True
2018,2018_AGKHI@CON2018.pdf,450,"  Accumulation of domestic arrears amounting to  UGX.322,018,763    Payment for unbudgeted domestic arrears amounting to  UGX.59,339,749    Inadequate Transport Equipment to handle entity operations    Delayed Enactment of the Teacher Education Policy  4.",delayed_payments,delayed_payments,1,,,,,False
2018,2018_AGKHI@CON2018.pdf,450,"Electricity Regulatory  Authority    Nugatory Expenditure UGX 108,389,948    Underperformance in prepayment Meter conversion targets  of UMEME    Absence of a methodology for verifying costs    High energy losses in the service territories    Non-compliances to Quality of Standards by UMEME  11.",claims_and_disputes,claims_and_disputes|contract_management,2,,,"Authority    Nugatory Expenditure UGX 108,389,948    Underperformance in prepayment Met",,True
2018,2018_AGKHI@CON2018.pdf,450,"Mbarara-Nkenda And Tororo- Lira Transmission Lines  Project    Interest claims and additional Costs on late invoice  payments UGX.5,076,700,788    Delayed implementation of contracts        185      Supervising consultant cost escalations UGX.3,019,220,561    Cancellation of loan by ADB    Delays in land transfer and titling process    Outstanding compensations to Project Affected Persons  (PAPs) - 5,899 PAPs out of 6,509 compensated  14.",cost_overrun,cost_overrun,1,"Project    Interest claims and additional Costs on late invoice  payments UGX; Project Affected Persons  (PAPs) - 5,899 PAPs out of 6,509 compensated  14",,,loan by ADB    Delays in land transfer and titling process    ,True
2018,2018_AGKHI@CON2018.pdf,450,"Rural Electrification Agency    Budget Shortfall UGX.35,914,900,941    Revenue Arrears UGX.10,358,804,214    Escalating Receivables from the Uganda Electricity  Transmission Company Limited 5% Levy by 44% from  UGX.50,645,352,876 to UGX.73,003,978,668.",delayed_payments,delayed_payments,1,,Company Limited 5% Levy by 44% from  UGX,Agency    Budget Shortfall UGX,,True
2018,2018_AGKHI@CON2018.pdf,450,"Uganda Electricity  Transmission Company Ltd  (UETCL)    Avoidable costs incurred - surcharges for delayed payments  to Bujagali Energy Limited (BEL) amounting  UGX.391,752,610    Loss arising out of weaknesses in asset management –  Vandalism of equipment worth UGX1,980,454,206.",delayed_payments,delayed_payments,1,,Company Ltd  (UETCL)    Avoidable costs incurred - surcharges for delayed payments  to; Limited (BEL) amounting  UGX,,,True
2018,2018_AGKHI@CON2018.pdf,450,Uganda Rural Electricity  Access Project (UREAP)    Delayed Completion of Projects    WATER AND ENVIRONMENT SECTOR  27.,delay_time_overrun,delay_time_overrun,1,Project (UREAP)    Delayed Completion of Projects    WATER AND ENVIRONMENT SECTOR  27,,,,True
2018,2018_AGKHI@CON2018.pdf,450,"Kampala Sanitation Program  (KSP) - National Water    Delay to pay contractors by GoU to the tune of  UGX.31,158,540,457    Impending Legal Suits on Disputed Compensation  Offers/claims i.e Amount Claimed is UGX 1,395,856,789 but  Compensated amount is UGX 115,616,970  32.",claims_and_disputes,claims_and_disputes,1,Program  (KSP) - National Water    Delay to pay contractors by GoU to the tune of  UGX,,,,True
2018,2018_AGKHI@CON2018.pdf,450,"Financial Intelligence Authority   Domestic Arrears - UGX.215,837,175    Understaffing - 39 posts filled out of 64    Uncompetitive procurement of air tickets worth -  UGX.162,261,990  47.",delayed_payments,delayed_payments|procurement_irregularities,2,,,Authority   Domestic Arrears - UGX,,False
2018,2018_AGKHI@CON2018.pdf,450,"Insurance Regulatory  Authority    Unimplemented activities - contracts valued at  UGX.83,397,132 and the setting up of Insurance Appeals  Tribunal    Outstanding Receivables - 64,957,554    Delays in Construction of Insurance Regulatory Authority  Office Building    Incomplete Procurements valued at UGX.210,684,500  48.",procurement_irregularities,procurement_irregularities,1,,,Authority    Unimplemented activities - contracts valued at  UGX; Authority  Office Building    Incomplete Procurements valued at UGX,,True
2018,2018_AGKHI@CON2018.pdf,450,"Public Procurement and  Disposal of Public Assets  Authority    Budget shortfall of UGX.199,735,018    Outstanding Payables - UGX.97,765,859    Under Staffing– 101 filled out of 132  52.",procurement_irregularities,procurement_irregularities,1,,,Authority    Budget shortfall of UGX,,False
2018,2018_AGKHI@CON2018.pdf,450,Uganda Free Zones Authority    Land of land title for land acquired at UGX.7.4 billion    Procurement of air tickets by HR Department instead of PDU    Lack of an Internal Audit function  54.,procurement_irregularities,procurement_irregularities,1,,,Authority    Land of land title for land acquired at UGX,,False
2018,2018_AGKHI@CON2018.pdf,450,"Uganda Institute of  Communication and  Information Technology    Budget shortfall of UGX.1,187,119,185    Unspent balance of UGX.516,347,166    Unclear governance structure and legal status of the  Institute        192      Under Staffing – 44 filled out of 107    Irregular Recruitment of Contract Staff    Direct Procurement worth UGX.29,406,600  64.",governance_and_controls,governance_and_controls|procurement_irregularities,2,,,,,False
2018,2018_AGKHI@CON2018.pdf,450,"Uganda Posts Limited    Budget shortfall of UGX.2,852,589,691    Purchase of power backup UGX.263,450,880 not budgeted  for    Outstanding Trade and other Payables -  UGX.13,341,472,070    Unpaid up Share Capital UGX.5,512,825,000 for 220,513  shares    Overdue Receivables - UGX.7,855,540,320    Outstanding Levy on Gross Annual Revenue of  UGX.631,517,772    Nugatory Expenditure (fines, court awards and legal fees) of  UGX.330, 537,700    Expired Contracts for Members of the UPL Board    Lack of Land Titles for UPL Land - Plot 40 Margarita Road,  Kasese; Plot 18-20 Gogonyo Road, Pallisa; Plot 76 Mawokota  Block 92, Mpigi; Plot 6-10 Birch Avenue, Masaka; Plot 2-6  Mutekanga Road, Kamuli; Plot 1-11 Nsambya Road,  Kampala    High Rate of Staff Turnover – 21 staff left org but were not  replaced    Outstanding Tax Payments - UGX.4,317,502,160 (PAYE -  UGX.1,035,638,150, VAT - UGX.3,281,864,010)    Non Alignment of Strategic Plan to the National  Development Plan  65.",claims_and_disputes,claims_and_disputes,1,,Limited    Budget shortfall of UGX,,,True
2018,2018_AGKHI@CON2018.pdf,450,"Uganda Communications  Commission (UCC)    Budget Shortfall - UGX.9,625,228,029    Delayed implementation of activities worth  UGX.4,776,155,324    Overdue Trade Receivables - UGX.26,170,253,357    Under remittance of Share of 2% GAR - UGX.1,107,029,960)    Unfair Disqualification of Bidder    Weaknesses in Contract Management    Conflicting sections of the Law in Regard to the Position of  the Executive Director also being a Board Member  67.",contract_management,contract_management,1,,,Commission (UCC)    Budget Shortfall - UGX,,False
2018,2018_AGKHI@CON2018.pdf,450,  Inactive disposal plan    Change of special conditions of the bid document in the  contract agreement  78.,procurement_irregularities,procurement_irregularities,1,,,,,False
2018,2018_AGKHI@CON2018.pdf,450,"UGX.44,095,770,425    Legal costs paid - UGX19,445,101,578 and  UGX.5,032,868,969 provision for legal costs for the period  under review    UGX.433.8 million receivable from Multiplex as at 30th June  2018 and non-compliance of the contractor to contract  terms    Nugatory expenditure in the form of Interest on Delayed  Payments-UGX.",claims_and_disputes,claims_and_disputes|contract_management,2,,,,,True
2018,2018_AGKHI@CON2018.pdf,450,"  Non-implementation of planned activities    Contingent liability due to delay in site handover- UGX,6,630,071,834    Garnishee order on KIIDP2 Account - US$.",claims_and_disputes,claims_and_disputes,1,,,,,True
2018,2018_AGKHI@CON2018.pdf,450,"NEC Tractor Project    Budget short fall of UGX.1,491,639,506    Outstanding Trade Debtors UGX.1,155,499,320    Unprofitable business operations - loss of UGX.60,721,203    Nugatory Expenditure UGX.21,761,163  90.",claims_and_disputes,claims_and_disputes,1,Project    Budget short fall of UGX,,,,False
2018,2018_AGKHI@CON2018.pdf,450,  Competitive Grant Scheme (CGS) Funds   Failure to achieve CGS Project objectives   Inadequate financial reporting of CGS projects    Non-execution of performance security and undated  Contracts    Delayed completion of Milking Parlor at Nakyesasa    Kiige Satellite station-Incomplete Renovation of two (2) staff  houses  99.,delay_time_overrun,delay_time_overrun,1,Project objectives   Inadequate financial reporting of CGS projects    Non-execution of perform,,,Grant Scheme (CGS) Funds   Failure to achieve CGS Project object,False
2018,2018_AGKHI@CON2018.pdf,450,"National Animal Genetics  Centre and Data Bank    Budget shortfall of UGX.2,910,000,000    Unimplemented budget activities    Non-compliance with commitment control procedures-  UGX.149,453,000    Unbudgeted for domestic arrears- UGX.302,491,433    Encroachment of ranch Land        200      Loss of Livestock, imported eggs and parent stock    Incomplete construction works in Mazuri Ranch, Njeru Stock  Farm, Lusenke Ranch and Nshaara Ranch    Ineligible occupants in staff houses    Un-habitable houses due to fire and lack of roofs    Irregularities in Prior year force account works    Non-compliance with the Non Tax Revenue collection  process    Utilisation of revenue at source UGX.68,243,150    Staffing gaps 142 out 313 positions filled  100.",land_and_right_of_way,land_and_right_of_way|contract_management|delayed_payments,3,,,,,True
2018,2018_AGKHI@CON2018.pdf,450,"366,052,835    Untitled land    Non-Operational milk processing factory    Encroachment of school land    Expiry of Performance Security    Failure to collect cess    Staffing Gaps 65 out of 140 positions filled  102.",land_and_right_of_way,land_and_right_of_way,1,,,,,True
2018,2018_AGKHI@CON2018.pdf,450,"  Payment of un-budgeted prior year arrears amounting to  UGX.48,634,712,458    Payment for tea lead agency fees for Kabale and Kisoro  districts        201     Flawed MOU with regard to measurement of  deliverables:   Rationale for the 30% Lead agency fee on distributed  tea:   Partial consent settlement without Guarantee;    Mischarge of Expenditure totalling to UGX.1,009,498,818    Nugatory Expenditure – UGX 93,159,046    Pending cases whose value was in excess of UGX.18 billion  pending resolution by court    Operation Wealth Creation vehicle status review    Basis for computation of transport costs to the tune of  UGX.1,978,744,208    Sugarcane Production in Northern Uganda   Cane seed procurement-UGX.4,518,260,220    Non consideration of the evaluation  methodology and criteria    Delayed delivery and Liquidated damages  charges    Expiry of the Advance payment guarantee   Bush Clearing, Land preparation, Planting cane, weed  management, manual and mechanical weeding, seed  cane harvesting and loading-UGX.15,526,487,530    Irregular Advance payment security in form  of Log books- UGX.4,657,946,259    Contract price adjustment:    NAADS’ restructuring and Legal Mandate   Irregular restructuring:-   Uncertainty on ownership of Assets:-   Liability against OWC:-    NAADS’ assets held by districts    Failure to execute performance security worth  UGX.23,325,873,958    Recruitment of Civilians under Operation Wealth Creation   Unclear Authority for the recruitment of civilians   Non deduction of PAYE from OWC civilian staff        202      TRADE SECTOR  103.",claims_and_disputes,claims_and_disputes|delayed_payments|procurement_irregularities,3,,,agency fees for Kabale and Kisoro  districts        201     Flawed MOU with regard to; agency fee on distributed  tea:   Partial consent settlement without Guarantee;    M,,True
2018,2018_AGKHI@CON2018.pdf,450,"Uganda Development  Corporation    Uncertainty of viability in investments of;    Lake Victoria Glass Works Limited UGX.215,219,000,    Atiak Sugar Factory-Horyal Investments Holding Company  Ltd (HIHC) UGX.19,811,808,120    Non transfer of shares to Ministry of Science, Technology  and Innovations by UDC    Luwero Fruit factory Land not titled and valued    Limited progress on the development of the fruit factory    Delayed commencement of the fruit processing Plant    Investment of funds in Isingiro Fruit Factory without a  memorandum of understanding    Failure to takeover Embassy House    Failure to take over Government interest in Munyonyo  Commonwealth Resort Limited    Delays in transferring the supervision role of Phenix Logistics  (Uganda) Limited to UDC  104.",contract_management,contract_management,1,,Limited UGX; Company  Ltd (HIHC) UGX,"Corporation    Uncertainty of viability in investments of;    Lake Victoria Glass Works L; Ministry of Science, Technology  and Innovations by UDC    Luwero Fruit factory Land no",,True
2018,2018_AGKHI@CON2018.pdf,450,Uganda Wildlife Conservation  & Education Center (UWEC)    Stalled Construction of the Floating Restaurant (Pier)    Inadequate Maintenance of Accommodation Facilities    Staffing Gaps 39 out of 59 positions filled  108.,delay_time_overrun,delay_time_overrun,1,,,,,True
2018,2018_AGKHI@CON2018.pdf,450,Nile Hotel International    Non-implementation of planned activities    Lack of Investment guidelines    Lack of mechanism to follow-up revenue collected by the  Concessioner    Delayed takeover of Nile Hotel by UDC    Un authorized procurement of a computerized Financial  Management Information Systems    Board of Directors Overriding Management Responsibility    Continuous stay of Board of Directors  109.,procurement_irregularities,procurement_irregularities,1,,,,,False
2018,2018_AGKHI@CON2018.pdf,450,"Uganda Aids Commission    Unspent balances – UGX.116,990,840    Long outstanding domestic arrears – UGX.98,881,576    Uncollected revenue arrears – UGX.74,600,000    Failure to formulate Regulations    Award of Contract in Foreign currency – USD 16,525.66    Direct Procurements – UGX.36,978,521  112.",delayed_payments,delayed_payments|procurement_irregularities,2,,,Commission    Unspent balances – UGX,,False
2018,2018_AGKHI@CON2018.pdf,450,"Uganda Road Fund    Undisclosed non-produced assets worth UGX.1,510,000,000    Mischarge of expenditure – UGX.418,598,288    Reporting Inconsistencies    Governance Issues   Unsigned board minutes        206     Non consideration of internal audit reports by the  board    Unrecovered PAYE amounting to UGX.55,602,000    Emergency road funds   Unverified emergency sites   Inadequate emergency intervention fund    Failure to apply the allocation formula for road maintenance  funds  122.",governance_and_controls,governance_and_controls,1,,,,,True
2018,2018_AGKHI@CON2018.pdf,450,"Civil Aviation Authority (for  the year ended 30th June  2016)    Entebbe International Airport -Expansion Project  Management   Inconsistencies in the operationalization of the  requirements of the agreements signed   Absence of evidence of involvement of an  independent consultant and verification report during  the year ended 30 June 2016   Need for a technical and final audit of the project    Management of Trade and Other Payables and Supplier  Relationships    Recovery of Receivables from Government Entities   Nakasongola Project Funding-Ugx 23 Billion   Non-existence of recovery plan for Government debts    Compliance with safety regulations requirements - ICAO  Safety Report    Corporate Governance (failure to assess likelihood of fraud  or its consequences, absence of whistle blowing policy and  no fraud Tracker)  123.",governance_and_controls,governance_and_controls,1,Project  Management   Inconsistencies in the operationalization of the  requirements of the agre; project    Management of Trade and Other Payables and Supplier  Relationships    Recovery of Re,,Authority (for  the year ended 30th June  2016)    Entebbe International Airport -Expans,,True
2018,2018_AGKHI@CON2018.pdf,450,"Busega – Mpigi Road Project    Funds Utilization   Diversion of Project funds – UGX.36,431,557,233    Low disbursement of project funds    Delayed procurement        207    125.",procurement_irregularities,procurement_irregularities,1,Project    Funds Utilization   Diversion of Project funds – UGX; project funds    Delayed procurement        207    125,,,,True
2018,2018_AGKHI@CON2018.pdf,450,Road Sector Support Project 4  (RSSP4)    Compensation to the Project Affected Persons (PAPs)   Delayed payment to Project Affected Persons (PAPs)   Land Acquisition ( Transfer/ sub-division of land)   Delayed civil works   Lack of evidence on approval of reviewed designs    Inter – Project Re-allocations-UGX.,land_and_right_of_way,land_and_right_of_way|delayed_payments,2,Project 4  (RSSP4)    Compensation to the Project Affected Persons (PAPs)   Delayed payment to ; Project Affected Persons (PAPs)   Land Acquisition ( Transfer/ sub-division of land)   Delayed ,,,,True
2018,2018_AGKHI@CON2018.pdf,450,"  Revenue shortfall of UGX  694,000,000 (15%)    Irregularities in outsourcing of  Mandela Sports Hotel    Increased Encroachment on Stadium  Land.",land_and_right_of_way,land_and_right_of_way,1,,,,,True
2018,2018_AGKHI@CON2018.pdf,450,"Uganda Investment  Authority (UIA)    Misleading  Statements of  Appropriation    Budget shortfall of UGX.231,440,372    Un-implement planned activities  worth UGX.2,240,725,000    Unauthorized excess expenditure  above appropriated amount of  UGX.3,821,846,055    Outstanding payables of  UGX.2,326,247,505    Diversion of UGX.1,000,000,000  Meant for a Feasibility Study and  Project Report for Kampala Industrial  and Business Park, Namanve    Failure to Revise the Service Charge  from 0.5% and Ground Rent for  Leased Land    Cancelled Procurements worth  UGX.2,417,186,147    Unplanned Procurements -  UGX.412,125,972    Ineligible Revision of Contract Price  by more than 15% -UGX.82,826,140    Irregular Contract Amendment for  Additional Quantities    Missing personal files for Executive  Assistant to the Executive Director,  Personal Assistant and Office  Assistant    SCIENCE SECTOR          209    4.",cost_overrun,cost_overrun|procurement_irregularities,2,"Project Report for Kampala Industrial  and Business Park, Namanve    Failure to Revise the Servi",,Authority (UIA)    Misleading  Statements of  Appropriation    Budget shortfall of UGX,,False
2018,2018_AGKHI@CON2018.pdf,450,"  Management of Bank Accounts    Remuneration of the Revamp  Committee members    Review of the Revamp Committee  outputs    Inconsistency in the tenure of  Managing Director    Review of performance of the Board  of Directors    Review of Internal Audit performance    Irregular recruitment of staff/Head  Hunting    Procurement of Production Cameras  and Accessories – UGX.236,921,112    Irregular inclusion of a signatory on a  Bank Account    JLOS          210    6.",procurement_irregularities,procurement_irregularities,1,,,,,False
2018,2018_AGKHI@CON2018.pdf,450,"  Payment of unbudgeted domestic  arrears amounting to  UGX.257,342,732,289    Nugatory expenditure amounting to  UGX.15,509,054,863 in interest on  delayed payments.",claims_and_disputes,claims_and_disputes|delayed_payments,2,,,,,False
2018,2018_AGKHI@CON2018.pdf,450,211      Implementation of Road maintenance  projects;   Absence of detailed road  condition assessment   Delayed advance payment   Expired and Invalid  performance guarantees   Delayed payment of interim  payment certificates   Delayed project works against  schedule.,delayed_payments,delayed_payments,1,project works against  schedule,,,,True
2018,2018_AGKHI@CON2018.pdf,450,"Uganda Railway  Corporation    Overstatement of  revaluation gains on  PPE –  UGX.169,750,536,720    Unspent balance of  UGX.15,185,202,331    Doubtful receivables not provided for  – UGX.11,389,270,000    Increase in trade and other  receivables from UGX.15,870,630,000  to UGX.17,276,742,000    Increase in trade and other payables  by 27% from UGX.4,956,919,000 to  UGX.6,287,874,000    Absence of a joint verification report  on termination of the concession        212      Failure to amend the accounting  manual following abolition of pre- audit function    Untitled land of over 362 square  meters at Nalukolongo leading to  encroachment of some of the plots      1.1  Other Audits    S/N  ENTITY  REMARK    EDUCATION SECTOR  1.",land_and_right_of_way,land_and_right_of_way,1,,,Corporation    Overstatement of  revaluation gains on  PPE –  UGX,,True
2018,2018_AGKHI@CON2018.pdf,450,Albertine region sustainable development project  (ARSDP)    Audit in-progress    ACCOUNTABILITY SECTOR    6.,governance_and_controls,governance_and_controls,1,project  (ARSDP)    Audit in-progress    ACCOUNTABILITY SECTOR    6,,,,False
2018,2018_AGKHI@CON2018.pdf,450,"Apac DLG   Unsupported  expenditure  transactions   Unexplained adjustment      Performance of Youth Livelihood Programme    Funding of the program    Non – compliance with the repayment  schedule    Transfer of recovered funds to the recovery  account in BOU    Inspection of performance of youth projects    Implementation of the Uganda Road Fund    Budget performance    Status of implementation    Unsupported domestic arrears    Unbudgeted for domestic arrears    Loss of district motor cycles    Outstanding electricity bill    Management of natural resources    Lack of legal ownership of land, forest  reserves and wetlands    Unlicensed/illegal activities on Natural  Resources    Physical Planning Committees    Existence of Physical Planning Committee    Capitation grant in Aninolal Primary school    Disclosure of capitation grant funds in financial  statements    Status of basic medical equipment    Inventory of Medical Equipment    Condition of Medical Equipment  3.",delayed_payments,delayed_payments,1,Programme    Funding of the program    Non – compliance with the repayment  schedule    Transfer,,,grant in Aninolal Primary school    Disclosure of capitation gra,True
2018,2018_AGKHI@CON2018.pdf,450,"Kitgum DLG   Unaccounted for funds      Performance of Youth Livelihood Programme    Funding of the programme    Non- compliance with the repayment schedule    Transfer of recovered funds to the recovery  account in BOU    Inspection of performance of youth projects    Implementation of the Uganda Road Funds    Budget performance        216      Status of implementation    Pension and gratuity arrears    Local revenue shortfall    Unaccounted for SFG funds    Diversion of funds to non- budgeted for  projects    Abandoned construction of motorized water  solar system in Loborom HCIII Labongo  Layamo sub counties    Summary of exceptions raised in the PPDA  report    Management of natural resources    Lack of legal ownership of land, forests  reserves and wetlands    Unlicensed Activities on Natural Resources    Absence of a District Environmental  Committee    Management of road equipment    Failure to Maintain Road Equipment Records    Status of basic medical equipment    Absence of Basic Medical Equipment    Poor condition of medical equipment    Lack of qualified staff to Operate medical  equipment in Health Units    Physical planning committee    Existence of Physical Planning Committee  4.",delayed_payments,delayed_payments,1,Programme    Funding of the programme    Non- compliance with the repayment schedule    Transfer,,,,True
2018,2018_AGKHI@CON2018.pdf,450,"Lira DLG   Mischarged expenditure   Unaccounted for funds   Unreconciled payments  on the Lira DLG General  Account   Unexplained payments   Unacknowledged  remittances to Financial  Institutions      Performance of Youth Livelihood Programme    Funding of the Programme    Non-compliance with the repayment schedule    Failure to Transfer recovered funds to the  recovery account in BOU    Implementation of the Uganda Road Fund    Budget Performance    Status of Implementation    Under collection of local revenue    Unpaid salaries, pension and gratuity arrears    Understaffing    Summary of exceptions raised in the PPDA  audit report      Management of Natural Resources    Unlicensed activities on natural resources    Management of solid waste at Aler Farm    Physical Planning Committee    Existence of Physical Planning Committee    Status of Basic Medical Equipment    Condition of Medical Equipment  6.",contract_management,contract_management|delayed_payments,2,Programme    Funding of the Programme    Non-compliance with the repayment schedule    Failure t,,,,True
2018,2018_AGKHI@CON2018.pdf,450,"Pader DLG    Un-disclosed Advances    Unaccounted for Funds      Performance of Youth Livelihood Programme    Funding of the Program    Noncompliance with the Repayment Schedule    Failure to transfer recovered funds to the  recovery account in BOU    Inspection of Performance of Youth projects    Implementation of the Uganda Road Funds    Budget Performance    Status of implementation        218      Unpaid Pensions Arrears    Under Collection of Local Revenue    Non-disbursement of YLP Project Funds to  Youth Interest Groups    Summary of exceptions raised in the PPDA  audit report    Management of natural resources    Lack of legal ownership of land, forests  reserves and wetlands    Unlicensed /illegal activities on Natural  resources    Status of Basic Medical Equipment    Physical Planning Committee    Existence of Physical Planning Committee    Performance of Physical Planning the  Committee    KAMPALA  BRANCH      7.",delayed_payments,delayed_payments,1,Programme    Funding of the Program    Noncompliance with the Repayment Schedule    Failure to t; Project Funds to  Youth Interest Groups    Summary of exceptions raised in the PPDA  audit repor,,,,True
2018,2018_AGKHI@CON2018.pdf,450,Mukono MC Misstatement of Financial  Statement    Budget Performance under Uganda Road Fund    Under collection of Revenue - Property Tax    Compliance Matters    Lack of a landfill at the compositing facility    Lack of Contract management plans and  Implementation Reports    Construction of a 10 bed Maternity ward at  Goma HC III    Lack of a contract Implementation plan and  Supervision Reports    MASAKA  BRANCH              8.,contract_management,contract_management,1,,,,,True
2018,2018_AGKHI@CON2018.pdf,450,Ishaka- Bushenyi MC   Missing Procurement  Records        Incompletely constituted Urban Physica    Planning Committee Incompletely constituted  Urban Physical Planning Committee    Condition of Medical Equipment in Health  Centre IV    Inadequate Equipment for Garbage Collection  and Disposal    MOROTO  BRANCH      10.,procurement_irregularities,procurement_irregularities,1,,,,,True
2018,2018_AGKHI@CON2018.pdf,450,Kotido DLG   Unsupported Pension  Payments      YLP-Low Recovery of Funds    URF-Performance of URF    Release of Funds for the implementation of  Duplicated Sub-Projects under NUSAF III    Un-Spent Conditional Grant    Under-Collection of Local Revenue    Delays in Implementation of NUSAF Sub- Projects    Construction of Council Hall    Incomplete and abandoned Contractual  Obligations    Un-Sustainable Accumulation of Domestic  Arrears    Lack of Land Titles    Inadequate Infrastructure in UPE Schools    Composition of Physical Planning Committee  11.,delayed_payments,delayed_payments,1,,,,Grant    Under-Collection of Local Revenue    Delays in Impleme,True
2018,2018_AGKHI@CON2018.pdf,450,Amolatar  DLG   Unaccounted for Funds   Unverified Expenditure   Unsupported Payments  for Pension and  Gratuity Arrears      YLP-Low Recovery of Funds    URF-Performance of URF    Under Collection of Local Revenue    Financing the NUSAF 3 Program    Under Absorption of NUSAF 3 Project Funds    Failure to Dispose of Assets    Lack of Basic Medical Equipment in Health  Facilities    Carrying out illegal activities on the Wet lands  and Lake shores        221      Encroachment on forests reserves    Lack of proper demarcation of Natural  resources’ boundaries    Fairness of Evaluation    Tarmacking/Low cost Sealing of Corner  Bangladesh    Award of VAT Contracts to non VAT registered  contractor    Un-Updated Procurement contract Register    Capitation - Lack of Financial statements    Capitation Grant release to School    Procurement Compliance review by PPDA  14.,land_and_right_of_way,land_and_right_of_way|delayed_payments|procurement_irregularities,3,Program    Under Absorption of NUSAF 3 Project Funds    Failure to Dispose of Assets    Lack o,,,Grant release to School    Procurement Compliance review by PPDA,True
2018,2018_AGKHI@CON2018.pdf,450,Amuria DLG   Unsupported Pension  and Gratuity Payments   Mischarge of  Expenditure   Non-Disclosure of Un- Spent Balance in the  Financial statements      YLP-Low Recovery of Funds    URF-Performance of URF    Domestic Arrears    Under Collection of Local Revenue    Under Staffing    Infrastructure in UPE Schools    Construction of Two classroom block at  Agereger Primary School    Missing District Assets      Shortage of Medical equipment in various  departments    Lack of a District Physical Development Plan    Unlicensed activities on the Natural Resources  15.,delayed_payments,delayed_payments,1,,,,,True
2018,2018_AGKHI@CON2018.pdf,450,Nebbi DLG      YLP-Low Recovery of Funds    URF-Performance of URF    Destruction of Artificial forest under NUSAF3 Project    Delayed Release of NUSAF 3 project Funds to the Beneficiary Groups    Defects identified in a two Class Ro Block at Otwago Non-Formal  Education Learning Centre    Understaffing    Failure to gazette and monitor wetlands    Failure to provide the prescribed documentation for road equipment    Lack of required Medical Equipment    Irregular Maintenance of Medical Equipment    5.,contract_management,contract_management,1,Project    Delayed Release of NUSAF 3 project Funds to the Beneficiary Groups    Defects identi,,,,True
2018,2018_AGKHI@CON2018.pdf,450,"Koboko MC      YLP-Low Recovery of Funds    URF-Performance of URF    Under collection of revenue/Local revenue shortfall UGX 171,767,355    Unaccounted for funds UGX 10,621,002    Cash Payments for various activities using the imprest account    Unpaid Pension and Gratuity Liabilities UGX 156,655,291    Failure to maintain logbooks for road equipment and machinery    By-laws regarding garbage management in the Municipality still in Draft  form    Lack of garbage transportation equipment and machinery    Lack of legal ownership of the wetlands of the Municipality        225      Encroachment on Apa river wetlands    Unlicensed Car Washing Point in the wetlands along Apa River    9.",land_and_right_of_way,land_and_right_of_way,1,,,,,True
2018,2018_AGKHI@CON2018.pdf,450,"Yumbe DLG      YLP-Low Recovery of Funds    URF-Performance of URF    Unspent Balance not returned to the Consolidated Fund    Delayed Disbursement of Funds to Groups    Failure to Remit Sub-counties’ Share of Collected Local Revenue    Nugatory Expenditure    Lack of Budget Provisions for the Committee    Failure to Issue Occupational Permits, Monitor and Control Developments    Condition of Medical equipment    Inspections of Health Centres    Award of Contract to a Company that Failed the Eligibility Test    Wasteful Expenditure on Kurunga – Tokuru Road    PPDA Reports for FY 2017/18    10.",claims_and_disputes,claims_and_disputes,1,,Company that Failed the Eligibility Test    Wasteful Expenditure on Kurunga – Tokuru R,,,True
2018,2018_AGKHI@CON2018.pdf,450,Bundibugyo DLG    URF-Performance of URF    Funds not accounted for    Local Revenue Shortfall    Underfunding of Youth Livelihood Programme    Inspection of Performance of Youth Projects    Garnish Orders fr Court Cases    Failure to remit Statutory deductions    Capitation Grants   Lack of Financial Statements and Books of Accounts - Busu  Primary School    Management of Natural Resources   Failure to Demarcate and Monitor Natural resources   Unlicensed Activities on the Forest Reserves   Failure to Constitute the District Environment Committee      Management of Procurement    Payments made to companies over and above the awarded contract price    Status of Basic Medical Equipment   Inadequate Medical Equipment    18.,claims_and_disputes,claims_and_disputes|procurement_irregularities,2,Programme    Inspection of Performance of Youth Projects    Garnish Orders fr Court Cases    Fai,,,,True
2018,2018_AGKHI@CON2018.pdf,450,Bunyangabu DLG    PERFORMANCE OF URF URF-Performance of URF    Lack of Land Titles    Management of Procurement    Irregular Direct Procurements    Management of Natural Resources        229      Illegal Activities on Natural Resources    Absence of a District Environmental Committee    Inadequate/ Un-available/ Faulty Medical Equipment    Availability of Skilled Personnel to Manage Medical Equipment    Road Equipment    Lack of Logbooks for Se Motor Vehicles    Audit of Physical Planning Committees    Lack of a District Physical Development Plan    Budget for the Physical Planning Committee  20.,procurement_irregularities,procurement_irregularities,1,,,,,True
2018,2018_AGKHI@CON2018.pdf,450,  Inspection of Performance of Youth projects    PERFORMANCE OF URF    Donor Funds Shortfall    Local Revenue Shortfall    Domestic Arrears    Management of Road Equipment    Idle Road Equipment    Garbage Management    Non-functional Equipment for Garbage collection and disposal    Lack of a Proper Solid Waste Management System    Management of Natural Resources    Lack of Legal Ownership of Land and Wetlands    Budgets for the Physical Planning Committee    GULU BRANCH    23.,delayed_payments,delayed_payments,1,,,,,True
2018,2018_AGKHI@CON2018.pdf,450,Agago DLG    Performance of Youth Livelihood Program    Funding of the program    Non – compliance with the repayment schedule    Transfer of recovered funds to the recovery account in BOU    Inspection of performance of youth projects    Gratuity and pension arrears    Motor vehicles due for disposal    Summary of exceptions raised in the PPDA report        231      Management of Natural Resources    Absence of a district environmental Committee    Management of road equipment    Failure to maintain road equipment records    Inadequate maintenance of road equipment    Physical planning Committee    Existence of physical planning Committee    Capitation grant    Lack of financial statements  24.,delayed_payments,delayed_payments,1,Program    Funding of the program    Non – compliance with the repayment schedule    Transfer ,,,grant    Lack of financial statements  24,True
2018,2018_AGKHI@CON2018.pdf,450,"Alebtong DLG    Performance of Youth Livelihood Program    Funding of the program    Non – compliance with the repayment schedule    Transfer of recovered funds to the recovery account in BOU    Inspection of performance of youth projects    Implementation of Uganda Road Funds    Unpaid gratuity, salaries and pension arrears    Payment for no work done    Under staffing    Management of natural resources    Lack of legal ownership of land, forests reserves and wetlands    Existence of land office and staffing    District environment Committee    Unlicensed/ Illegal activities on natural resources    Management of road equipment    Failure to maintain road equipment records    Status of basic medical equipment    Physical planning Committee    Failure to institute a physical planning Committee    Capitation grant    Capitation grant releases to Agoro primary school    Supervision and monitoring reports by the district  25.",contract_management,contract_management|delayed_payments,2,Program    Funding of the program    Non – compliance with the repayment schedule    Transfer ,,,grant    Capitation grant releases to Agoro primary school    S,True
2018,2018_AGKHI@CON2018.pdf,450,"Apac municipal  council    Implementation of the Uganda Road Funds    Unpaid Pension Liabilities    Salary arrears    Management of natural resources        232      Lack of legal ownership of land, forests reserves and wetlands    Unlicensed/ illegal activities on natural resources    Management of Garbage    Lack of bye-laws regarding garbage management    Lack of a garbage management system  26.",delayed_payments,delayed_payments,1,,,,,True
2018,2018_AGKHI@CON2018.pdf,450,Gulu DLG    Performance of Youth Livelihood Programme    Failure to transfer recovered funds to the recovery account in BOU    Inspection of performance of youth projects    Implementation of the Uganda Road Funds    Budget performance    Status of implementation    Contingent liability    Unpaid pension and gratuity arrears    Payables    Incomplete and abandoned work    Incomplete renovation and expansion of OPD in Lugore HCII Palaro sub  county    Incomplete/ abandoned low cost sealing of Laroo- Pageya Road 2Km    Non- disbursement of YLP funds for financial year 2017/2018    Non-assessment of taxable revenue    Summary of exceptions raised in the PPDA report    Management of natural resources    Unlicensed activities on natural resources    The physical planning Committee    Establishment of the physical planning Committee    Performance of the physical planning Committee    Non budgeting for the physical planning Committee activities    Management of road equipment    Failure to maintain road equipment records    Non-functional/ grounded equipment    Status of basic medical equipment    Failure to record medical equipment in the district assets register    Missing procurement records  27.,claims_and_disputes,claims_and_disputes|delayed_payments|procurement_irregularities,3,Programme    Failure to transfer recovered funds to the recovery account in BOU    Inspection of ,,,,True
2018,2018_AGKHI@CON2018.pdf,450,Kitgum municipal  council    Implementation of the Uganda Road Funds    Loss of funds due to garnishing    Payment for shoddy works    Under staffing    Delayed disbursement of funds to approved beneficiary groups  2017/2018    Unexplained variances in amounts disbursed to YIGs    Failure to conduct property valuation    Garbage Management    Lack of bye-laws regarding garbage management    Break down of garbage collection equipment    Lack of a garbage management system    Performance of the Physical Planning Committee    Irregular appointment of a Land Surveyor    Inadequate funding of the physical planning Committee activities    Inadequate Performance of the Physical Planning Committee    Lack of contract management files  29.,contract_management,contract_management,1,,,,,True
2018,2018_AGKHI@CON2018.pdf,450,"Lamwo DLG    Performance of Youth Livelihood Programme    Pension and Gratuity Arrears    Loss of 3 Motor Cycles        234      Summary of exceptions raised in the PPDA audit report    Management of natural resources    Lack of legal ownership of land, forests reserves and wetlands    Unlicensed activities on natural resources    Lack of District Land Office    Absence of the District Environmental Committee    Capitation grant    Capitation grant releases to school    Status of basic medical equipment    Poor condition medical equipment    Lack of Competent staff to Handle Medical Equipment    30.",delayed_payments,delayed_payments,1,Programme    Pension and Gratuity Arrears    Loss of 3 Motor Cycles        234      Summary of e,,,grant    Capitation grant releases to school    Status of basic,True
2018,2018_AGKHI@CON2018.pdf,450,"Lira municipal  council    Performance of Youth Livelihood Programme    Funding of the Programme    Non-compliance with the Repayment Schedule    Transfer of recovered funds to the recovery account in BOU    Inspection of Performance of Youth projects    Implementation of the Uganda road Funds    Support to Municipal Infrastructure Development Program (USMID)    Management of natural resources    Lack of legal ownership of land, forests reserves and wetlands    Municipal Environmental Committee    Unlicensed/ illegal activities on Natural resources    Garbage management    Bye-laws regarding garbage management    Poor management of Solid Waste at Aler Composite Plant    Establishment of Urban Physical Planning Committees  31.",contract_management,contract_management,1,"Programme    Funding of the Programme    Non-compliance with the Repayment Schedule    Transfer ; Program (USMID)    Management of natural resources    Lack of legal ownership of land, forests ",,,,True
2018,2018_AGKHI@CON2018.pdf,450,"Nwoya DLG    Performance of Youth Livelihood Programme    Funding of the Programme    Non-compliance with the Repayment Schedule    Transfer of recovered funds to the recovery account in BOU    Inspection of Performance of Youth projects    Implementation of the Uganda Road Funds    Budget performance    Status of implementation        235        Unpaid, Salaries , Pensions Gratuity Arrears    Payment for Work not done at Anaka Central P/S    Payment for Work not done at Todora HCII    Payment for Work not done at Lulyango Primary School    Construction of Box Culvert on Ceke Stream/ Diversion of Funds    Summary of exceptions raised in the PPDA audit reports    Management of Natural Resources    Lack of legal ownership of land, forests reserves and wetlands.",contract_management,contract_management|delayed_payments,2,Programme    Funding of the Programme    Non-compliance with the Repayment Schedule    Transfer ,,,,True
2018,2018_AGKHI@CON2018.pdf,450,Oyam DLG    Performance of Youth Livelihood Programme    Funding of the Programme    Non-compliance with the repayment schedule    Transfer of recovered funds to the recovery account in BOU        236      Inspection of Performance of Youth projects    Implementation of the Uganda Road Funds    Unpaid Gratuity Arrears    Over expenditure on Council activities    Construction of Abok Seed School    Supply of Double Cabin Pickup    Summary of exceptions raised in the PPDA audit report    Incomplete Physical Planning Committee    Status of Basic Medical Equipment    Condition of Medical Equipment    Management of natural resources    Unlicensed /illegal activities on Natural resources    HOIMA BRANCH    34.,contract_management,contract_management|delayed_payments,2,Programme    Funding of the Programme    Non-compliance with the repayment schedule    Transfer ,,,,True
2018,2018_AGKHI@CON2018.pdf,450,Hoima DLG    YLP-Low Recovery Of Funds    Performance Of URF    Under Collection of Local Revenue    Procurement Compliance review by PPDA    Failure to maintain records for the management of road equipment    Natural Resources Management    Lack of Environment Committee    Un-licensed activities on Gazetted Natural Resources    Inadequate Medical Equipment    Lack of Land Titles  35.,procurement_irregularities,procurement_irregularities,1,,,,,True
2018,2018_AGKHI@CON2018.pdf,450,Kiryandongo DLG    YLP-Low Recovery Of Funds    Performance Of URF    Domestic Arrears        238      Budget performance for Youth livelihood program for the FY 2017/18    Delayed disbursement of funds to groups    Delayed payment of residual salary arrears    Condition of Medical Equipment  41.,delayed_payments,delayed_payments,1,program for the FY 2017/18    Delayed disbursement of funds to groups    Delayed payment of res,,,,False
2018,2018_AGKHI@CON2018.pdf,450,Hoima DLG      YLP-Low Recovery Of Funds    Performance Of URF    Procurement Compliance review by PPDA    Failure to maintain records for the management of road equipment    Lack of Environment Committee    Un-licensed activities on Gazetted Natural Resources    Inadequate Medical Equipment    Lack of Land Titles  43.,procurement_irregularities,procurement_irregularities,1,,,,,True
2018,2018_AGKHI@CON2018.pdf,450,Hoima Municipal  Council    Performance Of URF    Accumulation of Domestic Arrears    Under Absorption of USMID Development Grant    Delayed Completion of USMID Projects    Irregular Procurement Method    Lack of Certificate of Ownership of Wetlands.,delay_time_overrun,delay_time_overrun|delayed_payments|procurement_irregularities,3,,,,Grant    Delayed Completion of USMID Projects    Irregular Proc,False
2018,2018_AGKHI@CON2018.pdf,450,"Masindi DLG    YLP-Low Recovery Of Funds    Performance Of URF        239      Pension Liability    Payables    Contingent Liabilities    Budget performance for Youth livelihood program for the FY 2017/18    Failure to maintain road equipment records    Inadequate maintenance of road equipment    Lack of legal ownership of land, forests reserves and wetlands    Absence of a Distinct Environmental Committee    Unlicensed/ un approved activities on Natural resources    Physical planning at the district    Non-existence of Physical Planning Committee    45.",claims_and_disputes,claims_and_disputes,1,program for the FY 2017/18    Failure to maintain road equipment records    Inadequate maintena,,,,True
2018,2018_AGKHI@CON2018.pdf,450,"Bugiri DA      Performance of Youth Livelihood Programme    Implementation of the Uganda Road Fund    Under Collection of Local Revenue    Understaffing    Court cases    District Education Service Delivery    Summary of exceptions raised in the PPDA audit report of the District  for the financial year ended 30th June, 2018        240      Management of Road Equipment    Physical Planning Committee    Medical Equipment    Management of natural resources    Capitation Grant  47.",claims_and_disputes,claims_and_disputes,1,Programme    Implementation of the Uganda Road Fund    Under Collection of Local Revenue    Unde,,,Grant  47,True
2018,2018_AGKHI@CON2018.pdf,450,"Iganga MC      Performance of Youth Livelihood Programme    Implementation of the Uganda Road Fund (PERFORMANCE OF URF)    Domestic Arrears    Receivables    Capitalization of expenses on Roads and Bridges, computers and other  equipment’s in the financial statements    Failure to implement activities as per the Municipal Development Plan  for the period 2015/16 - 2019/20    Understaffing    Payment of deductions to Financial Institutions    Education Service delivery    Primary Leaving Performance    Staff Accommodation    Court cases    Natural Resources    Unlicensed/unapproved activities on Natural resources    Garbage Collection for Municipalities    Management of Road Equipment in the Local Governments        241      Failure to dispose of assets    Physical Planning Committees  49.",claims_and_disputes,claims_and_disputes|delayed_payments,2,Programme    Implementation of the Uganda Road Fund (PERFORMANCE OF URF)    Domestic Arrears    ,,,,True
2018,2018_AGKHI@CON2018.pdf,450,Jinja MC      Performance of Youth Livelihood Programme    Implementation of the Uganda Road Fund    Payables and Pension Liabilities    Receivables    Domestic arrears paid outside appropriation    Uganda Support to Municipal Infrastructure Development Programme  (USMID)    Management of Natural resources    Garbage Collection    Status of basic medical equipment    Management of Road Equipment in the Local Governments  50.,delayed_payments,delayed_payments,1,Programme    Implementation of the Uganda Road Fund    Payables and Pension Liabilities    Recei; Programme  (USMID)    Management of Natural resources    Garbage Collection    Status of basic m,,,,True
2018,2018_AGKHI@CON2018.pdf,450,Iganga DA      Performance of Youth Livelihood Programme    Implementation of the Uganda Road Fund (PERFORMANCE OF URF)    Lack of Land Titles    Court Cases    Payroll Management    Procurement    Capitation Grant    Status of basic medical equipment    Uganda Wen Empowerment Project    Management of Natural Resources    Failure to approve building plans  51.,claims_and_disputes,claims_and_disputes|procurement_irregularities,2,Programme    Implementation of the Uganda Road Fund (PERFORMANCE OF URF)    Lack of Land Titles  ; Project    Management of Natural Resources    Failure to approve building plans  51,,,Grant    Status of basic medical equipment    Uganda Wen Empowe,True
2018,2018_AGKHI@CON2018.pdf,450,Luuka DA      Performance of Youth Livelihood Programme    Implementation of the Uganda Road Fund    Outstanding Payables and Pension Liability    Court cases    Lack of land titles    Management of Natural resources    Capitation Grant    Status of Basic Medical Equipment    Condition of Medical Equipment    Performance of the Physical Planning Committee    Road Equipment  54.,claims_and_disputes,claims_and_disputes,1,Programme    Implementation of the Uganda Road Fund    Outstanding Payables and Pension Liability,,,Grant    Status of Basic Medical Equipment    Condition of Medi,True
2018,2018_AGKHI@CON2018.pdf,450,Namutumba DA      Performance of Youth Livelihood Programme    Implementation of the Uganda Road Fund    Payables (Domestic Arrears)    Under Collection of Local Revenue    Over payment of salary    Education Service Delivery    Management of Natural Resources    Lack of Land Titles    Status of basic medical equipment    Physical planning Committee    Capitation Grant  56.,delayed_payments,delayed_payments,1,Programme    Implementation of the Uganda Road Fund    Payables (Domestic Arrears)    Under Coll,,,Grant  56,True
2018,2018_AGKHI@CON2018.pdf,450,Lugazi MC      Implementation of the Uganda Road Fund    Accumulation of domestic arrears    Failure to Implement Budget as approved by Council    Over Payments of Salary    Lack of Land Titles    Failure to communicate arithmetic corrections and price adjustments    Understaffing    Garbage Collection for Municipalities    Management of Road Equipment in the Local Governments    Physical Planning Committee  57.,delayed_payments,delayed_payments,1,,,,,True
2018,2018_AGKHI@CON2018.pdf,450,Jinja DA      Management of the Youth Livelihood project    Implementation of the Uganda Road Fund Domestic Arrears    Audit of Primary School    Understaffing    Management of Natural Resources    Status of Basic Medical Equipment in Health Facilities    Physical Planning Committees        244    58.,delayed_payments,delayed_payments,1,project    Implementation of the Uganda Road Fund Domestic Arrears    Audit of Primary School  ,,,,True
2018,2018_AGKHI@CON2018.pdf,450,Buyende DA      Performance of Youth Livelihood Programme    Implementation of the Uganda Road Fund    Domestic arrears    Budget Performance    Excess payment of VAT to Contractors    Unlicensed Activities on Natural Resources    Composition of the District Physical Planning Committee    Medical Equipment    Inadequate Basic Medical Equipment at Kidera HC IV  59.,delayed_payments,delayed_payments,1,Programme    Implementation of the Uganda Road Fund    Domestic arrears    Budget Performance  ,,,,True
2018,2018_AGKHI@CON2018.pdf,450,Kaliro DA      Performance of Youth Livelihood Programme    Implementation of the Uganda Road Fund Failure to implement Budget  as approved by Council    Understaffing    Inadequate Water Coverage    Accessibility Indicators    Management of Natural Resources    Status of basic Medical Equipment    Procurement  61.,procurement_irregularities,procurement_irregularities,1,Programme    Implementation of the Uganda Road Fund Failure to implement Budget  as approved by Co,,,,True
2018,2018_AGKHI@CON2018.pdf,450,"Buikwe DLG   Performance of Youth Livelihood Programme    Underfunding of the Programme    Non-compliance with the Repayment schedule    Transfer of recovered funds to the Recovery Account in BOU    Inspection of Njeru Youth Group project    Implementation of the Uganda Road Funds    Budget Performance    Status of Implementation    Routine Manual Maintenance    Periodic Maintenance   Outstanding Commitments of UGX.110,530,664    Un utilized Funds under ICEIDA Project    Insufficient School Infrastructure    Status of Fish handling Facility at Kiyindi    Inspection at Kawolo Hospital    Insufficient housing facilities at Kawolo Hospital    Stock out of Essential medicines and health supplies at Kawolo Hospital    Under staffing at Kawolo Hospital    Status of Basic Medical Equipment at Kawolo Hospital    Management and Utilization of Natural Resources    Pollution of Environment    Illegal sand mining on the lake    Lack of a fully constituted Physical Planning Committee  63.",contract_management,contract_management,1,Programme    Underfunding of the Programme    Non-compliance with the Repayment schedule    Tran; project    Implementation of the Uganda Road Funds    Budget Performance    Status of Implemen,,,,True
2018,2018_AGKHI@CON2018.pdf,450,Mukono DLG   Performance of Youth Livelihood Programme   Funding of the Programme   Non-compliance with the Repayment Schedule   Transfer of recovered funds to the Recovery Account in BOU        246     Review of Sampled Youth Groups Files   Implementation of the Uganda Road Funds   Failure to carry out Property Valuation   Misdirected Secondary School Grants   Insufficient Infrastructure in UPE Schools   Under staffing   Management and Utilisation of Natural resources   Lack of a District Environment Committee   Lack of proper demarcation of wetlands   Unlicensed Activities in the Wetlands   Status of Basic Medical Equipment at Kojja HC IV   Poorly equipped Ophthalmic Department   Inadequate Beds in the Maternity Ward   Physical Planning Committees   Inadequate composition of the District Physical planning Committee   Lack of Physical Development Plans  64.,contract_management,contract_management,1,Programme   Funding of the Programme   Non-compliance with the Repayment Schedule   Transfer of ,,,,True
2018,2018_AGKHI@CON2018.pdf,450,"Wakiso DLG     Performance of Youth Livelihood Programme   Implementation of the Uganda Road Funds   Delayed Works on Nansana-Kireka-Biira Road (1km)   Outstanding Commitments   Outstanding Salary Arrears of UGX.61,419,581   Pension Arrears   Shortfall in Government Releases   Unspent/Un-Utilized conditional Grant   Pensioners not on the Payroll   Unrealized Royalties fr Ministry of Energy   Failure to meet minimum standards at Wakiso Health Centre IV   Entebbe Hospital - Outstanding utility bills   Audit of UPE Schools Capitation Grant   Mismanagement of UPE Funds at Kyengeza Muslim P/S   Insufficient Infrastructure in UPE Schools   Management of Procurement   Failure to prepare Evaluation tools   Irregularities in the procurement for the Rehabilitation of Boreholes        247     Lack of signed contracts   Management and Utilisation of Natural Resources   Lack of a land Register   Lack of a lease Register   Management of Road Equipment   Lack of Road safety Equipment   Non-functioning Road equipment   Inadequate mechanical imprest   Lack of Physical Planning Committee   Entebbe Hospital   Existence and Status of Medical equipment   Essential Medicines and Health supplies Stock Outs  65.",delayed_payments,delayed_payments|procurement_irregularities,2,Programme   Implementation of the Uganda Road Funds   Delayed Works on Nansana-Kireka-Biira Road ,,Ministry of Energy   Failure to meet minimum standards at Wakiso Health Centre IV   En,Grant   Pensioners not on the Payroll   Unrealized Royalties fr; Grant   Mismanagement of UPE Funds at Kyengeza Muslim P/S   Ins,True
2018,2018_AGKHI@CON2018.pdf,450,Buvuma DLG   Performance of Youth Livelihood Programme   Underfunding of the Programme   Non Compliance with the Repayment Schedule   Transfer of recovered funds to the recovery account in BOU   Implementation of the Uganda Road Funds   Routine manual maintenance   Routine Mechanised Maintenance   Periodic Maintenance   Lack of Property Valuation Roll   Construction of the District Administration Block under Phase II   Un Confirmed Ownership of Land   Lack of Land titles   Under Staffing   Management and Utilization of Natural Resources   Lack of a District Environment Committee   Failure to carry out demarcation of Wetlands   Encroachment on Natural Resources   Status of Medical Equipment at Buvuma Health Centre IV   Lack of Essential Medical Equipment   Lack of Power at the Health Centre IV   Lack of a fully Constituted District Physical Planning Committee  66.,land_and_right_of_way,land_and_right_of_way,1,Programme   Underfunding of the Programme   Non Compliance with the Repayment Schedule   Transfe,,,,True
2018,2018_AGKHI@CON2018.pdf,450,Nakasongola DLG    Performance of Youth Livelihood Programme  - Underfunding of the Programme        248    - Non-compliance with the Repayment Schedule  - Transfer of Recovered Funds to the Recovery Account in BOU  - Inspection of Performance of Youth Projects    Implementation of the Uganda Road Funds  - Budget Performance  - Status of Implementation  - Routine Manual Maintenance  - Routine Mechanised Maintenance    Outstanding Pension and Un Paid Salaries   Under staffing   Staff on Interdiction   Lack of Property Valuation List   Delayed Disbursement of funds to Youth Groups for FYR:2017/18   Non-functional wells and hand pumps   Management of Natural Resources   Lack of Land Register   Failure to secure Land Titles   Lack of Lease Register   Lack of a District Environment Committee   Insufficient Funding to the Natural Resources Unit   Unlicensed Activities carried out in the Gazetted Wetlands   Status of Basic Medical Equipment at Nakasongola HC IV   Physical Planning Committee   Lack of a fully constituted Physical Planning Committee   Inadequate Physical Planning Committee Meetings   Lack of Physical Development Plans  67.,contract_management,contract_management,1,Programme  - Underfunding of the Programme        248    - Non-compliance with the Repayment Schedu,,,,True
2018,2018_AGKHI@CON2018.pdf,450,Mpigi DLG   Performance of Youth Livelihood Programme   Underfunding of the Programme   Non-compliance with the Repayment schedule   Transfer recovered funds to the recovery account in BoU   Inspection of Nabusanke Youth Piggery Project   Lack of Physical address   Disintegration of Nabusanke Youth Piggery Project   Implementation of the Uganda Road Funds   Budget Performance   Status of implementation   Routine manual maintenance   Routine mechanised maintenance   Outstanding Pension and Gratuity Arrears   Lack of Property Valuation List   Insufficient School Infrastructure   Status of Lake Victoria Environment Management Project Phase II  (LVEMP II)   Management of Natural Resources   Lack of Lease Register   Failure to Secure Land titles        250     Under performance of the district land board   Irregular Issuance of two land titles on the same piece of Land in  Kamaliba   Lack of a District Environment Committee   Unlicenced Sand mining carried out in the Gazetted Wetlands   Lack of a District Environment Action Plan   Status of Basic Medical Equipment at Mpigi HC IV   Lack of Physical Development Plans   Inadequate Funding for the Physical Planning Committee  69.,contract_management,contract_management|delayed_payments,2,Programme   Underfunding of the Programme   Non-compliance with the Repayment schedule   Transfe; Project   Lack of Physical address   Disintegration of Nabusanke Youth Piggery Project   Imple,,,,True
2018,2018_AGKHI@CON2018.pdf,450,Butambala DLG   Performance of Youth Livelihood Programme    Implementation of the Uganda Road Funds  - Budget Performance  - Status of implementation  - Routine manual maintenance  - Routine mechanised maintenance  - Periodic maintenance  - In adequate Monitoring and Supervision of Road works      Un verified Outstanding Pension and Gratuity Payments    Under Staffing    Gombe Hospital    Inadequate Funding    Hospital Dilapidated Buildings    Discharge of Sewage into the Community by the Hospital    Lack of Land title for the Hospital   Management of Procurement   Drilling and Installation of Hand pump Borehole to Solar Powered  Boreholes   Failure to Meet Evaluation Criteria   Inspection of the motorized Pump    Procurement Evaluation for Construction of classrooms at Mavugera  P/S    Construction of Facilities at Bwetyabya UMEA P/S    Management of Natural Resources    Absence of Environment Committees        251      Conservation of Natural Resources    Encroachment on Forest Reserves    Un controlled Human Activities on Wetlands    Lack of a District Land Office    Lack of a Land Board    Inflated Pupil Enrolment    Status of Basic Medical Equipment at Gbe Hospital  70.,land_and_right_of_way,land_and_right_of_way|contract_management|procurement_irregularities,3,Programme    Implementation of the Uganda Road Funds  - Budget Performance  - Status of implementa,,,,True
2018,2018_AGKHI@CON2018.pdf,450,- Noncompliance with the repayment schedule  - Transfer of the Recovered Funds to the Recovery Account in BOU  - Inspection of Performance of Youth projects  - Kayonjo Piggery Youth Project  - Record keeping  - Bwetyaba Youth dairy Production  - Record Keeping  - Failed Youth Livelihood Projects   Implementation of the Uganda Road Funds  - Budget Performance  - Status of implementation  - Routine manual maintenance  - Under Utilization of Road Gangs  - Routine mechanised maintenance  - Periodic maintenance  - Burnt district Grader   Outstanding Pensions   Outstanding Commitments   Construction of Nakyesa Public Latrine   High School Dropout Rates   Failure to collect Local service Tax (LST) fr Non-Government employees   Management and Utilisation of Natural Resources   Ruining and encroachment on wet land   Failure to demarcate wetlands   Lack of a District Environmental Action Plan        252     Status of Essential medical equipment at the Kayunga General Hospital   Challenges faced by Kayunga HCIVs   District Road Equipment Inadequate Road Equipment    In adequate Infrastructure in Primary schools  71.,land_and_right_of_way,land_and_right_of_way,1,Project  - Record keeping  - Bwetyaba Youth dairy Production  - Record Keeping  - Failed Youth Li,,,,True
2018,2018_AGKHI@CON2018.pdf,450,Luwero DLG   Performance of Youth Livelihood Programme  - Under funding of the Programme  - Non Compliance with Repayments Schedules  - Un confirmed transfers of Recovered funds to Recovery Account in  BOU  - Inspection of performance of Youth Projects  - Nakigoza Youth Tato Growing Project  - Record keeping  - Kanyogoga Youth Piggery Project  - Poor Record keeping   Implementation of the Uganda Road Funds  - Inspection of Kikoza-Kigoloba-Naluvule Road (8.9Kms)  - Failure to carry out Routine Manual Maintenance on District Roads   Mischarge of Expenditure   Un accounted for funds   Financial Loss   Outstanding Creditors   Outstanding Salary and Pension Arrears   Diversion of PHC and Agricultural Extension Services Wage to Pay  Primary Teachers Salary   Un-updated property valuation list   Under staffing and related   Un Recovered UWEP Revolving Funds   Un approved borehole Rehabilitation Assessments   Difficulties in accessing Road equipment fr Regional Workshops   Failure to Perform Physical count for students under USE   Review of Eye Clinic Donation at Luwero Health Centre IV   Management of Procurement   Absence of a Contracts Register   Absence of 10% Performance securities for Procurement contracts        253     Lack of a representative of Lower Local Government on Evaluation  Committee   Management of Natural Resources   Environmental dilapidation of district wetlands   Failure to de-gazette Bombo Local Forest Reserve   Poor Status of basic Medical Equipment   Lack of a District Physical Development Plan   Absence of District land and Lease Registers   Absence of legitimate Registration of the District Land   Capitation Grants   Under funding of the USE and UPE capitation programs   Construction of a 2 classro block and others at Bulamba Primary Schoo   Status of Basic Medical Equipment  72.,delayed_payments,delayed_payments|procurement_irregularities,2,Programme  - Under funding of the Programme  - Non Compliance with Repayments Schedules  - Un confi; Project  - Record keeping  - Kanyogoga Youth Piggery Project  - Poor Record keeping   Implementa,,,,True
2018,2018_AGKHI@CON2018.pdf,450,Nakaseke DLG  Performance of Youth Livelihood Programme  - Noncompliance with the Repayment schedule  - Inspection of Performance of Youth projects  - Lack of Project Records   Implementation of the Uganda Road Funds  - Budget Performance  - Status of implementation   Under staffing   Double Deployment of Head Teachers in One School   Delayed disbursement of funds to Youth and Wen Groups FYR 2017/18   Construction of Primary Schools under Global Partnership for Education   Direct Payments by the Ministry of Education to the Contractor   Incomplete works   Construction works under School Facilities Grant   Lack of Basic Infrastructure in Primary Schools   Inspection of Semuto HCIV   Inadequate Funding of Nakaseke Hospital   Theft of Hospital equipment at Nakaseke Hospital   Management and Utilisation of Natural Resources   Lack of legal ownership of Nabika forest reserves and wetlands   Absence of a Distinct Environmental Committee   Lack of Lease Register        254     Illegal Land Management of the District land by Luwero District Land  Board   Lack of a Wetlands Register   Degradation and Illegal activities on River Mayanja wetland   Lack of Land Title for health facilities    Status of basic medical equipment in health facilities    73.,delay_time_overrun,delay_time_overrun,1,Programme  - Noncompliance with the Repayment schedule  - Inspection of Performance of Youth projec; Project Records   Implementation of the Uganda Road Funds  - Budget Performance  - Status of imp,,Ministry of Education to the Contractor   Incomplete works   Construction works under ,Grant   Lack of Basic Infrastructure in Primary Schools   Inspe,True
2018,2018_AGKHI@CON2018.pdf,450,Makindye MC    Implementation of the Uganda Road Funds  - Budget Performance  - Status of implementation  - Routine manual maintenance  - Routine mechanized maintenance  - Periodic maintenance  - Unimplemented works  - Inspection of Bunamwaya-Kisigula-Mutundwe Mirembe Road  - Inadequate Road Equipment  - Lack of Bill of Quantities/Detailed scope of works  - Outstanding Commitments    Unspent Conditional Grants    Revenue Management    Lack of Local Revenue appeals tribunal    Under staffing    Lack of legal ownership of Municipal Assets    Developments on untitled land    Underfunded Youth Livelihood Program    Management and Utilization of Natural Resources    Illegal developments in Kaliddubi wetland    Status of Basic Medical Equipment at Ndejje HC1V    Garbage Management    Management of Procurement    Irregular Procurement for construction of a perimeter wall    Lack of Contract Implementation plans and management Reports    Physical Planning Committee    Capitation Grants    Under realization of Capitation Grants        255      Insufficient School Infrastructure  74.,procurement_irregularities,procurement_irregularities,1,Program    Management and Utilization of Natural Resources    Illegal developments in Kaliddubi,,,,True
2018,2018_AGKHI@CON2018.pdf,450,Mityana MC      Budget Performance under Uganda Road Fund  - Status of implementation  - Routine manual maintenance  - Routine mechanised maintenance  - Inspection of Wabigalo- Busubizi Road (Status of Road)  - The Poor state of Main Street  - Lack of Road Equipment    Under Collection of Local Revenue    Comingling of Property Tax with other Revenues    Lack of a Valuation Roll for Property Tax    Irregular Allocation of Classroom Block to Pre Primary Section    Incomplete works on Pit latrine constructed at NAKASETA P/S    Un Distributed Youth Livelihood program Funds financial year 2017/18    Non functionality of the Stores system    Lack of an owned Office Premises    Understaffing    Management and Utilization of Natural Resources    Lack of Land Titles    Lack of inventory of wetlands (Un known wetlands)    Human Activities on Lake Wamala Buffer Zone    Garbage Management    Littering of Garbage    Absence of by-laws on Garbage Management    Failure to Maintain Data and Records on Garbage Volume    In appropriate Location of the Landfill    Lack of a Physical Development Plan  77.,delay_time_overrun,delay_time_overrun,1,program Funds financial year 2017/18    Non functionality of the Stores system    Lack of an ow,,,,True
2018,2018_AGKHI@CON2018.pdf,450,Kira MC    Implementation of the Uganda Road Funds    Under-funded emergency Road Works        257      Fragmentation of Resources under Up-grading of un-paved Roads to  Bitumen standard    Inadequate Road Equipment    Incomplete works - Construction of Kira MC Administration Building  Phase II    Under staffing    Lack of Land titles for UPE Schools    Inspection of Primary Schools    Management and Utilization of Natural Resources    Failure to demarcate wetlands    Establishment of Urban Physical Planning Committees    Garbage Collection Management    Inadequate Garbage transportation equipment – Hiring of Equipment    MASAKA  BRANCH    78.,delay_time_overrun,delay_time_overrun,1,,,,,True
2018,2018_AGKHI@CON2018.pdf,450,Lwengo DLG    YLP-LOW Recovery Of Funds    Performance Of URF    Liabilities    Delayed Completion of valley tanks    Understaffing    Un demarcated boundaries of wetlands and forests.,delay_time_overrun,delay_time_overrun,1,,,,,False
2018,2018_AGKHI@CON2018.pdf,450,"Namisindwa DLG      Performance Of URF    YLP-low recovery of funds    Unpaid salaries    Excess Expenditure    Understaffing    Construction of District administration block    Failure to conduct a comprehensive revenue assessment    Disaster management - Effect of Heavy rains    Lack of legal ownership of land, forests reserves and wetlands    Lack of a District Environmental Committee    Unlicensed activities on Natural resources    Failure to maintain road equipment records    Condition of medical equipment  94.",cost_overrun,cost_overrun,1,,,,,True
2018,2018_AGKHI@CON2018.pdf,450,Bududa DLG      YLP-low recovery of funds    Performance of URF    Salary Arrears    Contingent Liabilities      Inadequate maintenance of road equipment    Non-functional and non-existent medical equipment    Un-licenced mining and quarrying    Inactive District Environment Committee    Staffing and Human Resource Management    Understaffing    Un-reconciling enrollment figures    Lack of Land Titles    Non-disposal of Obsolete Assets  96.,claims_and_disputes,claims_and_disputes|delayed_payments,2,,,,,True
2018,2018_AGKHI@CON2018.pdf,450,Busia DLG      YLP-low recovery of funds    Performance of URF    Failure to recover local revenue for Sub-counties    Poor Contract management    Unlicensed activities on natural resources    Failure to gazette land for wetlands and forests    Poor maintenance of medical equipment    Payment for unsuccessful repair of X-ray machine  98.,contract_management,contract_management,1,,,,,False
2018,2018_AGKHI@CON2018.pdf,450,Butebo DLG      Performance Of URF    Local Revenue Shortfall    Failure to carry out local revenue enumeration and assessment    Absence of a District Environmental Committee    Unlicensed activities carried out in the gazetted wetlands    Lack of clear boundaries of wetlands    Lack of Financial Statements for Nasenyi Primary School    Inadequate supervision by district officials    Lack of District Physical Planning Committee    Encroachment on council land at Nasuleta Health Centre II  100.,land_and_right_of_way,land_and_right_of_way|contract_management,2,,,,,True
2018,2018_AGKHI@CON2018.pdf,450,"Kapchorwa DLG      YLP-Low Recovery of Funds    Performance of URF    Outstanding rent arrears    Missing vouchers    Failure to sign Financing agreements with Youth Groups    NUSAF Project Operations, shortcomings on Chebaser-kapkwateny car  sub-project (road construction)    Unrealized Royalties Revenue    Outstanding Rent Arrears    Shortfall in Central Government Transfers    Staffing Gaps    Stalled construction of the new Administration Block    Status of Medical Equipment in the Hospital    Inadequate medical equipment    Failure to prepare defect reports    Defects on the construction of maternity ward in Tumboboi Sub-county    Lack of legal ownership of land, forests reserves    Absence of a Distinct Environmental Committee    Unlicensed activities on Natural resources        265      Budget for the Physical Planning committee    Physical Planning Committee Performance  101.",delay_time_overrun,delay_time_overrun|contract_management|delayed_payments,3,"Project Operations, shortcomings on Chebaser-kapkwateny car  sub-project (road construction)    ",,,,True
2018,2018_AGKHI@CON2018.pdf,450,"Kibuku DLG      YLP-Low Recovery of Funds    Performance of URF    Double transfer of UWEP funds    Staffing Gaps    Irregular Payment of Salaries to Retired Staff    Natural Resources    Lack of Certificate of Ownership of Wetlands    Unlicensed Activities in Wet Lands    Mismanagement of the District’s Natural Resources    Lack of Land Titles    Poor condition of medical equipment    Lack of skilled personnel to manage medical equipment    Non-disposal of obsolete equipment    Defects regarding the slitting, drilling and installation of bore holes    Failure to meet minimum required Standards of UPE School  l    Evaluation of Internal Audit function  103.",contract_management,contract_management,1,,,,,True
2018,2018_AGKHI@CON2018.pdf,450,Mbale DLG      YLP-Low Recovery of Funds    Performance of URF    Pension Liabilities    Procurements not reported to PPDA    Failure to fully implement the procurement plan    Budgetary Shortfall    Ineffective Land Board    Under realization of land fees    106.,procurement_irregularities,procurement_irregularities,1,,,,,False
2018,2018_AGKHI@CON2018.pdf,450,Tororo DLG    YLP-Low Recovery Of Funds    Performance of URF    Transfers of UWEP funds to MoGLSD    Failure of council to sit in the whole financial Year    Non-operational district service commission    Lack of Local Environment Committees    Inadequate monitoring and supervision of the usage of Natural Resources    Existence of land office and staffing    Demarcations and size of the wetlands    Failure to report a fraudulent company to PPDA    Procurement not in the procurement Plan    Audit of SOP-SOP Primary School under capitation Grant    Inadequate ambulance services    Inadequate Health and safety measures    Status of the Basic Medical equipment    Understaffing    Failure to Implement Budget as approved by Parliament    Local Revenue Shortfall        268      Revenue Accountability and contracts    109.,contract_management,contract_management|governance_and_controls|procurement_irregularities,3,,company to PPDA    Procurement not in the procurement Plan    Audit of SOP-SOP Primar,commission    Lack of Local Environment Committees    Inadequate monitoring and supervis; Parliament    Local Revenue Shortfall        268      Revenue Accountability and contrac,Grant    Inadequate ambulance services    Inadequate Health and,True
2018,2018_AGKHI@CON2018.pdf,450,Mbarara DLG      YLP-Low Recovery Of Funds    Shortfall in central government grants    Mischarge of expenditure    Nugatory Expenditure    Irregular Payment of VAT    District Natural Resources    Delayed Modification Works on Defective Road Equipment    PPDA Findings  111.,claims_and_disputes,claims_and_disputes|contract_management,2,,,,,True
2018,2018_AGKHI@CON2018.pdf,450,"Bushenyi DLG      YLP-Low Recovery Of Funds    Performance of URF    Under-collection of revenue    Outstanding receivables not supported    Delayed Modification Works on Defective Road Equipment    Lack of Land Titles    PPDA Report    Legal ownership of land, Forests Reserves and Wetlands    Unlicensed Activities in Wetlands and Forest Reserves    Condition of medical equipment  112.",contract_management,contract_management,1,,,,,True
2018,2018_AGKHI@CON2018.pdf,450,Sheema DLG      YLP-LOW RECOVERY OF FUNDS    PERFORMANCE OF URF    Pension and Gratuity arrears    Under-collection of local revenue    Shortfall in Government grants    Audit of procurement of public works  6    Contract Awards that did not meet the evaluation criteria    Lack of evidence of receipt of invitation to Bid by bidders 7    Absence of a Physical Planner on the Physical Planning committee (PPC)    Budget Allocation to the Physical planning committee    Lack of a wetlands register        270      Lack of key personnel in the Natural resources department    Lack of Basic Medical Equipment    Poor Condition of Medical Equipment    Non-maintenance of records    Safe Equipment operation practices    1nadequate capitation grant releases to the school 15    115.,delayed_payments,delayed_payments|procurement_irregularities,2,,,,grant releases to the school 15    115,True
2018,2018_AGKHI@CON2018.pdf,450,Isingiro DLG      PERFORMANCE OF URF    Under Collection of Local Revenue    Unaccounted for Funds    Under collection of revenue    Lack of land titles    Land Encroachment    Under funding of Kyashojwa Primary School    Lack of a fully-fledged district lands office    Unlicensed activities on Natural resources    124.,land_and_right_of_way,land_and_right_of_way,1,,,,,True
2018,2018_AGKHI@CON2018.pdf,450,Ibanda DLG      YLP-LOW RECOVERY OF FUNDS    PERFORMANCE OF URF    Pension and Gratuity arrears    Understaffing    Inadequate medical equipment    Condition of medical equipment        273      Failure to demarcate Natural Resources    Construction of Mortuary and 2 stance VIP latrine    125.,delayed_payments,delayed_payments,1,,,,,True
2018,2018_AGKHI@CON2018.pdf,450,"Rukungiri DLG      YLP-LOW RECOVERY OF FUNDS    Under Collection of Local Revenue    Unbudgeted Destic Arrears    Lack of legal ownership of land, forests reserves and wetlands    Unlicensed activities on Natural resources    Lack of up to date wetlands register    Non-Demarcation of Natural Resources    Inadequate maintenance of road equipment    Existence of Physical Planning Committee    Obsolete and faulty medical equipment    Lack of Basic Medical Equipment    Payroll    Understaffing  127.",delayed_payments,delayed_payments,1,,,,,True
2018,2018_AGKHI@CON2018.pdf,450,  Under-funding of the Natural Resources sector    Unlicensed Activities on Natural Resources    Absence of a District Environmental Committee    Inadequate Medical Equipment in Health Centre IVs    Lack of a Physical Planning committee    Management of Road Equipment    Delayed Modification Works on Defective Road Equipment  130.,contract_management,contract_management,1,,,,,True
2018,2018_AGKHI@CON2018.pdf,450,Ntungamo DLG      YLP-LOW RECOVERY OF FUNDS    PERFORMANCE OF URF        275      Payables and pension liability    Emoluments to Councilors    Encroachment on Natural Resources    Condition of medical equipment    Grounded Road Equipment  132.,land_and_right_of_way,land_and_right_of_way,1,,,,,True
2018,2018_AGKHI@CON2018.pdf,450,"Abim DLG      Performance of YLP    Performance Of URF    Accumulation of domestic arrears    Under Collection of Local Revenue    Failure to apply prescribed guidelines in operating road equipment    Lack of a Physical Planning Committee        276      Failure to constitute a District Environmental Committee    Lack of a District Environment Action Plan    Lack of Register for Land, Wetlands and Forests    Unlicensed activities on the Natural Resources  135.",delayed_payments,delayed_payments,1,,,,,True
2018,2018_AGKHI@CON2018.pdf,450,"Napak DLG      Performance of YLP    Performance Of URF    Accumulation of domestic arrears    Under Collection of Local Revenue        Unrealised Budget on grants    Stalled Construction of Council chambers    Lack of land titles    Under Staffing    Failure to meet the Minimum Standards in UPE Schools    Lack of a District Environment Committee    Lack of Register for Land, Wetlands and Forests    Unlicensed activities on the Natural Resources  136.",delay_time_overrun,delay_time_overrun|delayed_payments,2,,,,,True
2018,2018_AGKHI@CON2018.pdf,450,Moroto DLG      Performance of YLP    Performance Of URF    Accumulation of domestic arrears    Unspent balance    Irregular payment of night allowances to council members    Failure to apply prescribed guidelines in operating the road equipment    Failure to constitute a District Environment Committee    Lack of a District Environment Action Plan    Lack of Register for Wetlands and Forests  137.,delayed_payments,delayed_payments,1,,,,,True
2018,2018_AGKHI@CON2018.pdf,450,"Nakapiripirit DLG      Performance of YLP    Performance Of URF    Domestic Arrears    Un-Spent Conditional Grants    Failure to Utilize Appropriated NUSAF II Funds        277      Under Collection of Local Revenue    Abandoned Motor Vehicle    Irregular Sale of Solar Panels    Diversion of Council Assets to Personal Use    Grounded Motor Vehicles    Failure to access the payroll by new staff    Failure to access Pensions by Eligible Pensioners    Construction of an irrigation system    Un-demarcated Natural Resources    Illegal activities on gazetted natural resources    Failure to appoint a District Environment Committee    Lack of legal ownership of land, forest reserves and wetlands    Absence of a District Lands Office    Status of health facilities    Shortage of Medical Equipment    Medical equipment in poor working condition    Under Staffing    Failure to appoint Contract managers/supervisors  138.",delayed_payments,delayed_payments,1,,,,,True
2018,2018_AGKHI@CON2018.pdf,450,"113,148,947    Unbanked Local Revenue    Over expenditure regarding PERFORMANCE OF URF operations    Irregular award of road rehabilitation Contract UGX.430,379,418    Direct Procurements worth UGX 35,000,000    Acquisition of land without Technical input of the Chief government  Valuer    Failure to avail work plans and budgets for USMID expenditure    Failure to account for funds on a quarterly basis using the prescribed  forms    Un-availed USMID Procurement Files    Failure by Moroto Municipal Council to develop by-laws on garbage  collection    SOROTI BRANCH    140.",procurement_irregularities,procurement_irregularities,1,,,,,True
2018,2018_AGKHI@CON2018.pdf,450,BUKEDEA DLG      Performance of YLP    Performance Of URF    Pension and Gratuity Arrears    Un-Spent Conditional Grant    Reconciliation of Central Government Releases    Salary Arrears    Lack of Annual Budgets by Primary Schools    Dilapidated school Accommodation and Classroom Structures    Poor pupil to facilities ratio    Unlicensed activities on Natural resources    Shortage of medical equipment at the health facility    Non-Functional Medical Equipment    Idle and non-functioning dental machine  141.,delayed_payments,delayed_payments,1,,,,Grant    Reconciliation of Central Government Releases    Salar,True
2018,2018_AGKHI@CON2018.pdf,450,DOKOLO DLG      Performance of YLP    Performance Of URF    Pension and Gratuity Arrears        279      Under Collection of Local Revenue    Reconciliation of Central Government Releases    Accumulation of Arrears of Revenue    Un remitted Payroll deductions    Under Staffing    Audit of UPE Schools    Delayed Release of Approved funds 2017/2018    Lack of legal ownership of Forest reserves and Wetlands    Unlicensed Activities on Natural Resources    Shortage of Medical Equipment at Dokolo HC IV    Inadequate availability of protective wear    Absence of district physical planning committee  142.,delayed_payments,delayed_payments,1,,,,,True
2018,2018_AGKHI@CON2018.pdf,450,KABERAMAIDO  DLG      Performance of YLP    Performance Of URF    Salary and Pension Arrears    Payment of avoidable court awards    Un-Spent Conditional Grant    Under Staffing    Delayed deletion of retired/dead staff    Capitation Grants in UPE Schools    Non-disposal of obsolete Assets        280      Lack of the district environmental committee    Unlicensed activities on Natural resources    Shortage of medical equipment at the health facility    Inadequate availability of protective wear    Lack of skilled personnel to operate specialty equipment    Absence of district physical planning committee  144.,delayed_payments,delayed_payments,1,,,,Grant    Under Staffing    Delayed deletion of retired/dead sta,True
2018,2018_AGKHI@CON2018.pdf,450,KUMI DLG      Performance of YLP    Performance Of URF    Domestic Arrears    Under-collection of Local Revenue    Pension and Gratuity Arrears    Revenue Budget Performance    Under Staffing    Lack of Capacity to Develop Prime Land    Poor Pupil to Facilities Ratio in Primary Schools    High Number of Court Cases and Contingencies    Delayed Release of Approved funds for 2017/2018    Lack of Legal Ownership of Forest Reserves and Wetlands    Unlicensed Activities On Natural Resources    Shortage of medical equipment at the health facility    Inadequate availability of protective wear  145.,claims_and_disputes,claims_and_disputes|delayed_payments,2,,,,,True
2018,2018_AGKHI@CON2018.pdf,450,OTUKE DLG      Performance of YLP        281      Performance Of URF    Unsupported Pension and Gratuity Payments    Revenue Budget Performance    Under-collection of Local Revenue    Under Staffing in Orum HCIV    Poor pupil to facilities ratio    Lack of legal ownership of Forest reserves and Wetlands    Unlicensed activities on Natural resources    Shortage of medical equipment at the health facility    Lack of Budget for the Physical Planning committee    Revenue generated by committees    Lack of Safe Work Procedures for the road equipment    Procurement Compliance review by PPDA  147.,procurement_irregularities,procurement_irregularities,1,,,,,True
2018,2018_AGKHI@CON2018.pdf,450,SOROTI DLG      Performance of YLP    Performance Of URF    Under-collection of Local Revenue    Revenue Budget Performance    Un-Spent Conditional Grant    Pension and Gratuity Arrears    Lack of Land Titles for the District Land    Under Staffing    Minimum Infrastructure Requirements at the Schools    Poor pupil to facilities ratio    Delayed Release of Approved funds for 2017/2018    Budget Performance UWEP    Unlicensed Activities on the Natural Resources    Lack of Medical Equipment    Non Functioning Medical Equipment    Failure to allocate funds to the Physical Planning Committee  148.,delayed_payments,delayed_payments,1,,,,Grant    Pension and Gratuity Arrears    Lack of Land Titles fo,True
2019,2019_AGRPT@CON2019.pdf,475,"Domestic Arrears  Domestic arrears refer to short-term debts incurred by Governments against  unpaid procurement invoices for supply of goods and services during the  financial year  External Debt  Portion of a country's debt that was borrowed from foreign lenders including  commercial banks, Governments or international financial institutions.",delayed_payments,delayed_payments|procurement_irregularities,2,,,,,False
2019,2019_AGRPT@CON2019.pdf,475,"This year’s major thematic  areas are 1) Budget Implementation by government entities, 2) Compensations of project affected  persons and acquisition of right of way, 3) Management of the National Backbone Project and 4) Staff  Performance Management.",land_and_right_of_way,land_and_right_of_way,1,"project affected  persons and acquisition of right of way, 3) Management of the National Backbone; Project and 4) Staff  Performance Management",,,,True
2019,2019_AGRPT@CON2019.pdf,475,The under absorption on development  expenditure could also be as a result of weaknesses in the procurement  planning in which the procurement processes are started late.,procurement_irregularities,procurement_irregularities,1,,,,,False
2019,2019_AGRPT@CON2019.pdf,475,A number of Accounting Officers stated that the current procurement  law does not allow them to initiate a procurement before receiving funds        I advised the PS/ST  to  only  release  Pension funds for  verified pensioners.,procurement_irregularities,procurement_irregularities,1,,,,,False
2019,2019_AGRPT@CON2019.pdf,475,"In  addition,  the  procurement  law  can be revisited to  move  the  requirement  to  confirm  funds  availability  just  before committing  Government.",procurement_irregularities,procurement_irregularities,1,,,,,False
2019,2019_AGRPT@CON2019.pdf,475,"b)  Procurement of an Enterprise Resource Planning (ERP) system by Uganda  Revenue Authority – UGX.32,079,727,632    Section 5 of the National Information Technology Authority NITA (U) Act 2009 mandates  NITA(U) to identify and advise Government on all matters of information technology  development, utilization, usability, accessibility and deployment including networking, systems  development, information technology security, training and support.",procurement_irregularities,procurement_irregularities,1,,,Authority – UGX; Authority NITA (U) Act 2009 mandates  NITA(U) to identify and advise Government on all ma,,False
2019,2019_AGRPT@CON2019.pdf,475,"Procurement of cocktail of solutions, and  iv.",procurement_irregularities,procurement_irregularities,1,,,,,False
2019,2019_AGRPT@CON2019.pdf,475,"2.2.4.2  Absorption of Released Funds    Section 15 (1) of the Public Finance and Management Act, 2007  states that after approval of the annual budget by Parliament, the  Secretary to Treasury shall issue the annual cash flow plan of  Government, based on the procurement plans, work plans and  recruitment plans approved by Parliament.",procurement_irregularities,procurement_irregularities,1,,,"Parliament, the  Secretary to Treasury shall issue the annual cash flow plan of  Governmen; Parliament",,False
2019,2019_AGRPT@CON2019.pdf,475,"2.3.2.2  Absorption of funds    Section 15 (1) of the Public Finance Management Act, 2015 states that  after approval of the annual budget by Parliament, the Secretary to  Treasury shall issue the annual cash flow plan of Government, based  on the procurement plans, work plans and recruitment plans approved  by Parliament.",procurement_irregularities,procurement_irregularities,1,,,"Parliament, the Secretary to  Treasury shall issue the annual cash flow plan of Government; Parliament",,False
2019,2019_AGRPT@CON2019.pdf,475,"of  times)  1  NEC  Luwero  Industries  Limited  1,605,446,322  2,898,800  553.8  2  Uganda Property Holding  2,295,266,559  18,139,200  126.5  3  NEC Construction Works &  Engineering Limited  1,174,872,802  12,636,474  93.0  4  NEC Tractor Hire Scheme  Limited  1,031,670,365  21,136,041  48.8  5  NEC Farm Katonga Limited  28,230,596  1,499,906  18.8  6  National  Water  and  Sewerage Corporation  55,246,011,000  5,993,271,000  9.2  7  Uganda Development Bank  (Dec 2018)  15,810,821,000  2,217,024,000  7.1  8  Uganda Post Limited  307,786,000  54,711,000  5.6  9  Pride Micro Finance (Dec  2018)  28,944,865,000  7,666,079,000  3.8  10  Uganda  Electricity  Generation Company  23,922,515,000  8,256,418,000  2.9  11  Civil Aviation Authority June  2019  48,737,266,000  20,574,758,000  2.4  12  Post Bank Uganda Limited  (Dec 2018)  14,004,100,319  8,465,096,709  1.7  13  Bank of Uganda  (727,747,000,000)  127,835,000,000  -5.7  14  Uganda  Broadcasting  Corporation  (6,790,341,186)  34,468,397  -197.0  15  NEC Tractor Project  (390,592,922)  1,287,200  -303.4  Through its oversight role, Government should caution the management of these  enterprises to limit the amounts of debt to manageable levels guaranteed by improved  profitability.",governance_and_controls,governance_and_controls,1,"Project  (390,592,922)  1,287,200  -303","Limited  1,605,446,322  2,898,800  553; Limited  1,174,872,802  12,636,474  93","Corporation  55,246,011,000  5,993,271,000  9; Authority June  2019  48,737,266,000  20,574,758,000  2",,True
2019,2019_AGRPT@CON2019.pdf,475,"The theme for the budget  was “Industrialization for job creation and shared prosperity” The focus was productivity  improvement, infrastructure development, improvement in the delivery of services,  investment promotion and private sector growth, harnessing tourism potential, improving  governance and pay reform and public debt management.",governance_and_controls,governance_and_controls,1,,,,,True
2019,2019_AGRPT@CON2019.pdf,475,"This was majorly attributed to delays in approving work plans, long procurement  processes, delays in signing of contracts and slow execution of works among others.",procurement_irregularities,procurement_irregularities,1,,,,,True
2019,2019_AGRPT@CON2019.pdf,475,"The partial and non-implementation of activities/outputs was  attributed to unrealistic targets that are not based on past experience, inadequate  funding, poor contract management practices, burden of settling domestic arrears,  change of priorities without corresponding availability of resources and garnishee  orders on Government accounts.",contract_management,contract_management|delayed_payments,2,,,,,False
2019,2019_AGRPT@CON2019.pdf,475,Under absorption was  attributed to mainly unpaid salaries due to delayed recruitment of staff and hybrid  procurement procedures under the UgIFT programme.,procurement_irregularities,procurement_irregularities,1,programme,,,,False
2019,2019_AGRPT@CON2019.pdf,475,The Accounting Officers attributed the partially and non-implemented projects and  subprojects mainly to budget cuts and the hybrid procurement procedures.,procurement_irregularities,procurement_irregularities,1,,,,,False
2019,2019_AGRPT@CON2019.pdf,475,"I advised the Local Governments to engage relevant Ministries to address the hybrid  procurement challenges and also, to engage the Accountant General for the required  guidance on the preparation of the statement of performance.",procurement_irregularities,procurement_irregularities,1,,,,,False
2019,2019_AGRPT@CON2019.pdf,475,"Government spent USD.330,690,000 (approximately UGX.1.25 trillion2) in 3 financial years  (2016/17, 2017/18 and 2018/19) on 18 projects over 50 districts in counterpart funding    2 Taking an average exchange rate of UGX.3800:1USD    48    towards payment of compensation of Project Affected Persons (PAPS).",land_and_right_of_way,land_and_right_of_way,1,Project Affected Persons (PAPS),,,,False
2019,2019_AGRPT@CON2019.pdf,475,"I selected 4 projects  with a compensation value of UGX.96.785 billion and observed the following key matters:    a) There were significant delays in undertaking Resettlement Action Plan (RAP) Studies and  Social Impact Assessment with a time lag of 3 to 5 years which led to delayed  commencement of projects after the loan effective dates, and as a result Government  paid a sum UGX.37.37 billion and UGX.0.815 billion in commitment fees on loans  acquired for the industrial park and Mbarara-Nkenda projects.",land_and_right_of_way,land_and_right_of_way,1,,,,"loan effective dates, and as a result Government  paid a sum UGX",False
2019,2019_AGRPT@CON2019.pdf,475,"As a result of the delay, 37 legal suits were made against UETCL amounting  to UGX.42.9 billion.",claims_and_disputes,claims_and_disputes,1,,,,,True
2019,2019_AGRPT@CON2019.pdf,475,"Field inspections on 50 of the sampled Local Governments revealed that despite of the  URF intervention, the road network was not in a very good state characterised by;  Incomplete works on roads, culverts lacking head walls, poor drainage, potholes and  gullies on several roads, roads in immotorable state and narrowed carriage way.",delay_time_overrun,delay_time_overrun,1,,,,,True
2019,2019_AGRPT@CON2019.pdf,475,The Accounting Officers attributed the under absorption to delays in the Hybrid  procurement system adopted by the line Ministries of Education and Health which  took long to be concluded and the administrative reviews occasioned by PPDA.,procurement_irregularities,procurement_irregularities,1,,,,,False
2019,2019_AGRPT@CON2019.pdf,475,"Besides, procurements were in lots whereby a contractor had several contracts  which were beyond the contactors capacity thereby delaying contract works.",procurement_irregularities,procurement_irregularities,1,,,,,True
2019,2019_AGRPT@CON2019.pdf,475,"Consequently, projects whose construction had started stalled as a result of these  disputes.",delay_time_overrun,delay_time_overrun,1,,,,,True
2019,2019_AGRPT@CON2019.pdf,475,The hybrid procurement process    I reviewed the hybrid procurement system and noted as follows:    ➢  There was no evidence that PPDA approved the hybrid procurement  guidelines.,procurement_irregularities,procurement_irregularities,1,,,,,False
2019,2019_AGRPT@CON2019.pdf,475,"➢  Task and Guidance No.5 of the above procedures require that procurement  of contractors be made in clusters of 5 LGs to attract competent, experienced  contractors to enable the benefits of economies of scale.",procurement_irregularities,procurement_irregularities,1,,,,,True
2019,2019_AGRPT@CON2019.pdf,475,"Further there were time overruns, non-adherence to procurement and  the standard allocation of UPE funds per pupil per annum of UGX.10,000 was not  adhered to with the minimum allocated amount of all LGs was UGX.3,770, the  maximum was UGX.36,222.",delay_time_overrun,delay_time_overrun|procurement_irregularities,2,,,,,False
2019,2019_AGRPT@CON2019.pdf,475,"I advised the Ministries of Education and Health to enhance the capacity of  procurement and engineering functions, liaise with the Ministry of Works to develop  standard guideline for costing infrastructural works, enhance Quality control and quality  assurance of works during construction.",procurement_irregularities,procurement_irregularities,1,,,"Ministry of Works to develop  standard guideline for costing infrastructural works, enha",,True
2019,2019_AGRPT@CON2019.pdf,475,"The sub-groups attributed the notable achievement to five factors, notably adequate  monitoring and supervision (35%), training (32%), and proper project selection (21%).",contract_management,contract_management,1,project selection (21%),,,,False
2019,2019_AGRPT@CON2019.pdf,475,"62      Government should adequately fund the auxiliary activities of training, monitoring and  supervision and properly support sub-groups in project selection and capacity building  to enable proper implementation of project activities.",contract_management,contract_management,1,project selection and capacity building  to enable proper implementation of project activities,,,,True
2019,2019_AGRPT@CON2019.pdf,475,The low recovery of UWEP funds was attributed to failed projects and insufficient  funding for monitoring and supervision of the project activities.,contract_management,contract_management,1,project activities,,,,False
2019,2019_AGRPT@CON2019.pdf,475,"Government should adequately fund the monitoring, supervision, and technical  backstopping of UWEP project to address implementation challenges leading to  attainment of project objectives.",contract_management,contract_management,1,project to address implementation challenges leading to  attainment of project objectives,,,,False
2019,2019_AGRPT@CON2019.pdf,475,d)  Timeliness of the procurement process    A lot of time was lost between initiation of procurement and contract signing.,procurement_irregularities,procurement_irregularities,1,,,,,False
2019,2019_AGRPT@CON2019.pdf,475,I noted  procurement delays beyond the recommended 60 days with some procurements  ranging between 30 days to 4 years.,procurement_irregularities,procurement_irregularities,1,,,,,False
2019,2019_AGRPT@CON2019.pdf,475,"f)  Procurement delays    I noted that unutilised amounts relate to funds earmarked for construction projects,  procurement of specialized medical equipment, among others.",procurement_irregularities,procurement_irregularities,1,,,,,True
2019,2019_AGRPT@CON2019.pdf,475,The failure to absorb  funds was attributed to procurement delays.,procurement_irregularities,procurement_irregularities,1,,,,,False
2019,2019_AGRPT@CON2019.pdf,475,"4.7  Value for Money Audit on compensation of Project Affected Persons under the  Karuma and Isimba Hydropower Projects and associated transmission lines    In a bid to increase electricity supply countrywide, GoU decided to construct Karuma and  Isimba Hydropower projects, as well as their associated transmission lines, namely Karuma- Kawanda, Karuma-Lira, Karuma-Olwiyo and Isimba-Bujagali.",land_and_right_of_way,land_and_right_of_way|procurement_irregularities,2,Project Affected Persons under the  Karuma and Isimba Hydropower Projects and associated transmis,,,,True
2019,2019_AGRPT@CON2019.pdf,475,"Acquisition of project land and compensation of persons affected by these projects was  supposed to be undertaken by Ministry of Energy and Mineral Development (MEMD) and    73    Uganda Electricity Transmission Company Limited (UETCL) but delays in this process and  potential increments in land acquisition costs were reported owing to rejection of  compensation rates offered, as well as demands for compensation for rock deposits thus  affecting timely completion of the electricity projects.",land_and_right_of_way,land_and_right_of_way,1,project land and compensation of persons affected by these projects was  supposed to be undertake,Company Limited (UETCL) but delays in this process and  potential increments in land ac,Ministry of Energy and Mineral Development (MEMD) and    73    Uganda Electricity Transm,,True
2019,2019_AGRPT@CON2019.pdf,475,"I undertook a study to find out the extent to which land acquisition and compensation of  Project Affected Persons (PAPs) had been done in a cost-effective, fair and timely manner  and observed the following;    a)  Status of RAP implementation/land acquisition    A total of UGX.94.88 bn (86.82%) had been paid to 8,285 PAPs (90.65%) for 8,365.16  acres (89.55%) of the land required.",land_and_right_of_way,land_and_right_of_way,1,"Project Affected Persons (PAPs) had been done in a cost-effective, fair and timely manner  and ob",,,,True
2019,2019_AGRPT@CON2019.pdf,475,"Regarding resettlement, by 16th December 2019  (over six years after construction works were launched), MEMD had not built  resettlement houses for the 119 vulnerable PAPs displaced by Karuma dam while  UETCL had, on the other hand, constructed and handed over 34 out of 50 planned  resettlement houses to vulnerable PAPs affected by the transmission lines under their  charge.",land_and_right_of_way,land_and_right_of_way,1,,,,,True
2019,2019_AGRPT@CON2019.pdf,475,"f)  Titling of acquired land and registration of easements    Titling of project land was still incomplete, largely due to on-going land acquisition,  reluctance by land owners to hand over titles, and delays in the land registration  process largely at the Uganda Land Commission and the Land Registry in the Ministry  of Lands, and no easements had been registered in the wayleaves for the transmission  lines.",land_and_right_of_way,land_and_right_of_way,1,"project land was still incomplete, largely due to on-going land acquisition,  reluctance by land ",,"Commission and the Land Registry in the Ministry  of Lands, and no easements had been regi",,True
2019,2019_AGRPT@CON2019.pdf,475,g)  Timeliness of cash compensation    It was noted that all project sites were handed over to contractors before land  acquisition was completed contrary to the requirements in the Land Acquisition Act.,land_and_right_of_way,land_and_right_of_way,1,project sites were handed over to contractors before land  acquisition was completed contrary to ,,,,True
2019,2019_AGRPT@CON2019.pdf,475,KIS was directly sourced by MoFPED without consideration of alternative providers to  compare the costs and benefits and establish the best option as required by the  procurement regulations.,procurement_irregularities,procurement_irregularities,1,,,,,False
2019,2019_AGRPT@CON2019.pdf,475,Road Component    The road construction works for the upgrade of Luuku – Kalangala – Mulabana  (65.6 km) road from Class “C” to Class “B” gravel standards that were expected to  be executed within a period of twelve (12) months were completed after three  years in March 2016 resulting in a two years delay with no provisions for remedies/  penalties for delayed completion of the road construction works by the  implementation agreement.,delay_time_overrun,delay_time_overrun,1,,,,,True
2019,2019_AGRPT@CON2019.pdf,475,"The Agreement,  however, did not provide for penalties for delayed payment of annual ferry  operating fees.",delayed_payments,delayed_payments,1,,,,,False
2019,2019_AGRPT@CON2019.pdf,475,"These are the most cost and labour- intensive stages of the project, with numerous opportunities to optimise procurement of local  goods and services from locals, as well as provision of up to 13,000 jobs.",procurement_irregularities,procurement_irregularities,1,"project, with numerous opportunities to optimise procurement of local  goods and services from lo",,,,False
2019,2019_AGRPT@CON2019.pdf,475,"b)  Issuance of The Petroleum (Exploration, Production and Development) (National  Content) Regulations, 2016, with National content provisions and targets in  procurement, employment and training of/ from Ugandans.",procurement_irregularities,procurement_irregularities,1,,,,,False
2019,2019_AGRPT@CON2019.pdf,475,"Further there were time overruns, non-adherence to procurement and  the standard allocation of UPE funds per pupil per annum of UGX.10,000 was not  adhered to with the minimum allocated amount of all LGs was UGX.3,770, the  maximum was UGX.36,222.",delay_time_overrun,delay_time_overrun|procurement_irregularities,2,,,,,False
2019,2019_AGRPT@CON2019.pdf,475,"I advised the Ministries of Education and Health to enhance the capacity of  procurement and engineering functions, liaise with the Ministry of Works to develop  standard guideline for costing infrastructural works, ensure that all infrastructure  projects are subjected to Environmental and social Impact Assessment, enhance  Quality control and quality assurance of works during construction, prioritise repair and  maintenance, ensure user needs analysis is properly undertaken to guide the selection    83    of the facilities to be constructed and continue with the efforts to secure funding for  the provision of vital infrastructure.",procurement_irregularities,procurement_irregularities,1,,,"Ministry of Works to develop  standard guideline for costing infrastructural works, ensu",,True
2019,2019_AGRPT@CON2019.pdf,475,"Key audit findings resulting from the engineering audit and corresponding recommendations  resulting from the engineering audit for the Kayunga and Yumbe Hospital rehabilitation  projects are presented below, detailed findings, quality results, quantity verification and  pictures of defective works are presented in a separate report which has been issued on  infrastructure component.",contract_management,contract_management,1,,,,,True
2019,2019_AGRPT@CON2019.pdf,475,"5.1.1 Kayunga hospital  The rehabilitation and construction works of Kayunga hospital were contracted to Arab  Contractors Osman Ahmed Osman at a contract price of USD.16,670,711 and supervised by  Dar Engineering in association with Joadah Consult Ltd at a supervision cost of  USD.1,433,803.",contract_management,contract_management,1,,Ltd at a supervision cost of  USD,,,True
2019,2019_AGRPT@CON2019.pdf,475,"86    5.1.2 Yumbe hospital  The rehabilitation and construction works of Yumbe hospital were contracted to Sadeem Al- Kuwait General Trading and Contracting Company at a contract price of USD.18,601,958.21  and supervised by Dar Engineering in association with Joadah Consult Ltd at a supervision  cost of USD 1,433,803.",contract_management,contract_management,1,,"Company at a contract price of USD; Ltd at a supervision  cost of USD 1,433,803",,,True
2019,2019_AGRPT@CON2019.pdf,475,b)  The design phase was scheduled to take a period of six (06) months from the date of  contract but took 11 months implying a delay of five (05) months which led to the  delayed procurement of the works contractor.,procurement_irregularities,procurement_irregularities,1,,,,,True
2019,2019_AGRPT@CON2019.pdf,475,c)  Review of Interim Payment Certificates (IPCs) revealed that payments for the IPC’s  foreign components were made on time whereas payments from the GoU component  in all the IPCs were delayed beyond the 90 days from approval date by the engineer  and these may attract interest on delayed payments.,delayed_payments,delayed_payments,1,,,,,False
2019,2019_AGRPT@CON2019.pdf,475,"Review of the payments for preliminaries revealed the following:  a)  I noted that USD.124,900 was remitted to the contractor to cater for the consultant’s  supervision and thus the salaries for the project manager and two clerks of works were  paid through the contractor.",contract_management,contract_management,1,project manager and two clerks of works were  paid through the contractor,,,,True
2019,2019_AGRPT@CON2019.pdf,475,"d)  Progress of Works    Of the fourteen (14) projects assessed, five (5) projects were found to have been  completed within the contractual timelines, seven (7) had been delayed; one (1) was  still on-going within the extended period but was lagging behind schedule while works  for one (1) had been suspended.",delay_time_overrun,delay_time_overrun,1,,,,,True
2019,2019_AGRPT@CON2019.pdf,475,"However, it is the opinion  of audit that the extension of time granted was unjustified due to failure to use the  procedures set out in section 1229 of the general specifications for road and bridge  works when computing the extension time and lack of authenticated rainfall data  provided by the contractor.",delay_time_overrun,delay_time_overrun,1,,,,,True
2019,2019_AGRPT@CON2019.pdf,475,"These  included; road bleeding, stripping, silted and cracked access culvert, damaged stone  pitching and end structures, pothole development, Gullies on carriageway, Collapsed  gabion, Extensive Honey combing and poor workmanship among others.",contract_management,contract_management,1,,,,,True
2019,2019_AGRPT@CON2019.pdf,475,"Bleeding, broken end structures, broken and  scoured aprons, Stripped capping layer  along road carriageway, silted culverts  11  Low Cost Sealing of Selected District  Roads; Lot 6: in Kamuli District  Silted culverts, damaged culvert bases,  washed off culvert backfill, damaged road  base, damaged end structures  12  Construction of Gem Farm Bailey  Bridge in Atiak, Amuru District  Collapsed gabion at Abutment 2 RHS,  Inadequate backfill at approach to the  bridge (LHS) in the corner, Need for river  training  13  Construction of Kisaigi Bridge in  Kakumiro District Lot 1  Honey combs, collapsing backfill, Crack at  Abutment wall, Formwork left within the  bridge structure at different locations  14  Construction of Kabindula Swamp  Crossing in Kyankwanzi District Lot 20  Extensive Honey combing, poor  workmanship on concrete works    The Accounting Officer indicated that contractors had been instructed to address the  identified defects prior to issue of the practical completion certificate.",contract_management,contract_management,1,,,,,True
2019,2019_AGRPT@CON2019.pdf,475,"5.3.1 Design and build of Entebbe International Airport upgrading and expansion project    The is supervised by Dar Al-Handasah (Shair & Partners) supervising consultants’ at a  supervision cost of USD.1,183,821,789 VAT Inc.",contract_management,contract_management,1,project    The is supervised by Dar Al-Handasah (Shair & Partners) supervising consultants’ at a ,,,,True
2019,2019_AGRPT@CON2019.pdf,475,b)  Lack of review of feasibility study report from CCCC during procurement of  works    Review of documents revealed that the EPC Contractor CCCC pre-financed the  feasibility study for the Design and Build of the Upgrading and Expansion of Entebbe  International Airport Project.,procurement_irregularities,procurement_irregularities,1,Project,,,,True
2019,2019_AGRPT@CON2019.pdf,475,It was however noted that there was no independent review of the feasibility estimates  by CAA during procurement stage which would have informed Government on the  reasonableness and accuracy of the cost estimates prior to agreeing to CCCC securing  the funds from Exim bank of China.,procurement_irregularities,procurement_irregularities,1,,,,,False
2019,2019_AGRPT@CON2019.pdf,475,g)  Delayed payment of Interim payment certificates (IPCs)    Clause 14.7 of Addendum No.1 of the works contract page 28 /29 of the particular  conditions of contract state that payments right from the Interim payment certificate  and the final payment certificate shall be made within 56 days upon receipt of the  relevant certificates by the Employer.,delayed_payments,delayed_payments,1,,,,,True
2019,2019_AGRPT@CON2019.pdf,475,"A review of payments to the contractor revealed delayed payment of 22 IPCs (IPCs No  11,12,13,14,15 to No 22) with an invoice value of USD.23,130,646.",delayed_payments,delayed_payments,1,,,,,True
2019,2019_AGRPT@CON2019.pdf,475,Delayed payment of IPCs causes delays in the progress of works and may result in the  contractor charging interest.,delayed_payments,delayed_payments,1,,,,,True
2019,2019_AGRPT@CON2019.pdf,475,i)  Delayed Procurement of Supervision Consultants    It was noted that the consultant commenced services 10 months after the works  commenced.,contract_management,contract_management|procurement_irregularities,2,,,,,True
2019,2019_AGRPT@CON2019.pdf,475,"(U) Limited at a  contract value UGX.42,695,026,700 tax inclusive with Ssentoogo & Partners Limited as the  supervising consultants at a supervision cost of UGX.1,183,821,789, tax inclusive.",contract_management,contract_management,1,,Limited at a  contract value UGX; Limited as the  supervising consultants at a supervision cost of UGX,,,False
2019,2019_AGRPT@CON2019.pdf,475,Failure  to quantify the project after redesign denies the client knowledge of total project cost  which could result in cost variations and completion delays.,cost_overrun,cost_overrun,1,project after redesign denies the client knowledge of total project cost  which could result in c,,,,False
2019,2019_AGRPT@CON2019.pdf,475,"h)  Supervision of Works    Through audit inspection of works, it was noted that in spite of the magnitude of the  project, only a clerk of works is present on site to supervise all the works.",contract_management,contract_management,1,"project, only a clerk of works is present on site to supervise all the works",,,,True
2019,2019_AGRPT@CON2019.pdf,475,"c)  Inclusion of unnecessary items in contracts leading to increase in contract  amounts    Unnecessary items were included in contracts for 5 projects which led to increased the  contract prices by UGX.6,710,431,291 (VAT exclusive) as shown in below; This was  attributed to failure to undertake due diligence on the procurement (bid preparation)  and contracting process.",procurement_irregularities,procurement_irregularities,1,,,,,False
2019,2019_AGRPT@CON2019.pdf,475,"For the two projects shown in table below,  a total of UGX.2,157,730,017.39 and USD 691,479.07 had been claimed and will be  paid as interest on delayed payments.",delayed_payments,delayed_payments,1,,,,,False
2019,2019_AGRPT@CON2019.pdf,475,"They however had outstanding  snags to be rectified as detailed in the report and summarized in table below;    Table 39: Showing Outstanding defects  S/No Contract road  name  Defects noted  1  Soroti - Katakwi  - Akisim road  Stripping at various sections, scouring of embankment, no  rounding on terminal end of walkways, eroded and silted stone  pitching works, spot honey combs at box and culvert wing walls,  full flow for culverts, vandalism of reflectors and hazard signs,  missing bolts on guard rails and omission anti-theft protection on  bolts and nuts on some guard rails.",contract_management,contract_management,1,,,,,True
2019,2019_AGRPT@CON2019.pdf,475,"7  Lopei bridge  Camber loss on the road surface, spot pot holes, missing bolts,  rusting of some bolts, The lower end of the embankment that is  lower than the flood level  8  Kaabong bridge  Failed gabion/protection works- U/S of Kapedo side, Cracks in  stone pitching mortar, Eroded approach Embankment on Kapedo  side, Pothole on the approach slab area    101    S/No Contract road  name  Defects noted  9  Waiga  bridge,  Ruzairwe bridge,  Nsongi  bridge,  Mpondwe bridge  Ruzairwe; Guardrail end details not as per drawing, Rusted  guardrail posts and bolts, Missing hazard sign plate on Pacwa  side, Hazard sign installed in wrong location; Mpondwe; Hairline  cracks on walkway slab, Short and inadequate gabion works on  both downstream of Uganda and DR Congo side: Nsongi;  Hairline cracks on walkway slab, Eroded banks at mitre drain  location;  10  Kaitabawala- Kisozi-Busota  (58.2Km).",contract_management,contract_management,1,,,,,True
2019,2019_AGRPT@CON2019.pdf,475,c)  Delayed procurement of the Consultant    The contractor for the civil works was procured on 8th February 2016 while the  commencement date of the project was 20th June 2016.,procurement_irregularities,procurement_irregularities,1,project was 20th June 2016,,,,True
2019,2019_AGRPT@CON2019.pdf,475,"g)  Delayed payment of IPCs    A review of the payment certificates revealed that all the IPCs were not paid within the  stipulated time period as provided for in the contract with h IPC No 7 submitted on 10th  November 2017 yet to be paid,    103      Delays in payments to the contractor lead to disruptions of contractor cash flow and  affects ability of the contractor to execute works efficiently.",delayed_payments,delayed_payments,1,,,,,True
2019,2019_AGRPT@CON2019.pdf,475,Delays in the procurement of the consultant who was supposed to guide the  implementing team in the critical activity of planning and actions needed to ensure  successful launch of the E-Voucher in the pilot districts.,procurement_irregularities,procurement_irregularities,1,,,,,False
2019,2019_AGRPT@CON2019.pdf,475,"As a consequence of the above, the project implementation has lagged behind schedule.",delay_time_overrun,delay_time_overrun,1,project implementation has lagged behind schedule,,,,False
2019,2019_AGRPT@CON2019.pdf,475,"Activities critical to the roadmap that should have been implemented include; demarcation  of electoral areas, re-organization of polling stations, specialised training (ICT, biometrics  and due diligences of ICT procurement), voter education, acquisition of biometric voter  verification system, developing election document management system, digitizing election  documents and setting up an election digital archive among others.",procurement_irregularities,procurement_irregularities,1,,,,,True
2019,2019_AGRPT@CON2019.pdf,475,The delayed settlement  of the claimants has led to litigation challenges and up-ward revision of claims.,claims_and_disputes,claims_and_disputes,1,,,,,False
2019,2019_AGRPT@CON2019.pdf,475,"Besides, there were delays in procurement of the facilities  averaging 360 days.",procurement_irregularities,procurement_irregularities,1,,,,,False
2019,2019_AGRPT@CON2019.pdf,475,"•  Performance of project key activities was faced with challenges of delays in procurement of the  Electronic Voucher Management System (EVMS)EVMS, lack of installation certificates for the  EVMS, lack of operational testing certificate for the EVMS and lack of technical assistance on  EVMS pilot projects.",procurement_irregularities,procurement_irregularities,1,project key activities was faced with challenges of delays in procurement of the  Electronic Vouc,,,,False
2019,2019_AGRPT@CON2019.pdf,475,These hampered  monitoring and supervision of the project.,contract_management,contract_management,1,project,,,,False
2019,2019_AGRPT@CON2019.pdf,475,•  There was delayed Supply and Installation Works for Solar powered Irrigation Equipment which  exposed the Project to a risk of abandoned works and delayed service delivery to the beneficiary  communities.,delay_time_overrun,delay_time_overrun,1,Project to a risk of abandoned works and delayed service delivery to the beneficiary  communities,,,,True
2019,2019_AGRPT@CON2019.pdf,475,•  Significant delays were noted with some procurements taking more than a year to be concluded  and delays from planned contract signing dates ranging from 68 days (2 months) to 376 days  (1 year).,procurement_irregularities,procurement_irregularities,1,,,,,False
2019,2019_AGRPT@CON2019.pdf,475,"Thus, procurement of up to 440 rental premises  during the year were not guided by the rent policy.",procurement_irregularities,procurement_irregularities,1,,,,,False
2019,2019_AGRPT@CON2019.pdf,475,Neither were the places included in the  procurement plan for the year.,procurement_irregularities,procurement_irregularities,1,,,,,False
2019,2019_AGRPT@CON2019.pdf,475,"Audit  noted that critical positions such as Assistant Commissioner Community Service, Procurement  Officer, Principal Internal Auditor and a number of probation officers were vacant at the year-end.",procurement_irregularities,procurement_irregularities,1,,,,,False
2019,2019_AGRPT@CON2019.pdf,475,"•  Contrary to procurement regulations, I noted that the Embassy undertook procurements,  throughout the year, without a procurement plan.",procurement_irregularities,procurement_irregularities,1,,,,,False
2019,2019_AGRPT@CON2019.pdf,475,Moreover no procurement reports were being prepared and submitted to PPDA as  required by the procurement regulations.,procurement_irregularities,procurement_irregularities,1,,,,,False
2019,2019_AGRPT@CON2019.pdf,475,"There is no evidence of any procurement process undertaken to  identify the landlords in question, which is contrary to the procurement regulations.",procurement_irregularities,procurement_irregularities,1,,,,,False
2019,2019_AGRPT@CON2019.pdf,475,"8  Uganda Good  Governance Project  (UGOGO)    Opinion  Unqualified  •  The program management did not prepare a completion report for submission to the Danish  embassy, yet the program ended on 31st December 2016.",governance_and_controls,governance_and_controls,1,Project  (UGOGO)    Opinion  Unqualified  •  The program management did not prepare a completion ; program ended on 31st December 2016,,,,False
2019,2019_AGRPT@CON2019.pdf,475,"10  Urban markets and  market  development of  Agricultural  products project  (UMMDAP)    Opinion  Unqualified  •  Domestic arrears increased by 16% from UGX491,339,828 in the previous year to UGX.",delayed_payments,delayed_payments,1,"project  (UMMDAP)    Opinion  Unqualified  •  Domestic arrears increased by 16% from UGX491,339,8",,,,False
2019,2019_AGRPT@CON2019.pdf,475,•  I noted delays of more than two years in the procurement of 50 walking tractors and construction  of selected markets.,procurement_irregularities,procurement_irregularities,1,,,,,True
2019,2019_AGRPT@CON2019.pdf,475,•  I noted that the project paid UGX.0.55 billion as interest for delayed payments which would have  been avoided if payments were to be made timely.,delayed_payments,delayed_payments,1,project paid UGX,,,,False
2019,2019_AGRPT@CON2019.pdf,475,•  I observed that project activities indicated in the table that are lagging behind schedule when  referenced to the original project timelines i.e.,delay_time_overrun,delay_time_overrun,1,project activities indicated in the table that are lagging behind schedule when  referenced to th; project timelines i,,,,False
2019,2019_AGRPT@CON2019.pdf,475,"a) Drainage works of Lot 1 Lubigi Primary  Channel, and Nakamiro Secondary - Procurement not yet concluded, the contract for Lubigi still  with the funders for no-objection and the contract for Nakamiro still with solicitor General and  b) Compensation of PAPs- for drainage works - Out of the 329 PAPs identified only 106 have  been so far paid.",procurement_irregularities,procurement_irregularities,1,,,,,True
2019,2019_AGRPT@CON2019.pdf,475,I however noted that the procurement  of the private party in the partnership (the consortium of German companies) was not done in  accordance with the requirements of Uganda’s Public-Private Partnership Act.,procurement_irregularities,procurement_irregularities,1,,consortium of German companies) was not done in  accordance with the requirements of Ugand,,,False
2019,2019_AGRPT@CON2019.pdf,475,22  Millennium Villages  Project - 2016    Opinion  Unqualified  •  Underfunding of MVPII by GoU counterpart funding of UGX 0.853Bn  •  Performance against logical framework (contract Management) I.e.,contract_management,contract_management,1,Project - 2016    Opinion  Unqualified  •  Underfunding of MVPII by GoU counterpart funding of UG,,,,False
2019,2019_AGRPT@CON2019.pdf,475,"The  gaps identified include; failure to develop performance agreements/targets, delayed  development of performance plans, delayed completion of performance appraisals, Failure to  hold quarterly performance reviews and Non-submission of a summary report on performance  appraisal.",delay_time_overrun,delay_time_overrun,1,,,,,False
2019,2019_AGRPT@CON2019.pdf,475,"•  I noted that the Council awarded a contract for the construction of a water borne toilet at UNMC  at UGX.43,770,330, while the approved budget was UGX.32,000,000 and there was no approved  supplementary budget to support the additional allocation of UGX 11,770,330.",cost_overrun,cost_overrun,1,,,,,True
2019,2019_AGRPT@CON2019.pdf,475,"•  The Council undertook procurement of the Supply of assorted stationery at UGX 9,202,000,  without any procurement requisition (Form 5) from the user department.",procurement_irregularities,procurement_irregularities,1,,,,,False
2019,2019_AGRPT@CON2019.pdf,475,Furthermore the procurement records were not availed for  audit.,procurement_irregularities,procurement_irregularities,1,,,,,False
2019,2019_AGRPT@CON2019.pdf,475,"•  No report on procurement activities undertaken by the Council was submitted to PPDA., despite  the fact that UMDPC undertook procurements worth UGX 497,000,000 during the year under  review.",procurement_irregularities,procurement_irregularities,1,,,,,False
2019,2019_AGRPT@CON2019.pdf,475,"•  For procurements worth UGX 95,297,800 there was no evidence that market price assessment  was conducted by the Accounting Officer prior to either initiation of the procurement or  contracting.",procurement_irregularities,procurement_irregularities,1,,,,,False
2019,2019_AGRPT@CON2019.pdf,475,"•  I noted that whereas funds amounting to USD 11,220,000 were available to the project for  purchase of essential drugs, no procurements were conducted for the last two years of  implementation.",procurement_irregularities,procurement_irregularities,1,"project for  purchase of essential drugs, no procurements were conducted for the last two years o",,,,False
2019,2019_AGRPT@CON2019.pdf,475,"25  GAVI, The Vaccine  Alliance cash  grants to Uganda    Opinion  Unqualified  •  I noted that the project did not complete the fund accountability statement.",governance_and_controls,governance_and_controls,1,project did not complete the fund accountability statement,,,,False
2019,2019_AGRPT@CON2019.pdf,475,•  There were anomalies in the Institute’s Hospital Management Information System some of which  include: there are no Quality assurance and control reports from the contract management;  there were no change request documents and approved user systems access forms; Loss of  patients data or information due to poor configurations; delays in review of patients and ECHO  procedures; High downtime for the system; delays in retrieval and processing of patients data  leading to increase in waiting time; poor systems maintenance due to having only one IT officer  managing all systems.,contract_management,contract_management,1,,,,,True
2019,2019_AGRPT@CON2019.pdf,475,There were delays in the procurement process ranging from 12 months to almost 4 years.,procurement_irregularities,procurement_irregularities,1,,,,,False
2019,2019_AGRPT@CON2019.pdf,475,•  Delayed compensation for acquisition of land for right of way affects implementation of approved  projects.,land_and_right_of_way,land_and_right_of_way,1,,,,,True
2019,2019_AGRPT@CON2019.pdf,475,"•  UNRA made incurred nugatory expenditure amounting to UGX 8,099,940,759 and USD  880,448.97 that arose out of penalties for the court cases and interest on delayed payments of  advances and IPCs invoices from various contractors.",claims_and_disputes,claims_and_disputes|delayed_payments,2,,,,,True
2019,2019_AGRPT@CON2019.pdf,475,"•  I reviewed land compensation activities on a sample of roads and noted issues such as failure  to publish legal notification and gazette of land for public use, failure to set a cut-off date on  Kampala Northern bypass project phase 2, delays in payment for valued land and properties,  payment of PAPs (at non-reviewed rates ) and delays in transfer of titles to Government  •  In noted delays in delivery of procurement supplies worth UGX 24,018,395,488 occasioned by  the lengthy processes of opening up and amending letters of credit with Bank of Uganda.",procurement_irregularities,procurement_irregularities,1,"project phase 2, delays in payment for valued land and properties,  payment of PAPs (at non-revie",,,,True
2019,2019_AGRPT@CON2019.pdf,475,•  URF and Public Procurement and Disposal of Public Assets Authority (PPDA) jointly entered into  a contract for the construction of PPDA-URF office building and the parties agreed to contribute  funds in equal proportion to finance the project.,procurement_irregularities,procurement_irregularities,1,project,,Authority (PPDA) jointly entered into  a contract for the construction of PPDA-URF office,,True
2019,2019_AGRPT@CON2019.pdf,475,"The reported  figure includes penal interest of UGX.69,162,909,731 due to delayed payment.",delayed_payments,delayed_payments,1,,,,,False
2019,2019_AGRPT@CON2019.pdf,475,"6  Uganda Revenue  Authority (URA) –  Corporate Services      Opinion  Unqualified  •  URA irregularly used the direct procurement method to procure furniture for the new building at  UGX.4,461,861,429.",procurement_irregularities,procurement_irregularities,1,,,Authority (URA) –  Corporate Services      Opinion  Unqualified  •  URA irregularly used ,,True
2019,2019_AGRPT@CON2019.pdf,475,"The same procurement had earlier been competitively procured at  UGX.2,271,537,719; however, change of method led to price escalation by 70%.",cost_overrun,cost_overrun|procurement_irregularities,2,,,,,False
2019,2019_AGRPT@CON2019.pdf,475,"In addition,  URA irregularly used the direct procurement method for the procurement of a Digital Stamps-IT  Solution at a price of UGX.2,698,888,960.",procurement_irregularities,procurement_irregularities,1,,,,,False
2019,2019_AGRPT@CON2019.pdf,475,"8  Public Procurement  and Disposal of  Public assets  Authority (PPDA)    Opinion  Unqualified    •  I observed that out of the budgeted revenue of UGX.24,851,777,620, the entity received  UGX.22,822,513,121 representing about 91.8% of the approved budget.",procurement_irregularities,procurement_irregularities,1,,,Authority (PPDA)    Opinion  Unqualified    •  I observed that out of the budgeted revenu,,False
2019,2019_AGRPT@CON2019.pdf,475,9  PPDA Appeals  Tribunal    Opinion  Unqualified  •  The PPDA Tribunal uses the Procurement Unit of the Ministry of Finance Planning and Economic  Development (MoFPED) to undertake its procurements.,procurement_irregularities,procurement_irregularities,1,,,Ministry of Finance Planning and Economic  Development (MoFPED) to undertake its procure,,False
2019,2019_AGRPT@CON2019.pdf,475,The construction works were  behind schedule by almost 6 months.,delay_time_overrun,delay_time_overrun,1,,,,,True
2019,2019_AGRPT@CON2019.pdf,475,"•  Irregular cancellation of the Best Evaluated Bidder Notice for procurement of Catering services  worth UGX.200,438,340 was observed despite the complainant not being a bidder in that  procurement.",procurement_irregularities,procurement_irregularities,1,,,,,False
2019,2019_AGRPT@CON2019.pdf,475,"•  Procurements worth UGX.81,200,000 were undertaken using the direct method of procurement  without proper justification.",procurement_irregularities,procurement_irregularities,1,,,,,False
2019,2019_AGRPT@CON2019.pdf,475,"•  Review of the Ministry’s procurement plan revealed that several planned procurements to the  tune of UGX.280,125,000 were not implemented.",procurement_irregularities,procurement_irregularities,1,,,Ministry’s procurement plan revealed that several planned procurements to the  tune of U,,False
2019,2019_AGRPT@CON2019.pdf,475,•  I also noted several procurement irregularities that manifest in direct procurements that resulted  from lack of a procurement unit as well as lack of a contracts committee at the Institute.,procurement_irregularities,procurement_irregularities,1,,,,,False
2019,2019_AGRPT@CON2019.pdf,475,"It was however, noted that the construction of the second and third floors of the  floating restaurant has stalled.",delay_time_overrun,delay_time_overrun,1,,,,,True
2019,2019_AGRPT@CON2019.pdf,475,"•  Contrary to the Section 85 of the PPDA Act, Uganda Tourism Board procured the services of two  Market Destination Representatives to market Uganda as a tourist destination in North America  using direct procurement without justification at a total cost of UGX.2,570,760,835.",procurement_irregularities,procurement_irregularities,1,,,,,False
2019,2019_AGRPT@CON2019.pdf,475,"•  The Facility planned to procure consultants to carry out feasibility studies and designs for various  projects, construct town water supply systems, and also procure providers for goods and  services, but only 56% of these procurements were implemented leaving 44% of the  procurements un-implemented.",procurement_irregularities,procurement_irregularities,1,,,,,True
2019,2019_AGRPT@CON2019.pdf,475,"•  The Ministry on behalf of the REDD+ project signed two contracts for provision of consultancy  services as part of execution of the planned activities for the year under, however I noted that  the consultants had breached contract terms and had not yet completed the assignments.",delay_time_overrun,delay_time_overrun,1,project signed two contracts for provision of consultancy  services as part of execution of the p,,Ministry on behalf of the REDD+ project signed two contracts for provision of consultanc,,False
2019,2019_AGRPT@CON2019.pdf,475,"•  I noted procurement irregularities in relation to unjustified direct procurements worth  UGX.57,587,165.",procurement_irregularities,procurement_irregularities,1,,,,,False
2019,2019_AGRPT@CON2019.pdf,475,"•  UGX 2,746,719,303 of project funds remained unspent at the close of the financial year owing  to late receipt of funds from the development partners and procurement challenges.",procurement_irregularities,procurement_irregularities,1,project funds remained unspent at the close of the financial year owing  to late receipt of funds,,,,False
2019,2019_AGRPT@CON2019.pdf,475,15  Multi - Lateral  Lakes Edward &  Albert Integrated  Fisheries & Water  Resources  Management (LEAF  II)    Opinion  Unqualified  •  Despite the revenue performance of 107.4% there were delays in completion of various landing  sites.,delay_time_overrun,delay_time_overrun,1,,,,,False
2019,2019_AGRPT@CON2019.pdf,475,21  Water  Management and  Development  Project (WMDP) –  NWSC    Opinion  Unqualified  •  I was not availed with proof that the Performance Certificate was issued to the contractor  (El Nasr and DOTT Services Limited) to prove expiry of defects notification period  and as a basis of accepting works delivered by the contractor.,contract_management,contract_management,1,Project (WMDP) –  NWSC    Opinion  Unqualified  •  I was not availed with proof that the Performa,Limited) to prove expiry of defects notification period  and as a basis of accepting wo,,,True
2019,2019_AGRPT@CON2019.pdf,475,"•  There was delayed Implementation of the Resettlement Action Plan, whereby some community  projects such as the church and mosque have been outstanding since 2016.",land_and_right_of_way,land_and_right_of_way,1,,,,,False
2019,2019_AGRPT@CON2019.pdf,475,This was attributed to procurement delays.,procurement_irregularities,procurement_irregularities,1,,,,,False
2019,2019_AGRPT@CON2019.pdf,475,"•  Contingent Liabilities of UGX.6,071,073,253 relating to compensations for way leaves of power  lines constructed by the agency as at 30th June 2019, may result into cash outflow from the  Agency if they crystallize.",claims_and_disputes,claims_and_disputes|land_and_right_of_way,2,,,"agency as at 30th June 2019, may result into cash outflow from the  Agency if they cry",,True
2019,2019_AGRPT@CON2019.pdf,475,"•  There was non-compliance to the Quality of Service Standards 1 and 2 by UMEME whereby 90%  and 89% of customers were delayed to be connected within 10 and 15 days of standard  connection period, respectively.",contract_management,contract_management,1,,,,,True
2019,2019_AGRPT@CON2019.pdf,475,"Furthermore, delays in land acquisition  and construction works for the transmission lines under Karuma interconnection had hampered  project progress.",land_and_right_of_way,land_and_right_of_way,1,project progress,,,,True
2019,2019_AGRPT@CON2019.pdf,475,"•  UETCL procured goods, works and services amounting to UGX 7,453,066,691 outside the  procurement plan.",procurement_irregularities,procurement_irregularities,1,,,,,True
2019,2019_AGRPT@CON2019.pdf,475,The under  absorption was attributed to procurement delays.,procurement_irregularities,procurement_irregularities,1,,,,,False
2019,2019_AGRPT@CON2019.pdf,475,"•  Procurement for the contract for the installation and maintenance of solar PV systems for schools,  was not undertaken as planned by 16th August 2019.",procurement_irregularities,procurement_irregularities,1,,,,,True
2019,2019_AGRPT@CON2019.pdf,475,"• There was a delay of 21 months by the Consultant for the development of 6 Pico/micro hydro  power schemes, while implementation of the Contract for the supply, Installation and  commissioning of electro-mechanical equipment for the power plants was behind schedule by 12  months.",delay_time_overrun,delay_time_overrun,1,,,,,True
2019,2019_AGRPT@CON2019.pdf,475,"•  There was delayed implementation of projects, whereby a number of procurements for meters,  circuit breakers and read boards were more than five months late.",procurement_irregularities,procurement_irregularities,1,,,,,False
2019,2019_AGRPT@CON2019.pdf,475,"199    Sn  SECTOR AND  ENTITY  SUMMARY OF KEY FINDINGS  Opinion  Unqualified  23  Mbarara - Nkenda;  Tororo - Lira  Transmission Lines    Opinion  Unqualified  •  There are standing time costs resulting from a claim by a contractor due to delayed acquisition  of right of way amounting to USD.9,769,837 and UGX.4,548,082,000 and interest amounting to  USD.166,378.10 and UGX.528,618,788.",land_and_right_of_way,land_and_right_of_way,1,,,,,True
2019,2019_AGRPT@CON2019.pdf,475,"This was attributed  to delays in acquisition of right of way, delays in procurement processes and approval of drawings,  change orders and shifting the scope of works.",land_and_right_of_way,land_and_right_of_way|procurement_irregularities,2,,,,,True
2019,2019_AGRPT@CON2019.pdf,475,"•  Due to delays in the execution of the project, project costs such as supervision, material prices,  site administrative costs, land value, and insurance escalated leading to requests for  supplementary funding.",contract_management,contract_management,1,"project, project costs such as supervision, material prices,  site administrative costs, land val",,,,False
2019,2019_AGRPT@CON2019.pdf,475,"•  There was direct procurement of some non-assigned sub-contractors initially engaged by the  terminated contractor to complete works, some of whom had sued UETCL over issues concerning  the termination of the main contractor.",claims_and_disputes,claims_and_disputes|procurement_irregularities,2,,,,,True
2019,2019_AGRPT@CON2019.pdf,475,"25  Hoima - Nkenda  Transmission Lines    Opinion  Unqualified  •  A sum of UGX.12,662,000,172 meant to fund Resettlement Action Plan activities (way leaves and  easement), remained un-disbursed to the Project Affected Persons as at 30th June 2019 despite  the project completion on 31st July 2018.",land_and_right_of_way,land_and_right_of_way,1,Project Affected Persons as at 30th June 2019 despite  the project completion on 31st July 2018,,,,True
2019,2019_AGRPT@CON2019.pdf,475,The absorption  challenges were attributed to procurement delays.,procurement_irregularities,procurement_irregularities,1,,,,,False
2019,2019_AGRPT@CON2019.pdf,475,"Procurement of assorted general and specialized laboratory equipment across the  colleges, Delivery and installation of laboratory and teaching equipment for the department of  Dentistry, Furniture of colleges and non- teaching units among others.",procurement_irregularities,procurement_irregularities,1,,,,,False
2019,2019_AGRPT@CON2019.pdf,475,"• The School accumulated domestic arrears of UGX.19,084,373,665 by the end of the financial year  under review.",delayed_payments,delayed_payments,1,,,,,True
2019,2019_AGRPT@CON2019.pdf,475,"Also,  included in the arrears total balance is UGX.8,610,930,762 payable to Uganda Consolidated Fund  which resulted from the School’s failure to transfer back some of money advanced from UCF and  functional fees of UGX.975,461,400 due to Makerere University for the financial year 2018/ 2019  not paid.",delayed_payments,delayed_payments,1,,,,,True
2019,2019_AGRPT@CON2019.pdf,475,"•  The University used direct sourcing on procurement of repair and servicing of Motor vehicles  totalling to UGX.239,066,000 without adequate justification.",procurement_irregularities,procurement_irregularities,1,,,,,False
2019,2019_AGRPT@CON2019.pdf,475,•  I noted delayed Payment of Tuition for new Scholarship Students.,delayed_payments,delayed_payments,1,,,,,False
2019,2019_AGRPT@CON2019.pdf,475,"•  A total amount of UGX.451,230,072 was paid in relation to contract staff salaries and allowances  for the previous financial year which had not been disclosed as arrears in the prior year financial  statements.",delayed_payments,delayed_payments,1,,,,,False
2019,2019_AGRPT@CON2019.pdf,475,"I however noted that M/s Fortune Energy  Limited had breached contract with accumulated arrears totalling to UGX.1,375,569,240 and  Mandela National Stadium (MNSL) has since not taken any legal step to have the arrears  recovered but instead M/s Fortune Energy Limited had taken the Stadium to court.",delayed_payments,delayed_payments,1,,M/s Fortune Energy  Limited had breached contract with accumulated arrears totallin; M/s Fortune Energy Limited had taken the Stadium to court,,,True
2019,2019_AGRPT@CON2019.pdf,475,"•  I noted that NCS contracted and paid out UGX.335,582,000 to External lawyers as legal fees for  handling various cases without following the due procurement process.",procurement_irregularities,procurement_irregularities,1,,,,,False
2019,2019_AGRPT@CON2019.pdf,475,"This points to lack of transparency in the said procurements,  contrary to the procurement law.",procurement_irregularities,procurement_irregularities,1,,,,,False
2019,2019_AGRPT@CON2019.pdf,475,Failure to adhere to the PFMA provisions poses a risk of rejection of budget requests for  settlement of such domestic arrears by Treasury and exposes the entity to reputational risk due  to delayed payment.,delayed_payments,delayed_payments,1,,,,,False
2019,2019_AGRPT@CON2019.pdf,475,"In addition, I  noted override of the Procurement function of the CPMCs and lack of contracts for Community  Facilitators  •  Under URF I noted that UGX 188,301,000 reallocated was not accounted for.",procurement_irregularities,procurement_irregularities,1,,,,,False
2019,2019_AGRPT@CON2019.pdf,475,Field inspection  revealed improper drainage especially at points that required installation of culverts and one  contract had expired with incomplete works while there were no signposts warning roader  users from using the bridge.,delay_time_overrun,delay_time_overrun,1,,,,,True
2019,2019_AGRPT@CON2019.pdf,475,"•  Under UgIFT, I noted delayed procurements and filed inspection revealed incomplete structures  that had only been roofed and plastered.",procurement_irregularities,procurement_irregularities,1,,,,,False
2019,2019_AGRPT@CON2019.pdf,475,"•   UGX.5,798,400 allocated as contingency was not accounted for in the certificates presented for  payment  •  Under UgIFT, I noted irregularities in hybrid procurement, irregular award of tender to a higher  Bidder for seed school construction while inspection revealed delayed works for the projects.",procurement_irregularities,procurement_irregularities,1,,,,,True
2019,2019_AGRPT@CON2019.pdf,475,•  I noted that the principle of competition in procurement was not adhered to as most of the  procurements attracted less than three bidders.,procurement_irregularities,procurement_irregularities,1,,,,,False
2019,2019_AGRPT@CON2019.pdf,475,•  Direct Procurement worth UGX 0.2Bn was made for the supplies for fish farming for 19 sub  projects contrary to the procedures.,procurement_irregularities,procurement_irregularities,1,,,,,False
2019,2019_AGRPT@CON2019.pdf,475,"However, 53kms were  done at a cost of UGX 0.118Bn leading to excess expenditure of UGX 2 million further inspections  revealed bushes alongside many of the Municipal roads were overgrown and in some cases  significantly reduced the road width.",cost_overrun,cost_overrun,1,,,,,True
2019,2019_AGRPT@CON2019.pdf,475,"•  Under Environmental Impact Assessment, interviews and a review of documents revealed that  no environment impact assessment was done for any of the road works  •  Under procurement I noted Low bidder participation which defeats the objective of public  procurement of promoting competitiveness and quality services.",procurement_irregularities,procurement_irregularities,1,,,,,True
2019,2019_AGRPT@CON2019.pdf,475,"•  Under UgIFT, I noted failure to include the construction of seed secondary school in the  consolidated procurement plan.",procurement_irregularities,procurement_irregularities,1,,,,,True
2019,2019_AGRPT@CON2019.pdf,475,•  Physical inspection on the upgrading of Chakulia Health Center II to Health Center III revealed  that the project was behind schedule.,delay_time_overrun,delay_time_overrun,1,project was behind schedule,,,,True
2019,2019_AGRPT@CON2019.pdf,475,"•  Inspection of Kindra-Lokajo road revealed that a section of the road with a stream need a bridge,  there was no sign post and no records of community procurement and project management.",procurement_irregularities,procurement_irregularities,1,project management,,,,True
2019,2019_AGRPT@CON2019.pdf,475,•  I noted excess expenditure of UGX.0.19bn on the construction of Kyoho Bridge due to a decision  to change from force Account to irregular contracting of the unfinished works to a private  contractor.,cost_overrun,cost_overrun,1,,,,,True
2019,2019_AGRPT@CON2019.pdf,475,"I also noted poor workmanship on Rwebisengo- Rwangara Road and  Rehabilitation of Rwensenene and Kakogha Bridges  •  A review of the cumulative water situation analysis of the 4 different types of water sources in  the district, revealed 35% of the water facilities were non-functional  •  Deductions of UGX 1.49Bn were noted in respect of statutory and other bodies but only UGX  1.41Bn was remitted resulting into under payment of UGX 82 million  •  Under UWEP, i noted that out of UGX 33 million collected; only UGX 15 million was transferred  to the Ministry of Gender leaving a balance of UGX 18 million.",contract_management,contract_management,1,,,Ministry of Gender leaving a balance of UGX 18 million,,True
2019,2019_AGRPT@CON2019.pdf,475,•  UGX.0.159Bn was spent for procurement of Washing Machine with the additional top up of UGX.,procurement_irregularities,procurement_irregularities,1,,,,,False
2019,2019_AGRPT@CON2019.pdf,475,39 million being diverted from procurement of surgical instruments.,procurement_irregularities,procurement_irregularities,1,,,,,False
2019,2019_AGRPT@CON2019.pdf,475,"•  Under URF, I noted poor workmanship on Cathedral and Mugurusi Road.",contract_management,contract_management,1,,,,,True
2019,2019_AGRPT@CON2019.pdf,475,"Further, the Council made direct  procurements of goods worth UGX.0.457bn without following procurement guidelines for the  supply and installation of solar street lights.",procurement_irregularities,procurement_irregularities,1,,,,,False
2019,2019_AGRPT@CON2019.pdf,475,•  URF field inspection revealed incomplete works on Kabala-Kaket road.,delay_time_overrun,delay_time_overrun,1,,,,,True
2019,2019_AGRPT@CON2019.pdf,475,228    SN  LOCAL  GOVERNMENTS  SUMMARY OF KEY FINDINGS  •  Construction works under UgIFT at Amuru Seed Secondary School and Otwee Health Centre II  were behind schedule.,delay_time_overrun,delay_time_overrun,1,,,,,True
2019,2019_AGRPT@CON2019.pdf,475,"•  Under UgIFT, I noted that Aduku Seed Secondary School had no land title and construction  works were behind schedule with all structures at ring beam level.",delay_time_overrun,delay_time_overrun,1,,,,,True
2019,2019_AGRPT@CON2019.pdf,475,"•  URF field inspections revealed that some road sections were poorly maintained with silted  culverts and no headwalls, poor drainage, broken culverts and incomplete shoddy works.",contract_management,contract_management,1,,,,,True
2019,2019_AGRPT@CON2019.pdf,475,•  NUSAF3 funds of UGX.0.922bn were not adequately budgeted for and project implementations  contravened procurement guidelines while no proper books were maintained.,procurement_irregularities,procurement_irregularities,1,project implementations  contravened procurement guidelines while no proper books were maintained,,,,False
2019,2019_AGRPT@CON2019.pdf,475,•  URF field inspection revealed poorly maintained road sections with culvert installation and  incomplete works on projects.,delay_time_overrun,delay_time_overrun,1,,,,,True
2019,2019_AGRPT@CON2019.pdf,475,•  There was irregular direct procurement of food items worth UGX.57million for nodding disease  patients.,procurement_irregularities,procurement_irregularities,1,,,,,False
2019,2019_AGRPT@CON2019.pdf,475,"•  Under UgIFT, construction of Ogom Seed Secondary School was not undertaken and works at  Lapu HC II had stalled at beam level despite receipt of funds that were swept back at year end.",delay_time_overrun,delay_time_overrun,1,,,,,True
2019,2019_AGRPT@CON2019.pdf,475,"•  Under RTI, there were incomplete works on Ogonyo- Odum of swamp filling and culvert  installations four months after project expected completion date.",delay_time_overrun,delay_time_overrun,1,project expected completion date,,,,True
2019,2019_AGRPT@CON2019.pdf,475,•  There was delayed completion on construction of 2 storied 54 staff unit houses as construction  works were still at wall plate.,delay_time_overrun,delay_time_overrun,1,,,,,True
2019,2019_AGRPT@CON2019.pdf,475,•  I noted that the project for construction of 16-unit staff houses was behind schedule.,delay_time_overrun,delay_time_overrun,1,project for construction of 16-unit staff houses was behind schedule,,,,True
2019,2019_AGRPT@CON2019.pdf,475,"•  I noted that while some of the district’s key programmes were fully implemented, others were  not fully implemented  •  I noted that domestic arrears to a tune of UGX.18,026,430 was paid out without evidence of  Council approval  •  Under URF, for routine manual maintenance i noted that road gangs did not work during quarter  4 but were paid UGX.",delayed_payments,delayed_payments,1,,,,,True
2019,2019_AGRPT@CON2019.pdf,475,"•  I noted that Micro procurements worth UGX 10,994,000 of various items were not reported to  the Contract Committee contrary to the regulation  •  The cumulative water situation analysis revealed that on average 30.31% of the water facilities  were non-functional.",procurement_irregularities,procurement_irregularities,1,,,,,False
2019,2019_AGRPT@CON2019.pdf,475,"Field  inspections revealed that the projects lacked sign posts casting doubt on the projects existence  and lacked basic financial management records relating to community procurement procedures,  income and expenditure records.",procurement_irregularities,procurement_irregularities,1,,,,,False
2019,2019_AGRPT@CON2019.pdf,475,•  Under UgIFT I noted incomplete works on the construction of a seed school at Banamywa Sub  County while the site for construction of MuJunza health centre appeared abandoned.,delay_time_overrun,delay_time_overrun,1,,,,,True
2019,2019_AGRPT@CON2019.pdf,475,"•  Under UgIFT Inspections revealed that there were incomplete works  •  Under URF Inspections revealed that there was no provision for drainage channels, culverts and  gullies and overgrown vegetation  •  Under Capitation grant, I noted that sampled school did not prepare financial statements for the  year under review.",delay_time_overrun,delay_time_overrun,1,,,,"grant, I noted that sampled school did not prepare financial stat",True
2019,2019_AGRPT@CON2019.pdf,475,"•  Under UgIFT, I noted that the district did not participate in stages of procurement of some  contractors since this was done MoH.",procurement_irregularities,procurement_irregularities,1,,,,,True
2019,2019_AGRPT@CON2019.pdf,475,An inspection of the site for upgrading Bulaga  health centre revealed that the site had been abandoned which resulted in delayed completion  of works.,delay_time_overrun,delay_time_overrun,1,,,,,True
2019,2019_AGRPT@CON2019.pdf,475,"•  Under URF Inspection on selected roads revealed that there was poor contract management  characterised by absence of headwalls, culverts, unprotected culverts, gullies and over grown  bushes.",contract_management,contract_management,1,,,,,True
2019,2019_AGRPT@CON2019.pdf,475,"37,810,600 where the user departments specified the  required brands on the procurement requisition form and the tender document contrary to PPDA  regulations  •  Under YLP, I noted that whereas the groups which were funded in 2016/2017 FY were expected  to have repaid a total amount of UGX.",procurement_irregularities,procurement_irregularities,1,,,,,False
2019,2019_AGRPT@CON2019.pdf,475,"•  I noted that under budgeting for domestic arrears to a tune of UGX 195,080,167  •  The hospital has an approved staff structure of 421 staff but only 338 are filled leaving a staffing  gap of 83 positions (20%).",delayed_payments,delayed_payments,1,,,,,True
2019,2019_AGRPT@CON2019.pdf,475,There were also a number of missing procurement documents on the various files.,procurement_irregularities,procurement_irregularities,1,,,,,False
2019,2019_AGRPT@CON2019.pdf,475,"I also  noted that the District didn’t maintain an excel-based Project Tracker to capture and track project  transactions  •  Under URF, I noted that there was an excess expenditure under mechanised maintenance.",cost_overrun,cost_overrun,1,"Project Tracker to capture and track project  transactions  •  Under URF, I noted that there was ",,,,False
2019,2019_AGRPT@CON2019.pdf,475,"•  I noted that the procurement process for contracts worth UGX.660,733,841 were not undertaken  in strict compliance with the PPDA laws.",procurement_irregularities,procurement_irregularities,1,,,,,False
2019,2019_AGRPT@CON2019.pdf,475,•  I noted that the entity undertook unplanned procurements contracts worth UGX.0.115bn which  were not in the consolidated annual procurement work plan.,procurement_irregularities,procurement_irregularities,1,,,,,False
2019,2019_AGRPT@CON2019.pdf,475,"•  Under UgIFT, there was delayed procurement of the contractor for the construction of the School  leading to delays in start of works for 1 month and failure to absorb all available funds worth  UGX.",procurement_irregularities,procurement_irregularities,1,,,,,True
2019,2019_AGRPT@CON2019.pdf,475,•  Under URF Implementation; I noted that the works undertaken under routine manual  maintenance and routine mechanised maintenance were shoddy with road deterioration and  developed potholes.,contract_management,contract_management,1,,,,,True
2019,2019_AGRPT@CON2019.pdf,475,"•  Under UgFIT, inspections revealed stalled works for Nakitokolo Health Centre II and Seed  Secondary School with both lacking land titles.",delay_time_overrun,delay_time_overrun,1,,,,,True
2019,2019_AGRPT@CON2019.pdf,475,"Further, only 2  Direct Road Committee meetings had been held out the required 4 and inspections revealed  deterioration and incomplete works on three roads.",delay_time_overrun,delay_time_overrun,1,,,,,True
2019,2019_AGRPT@CON2019.pdf,475,"•  Under UgIFT, construction works of Bukamba Health Centre worth UGX.0.488bn had stalled after  payment of UGX.0.292bn and the district did not have a land title for the land.",delay_time_overrun,delay_time_overrun,1,,,,,True
2019,2019_AGRPT@CON2019.pdf,475,"•  Under UgFIT, inspections revealed incomplete and stalled project works.",delay_time_overrun,delay_time_overrun,1,project works,,,,True
2019,2019_AGRPT@CON2019.pdf,475,"•  Under UgIFT, Inspections revealed construction works of the Health Centre had stalled and  construction of Nakaseke Seed Secondary School had not commenced.",delay_time_overrun,delay_time_overrun,1,,,,,True
2019,2019_AGRPT@CON2019.pdf,475,"•  Under UgIFT, works for upgrade of Katuugo Health Centre II had stalled and funds for the  construction of a Seed secondary school in Katikamu Sub County were not utilized.",delay_time_overrun,delay_time_overrun,1,,,,,True
2019,2019_AGRPT@CON2019.pdf,475,"•  Under UgIFT, there was unspent balance of 0.125bn on the contract for the upgrade of Butaaka  Health Centre II and inspections revealed incomplete and shoddy works at the facility.",contract_management,contract_management,1,,,,,True
2019,2019_AGRPT@CON2019.pdf,475,•  I noted procurement of two double cabin pick- ups at a cost of UGX.,procurement_irregularities,procurement_irregularities,1,,,,,False
2019,2019_AGRPT@CON2019.pdf,475,Inspection of the Kibale – Kasekulo – Ttubi road revealed poor workmanship on  some road sections.,contract_management,contract_management,1,,,,,True
2019,2019_AGRPT@CON2019.pdf,475,"•  Under UgIFT, I noted that funds to the tune of UGX.0.354Bn planned and disbursed for  construction of Bukango seed school in the financial year 2018/19 were swept back to the  consolidated fund due to failure to undertake timely procurement.",procurement_irregularities,procurement_irregularities,1,,,,,True
2019,2019_AGRPT@CON2019.pdf,475,"•  Under URF field inspections, I observed poor workmanship on the 10 km stretch of Kikondo –  Kawule – Busowe– Abonera/Kabuwoko road.",contract_management,contract_management,1,,,,,True
2019,2019_AGRPT@CON2019.pdf,475,"•  Under the UgIFT Program, I noted incomplete works for the upgrade of Ngomanene and Mamba  health centres IIs to IIIs whilst works on the construction of Kyayi seed school had not yet began  by 1/08/2019.",delay_time_overrun,delay_time_overrun,1,"Program, I noted incomplete works for the upgrade of Ngomanene and Mamba  health centres IIs to I",,,,True
2019,2019_AGRPT@CON2019.pdf,475,"•  Under the UgIFT program, I noted a delay in the upgrade of Nyendo health centre II to III of  five months and incomplete works despite payment of all the contract funds to the contractor.",delay_time_overrun,delay_time_overrun,1,"program, I noted a delay in the upgrade of Nyendo health centre II to III of  five months and inc",,,,True
2019,2019_AGRPT@CON2019.pdf,475,•  I noted procurement delays of 7 and 10 months in the signing of contracts for upgrading Kiziba  HC II to HC III and construction of Samson Kalibala Kamya Memorial Seed Secondary school  respectively.,procurement_irregularities,procurement_irregularities,1,,,,,True
2019,2019_AGRPT@CON2019.pdf,475,"Furthermore, I  noted poor workmanship in renovation works of the hospital mortuary.",contract_management,contract_management,1,,,,,True
2019,2019_AGRPT@CON2019.pdf,475,"•  Under the UgIFT, I noted there were procurement delays of up to four months in the contract  for the upgrade of Kabaale health centre II.",procurement_irregularities,procurement_irregularities,1,,,,,True
2019,2019_AGRPT@CON2019.pdf,475,"•  Under the UgIFT program, I noted delays in contract execution of up to three months for the  upgrade of Lwemikomago health centre II and incomplete works.",delay_time_overrun,delay_time_overrun,1,"program, I noted delays in contract execution of up to three months for the  upgrade of Lwemikoma",,,,True
2019,2019_AGRPT@CON2019.pdf,475,I further noted delay in the  procurement process and late release of funds for one seed school.,procurement_irregularities,procurement_irregularities,1,,,,,True
2019,2019_AGRPT@CON2019.pdf,475,•  Works under UgIFT were ongoing however there was delayed construction works at Kanginima  Seed Secondary School and delay in procurement process which resulted in delay of 7 months  from the plan.,procurement_irregularities,procurement_irregularities,1,,,,,True
2019,2019_AGRPT@CON2019.pdf,475,"•  Under URF field inspection revealed some incomplete works such as Drainage works, culvert  cleaning, failure to test road construction materials and late transfer of funds to lower local  governments  •  Works under UgIFT were ongoing with however there was delayed Completion of the upgrade  of Bunambutye Health centre II to health centre III and no evidence of materials testing was  availed  •  Under NUSAF-3 UGX.0.907Bn was used to support beneficiary sub-groups.",delay_time_overrun,delay_time_overrun,1,,,,,True
2019,2019_AGRPT@CON2019.pdf,475,•  I noted shoddy works in the construction of administration block at Molo Sub-county.,contract_management,contract_management,1,,,,,True
2019,2019_AGRPT@CON2019.pdf,475,"•  I noted that the Construction of administration block had stalled  •  Under NUSAF, I noted delayed implementation of projects, and absence of internal audit  •  I noted during inspection YLP that youth groups received project funds however no records on  group management, group management and selection, repayment schedule were availed.",delay_time_overrun,delay_time_overrun,1,"project funds however no records on  group management, group management and selection, repayment ",,,,True
2019,2019_AGRPT@CON2019.pdf,475,"I noted that  the district intermingled the project funds with other programmes, procurements undertaken  without approved procurement plan and the project was not audited by internal audit.",procurement_irregularities,procurement_irregularities,1,"project funds with other programmes, procurements undertaken  without approved procurement plan a; project was not audited by internal audit",,,,False
2019,2019_AGRPT@CON2019.pdf,475,"266    SN  LOCAL  GOVERNMENTS  SUMMARY OF KEY FINDINGS  •  Under UgIFT, I noted a 5 months delay in procurement process for upgrade of 2 HC IIs to HC  IIIs at Rwenshande and Kitura.",procurement_irregularities,procurement_irregularities,1,,,,,False
2019,2019_AGRPT@CON2019.pdf,475,I further noted a 4 months delay in procurement for the  construction of Nyakasharara Seed School.,procurement_irregularities,procurement_irregularities,1,,,,,True
2019,2019_AGRPT@CON2019.pdf,475,"I also noted the construction  of a Seed Secondary School in Katete Sub-county did not take off due to incomplete procurement  process and funds worth UGX.731,049,478 was swept back to CF.",procurement_irregularities,procurement_irregularities,1,,,,,True
2019,2019_AGRPT@CON2019.pdf,475,I further noted that the  Construction of Kihanga Seed School was not implemented due to delayed procurement process.,procurement_irregularities,procurement_irregularities,1,,,,,True
2019,2019_AGRPT@CON2019.pdf,475,"•  Under URF, I noted a 100% release of the budget however, field inspections of road works  revealed some cases of incomplete works.",delay_time_overrun,delay_time_overrun,1,,,,,True
2019,2019_AGRPT@CON2019.pdf,475,I further noted that the construction of  Kebisoni Seed Secondary school was not implemented due to delayed procurement process by  11months.,procurement_irregularities,procurement_irregularities,1,,,,,True
2019,2019_AGRPT@CON2019.pdf,475,"I further noted that URF was not reported on in the statement of performance  •  I noted that the district had not paid pension and gratuity amounting to UGX.1,088,647,819 by  the end of the financial year  •  Under UgIFT, there was a 5 months delay in the procurement process for Upgrade of Kibazi HC  II to HC III.",procurement_irregularities,procurement_irregularities,1,,,,,False
2019,2019_AGRPT@CON2019.pdf,475,Field inspections revealed incomplete works for this project.,delay_time_overrun,delay_time_overrun,1,project,,,,True
2019,2019_AGRPT@CON2019.pdf,475,I further noted that the construction of  Nyakinama Seed School was not implemented due to delayed procurement process.,procurement_irregularities,procurement_irregularities,1,,,,,True
2019,2019_AGRPT@CON2019.pdf,475,I further noted  that the construction of Kigarama Seed School was partially implemented due to delayed  procurement process.,procurement_irregularities,procurement_irregularities,1,,,,,True
2019,2019_AGRPT@CON2019.pdf,475,Field inspections of road works revealed  lack of off shoot and incomplete works on some sections of the sampled roads.,delay_time_overrun,delay_time_overrun,1,,,,,True
2019,2019_AGRPT@CON2019.pdf,475,"Despite receiving all the fund, and undertaking the procurement,  the project delayed and started during the end of 3rd quarter.",procurement_irregularities,procurement_irregularities,1,project delayed and started during the end of 3rd quarter,,,,False
2019,2019_AGRPT@CON2019.pdf,475,•  I noted further that construction of Buhara Seed Secondary School under UgIFT did not take off  due to disagreements in the procurement process and all funds swept to CF.,procurement_irregularities,procurement_irregularities,1,,,,,True
2019,2019_AGRPT@CON2019.pdf,475,I further noted that the  construction of Ryeru Seed Secondary School was not implemented due to delayed procurement  process.,procurement_irregularities,procurement_irregularities,1,,,,,True
2019,2019_AGRPT@CON2019.pdf,475,"•  Out of the approved the structure of the District of the 214 positions, only 100(46.7%) positions  were filled leaving 114 (53.3%) positions vacant  •  Under UgIFT, I noted that the procurement process for the construction of Rwamucucu seed  school was delayed by 6months and field inspections revealed that project was incomplete at  foundation level.",procurement_irregularities,procurement_irregularities,1,project was incomplete at  foundation level,,,,True
2019,2019_AGRPT@CON2019.pdf,475,"•  Under UgIFT, I noted incomplete works on the upgrading of Mpungu HC II to HC III which was  awarded in the third quarter of the financial year I further noted 1.1% partial implementation in  construction of Nyamweru Seed School due to delayed procurement process.",delay_time_overrun,delay_time_overrun|procurement_irregularities,2,,,,,True
2019,2019_AGRPT@CON2019.pdf,475,"Inspection of some subprojects revealed lack of accountability of  money spent, poor records and failure to adhere to procurement guidelines.",governance_and_controls,governance_and_controls|procurement_irregularities,2,,,,,False
2019,2019_AGRPT@CON2019.pdf,475,•  I noted incomplete works for construction of motorised pump boreholes three months after  contract expected completion date and thus communities could not realise the benefits.,delay_time_overrun,delay_time_overrun,1,,,,,True
2019,2019_AGRPT@CON2019.pdf,475,•  Under URF field inspection I noted road sections had been destroyed by cows and oxen during  the rainy season for works under routine mechanized maintenance and substandard works were  noted under emergency works with overgrown grass on road sections.,contract_management,contract_management,1,,,,,True
2019,2019_AGRPT@CON2019.pdf,475,"107.8million was overpaid on supervision of Moroto Bus Terminal civil works contract  •  Under URF, the contractor was irregularly advanced 68% of funds for periodic maintenance and  some road sections were poorly done and remained incomplete.",contract_management,contract_management,1,,,,,True
2019,2019_AGRPT@CON2019.pdf,475,•  I noted a delay of 22 days in the procurement process under UgIFT and works at one of the  structures was at foundation level.,procurement_irregularities,procurement_irregularities,1,,,,,True
2019,2019_AGRPT@CON2019.pdf,475,"Out of the 8  subprojects inspected I noted implementation challenges such as failure to implement activities,  underutilization of project funds, delayed implementation of projects and incomplete works on  CARs  •  URF field inspection revealed sections of some roads worked on were poorly maintained with  overgrown grass.",delay_time_overrun,delay_time_overrun,1,"project funds, delayed implementation of projects and incomplete works on  CARs  •  URF field ins",,,,True
2019,2019_AGRPT@CON2019.pdf,475,"282    SN  LOCAL  GOVERNMENTS  SUMMARY OF KEY FINDINGS  •  Field inspection revealed that Were-Asumuk road had excess expenditure of UGX.96,830,800,  and no road signage.",cost_overrun,cost_overrun,1,,,,,True
2019,2019_AGRPT@CON2019.pdf,475,"•  Under URF field inspection revealed excess expenditures, some road sections were poorly  maintained with overgrown bushes, water logged spots and potholes and blocked road  drainages.",cost_overrun,cost_overrun,1,,,,,True
2019,2019_AGRPT@CON2019.pdf,475,"•  Under URF field inspection revealed excess expenditures, some roads sections lacked drainages  hence prone to damage by running water, potholes, some roads were poorly maintained with  overgrown bushes, lack of road signposts and low cost sealing.",cost_overrun,cost_overrun,1,,,,,True
2020,2020_STRGPLN25@STRGPLN2020.pdf,217,"E X T E R N A L   E N V I R O N M E N T E X T E R N A L   E N V I R O N M E N T INPUTS LEGAL FRAMEWORK RESOURCES SUPPORT STRUCTURES QUALITY ASSURANCE COMMUNICATION AND STAKEHOLDER MANAGEMENT OAG VALUE CREATION  AND SYSTEMS OAG OUTPUTS VALUE AND BENEFITS GOVERNANCE AUDIT QUALITY AND REPORTING Constitution of the Republic of  Uganda,1995,as ammended Public Finance and  Management Act,2015 Local Government Act,  1997 Other Acts of Parliament National Audit Act,2008 Application of ISSAIs,  financial, Compliance &  performance Audits OAG Audit Manuals SORA Process and Annual  Overall Audit Plan Integrated Audit Approach Application of INTOSAI  Principles, Guidelines Financial Resources Infrastructure Time Human Resource Human Resources Information Technology Procurement Legal Finance & Administration Internal Audit Executive Support Monitoring & Evaluation Financial / Compliance  Audit Reports Value For Money &  Specialised Audits IT Audit Reports Production Sharing  Agreements Audits Special Audit Reports Forensic Investigations Other Reports produced  by OAG Governance structure and  systems Corporate Strategy Risk Management Mission, Vision and Values Outcomes and Impact  resulting from Audit work Page 15 strategic report Accountability and Reporting The Office plays a vital role in the National Accountability Value Chain in providing assurance on  the use of funds appropriated by Parliament and management of other resources by the Executive  in the delivery of public services  An illustration of the accountability cycle, which shows Auditor General’s relationship with  Parliament and the Executive.",governance_and_controls,governance_and_controls|procurement_irregularities,2,,,"Parliament National Audit Act,2008 Application of ISSAIs,  financial, Compliance &  perfor; Parliament and management of other resources by the Executive  in the delivery of public s",,True
2020,2020_STRGPLN25@STRGPLN2020.pdf,217,"To improve efficiency and effectiveness, the Office secured funding and completed the procurement  process for an Integrated Management Information System.",procurement_irregularities,procurement_irregularities,1,,,,,False
2020,2020_STRGPLN25@STRGPLN2020.pdf,217,"Our assessment to identify the areas of interventions was based on the following strategic  domains as per the AFROSAI-E Institutional Capacity Building Framework: Governance,  Organizational performance, Financial and operational independence, Quality of audits, Follow up  of audit recommendations, Human resources, Communication, and stakeholder engagement.",governance_and_controls,governance_and_controls,1,,,,,True
2020,2020_STRGPLN25@STRGPLN2020.pdf,217,"extractives,  infrastructure projects, revenue, PFM  reforms, ICT, etc.) 2.0  Enhance institutional capacity  to effectively and efficiently deliver the  mandate 2.1  To improve internal governance  for enhanced compliance and robust risk  management.",governance_and_controls,governance_and_controls,1,,,,,True
2020,2020_STRGPLN25@STRGPLN2020.pdf,217,"2.3.1  Enhance transparency and  efficacy of planning, budgeting, and  performance reporting 2.3.2  Efficient Financial management  and reporting 2.3.3  Improve efficiency and  effectiveness of procurement and disposal  processes to enhance compliance, value  for money, and transparency 2.3.4  Effective, efficient, and  sustainable construction and maintenance  of all OAG premises 2.3.5  Efficient acquisition and  management of inventory, fleet and  security 2.4  Improve IT as a business  enabler through greater collaboration,  resource optimization, and innovation.",procurement_irregularities,procurement_irregularities,1,,,,,True
2020,2020_STRGPLN25@STRGPLN2020.pdf,217,"The Office is currently supported by Development Partners in undertaking high-cost audits,  infrastructure projects, capacity building, and some downward accountability stakeholder  initiatives.",governance_and_controls,governance_and_controls,1,,,,,True
2020,2020_STRGPLN25@STRGPLN2020.pdf,217,"Innovations: In response to government priorities, specifically implementing E-governance, Extractive industries  initiatives, and increasing investment in infrastructure, the Office has planned for activities to  enhance its capacity through innovation by acquiring appropriate technologies and equipping staff  with the necessary skills to undertake audits in the above priority areas.",governance_and_controls,governance_and_controls,1,,,,,True
2020,2020_STRGPLN25@STRGPLN2020.pdf,217,"To date,  project governance structures have been established, change management initiatives are ongoing  and related procurement processes have been undertaken.",governance_and_controls,governance_and_controls|procurement_irregularities,2,"project governance structures have been established, change management initiatives are ongoing  a",,,,False
2020,2020_STRGPLN25@STRGPLN2020.pdf,217,"The Government continues to invest heavily in infrastructure developments, e-governance, and  extractives.",governance_and_controls,governance_and_controls,1,,,,,True
2020,2020_STRGPLN25@STRGPLN2020.pdf,217,Procurement Management  Process: To assist the OAG in archieving  streamlined supplier management  and the effective procurement  processes in order to ensure  compliance to legislation and  regulation Asset and Inventory  Management: To obtain a system of record that  can help the OAG in managing the  assets and inventory so as to  utilize the resources more  efficiently and thus improve on the  delivery of services to staff in both  divisions.,procurement_irregularities,procurement_irregularities,1,,,,,False
2020,2020_STRGPLN25@STRGPLN2020.pdf,217,"Governance, Risk and  Compliance: Ensure the effective management  of the OAG’s risk profile and  mitigation strategies across all  areas of the OAG and its business Project Perfomance  Management: Key need to provide the office with  a closed loop control system which  deploys policy and strategy for all  projects and programmers ran by  the OAG IT Infrastructure  Management: Need to replace all the equipment  in the OAG Data Center as all  existing equipment is End-Of-Life Integration of OAG into the  National Data Centre and Disaster  Recovery site Business Intelligence and  Reporting: Requirement to collect complete  and comprehensive data for  analyzing, in order to help the OAG  management team make better  strategic and operational business  decisions Electronic Document  Management: Improving process efficiency in  document management and  retrieval Key requirements for access  control to records and audit trail  capability EDMS system should have native  ERP & Project systems Page 62 strategic report Project Cost and Implementation Period The project is estimated to cost UGX 28.5 Bn and will be implemented over three years.",governance_and_controls,governance_and_controls,1,Project Perfomance  Management: Key need to provide the office with  a closed loop control system; Project systems Page 62 strategic report Project Cost and Implementation Period The project is es,,,,True
2020,2020_STRGPLN25@STRGPLN2020.pdf,217,"9.3 Development of A Shared Platform for Tracking Audit  Recommendations Brief Project Background and Justification  As part of the PFM reform strategy 2018-2023, the Government acknowledged the deficiencies  regarding ascertaining the status of implementation of oversight recommendations.",governance_and_controls,governance_and_controls,1,"Project Background and Justification  As part of the PFM reform strategy 2018-2023, the Governmen",,,,False
2020,2020_STRGPLN25@STRGPLN2020.pdf,217,"STAKEHOLDER(S) INTERESTS AND  EXPECTATIONS OPPORTUNITIES FOR OAG 14 INTOSAI AFROSAI and Other SAIs •  Compliance with ISSAIs •  Improved SAI Capacity  through training and knowledge  sharing to deliver their mandate •  Improved audit reports,  business processes, and reporting  •  Strengthening accountability  and transparency of SAIs •  Building capacity of OAG to  deliver its mandate •  Guidance on  implementation of ISSAIs  •  International exposure with  other SAIs 15 Professional bodies •  Professional development  and capacity building •  Improved implementation  of audit standards •  A strong partnership  for capacity building and  professionalization •  Improve the capacity of  audit firms (Local content) 16 International Organisations such as  the UN, world bank, AU, etc.",governance_and_controls,governance_and_controls,1,,,,"world bank, AU, etc",True
2020,2020_STRGPLN25@STRGPLN2020.pdf,217,"•  Improved Uganda  governance, accountability, and  transparency systems •  Proper accountability for  their funding support •  Improved service delivery  •  Improved International OAG  image  •  Lobby to undertake audits  in these International Organisations  and earn foreign exchange •  Opportunities for increased  funding 17 URA •  Tax-related matters in OAG  audit reports •  OAG compliance with tax  laws •  Follow up on tax audit- related recommendations •  Capacity building of OAG  staff in tax management and audit 18 Public (Citizens) •  Information on service  delivery  •  Easy access to simple  comprehensive and user-friendly  audit information •  Transparency,  accountability, and good governance •  Complaints and feedback  mechanism •  Corporate social  responsibilities  •  Creation of strong  whistleblower relationship  •  Creation of demand for  accountability hence follow up of  audit reports and recommendations Page 67 strategic report NO.",governance_and_controls,governance_and_controls,1,,,,,True
2020,2020_STRGPLN25@STRGPLN2020.pdf,217,"STAKEHOLDER(S) INTERESTS AND  EXPECTATIONS OPPORTUNITIES FOR OAG 19 Suppliers (Audit firms and other  service providers) •  Transparency procurement  processes •  Fair business opportunities •  Profile improvement of  service providers •  Capacity building through  attachments and conducting joint  audits with international firms •  Support private sector by  building capacity for audit firms  to deliver high-quality audits and  services •  Better services rendered  20 PPDA •  OAG Compliance to  procurement laws, regulations, and  guidelines •  Collaboration and  Knowledge sharing on procurement  audits  •  Enhance collaboration  and improve capacity to audit  procurements and place reliance on  audits performed by PPDA hence  harnessing synergies and improve  efficiency •  Improved procurement  processes 21 Internal Audit •  Timely audit reports (Clear  and user friendly ) •  Establish a collaboration  mechanism and improve capacity  to undertake audits and place  reliance on audits performed by  Internal Audit hence harnessing  synergies and improve efficiency 22 Attorney General/Solicitor General •  Compliance with legal  requirements •  Consultations on  governance-related legal matters Page 68 strategic report 2.",governance_and_controls,governance_and_controls|procurement_irregularities,2,,,,,True
2020,2020_STRGPLN25@STRGPLN2020.pdf,217,Manager  Quality  Assurance Auditor General Assistant  Auditor General  (Audit) Assistant Auditor  General  (Corporate) Director  of Audit  CG 1 Dir - Director Ass - Assistant Page 69 strategic report Structure of Audit Division Auditor General Assistant Auditor  General (Audit) Director of  Audit CG1 Director of  Audit LG Director of  Audit CG2 Director of  Forensic  InvesƟgaƟons  and IT Audits Director of VFM  & Specialized  Audits Assistant  Director of  Audit Assistant  Director of  Audit Assistant  Director of  Audit Assistant  Director of  Forensic and IT  Audit Assistant  Director of VFM  & Specialized  Audit Auditor Auditor Auditor Specialist /  Auditor Specialist /  Auditor Senior  Auditor Senior  Auditor Senior  Auditor Senior  Specialist /  Auditor Senior  Specialist /  Auditor Principal  Auditor Principal  Auditor Principal  Auditor Principal  Specialist /  Auditor Principal  Specialist /  Auditor Senior  Principal  Auditor Senior  Principal  Auditor Senior  Principal  Auditor Senior Principal  Specialist /  Auditor Senior Principal  Specialist /  Auditor Page 70 strategic report Structure of Techinical Support Division Figure 9 QAAD- Quality Assurance and Audit Development M&E- Monitoring and Evaluation Auditor General Assistant Auditor  General  (Corporate) Director Technical  Support Assistant Director  Legal Assistant Director  QAAD Assistant Director  Stakeholder  Engagement Manager  Communications Senior  Communications  Officer Communications  Officer M&E Officer Planning Officer Officer  Stakeholder  Engagement Officer  International  Relations Officer  Parliamentary  Liaison Officer Quality  Assurance Officer Audit  Development Receptionist Senior M&E  Officer Senior Planner Senior Officer  Stakeholder  Engagement Senior Officer  International  Relations Senior Officer  Parliamentary  Liaison Senior Officer  Quality Assurance Senior Officer  Audit  Development Senior Legal  Officer Manager Planning  and M&E Manager  Stakeholder  Engagement Manager Quality  Assurance Assistant Manager  Parliamentary  Liaison Assistant Manager  Quality Assurance Assistant Manager  Audit Development Assistant Manager  Legal Manager  Parliamentary  Liaison Page 71 strategic report Structure of Corporate Support Division Figure 10 Auditor General Assistant Auditor  General (Corporate) Director Corporate  Support Assistant Director  Finance &  Administration Principal  Accountant Manager  Finance Assistant  Manager  Procurement Assistant  Manager systems  Administration Assistant  Manager  Administration Assistant  Manager  Estates Assistant  Manager  HR-General Assistant  Manager HR  Training & Dev’t Assistant  Manager Legal Assistant Manager  Systems  Administration Assistant  Director  HRMD Manager  HRMD Manager IT Integrity  Manager Manager Risk  & Internal  Audit Assistant  Director IT Assistant  Director  Legal 3.,procurement_irregularities,procurement_irregularities,1,,,,,False
2020,2020_STRGPLN25@STRGPLN2020.pdf,217,"Develop and  implement an asset  management policy and  strategy Head Finance  and Admin AAG-C and  Director of  Corporate  Support 0 45 45 0 0 90 GOU 2.3.3 Improve efficiency  and effectiveness  of procurement and  disposal processes to  enhance compliance,  value for money, and  transparency 2.3.3.1.",procurement_irregularities,procurement_irregularities,1,,,,,False
2020,2020_STRGPLN25@STRGPLN2020.pdf,217,"Analyze procurement  and outsourcing processes to  identify non-compliance areas,  gaps, and delays in processes  to improve efficiency Head  Procurement  and Disposal  Unit, secretary  outsourcing AAG-C,  Outsourcing  Committee  and Director  Corporate  Support 132 153.5 132 153.5 132 703 GOU 2.3.3.2.",contract_management,contract_management|procurement_irregularities,2,,,,,False
2020,2020_STRGPLN25@STRGPLN2020.pdf,217,"Head  Procurement  and Disposal  Unit AAG-C and  Director  Corporate  Support 0 45 0 0 45 90 GOU Page 90 strategic report Intervention Activities Responsible  centre To be  consulted Implementation period FY(2020/21, 2021/22, 2022/23,  2023/24, 2024/25) Indicative  Budget UGX  (“000,000”) Source of  Funding 1 2 3 4 5 2.3.3.3.",procurement_irregularities,procurement_irregularities,1,,,,,False
2020,2020_STRGPLN25@STRGPLN2020.pdf,217,Design a mechanism  to monitor the progress of  awarded contracts against set  deliverables and timelines  Head  Procurement  and Disposal  Unit AAG-C and  Director  Corporate  Support 0 0 0 0 0 0 GOU 2.3.3.4.,procurement_irregularities,procurement_irregularities,1,,,,,False
2020,2020_STRGPLN25@STRGPLN2020.pdf,217,"Create awareness  to promote compliance  with procurement laws and  regulations Head  Procurement  and Disposal  Unit AAG-C and  Director  Corporate  Support 21.7 21.7 21.7 21.7 21.7 108.5 GOU 2.3.4 Effective, efficient  and sustainable  construction and  maintenance of OAG  premises.",procurement_irregularities,procurement_irregularities,1,,,,,True
2020,2020_STRGPLN25@STRGPLN2020.pdf,217,Maximize the value  of technology through  government-wide procurement  and licenses Head IT AAG-C and  Director of  Corporate  Support 0 0 0 0 0 0 GOU 2.4.4.,procurement_irregularities,procurement_irregularities,1,,,,,False
2020,2020_STRGPLN25@STRGPLN2020.pdf,217,Number of  lots of PPE  procured and  distributed 2 0.1Bn 2 0.1Bn 1 0.05Bn 1 0.05Bn 1 0.05Bn Procurement  and distribu­ tion of soft­ ware licenses  for mobile  and remote  operating  IT solutions  to enable  business  continuity.,procurement_irregularities,procurement_irregularities,1,,,,,False
2020,2020_STRGPLN25@STRGPLN2020.pdf,217,"extractives,  infrastructure  projects, revenue,  PFM reforms, VFM  PPP, ICT etc.) Audits in  emerging  areas  undertaken  Average  % Level of  implementation  of emerging  area Audit  strategies NA 80 % 40  % 50  %  60  % 70  % 80  % QA reports 2024-25 2024-25 2024-25 2024-25 2024-25 Page 109 strategic report Objectives Result Indicators Baseline Overall  target Annualized Targets Means of  Verification Strategic objective 2: Enhance institutional capacity to effectively and efficiently  deliver our mandate Outcomes: Improved efficiency and effectiveness of institution operations Indicator 1: Percentage of audit coverage Baseline: 14.21% Target: 40% Indicator 3: Government Annual Performance Rating Baseline(FY 2018/2019): 50% Target:90% Indicator 4: Annual NPA compliance rating Baseline:51.4% Target:85% Indicator 5: External Auditors opinion Baseline(FY 2018/19): Unqualified opinion Target: Unqualified opinion Specific  Objective 2.1:  To improve  internal  governance  for enhanced  compliance  and robust risk  management Improved  internal  governance  structures  % level of staff  satisfaction  NA 80 % 70  % 80  % Internal  perception  survey Intervention  2.1.1:  Strengthen OAG  legal framework  and compliance  for effective  corporate  governance Enhanced  OAG legal  framework Number of  legal litigation  cases against  AG and OAG 5 3 5 4 4 3 3 Performance  reports 2024-25 2024-25 2024-25 2024-25 2024-25 Page 110 strategic report Objectives Result Indicators Baseline Overall  target Annualized Targets Means of  Verification Intervention  2.1.2:  Strengthen  internal controls  and mitigation  of risks for  improved  governance and  compliance Strong control  environment  % level of  internal audit  recommenda­ tions imple­ mented  100 % 100 % 100  % 100  % 100  % 100  % 100  % Internal audit  reports Intervention  2.1.3: Improve  performance  management  through robust  Monitoring  and Evaluation  processes Enhanced  performance % of planned  strategic  activities  implemented NA 98 % 80  % 85  % 90  % 95  % 98  % Performance  reports Number  of Impact  Evaluation  reports 1 7 1 1 1 2 2 Impact  assessment  reports Specific  objective  2.2: Attract,  develop and  manage human  resources  to improve  performance Improved  human  resource  capacity to  deliver  % of staff  satisfaction  NA 70 % 60  % 70  % Perception  survey Intervention  2.2.1:  Implement  performance  management  system and  instil a culture of  excellence.",claims_and_disputes,claims_and_disputes|governance_and_controls,2,,,,,True
2020,2020_STRGPLN25@STRGPLN2020.pdf,217,"Improved  office  performance  % increase  of staff with  satisfactory  performance  NA 90% 70% 75% 80% 90% Staff  performance  report  2024-25 2024-25 2024-25 2024-25 2024-25 Page 111 strategic report Objectives Result Indicators Baseline Overall  target Annualized Targets Means of  Verification Intervention  2.2.3: Attract,  retain and  manage talent  to strengthen  office capacity  in a dynamic  environment Effective  Human  resource  management  % level of staff  satisfaction  NA 70 % 60  % 70  % Staff  satisfaction  survey report  Intervention  2.2.4:  Implement  appropriate  Human  Resources  policies and  structures to  effectively  manage staff Effective  policies and  structures  developed and  implemented  % level of staff  satisfaction  with  implementation  of policies  NA 100 % 100  % 100  % 100  % 100  % 100  % Staff  satisfaction  survey report Intervention  2.2.5: Establish  a system that  enables the  highest ethical  and professional  standards in all  our work Enhanced  integrity of  staff  Improved  internal  integrity rating  NA 100 % 60  % 70  % 80  % 90  % 95  % Internal  Integrity  survey reports Specific  Objective  2.3: Enhance  financial  management  and operational  efficiency Improved  financial  management  and  operational  efficiency Budget  performance  rating  81.34 % 95 % 85  % 90  % 95  % 95  % 95  % Ministerial  policy  statement,  Annual  Financial  statements Intervention  2.3.1: Enhance  transparency  and efficacy  of planning,  budgeting and  performance  reporting Timely and  accurate  prioritized  plans and  budget  performance  reports  Level of  compliance  with the budget  timelines and  performance  reporting  framework 100 % 100 % 100  % 100  % 100  % 100  % 100  % Budget  framework  paper,  Ministerial  Policy  statement,  Performance  reports 2024-25 2024-25 2024-25 2024-25 2024-25 Page 112 strategic report Objectives Result Indicators Baseline Overall  target Annualized Targets Means of  Verification Intervention  2.3.2: Efficient  Financial  management  and timely  reporting  Timely and  accurate  financial  statements  % of  unqualified  opinions  100% 100% 100% 100% 100% 100% 100% External Audit  reports  Average  % level of  implementation  of external Audit  recommendations  100% 100% 100% 100% 100% 100% 100% External Audit  report, Sub  Committee on  Finance and  Budget minute  extracts  Interven­ tion2.3.3:  Improve  efficiency and  effectiveness  of procurement  and disposal  processes to  enhance com­ pliance, value  for money and  transparency efficient and  effective  procurement  and disposal  processes Average %  of supplier  satisfaction(in­ cluding audit  firms)  NA 90% 65% 70% 75% 80% 90% Perception  survey Intervention  2.3.4: Effective,  efficient and  sustainable  construction and  maintenance  of all OAG  premises Suitable office  accommoda­ tion  Staff perception NA 85% 85% 85% Perception  survey Intervention  2.3.5: Efficient  acquisition and  management of  inventory, fleet  and security Cost effective  fleet and  inventory % reduction of  fleet average  maintenance  and inventory  cost  NA 10% 2% 4% 6% 8% 10% Periodic  financial  reports Office  properties  secured  % level of staff  satisfaction  NA 90% 80% 90% Perception  survey 2024-25 2024-25 2024-25 2024-25 2024-25 Page 113 strategic report 2024-25 2024-25 2024-25 2024-25 2024-25 Objectives Result Indicators Baseline Overall  target Annualized Targets Means of  Verification Specific  Objective 2.4:  Improve IT as a  business enabler  through greater  collaboration,  resource  optimization and  innovation.",procurement_irregularities,procurement_irregularities,1,,,,,True
2020,2020_STRGPLN25@STRGPLN2020.pdf,217,"Approved  Job  evaluation  report  implemen­ tation plan Timing of  develop­ ment and  approval NA Q2 Document  review Once  Head HRMD AAG/C  and  Director  Corporate  Support Top  man­ agement  approval  minute  extract  Delayed  approval by  top man­ agement %-age Lev­ el of imple­ mentation  of approved  plan NA 60  % 70  % 80  % 85  % 90  % Document  review  Annual  Head HRMD AAG/C  and  Director  Corporate  Support Job  Evalu­ ation  report  Imple­ menta­ tion plan Inadequate  funding  Page 163 strategic report Activities Output Indicator Base­ line FY  2019/20 Target (2020/21, 2021/22,  2022/23, 2023/24,  2024/25) Data col­ lection  method Fre­ quency Responsi­ ble centre To be  Consult­ ed Means  of veri­ fication Associated  risks 1 2 3 4 5 Intervention  2.2.5: Establish  a system that  enables the  highest ethical  and professional  standards in all  our work 2.2.5.1:  Review and  Update  OAG code  of conduct OAG code  of conduct  reviewed Timing of  review and  update Q1 Document  review  Once  Head HRMD AAG/C  and  Director  Corporate  Support Updated  OAG  code of  conduct None  Percentage  of reported  non- compliance  cases  handled O 100  % 100  % 100  % 100  % 100  % Document  review  Annual  Head HRMD AAG/C  and  Director  Corporate  Support HRAC  reports  Delays  in HRAC  resolving  the cases 2.2.5.2:  Establish  sensitiza­ tion pro­ grammes  to promote  high ethical  and pro­ fessional  standards Sensitiza­ tion pro­ grammes  imple­ mented  Number  of pro­ grammes  implement­ ed NA 0 2 4 4 4 Document  review  Annual  Head HRMD AAG/C  and  Director  Corporate  Support Activity  reports  Resistance  to change  2.2.5.3:  Conduct  periodic  integrity  surveys Periodic  integrity  survey  reports  produced Number of  integrity  surveys NA 1 1 Document  review Every  two  years  Head HRMD AAG/C  and  Director  Corporate  Support Integrity  reports  Lack of  skills to  conduct  integrity  surveys  Page 164 strategic report Activities Output Indicator Base­ line FY  2019/20 Target (2020/21, 2021/22,  2022/23, 2023/24,  2024/25) Data col­ lection  method Fre­ quency Responsi­ ble centre To be  Consult­ ed Means  of veri­ fication Associated  risks 1 2 3 4 5 Specific objective 2.3: Enhance financial management and operational efficiency Intervention  2.3.1: Enhance  transparency  and efficacy  of planning,  budgeting and  performance  reporting 2.3.1.1:  Improve  decentral­ ization of  planning  and budget  execution  according  to office  structures  and out­ comes Decen­ tralized  approved  budgets  and func­ tional com­ mitment  control  system Timing of  review and  approval  of commit­ ment con­ trol system NA 1 Document  review Once Head  Planning AAG-C  and  Director  Corporate  Support  Top  man­ agement  minute  extract Delays in  Top man­ agement  approval % level of  compliance  to decen­ tralized  budgeting  systems NA 50  % 70  % 75  % 80  % Document  review Annual Head  Planning AAG-C  and  Director  Corporate  Support  Internal  audit  reports Resistance  to change Approved  and  functional  PBS pro­ gramme  budgeting  system  based on  OAG struc­ tures Timing of  review and  approval  of OAG  programme  based  budgeting  structure  NA Q2 Document  review Once  Head  Planning AAG-C  and  Director  Corporate  Support  Ap­ proved  and  function­ al PBS  pro­ gramme  bud­ geting  system  based  on OAG  struc­ tures Delayed  Top man­ agement  approval Page 165 strategic report Activities Output Indicator Base­ line FY  2019/20 Target (2020/21, 2021/22,  2022/23, 2023/24,  2024/25) Data col­ lection  method Fre­ quency Responsi­ ble centre To be  Consult­ ed Means  of veri­ fication Associated  risks 1 2 3 4 5 Authorized  PBS users  trained Number of  PBS users  trained  1 14 14 14 Document  review  Every  one  year Head  Planning AAG-C  and  Director  Corporate  Support  Training  report Delayed  uptake 2.3.1.2:  Implement  holistic  operational  plan­ ning and  budgeting  to ensure  effective  resource  allocation  and utiliza­ tion Effec­ tive and  inclusive  operational  plans NPA annual  compliance  rating 51.4 % 60  % 65  % 70  % 85  %  85  % Document  review Annual Head  planning AAG-C  and  Director  Corporate  Support  NPA cer­ tificate  of com­ pliance  report Uncoor­ dinated  operational  planning  Stream­ lined annu­ al audit  plans  aligned to  Financial  Year out­ comes Timing of  production  and approv­ al of con­ solidated  operational  plan Q4 Q4 Q4 Q4 Q4 Q4 Document  review Annual Head  Planning  AAG-C  and  Director  Corporate  Support  Consol­ idated  opera­ tional  plan Delayed  Top man­ agement  approval Number of  planning  meetings 3 3 3 3 3 3 Document  review  Annual Head  Planning AAG-C  and  Director  Corporate  Support  Atten­ dance  list Inadequate  funding,  Audit and  corporate  divergent  planning  period Page 166 strategic report Activities Output Indicator Base­ line FY  2019/20 Target (2020/21, 2021/22,  2022/23, 2023/24,  2024/25) Data col­ lection  method Fre­ quency Responsi­ ble centre To be  Consult­ ed Means  of veri­ fication Associated  risks 1 2 3 4 5 2.3.1.3:  Improve on  coordina­ tion and  alignment  of func­ tional  strategies  to the OAG  overall  strategic  plan(over­ all multi­ year Audit  strategy,  IT, HR,  communi­ cation and  stakehold­ er, energy  sector, LG,  engineer­ ing Audit,  VFM, FIIT) Functional  strategies  aligned to  the OAG  strategic  plan Level of  alignment  to the OAG  strategic  plan NA 80  % 100  % 100  % 100  % 100  % Document  review  Annual Head  Planning  AAG-C  and  Director  Corporate  Support  Budget  perfor­ mance  report  No  adherence  to the  planning  roadmap Number of  functional  strategies  assessed 9 0 9 9 9 9 Document  review  Annual Head  Planning  AAG-C  and  Director  Corporate  Support  Self-as­ sess­ ment  report  Capacity  gaps Page 167 strategic report Activities Output Indicator Base­ line FY  2019/20 Target (2020/21, 2021/22,  2022/23, 2023/24,  2024/25) Data col­ lection  method Fre­ quency Responsi­ ble centre To be  Consult­ ed Means  of veri­ fication Associated  risks 1 2 3 4 5 2.3.1.4:  Enhance  the time­ liness and  accuracy  of budget  perfor­ mance  reporting Timely and  accurate  budget  perfor­ mance  reports Timing of  produc­ tion and  approval  by 30th of  the month  succeeding  the quarter  NA 4 4 4 4 4 Document  review Quar­ terly  Head  Planning AAG-C  and  Director  Corporate  Support Quar­ terly  budget  perfor­ mance  report Delayed  approval,  delayed  cost Centre  submission 2.3.1.5:  Develop  the OAG  strategic  plan 2025- 2030 OAG stra­ tegic plan  developed  and ap­ proved Timing of  develop­ ment and  approval  of the OAG  strategic  plan NA Q4 Document  review Once  Head  Planning  AAG-C,  AAAG-A,  Directors  of Audit  and  Director  Corporate  Support  OAG  strategic  plan  2025- 2030 Inadequate  funding and  delayed  Top man­ agement  approval Page 168 strategic report Activities Output Indicator Base­ line FY  2019/20 Target (2020/21, 2021/22,  2022/23, 2023/24,  2024/25) Data col­ lection  method Fre­ quency Responsi­ ble centre To be  Consult­ ed Means  of veri­ fication Associated  risks 1 2 3 4 5 Intervention  2.3.2: Efficient  Financial  management  and timely  reporting  2.3.2.1:  Effective  mobiliza­ tion and  manage­ ment of  Financial  resources  to enhance  perfor­ mance Financial  resources  secured  and man­ aged Timing of  produc­ tion of  financial re­ ports(quar­ terly and  Annual) 5 5 5 5 5 5 Document  review  Annual  Head  Finance and  Admin AAG-C  and  Director  Corporate  Support  Periodic  financial  state­ ments  System  failures,  delay data  submission  %-age  of Total  budget  requirement  funded  NA 70  % 75  % 80  % 85  %  90  % Document  review  Annual Head  Finance and  Admin AAG-C  and  Director  Corporate  Support  Budget  perfor­ mance  report  None 2.3.2.2:  Review and  implement  the OAG  finance,  account­ ing and  reporting  framework Reviewed  and func­ tional OAG  finance,  account­ ing and  reporting  framework Timing of  review  NA Q1 Document  review Once Head  Finance and  Admin AAG-C  and  Director  Corporate  Support  Re­ viewed  and  function­ al OAG  finance,  account­ ing and  report­ ing  frame­ work None % -age  Level of  compliance  NA 85  % 90  % 100  % 100  % Document  review Annual Head  Finance and  Admin AAG-C  and  Director  Corporate  Support  Self-as­ sess­ ment  reports None Page 169 strategic report Activities Output Indicator Base­ line FY  2019/20 Target (2020/21, 2021/22,  2022/23, 2023/24,  2024/25) Data col­ lection  method Fre­ quency Responsi­ ble centre To be  Consult­ ed Means  of veri­ fication Associated  risks 1 2 3 4 5 2.3.2.3:  Ensuring  compliance  to other  National  financial  regula­ tions and  instructions  where  applicable Compli­ ance with  National  financial  regulations  and in­ structions % -age  Level of  compliance NA 100  % 100  % 100  % 100  % 100  % Document  review Annual Head  Finance and  Admin AAG-C  and  Director  Corporate  Support  None 2.3.2.4:  Develop  and imple­ ment an  asset man­ agement  policy and  strategy Approved  asset man­ agement  policy Timing of  produc­ tion and  approval NA Q3 Document  review Once  Head  Finance and  Admin AAG/C  AAG-C  and  Director  Corporate  Support Ap­ proved  asset  man­ agement  policy Delayed  Top Man­ agement  approval  Inadequate  funding  %-age  Level of  compliance NA 85  % 90  % Document  review Annual Head  Finance and  Admin AAG-C  and  Director  Corporate  Support Self-as­ sess­ ment  reports None Approved  asset man­ agement strategy Timing of  produc­ tion and  approval NA Q1 Document  review Once Head  Finance and  Admin AAG-C  and  Director  Corporate  Support Ap­ proved  asset  manage­ ment strategy Inadequate  funding,  delayed  Top Man­ agement  approval Page 170 strategic report Activities Output Indicator Base­ line FY  2019/20 Target (2020/21, 2021/22,  2022/23, 2023/24,  2024/25) Data col­ lection  method Fre­ quency Responsi­ ble centre To be  Consult­ ed Means  of veri­ fication Associated  risks 1 2 3 4 5   %-age  Level of  compliance NA 85  % 90  % Document  review Annual Head  Finance and  Admin AAG-C  and  Director  Corporate  Support Self  -assess­ ment  reports None  Intervention  2.3.3: Improve  efficiency and  effectiveness  of procurement  and disposal  processes  to enhance  compliance,  value for  money and  transparency 2.3.3.1:  Analyze  procure­ ment and  out­ sourcing  processes  to identify  noncompli­ ance areas,  gaps and  delays in  processes  to improve  efficiency Procure­ ment  compliant  self-as­ sessment  report Number  of self-as­ sessment  reports  produced NA Q2 Q2 Document  review  Every  two  years  Head Pro­ curement  and Dis­ posal Unit,  Secretary  outsourcing  AAG-C  and  Director  Corporate  Support Self-as­ sess­ ment  report Inadequate  coordination  between  PDU and  outsourcing  %-age of  self-as­ sessment  recommen­ dations NA 70  % 80  % Document  review  Every  two  years  Head  Procure­ ment and  Disposal,  Secretary  Outsourcing  AAG-C  and  Director  Corporate  Support Self-as­ sess­ ment  report,  quarterly  reports  Inadequate  coordination  between  PDU and  outsourcing Average  turnaround  time tagged  to legal re­ quirements NA + 25  days +  20  days +15  days +13 days +10 days Document  review Annual Head Pro­ curement  and Dis­ posal Unit,  Secretary  Outsourcing AAG/C  AAG-C  and  Director  Corporate  Support Self-as­ sess­ ment  report,  quarterly  reports Lack of  capacity Page 171 strategic report Activities Output Indicator Base­ line FY  2019/20 Target (2020/21, 2021/22,  2022/23, 2023/24,  2024/25) Data col­ lection  method Fre­ quency Responsi­ ble centre To be  Consult­ ed Means  of veri­ fication Associated  risks 1 2 3 4 5 2.3.3.2:  Carryout  market  research  on regular  intervals  to create  an average  market  price da­ tabase for  common  user items Average  market  price da­ tabase for  common  user items  developed Timing of  database  establish­ ment NA Q1 Q1 Document  review Every  two  years  Head Pro­ curement  and Dispos­ al Unit AAG-C  and  Director  Corporate  Support Data­ base  devel­ oped  High Market  price  fluctuations  2.3.3.3:  Design a  mechanism  to mon­ itor the  progress  of awarded  contracts  against set  delivera­ bles and  timelines  Functional  contract  tracking  mechanism  developed Timing of  establish­ ment of the  mechanism Q3 Document  review Once  Head Pro­ curement  and Dispos­ al Unit AAG-C  and  Director  Corporate  Support Estab­ lished  Mecha­ nism None  %-age of  multi-year  contracts  renewed / terminate  on time NA 85  % 90  % 95  % 95  % Document  review Annual  Head Pro­ curement  and Dispos­ al Unit AAG-C  and  Director  Corporate  Support Func­ tional  contract  tracking  mecha­ nism  None  Page 172 strategic report Activities Output Indicator Base­ line FY  2019/20 Target (2020/21, 2021/22,  2022/23, 2023/24,  2024/25) Data col­ lection  method Fre­ quency Responsi­ ble centre To be  Consult­ ed Means  of veri­ fication Associated  risks 1 2 3 4 5 2.3.3.4:  Create  awareness  to promote  compliance  with pro­ curement  laws and  regulations Stake­ holders  sensitized  on pro­ curement  laws and  regulations  Number  of sensiti­ zation en­ gagements  held NA 2 2 2 2 2 Document  review Annual  Head Pro­ curement  and Dispos­ al Unit AAG/C  AAG-C  and  Director  Corporate  Support Activity  report  Inadequate  funding  Intervention  2.3.4: Effective,  efficient and  sustainable  construction  and  maintenance of  OAG premises 2.3.4.1:  Acquisition  of addi­ tional land  for the  proposed  Center of  Audit Ex­ cellence Land for  the skills  enhance­ ment  facility,  laborato­ ries and  Kampala  branch  acquired  (3 acres) Number  of acres  acquired  2 3 Document  review Annual  Head  Estates  AAG/C  AAG-C  and  Director  Corporate  Support Land  title Inadequate  funding Page 173 strategic report Activities Output Indicator Base­ line FY  2019/20 Target (2020/21, 2021/22,  2022/23, 2023/24,  2024/25) Data col­ lection  method Fre­ quency Responsi­ ble centre To be  Consult­ ed Means  of veri­ fication Associated  risks 1 2 3 4 5 2.3.4.2:  Construct  and equip­ ping the  proposed  Center of  Audit Ex­ cellence OAG skills  enhance­ ment  facility,  Laborato­ ries and  accom­ modate  Kampala  branch  construct­ ed and  equipped  Timing of  construct­ ing and  equipping  NA 1 Document  review Annual  Head  Estates  AAG-C  and  Director  Corporate  Support Signed  con­ tracts,  com­ pleted  designs  and  complet­ ed con­ struction Inadequate  funding  2.3.4.3:  Remod­ eling and  re-con­ struction of  Soroti and  Masaka  branches Soroti  remodeled  and con­ structed  Timing of  remodeling  and con­ struction NA Q4 Document  review Once  Head  Estates AAG/C  AAG-C  and  Director  Corporate  Support Signed  con­ tracts,  com­ pleted  designs  and  complet­ ed con­ struction  Inadequate  funding Page 174 strategic report Activities Output Indicator Base­ line FY  2019/20 Target (2020/21, 2021/22,  2022/23, 2023/24,  2024/25) Data col­ lection  method Fre­ quency Responsi­ ble centre To be  Consult­ ed Means  of veri­ fication Associated  risks 1 2 3 4 5 Masaka,  remodeled  and con­ structed Timing of  remodeling  and con­ struction NA Q4 Document  review Once  Head  Estates AAG/C  AAG-C  and  Director  Corporate  Support Signed  con­ tracts,  com­ pleted  designs  and  complet­ ed con­ struction Inadequate  funding 2.3.4.4:  Conduct  water us­ age studies  Sustain­ able man­ agement  of utilities  (water) Timing of  study NA Q4 Document  review Annual Head of  Estates  AAG-C  and  Director  Corporate  Support Study  report None  %-age level  of imple­ mentation  of recom­ mendations NA 70  % 85  % 100  % Document  review Annual  Head of  Estates AAG-C  and  Director  Corporate  Support  Study  report,  unit  quarterly  reports Inadequate  funding  Average  cost of wa­ ter bills per  staff Pa UGx  354,796.11 95  % 90  % 85  % 80  % 80  % Analytics  Quar­ terly Head of  Estates AAG-C  and  Director  Corporate  Support Perfor­ mance  reports,  financial  state­ ments Inadequate  funding  Page 175 strategic report Activities Output Indicator Base­ line FY  2019/20 Target (2020/21, 2021/22,  2022/23, 2023/24,  2024/25) Data col­ lection  method Fre­ quency Responsi­ ble centre To be  Consult­ ed Means  of veri­ fication Associated  risks 1 2 3 4 5 2.3.4.5:  Carry out  energy  studies Sustain­ able man­ agement  of utilities  (electricity,  air condi­ tioning and  generator  fuel) Timing of  study NA Q4 Document  review Annu­ ally Head of  Estates AAG/C AAG-C  and  Director  Corporate  Support Study  report None %-age level  of imple­ mentation  of recom­ mendations NA 75  % 85  % 100  % Document  review Annu­ ally Head of  Estates AAG/C AAG-C  and  Director  Corporate  Support Study  report,  unit  quarterly  reports Inadequate  funding Average  cost of  energy bills  per staff UGx 1,  044,  906.15 95  % 90  % 85  % 80  % 80  % Analytics Quar­ terly  Head of  Estates AAG/C AAG-C  and  Director  Corporate  Support Perfor­ mance  reports,  financial  state­ ments Inadequate  funding 2.3.4.6  Installation  of a third  elevator  in Audit  House Third  elevator  installed Timing of  installation NA 1 Observa­ tion  Once  Head  Estates  AAG-C  and  Director  Corporate  Support  Elevator  Inadequate  funding  Page 176 strategic report Activities Output Indicator Base­ line FY  2019/20 Target (2020/21, 2021/22,  2022/23, 2023/24,  2024/25) Data col­ lection  method Fre­ quency Responsi­ ble centre To be  Consult­ ed Means  of veri­ fication Associated  risks 1 2 3 4 5 Intervention  2.3.5: Efficient  acquisition and  management of  inventory, fleet  and security 2.3.5.1:  Effective  inventory  manage­ ment and  safe guard  office prop­ erties Updated  inventory  register Timing of  updating  the register NA Q4 Q4 Q4 Q4 Q4 Document  review Annual Head  Accounts AAG-C  and  Director  Corporate  Support  Updated  inven­ tory  register Inadequate  manpower Inventory  acquired  and dis­ posed of Timing of  acquisition  of inventory NA 4 4 4 4 4 Document  review Quar­ terly  Head Admin AAG-C  and  Director  Corporate  Support  Monthly  PDU  reports Emerging  general  government  guidelines,  inadequate  funding  Timing of  disposal of  inventory NA 1 1 1 1 1 Document Annual Head Admin AAG/C AAG-C  and  Director  Corporate  Support Disposal  reports Emerging  general  government  guidelines 2.3.5.2:  Review  fleet man­ agement  policy and  enhance  fleet man­ agement  to create  efficiency Fleet man­ agement  policy  reviewed Timing of  approv­ al of the  reviewed  policy NA 1 1 Document  review Every 2  years Head Admin AAG/C AAG-C  and  Director  Corporate  Support Re­ viewed  Fleet  man­ agement  policy Limitation  arising with  complying  with GOU  guidelines Fleet pro­ cured Number  of vehicles  procured NA 15 15 15 15 15 Document  review Annual Head Admin AAG-C  and  Director  Corporate  Support  Procure­ ment  reports Inadequate  funding  Page 177 strategic report Activities Output Indicator Base­ line FY  2019/20 Target (2020/21, 2021/22,  2022/23, 2023/24,  2024/25) Data col­ lection  method Fre­ quency Responsi­ ble centre To be  Consult­ ed Means  of veri­ fication Associated  risks 1 2 3 4 5 2.3.5.3:  Improve  physical  security  manage­ ment for  the office Office  premises  secured Number  of security  incidents  reported NA 4 2 1 0 0 Document  review Annual  Head Admin AAG-C  and  Director  Corporate  Support Security  reports Security  equipment  acquired  and  installed  (cctv,  metal  detectors  and walk- through) Lots of  security  equipment  procured NA 3 3 3 2 Document  review Annual  Head Admin AAG-C  and  Director  Corporate  Support Procure­ ment  reports Inadequate  funding  Security  awareness  activities  conducted Number of  sensitization  sessions  on security  awareness NA 4 4 4 4 4 Document  review Annual  Head Admin AAG/C AAG-C  and  Director  Corporate  Support Activity  reports Inadequate  funding  2.3.5.4:  Devel­ op and  implement  awareness  campaigns  to promote  fire safety Fire safety  awareness  campaigns  across  the office  developed  and imple­ mented Number of  awareness  campaigns  implement­ ed NA 1 1 1 1 1 Document  review Annual Head Admin AAG-C  and  Director  Corporate  Support  Activity  reports Inadequate  funding  Page 178 strategic report Activities Output Indicator Base­ line FY  2019/20 Target (2020/21, 2021/22,  2022/23, 2023/24,  2024/25) Data col­ lection  method Fre­ quency Responsi­ ble centre To be  Consult­ ed Means  of veri­ fication Associated  risks 1 2 3 4 5 Specific objective 2.4: Improve IT as a business enabler through greater collaboration, resource optimization and  innovation.",procurement_irregularities,procurement_irregularities,1,programme  based  budgeting  structure  NA Q2 Document  review Once  Head  Planning AAG-C  and  Dir,,,,True
2020,2020_STRGPLN25@STRGPLN2020.pdf,217,"Staff  trained  Number of  staff trained NA 10 10 10 5 5 Document  review Annual Head IT AAG-C  and  Director  Corporate  Support Training  reports  and cer­ tificates Inadequate  funding  2.4.4.2:  Develop an  IT service  help desk  to provide  effective  support IT service  help desk  created  %-age IT  complaint  logs re­ solved  NA 70  % 75  % 80  % 90  % 95  % Document  review Annual Head IT AAG-C  and  Director  Corporate  Support IT help  desk Inadequate  funding  2.4.4.3: Fi­ nalize and  implement  IT strategy  in line with  OAG stra­ tegic plan  2020-2025 IT strategy  aligned  to OAG  strategy  developed Timing of  approval  of the IT  strategy NA Q4 Document  review Annual Head IT AAG-C  and  Director  Corporate  Support IT  strategy  aligned  to OAG  strategy Delayed  Top Man­ agement  approval %-age level  of imple­ mentation  of the  strategy NA 40  % 55  % 70  % 85  % 100  % Document  review Annual Head IT AAG-C  and  Director  Corporate  Support Self-as­ sess­ ment  reports None Page 186 strategic report Activities Output Indicator Base­ line FY  2019/20 Target (2020/21, 2021/22,  2022/23, 2023/24,  2024/25) Data col­ lection  method Fre­ quency Responsi­ ble centre To be  Consult­ ed Means  of veri­ fication Associated  risks 1 2 3 4 5 2.4.4.4:  Conduct  annual  IT needs  assess­ ment for  effective  planning  and bud­ geting Needs as­ sessment  report Timing of  produc­ tion of the  report NA Q2 Q2 Q2 Q2 Q2 Document  review Annual Head IT AAG-C  and  Director  Corporate  Support Needs  assess­ ment  report Delayed  Top Man­ agement  approval %-age of  recommen­ dations im­ plemented NA 70  % 70  % 70  % 70  % 70  % Document  review  Annual Head IT AAG-C  and  Director  Corporate  Support Needs  assess­ ment  report None Page 187 strategic report Activities Output Indicator Base­ line FY  2019/20 Target (2020/21, 2021/22,  2022/23, 2023/24,  2024/25) Data col­ lection  method Fre­ quency Responsi­ ble centre To be  Consult­ ed Means  of veri­ fication Associated  risks 1 2 3 4 5 Specific objective 2.5: Effective communication and stakeholder engagement to enhance utilization of audit reports,  increase demand for accountability and OAG profile.",governance_and_controls,governance_and_controls,1,,,,,False
2020,2020_STRGPLN25@STRGPLN2020.pdf,217,"Develop  a citizens  application  to im­ prove OAG  feedback  mecha­ nism from  citizens  and other  stake­ holders to  increase  value of  audit prod­ ucts Citizen  application  developed  % of feed­ back acted  upon NA 40  % 60  % 80  % Observa­ tion Once  Head  stakeholder  engagement AAG/C  and  Director  Technical  Support Citizen  applica­ tion  Inadequate  capacity  Page 194 strategic report Activities Output Indicator Base­ line FY  2019/20 Target (2020/21, 2021/22,  2022/23, 2023/24,  2024/25) Data col­ lection  method Fre­ quency Responsi­ ble centre To be  Consult­ ed Means  of veri­ fication Associated  risks 1 2 3 4 5 2.5.1.9:  Improve  records,  storage,  archi­ val and  retrieval  mecha­ nisms Function­ al EDMS  module of  the IMIS  imple­ mented Timing of  develop­ ment and  roll out  NA 1 Document  review Once Senior  knowledge  manage­ ment officer AAG/C  and  Director  Technical  Support Func­ tional  EDMS  module  of the  IMIS Delayed  implemen­ tation %-age of  authorized  staff using  the module NA 40  % 80  % 100  % Document  review Annual Senior  knowledge  manage­ ment officer AAG/C  and  Director  Technical  Support System  reports Capacity  gaps Equipment  acquired  (Heavy  duty  Scanners,  Mobile  shelves,  Protective  gear) Number of  Heavy duty  Scanners  acquired NA 2 Document  review Once Senior  knowledge  manage­ ment officer AAG/C  and  Director  Technical  Support Procure­ ment  reports Inadequate  funding  Number of  branches  equipped  with mobile  shelves NA 11 Document  review  Once  Senior  knowledge  manage­ ment officer  AAG/C  and  Director  Technical  Support Procure­ ment  reports Inadequate  funding  Page 195 strategic report Activities Output Indicator Base­ line FY  2019/20 Target (2020/21, 2021/22,  2022/23, 2023/24,  2024/25) Data col­ lection  method Fre­ quency Responsi­ ble centre To be  Consult­ ed Means  of veri­ fication Associated  risks 1 2 3 4 5 Number of  protective  gear sets  acquired NA 30 30 30 30 Document  review  Annual Senior  knowledge  manage­ ment officer AAG/C  and  Director  Technical  Support Procure­ ment  reports Inadequate  funding  Staff Ca­ pacity built  in records  manage­ ment Number of  staff trained NA 2 10 10 10 10 Document  review Annual Senior  knowledge  manage­ ment officer AAG/C  and  Director  Technical  Support Training  reports Inadequate  funding  Printery  estab­ lished and  equipped  Printery  established NA 1 Observa­ tion Once Senior  knowledge  manage­ ment officer AAG/C  and  Director  Technical  Support Printery  estab­ lished Inadequate  funding  Page 196 strategic report Activities Output Indicator Base­ line FY  2019/20 Target (2020/21, 2021/22,  2022/23, 2023/24,  2024/25) Data col­ lection  method Fre­ quency Responsi­ ble centre To be  Consult­ ed Means  of veri­ fication Associated  risks 1 2 3 4 5 Intervention  2.5.2:  Strengthen  collaboration  with  national and  international  stakeholders to  enhance impact  of our work 2.5.2.1:  Improve  collab­ oration,  coordina­ tion and  manage  engage­ ment of  stakehold Collab­ oration  activities  imple­ mented %-age level  of collab­ oration  activities  implement­ ed NA 90  % 90  % 90  % 90  % 90  % Document  review  Annual Head  Stakeholder  Engagement  AAG/C  and  Director  Technical  Support Activity  report Inadequate  resources,  uncoordi­ nated office  activities  2.5.2.2:  Strength­ en our  relations  with de­ velopment  partners,  interna­ tional  bodies and  other SAIs  to improve  global  presence Strength­ ened part­ nerships Working  group and  task force  member­ ship status 2 2 2 2 2 2 Document  review Annual Head  Stakeholder  Engagement AAG/C  and  Director  Technical  Support Activity  reports Inadequate  funding Knowledge  shared  with other  SAIs Number of  knowledge  sharing  engage­ ments(train­ ing and  benchmark­ ing visits and  direct OAG  support) NA 25 25 25 25 25 Document  review  Annual Head  Stakeholder  Engagement  AAG/C  and  Director  Technical  Support Activity  report  Inadequate  funding  Page 197 strategic report Activities Output Indicator Base­ line FY  2019/20 Target (2020/21, 2021/22,  2022/23, 2023/24,  2024/25) Data col­ lection  method Fre­ quency Responsi­ ble centre To be  Consult­ ed Means  of veri­ fication Associated  risks 1 2 3 4 5 2.5.2.3:  Conduct  stakeholder  satisfaction  surveys to  seek feed­ back and  demon­ strate  office  relevance Office  relevance  demon­ strated Number  of survey  reports  produced NA 1 1 Document  review  After  every 2  years  M&E AAG/C  and  Director  Technical  Support Survey  reports Capacity  gaps and  inadequate  funding  %-age level  of recom­ mendations  implement­ ed NA 60  % 70  % 80  % Document  review  Annual Head  Stakeholder  Engagement  AAG/C  and  Director  Technical  Support Perfor­ mance  report Stakeholder  expectation  gap Intervention  2.5.3: Support  Parliamentary  oversight  scrutiny and  feedback 2.5.3.1:  Develop  and imple­ ment clear  guidelines  and terms  of refer­ ence for  Parliamen­ tary Liaison  depart­ ment Guidelines  for PL  developed  and imple­ mented Timing of  develop­ ment  NA 1 Document  review  Once  Head Par­ liamentary  liaison AAG/C  and  Director  Technical  Support Guide­ lines for  PL None  %-age level  of compli­ ance to the  guidelines NA 65  % 70  % 75  % Document  review Annual  Head Par­ liamentary  liaison AAG/C  and  Director  Technical  Support Self-as­ sess­ ment  report  None  Page 198 strategic report Activities Output Indicator Base­ line FY  2019/20 Target (2020/21, 2021/22,  2022/23, 2023/24,  2024/25) Data col­ lection  method Fre­ quency Responsi­ ble centre To be  Consult­ ed Means  of veri­ fication Associated  risks 1 2 3 4 5 2.5.3.2:  Manage  engage­ ment  activities  between  Parliament  and OAG Engage­ ments  between  Parliament  and OAG  managed Number of  engage­ ments held 4 0 8 6 8 6 Document  review Annual Head Par­ liamentary  liaison AAG/C  and  Director  Technical  Support Sensi­ tization  reports  Inadequate  funding  %-age of  feedback  recommen­ dations im­ plemented NA 0 70  % 75  % 80  % 80  % Document  review Annual Head Par­ liamentary  liaison AAG/C  and  Director  Technical  Support Feed­ back  reports,  fol­ low-up  assess­ ment  report  challenges  in follow up  Number  of PAC  sessions  supported 350 250 400 450 400 450 Document  review Annual Head Par­ liamentary  liaison AAG/C  and  Director  Technical  Support PAC  session  hearing  notes/ report  Lack of  control  of PAC  meetings  2.5.3.3:  Provide  technical  support to  parliament Technical  support to  parliament  provided Number  of briefs  prepared 350 200 350 400 350 400 Document  review Annual Head Par­ liamentary  liaison AAG/C  and  Director  Technical  Support Techni­ cal briefs  prepared  None Number of  PAC reports  produced  with sup­ port from  OAG 5 5 5 5 5 5 Document  review Annual Head Par­ liamentary  liaison AAG/C  and  Director  Technical  Support PAC  reports None Page 199 strategic report Activities Output Indicator Base­ line FY  2019/20 Target (2020/21, 2021/22,  2022/23, 2023/24,  2024/25) Data col­ lection  method Fre­ quency Responsi­ ble centre To be  Consult­ ed Means  of veri­ fication Associated  risks 1 2 3 4 5 2.5.3.4:  Enhance  capacity for  Parliamen­ tary Liaison  Depart­ ment Staff  trained Number of  trainings 0 3 3 3 3 3 Document  review Annual Head Par­ liamentary  liaison AAG/C  and  Director  Technical  Support Training  reports,  training  certifi­ cates Inadequate  funding Page 200 strategic report 7.",governance_and_controls,governance_and_controls,1,,,Parliament  and OAG Engage­ ments  between  Parliament  and OAG  managed Number of  engage; parliament Technical  support to  parliament  provided Number  of briefs  prepared 350 200,,False
2021,2021_COVID19THEM21@CON2021.pdf,164,"e)  A total of UGX.31.033Bn was disbursed to the Ministry of Science, Technology and  Innovation to support 23 selected projects of scientists and innovators engaged in COVID- I9 scientific research, including the procurement of specialized machinery and equipment,  vii    development of vaccines, drug diagnostics, and other operational costs.",procurement_irregularities,procurement_irregularities,1,,,"Ministry of Science, Technology and  Innovation to support 23 selected projects of scien",,False
2021,2021_COVID19THEM21@CON2021.pdf,164,"Accordingly, the  Accounting Officer enters into an annual performance contract which binds him/her to  deliver on the agreed-upon activities/outputs contained in the approved work plan for  the vote for the financial year    Also According to paragraph 24 of the Budget execution Circular for Financial Year  2020/2021 issued on 9th July 2020, referenced BPD 86/107/02; resources were provided  in the Budget for FY 2020/2021 to clear outstanding domestic arrears in a phased  manner and all Accounting Officers were advised to pay off all arrears as verified and  budgeted for since most of these are funds owed to members of the private sector.",delayed_payments,delayed_payments,1,,,,,False
2021,2021_COVID19THEM21@CON2021.pdf,164,"The  detailed submission of the request was as per the table below;    Table 15: Showing UDC supplementary budget Submission and approval  NO  Investment Project  Requested Amount  (UGX-Bn)  Approved Amount  UGX-Bn  1  Mabale Tea factory  3.18  23  2  Mpanga Tea factory  3.5  0  3  Mutuma Commercial Agency limited  2.0  4.5  4  Budadiri Arabica Coffee limited  3.92  10  5  Integrated Lime, Cement and Marble plants  3.96  0  6  Bukona Agro-processors limited  23.79  12.8  7  Alfasan and Brentec Investment limited  10.57  10  8  Yumbe Mango factory  11.36  11.9  9  Acholi Bur Pader Catholic Arch Diocese  14.50  18  10  Gamma Irradiation  11.40  0  11  Kaaro Agro producers limited  6.0  0  12  Fresh Horizon  5.82  0  13  Grain and Cereal processing by Molino  0  37.8    TOTAL  100  128    The Budget Committee of Parliament approved the above supplementary request,  however, the beneficiary companies were changed by parliament leaving out five firms,  adding one and altering the amounts as shown in the table above.",cost_overrun,cost_overrun,1,Project  Requested Amount  (UGX-Bn)  Approved Amount  UGX-Bn  1  Mabale Tea factory  3,limited  2; limited  3,"Agency limited  2; Parliament approved the above supplementary request,  however, the beneficiary companies w",,False
2021,2021_COVID19THEM21@CON2021.pdf,164,"By 30/6/2021, UGX.11.765Bn had been disbursed to the enterprise as indicated in the  table below;    Table 20: Showing disbursements to M/s Bukona Agro-processors limited  Date  Voucher  Number  Purpose  Amount (UGX)  03/03/2021  293643  Settlement of Bank loans acquired in Baroda  5,880,312,856  30/03/2021  293644  Settlement of Bank loans acquired in Baroda  2,135,402,583  21/05/2021  293753  Working  capital  and  procurement  of  machinery for the company  3,750,000,000      TOTAL  11,765,715,439    I noted, however, that though, clause 1.9 (f) of the UDC Investment Policy dated  October 2020 states the criteria for investing in any project to be after considerations of  commercial, technical, financial and economic viability and social impact; Funds were  released to the enterprise before the assessment was done.",procurement_irregularities,procurement_irregularities,1,"project to be after considerations of  commercial, technical, financial and economic viability an","M/s Bukona Agro-processors limited  Date  Voucher  Number  Purpose  Amount (UGX)  0; company  3,750,000,000      TOTAL  11,765,715,439    I noted, however, that though, cla",,,False
2021,2021_COVID19THEM21@CON2021.pdf,164,"The principal business activity of the company is the procurement of  cotton from farmers, processing of cotton, processing cooking oil using sunflower, and  40    cotton ginning.",procurement_irregularities,procurement_irregularities,1,,"company is the procurement of  cotton from farmers, processing of cotton, processing co",,,False
2021,2021_COVID19THEM21@CON2021.pdf,164,"206.90    46.70  253.60  253.60    42    According to the Ministry of Finance schedule, a total of UGX.253,596,115,200 was  released to the Ministry of Health over the FY 2020/21 for medical supplies, testing kits,  establishing of isolation or treatment centres, face masks, and procurement of vaccines.",procurement_irregularities,procurement_irregularities,1,,,"Ministry of Finance schedule, a total of UGX; Ministry of Health over the FY 2020/21 for medical supplies, testing kits,  establishing",,False
2021,2021_COVID19THEM21@CON2021.pdf,164,"082072  312104  Other structures  6,000,000,000  12      Vehicles  23,900,000,000    Sub      223,596,115,200        MoH  Contingencies  Fund  –  For  procurement  and  deployment  of  COVID-19 Vaccines in Uganda  30,000,000,000    Grand      253,596,115,200    Notwithstanding the emergency aspect that was faced by the Ministry, the allocation in  the table above did not entail detailed activities that were to be undertaken under each  program.",procurement_irregularities,procurement_irregularities,1,program,,"Ministry, the allocation in  the table above did not entail detailed activities that wer",,False
2021,2021_COVID19THEM21@CON2021.pdf,164,b) Procurement and distribution of masks    Guidance from PPDA approved the use of direct procurement of masks and engaging  suppliers under framework contracts provided they submit evidence of approval of  quality by UNBS.,procurement_irregularities,procurement_irregularities,1,,,,,False
2021,2021_COVID19THEM21@CON2021.pdf,164,"44    During the FY 2020/21, the Ministry allocated a total of UGX.90,578,115,200 towards  the procurement of non-medical masks.",procurement_irregularities,procurement_irregularities,1,,,Ministry allocated a total of UGX,,False
2021,2021_COVID19THEM21@CON2021.pdf,164,"Accordingly, the Ministry, under a framework  arrangement, initiated the procurement of re-usable/non-medical face masks for mass  use by both learners and communities of Uganda.",procurement_irregularities,procurement_irregularities,1,,,"Ministry, under a framework  arrangement, initiated the procurement of re-usable/non-med",,False
2021,2021_COVID19THEM21@CON2021.pdf,164,"Tax) -  UGX  TOTAL   39,142,136  37,587,136  90,209,126,400  90,209,126,402    The following observations were noted;      The approval to use direct procurement was contingent upon clearance by UNBS.",procurement_irregularities,procurement_irregularities,1,,,,,False
2021,2021_COVID19THEM21@CON2021.pdf,164,"Management explained that the procurement, supply and delivery/distribution of masks  was an emergency operation to fight COVID – 19, which needed to be handled quickly  to enable lifting of the lockdown, the opening of schools, and later enable safe  45    community participation in the January 2021 Presidential and Parliamentary as well as  local council elections.",procurement_irregularities,procurement_irregularities,1,,,,,True
2021,2021_COVID19THEM21@CON2021.pdf,164,"46    d) Special Meals – UGX.5,771,284,000    The Ministry of Health on 21st February 2019 signed a contract with a company, to  provide canteen and catering services under a 2-year framework contract vide  procurement Ref: MoH/SRVCS/2018-19/00001.",procurement_irregularities,procurement_irregularities,1,,"company, to  provide canteen and catering services under a 2-year framework contract vi","Ministry of Health on 21st February 2019 signed a contract with a company, to  provide c",,False
2021,2021_COVID19THEM21@CON2021.pdf,164,"In addition, there is a need to ensure constant  procurement and supply of medical consumables required as well as deployment of  Critical Care Specialists where needed.",procurement_irregularities,procurement_irregularities,1,,,,,False
2021,2021_COVID19THEM21@CON2021.pdf,164,"When the procurement  was completed and the Lands at Malaba, Busia and Elegu were handed over to the  contractor, the contractor could not access the sites as all the sites had encroachers  and subsequent land wrangles.",land_and_right_of_way,land_and_right_of_way|procurement_irregularities,2,,,,,True
2021,2021_COVID19THEM21@CON2021.pdf,164,"g) Procurement of 282 double cabin pickup vehicles – UGX.23,900,000,000    As part of the Supplementary Funding, the Ministry contracted Toyota Uganda Limited  for the supply of 282 double cabin pickup vehicles at a contract sum of  UGX.24,660,988,830 taxes exclusive.",procurement_irregularities,procurement_irregularities,1,,Limited  for the supply of 282 double cabin pickup vehicles at a contract sum of  UGX,Ministry contracted Toyota Uganda Limited  for the supply of 282 double cabin pickup veh,,False
2021,2021_COVID19THEM21@CON2021.pdf,164,"i)  Purchase of Vaccines    The first GoU allocation for procurement of vaccines was UGX.18,500,000,000, which  was transferred to National Medical Stores on 29th March 2021 via invoice number  R656/MAR21/01 for the procurement of COVID-19 vaccines on behalf of MoH.",procurement_irregularities,procurement_irregularities,1,,,,,False
2021,2021_COVID19THEM21@CON2021.pdf,164,"Later, the Government of Uganda decided to procure vaccines through the COVAX  Funding Facility, whose Procurement Agency in Uganda is UNICEF.",procurement_irregularities,procurement_irregularities,1,,,Agency in Uganda is UNICEF,,False
2021,2021_COVID19THEM21@CON2021.pdf,164,"52    Vaccines from contingencies’ funds    Parliament approved a Contingency Fund allocation to the Ministry and over the FY  2020/21, an additional UGX.30,000,000,000 was released from the contingencies fund  to cater for the procurement and distribution of additional COVID-19 vaccines.",procurement_irregularities,procurement_irregularities,1,,,Parliament approved a Contingency Fund allocation to the Ministry and over the FY  2020/21,,False
2021,2021_COVID19THEM21@CON2021.pdf,164,"This brings the government  funding  towards  procurement  of  vaccines  to  UGX.42,773,047,986  including  UGX.18,500,000,000 referred to above.",procurement_irregularities,procurement_irregularities,1,,,,,False
2021,2021_COVID19THEM21@CON2021.pdf,164,The Accounting Officer was advised to closely follow up on the procurement of the  vaccines.,procurement_irregularities,procurement_irregularities,1,,,,,False
2021,2021_COVID19THEM21@CON2021.pdf,164,"Uganda COVID-19 Response and Emergency  Preparedness Project (UCREPP)  2,700,000  2,697,561    Totals  25,362,599  17,527,200    The details of the items on which the funds were utilised are shown in appendix 21;  however, at the time of the audit, the projects were not ready with the detailed  accountability documents; thus, I could not review them.",governance_and_controls,governance_and_controls,1,"Project (UCREPP)  2,700,000  2,697,561    Totals  25,362,599  17,527,200    The details of the it",,,,False
2021,2021_COVID19THEM21@CON2021.pdf,164,"2.7  MINISTRY OF ENERGY  EXPENDITURE ON SUBSTATIONS IN INDUSTRIAL PARKS    a) Utilization of Funds for Substations under Industrial Parks    According to Sections 15 (1), 15 (3), 18 (1) (c) and 18(2) (b) of the Public Finance  Management Act, 2015 (as amended), it is stipulated that after approval of the annual  budget by Parliament, the Secretary to Treasury shall issue the annual cash flow plan of  Government, based on the procurement plans, work plans and recruitment plans  approved by Parliament.",procurement_irregularities,procurement_irregularities,1,,,"MINISTRY OF ENERGY  EXPENDITURE ON SUBSTATIONS IN INDUSTRIAL PARKS    a) Utilization of ; Parliament, the Secretary to Treasury shall issue the annual cash flow plan of  Government",,True
2021,2021_COVID19THEM21@CON2021.pdf,164,"I further noted that Loan Financing for the Industrial Park Phase 2 was not yet  approved, therefore funding under the Contract for Procurement of Plant, Design,  Supply, Installation, and Commissioning of the substations has not been availed.",procurement_irregularities,procurement_irregularities,1,,,,Loan Financing for the Industrial Park Phase 2 was not yet  appr,True
2021,2021_COVID19THEM21@CON2021.pdf,164,I advised management to expedite the Approval of the Resettlement Action Plan Report  and activities under Land acquisition to enable implementation of project activities.,land_and_right_of_way,land_and_right_of_way,1,project activities,,,,True
2021,2021_COVID19THEM21@CON2021.pdf,164,"Table 31; showing the Release of Funds to the MOSTI  Item  Budget - UGX  Releases as at 30th  June 2021 - UGX  Variance - UGX  % age of  received  funding  Operational  Funds  15,245,431,760  13,185,431,760  2,060,000,000  86.49%  Equipment  15,787,081,872  15,787,081,872  -  100.00%  Total  31,032,513,632  28,972,513,632  2,060,000,000  93.3%    2.8.2 Review of project operations    The audit reviewed the operations of all the 23 projects and noted that whereas some  were progressing, the majority faced delays while others completely stalled.",delay_time_overrun,delay_time_overrun,1,project operations    The audit reviewed the operations of all the 23 projects and noted that whe,,,,False
2021,2021_COVID19THEM21@CON2021.pdf,164,"b) Delayed Disbursement of Operational Funds    Despite the supplementary budget being passed in September 2020 as an emergency  intervention, several projects received their first tranche of operational funds in  December 2020.",cost_overrun,cost_overrun,1,,,,,False
2021,2021_COVID19THEM21@CON2021.pdf,164,"c) Stalled Projects    I noted that despite being allocated operational funds upon a supplementary request,  some projects had stalled, while one project did not take off at all.",delay_time_overrun,delay_time_overrun,1,project did not take off at all,,,,False
2021,2021_COVID19THEM21@CON2021.pdf,164,"The stalled projects  are highlighted in the table below;                                  56    Table 32; Showing Stalled Projects  No  Project/Concept Title  Budgeted -  UGX  Received -  UGX  Comments  by  management  PJ 8 Self-Amplifying RNA  791,211,486  544,513,714     Partners in the UK were  ahead and were at a  clinical  trial  stage.",delay_time_overrun,delay_time_overrun,1,Project/Concept Title  Budgeted -  UGX  Received -  UGX  Comments  by  management  PJ 8 Self-Ampl,,,,False
2021,2021_COVID19THEM21@CON2021.pdf,164,I advise management to expedite the procurement and delivery of required equipment  for the projects and to always promptly disburse funds to the projects.,procurement_irregularities,procurement_irregularities,1,,,,,False
2021,2021_COVID19THEM21@CON2021.pdf,164,"f)  Accountability for Project Operational Funds    Article X (d) of the Research Grant Agreement between the Projects, PRESIDE, and the  Ministry states that the Grant recipient shall maintain acceptable financial management  systems during the grant term.",governance_and_controls,governance_and_controls,1,"Project Operational Funds    Article X (d) of the Research Grant Agreement between the Projects, ",,Ministry states that the Grant recipient shall maintain acceptable financial management ,"Grant Agreement between the Projects, PRESIDE, and the  Ministry ; Grant recipient shall maintain acceptable financial management  s",False
2021,2021_COVID19THEM21@CON2021.pdf,164,g) Lack of a Memorandum of Understanding on management of Equipment    A total of UGX.15.787Bn was applied to the procurement of equipment to support the  scientists in their operations.,procurement_irregularities,procurement_irregularities,1,,,,,False
2021,2021_COVID19THEM21@CON2021.pdf,164,"However, I noted that several projects purchased reagents, consumables, and other  supplies from operational funds worth UGX.1.489Bn without following the required  procurement procedures.",procurement_irregularities,procurement_irregularities,1,,,,,False
2021,2021_COVID19THEM21@CON2021.pdf,164,"Management regretted the omissions and committed to ensuring that projects follow the  procurement laws, regulations, guidelines and procedures, going forward.",procurement_irregularities,procurement_irregularities,1,,,,,False
2021,2021_COVID19THEM21@CON2021.pdf,164,"I advised management to prevail over the participating institutions to follow the  procurement laws, procedures, guidelines, and regulations.",procurement_irregularities,procurement_irregularities,1,,,,,False
2021,2021_COVID19THEM21@CON2021.pdf,164,The project is behind schedule for the work budgeted for this year and may attract  contractual related penalties.,delay_time_overrun,delay_time_overrun,1,project is behind schedule for the work budgeted for this year and may attract  contractual relat,,,,False
2022,2022_AGRPT@CON2022.pdf,579,"Domestic Arrears  Domestic arrears refer to short-term debts incurred by Governments against  unpaid procurement invoices for supply of goods and services during the  financial year  External Debt  Portion of a country's debt that was borrowed from foreign lenders including  commercial banks, Governments or international financial institutions.",delayed_payments,delayed_payments|procurement_irregularities,2,,,,,False
2022,2022_AGRPT@CON2022.pdf,579,"Section 13 (b) of the National Audit Act, 2008 further requires me to conduct the  following audits:      Financial audits    Value for money    Engineering    Information Systems    Special/Forensic Audits    Gender and Environment and any other audits in respect of any project or activity  involving public funds    Classified expenditure    Government investments    Procurement audits, and    Treasury Memoranda    Under Article 163 (4) of the Constitution, I am also required to submit to Parliament  annually a report of the accounts audited by me for the year immediately preceding.",procurement_irregularities,procurement_irregularities,1,project or activity  involving public funds    Classified expenditure    Government investments,,Parliament  annually a report of the accounts audited by me for the year immediately prece,,False
2022,2022_AGRPT@CON2022.pdf,579,"1.3  Un-funded Approved Budget    The PFMA, 2015 Section 15 (1) and (2) requires that after  approval of the annual budget by Parliament, the  Secretary to the Treasury shall issue the annual cash flow  plan of Government, based on the procurement plans,  work plans, and recruitment plans approved by  parliament.",procurement_irregularities,procurement_irregularities,1,,,"Parliament, the  Secretary to the Treasury shall issue the annual cash flow  plan of Gover; parliament",,False
2022,2022_AGRPT@CON2022.pdf,579,Management explained that the project execution has delayed because of protracted  procurement processes by UNRA.,procurement_irregularities,procurement_irregularities,1,project execution has delayed because of protracted  procurement processes by UNRA,,,,True
2022,2022_AGRPT@CON2022.pdf,579,"In future, such scenarios will be addressed through advance  procurement processes to ensure that projects are implemented as planned as soon as  Financing Agreements are signed.",procurement_irregularities,procurement_irregularities,1,,,,,False
2022,2022_AGRPT@CON2022.pdf,579,This  followed the contractor’s notice of suspension of works due to delayed payment.,delay_time_overrun,delay_time_overrun|delayed_payments,2,,,,,True
2022,2022_AGRPT@CON2022.pdf,579,"The procedures undertaken covered: planning and budgeting;  procurement, utilization, maintenance and disposal of IT systems; governance, and financial  reporting.",governance_and_controls,governance_and_controls|procurement_irregularities,2,,,,,False
2022,2022_AGRPT@CON2022.pdf,579,"I reviewed a sample of 68 MDAs with IT budgets of UGX.968Bn, for the three years in  respect of acquisition and implementation of IT systems and equipment of which UGX.894Bn  was warranted, as summarised in the table 19 below;    Table 19: Showing budget allocations for IT Systems and Equipment  Financial  Year  Budget  (UGX Bn)  Warrants/Release  (UGX Bn)  Variance  (UGX Bn)  2021/2022  331.754  312.233  19.521  2020/2021  357.098  331.691  25.407  2019/2020  279.017  249.989  29.028    967.869  893.913  73.956    A review of ICT activities implemented revealed the following;    Table 20: Showing findings from review of Implementation of IT Activities  No Observation  Recommendation  1.0 Procurement/Development and Use of Software/Licenses  (IT Systems) and Equipment    The ICT Systems Development Lifecycle (SDLC) requires a  systematic approach which includes; initiation, planning and  execution.",procurement_irregularities,procurement_irregularities,1,,,,,False
2022,2022_AGRPT@CON2022.pdf,579,"Non-compliance may lead to duplication of acquisition, procurement  of non-compatible solutions and equipment; and general deviation  from Government’s efforts to rationalize resources for better service  delivery.",contract_management,contract_management|procurement_irregularities,2,,,,,False
2022,2022_AGRPT@CON2022.pdf,579,"The procurement methods used by six (6) entities in the  acquisition of 1,666.016 hectares costing UGX.62.83Bn were not approved by their Contracts  Committees.",procurement_irregularities,procurement_irregularities,1,,,,,False
2022,2022_AGRPT@CON2022.pdf,579,I advised the Government to ensure that appropriate procurement methods are adhered to in  regards to land acquisitions.,land_and_right_of_way,land_and_right_of_way|procurement_irregularities,2,,,,,True
2022,2022_AGRPT@CON2022.pdf,579,"Inadequate budgeting for land acquisition may lead to  mischarges, diversions, interest costs arising from delayed  payments and accumulation of Domestic arrears while under  absorption and failure to acquire the planned size of land  affects the entities abilities to achieve the intended objectives  for Land acquisition.",land_and_right_of_way,land_and_right_of_way|delayed_payments,2,,,,,True
2022,2022_AGRPT@CON2022.pdf,579,The unaccounted for funds are likely to be mismanaged due to delayed  accountability and there is risk that the funds may not have been utilised for the  intended purposes.,governance_and_controls,governance_and_controls,1,,,,,False
2022,2022_AGRPT@CON2022.pdf,579,"Failure to put in use completed infrastructure subprojects, delays in implementation of  subprojects and subgroups, and failure to complete the infrastructure subprojects was  attributed to none appointment of contract managers.",delay_time_overrun,delay_time_overrun,1,,,,,True
2022,2022_AGRPT@CON2022.pdf,579,"Similarly, the failure to put in use completed infrastructure subprojects, delays in  implementation of subprojects and subgroups, and failure to complete the  infrastructure subprojects was attributed to failure to undertake monitoring and  supervision of the subprojects by the LGs and OPM.",delay_time_overrun,delay_time_overrun|contract_management,2,,,,,True
2022,2022_AGRPT@CON2022.pdf,579,"3.12.7 Procurement irregularities  I noted a number of procurement irregularities in the implementation of DRDIP  program which are illustrated below;      99 procurements in the districts of Arua, Terego and Obongi worth  UGX.4,646,434,329 were not cleared by the subproject Community Project  Management Committees and Community Procurement Committees.",procurement_irregularities,procurement_irregularities,1,"program which are illustrated below;      99 procurements in the districts of Arua, Terego and O; Project  Management Committees and Community Procurement Committees",,,,False
2022,2022_AGRPT@CON2022.pdf,579,"  1 procurement worth UGX.250,000,000 in Yumbe DLG was awarded to a  contractor who lacked capacity as required by the procurement selection criteria.",procurement_irregularities,procurement_irregularities,1,,,,,True
2022,2022_AGRPT@CON2022.pdf,579,The Accounting Officers explained that the procurement of the service providers were  undertaken by OPM without the involvement of the communities.,procurement_irregularities,procurement_irregularities,1,,,,,False
2022,2022_AGRPT@CON2022.pdf,579,I advised OPM to harmonise the DRDIP guidelines with the procurement laws to guide  the process of procuring contractors.,procurement_irregularities,procurement_irregularities,1,,,,,True
2022,2022_AGRPT@CON2022.pdf,579,"Refer to the table below:    Table 34: Slow Program implementation  Item  Revised budget -  UGX  Warrants/  Release - UGX  Total  expenditure -  UGX  Unspent - UGX  %  absorpti on  Capital  Development  (micro  scale  irrigation  equipment)  (75%)  37,690,186,415  36,501,761,177  9,662,606,574  26,839,154,603  26  Complementary  services (25%)  12,391,603,036  12,536,857,015  11,060,723,469  1,476,133,546  88  Total  50,081,789,451  49,038,618,192  20,723,330,043  28,315,288,149  42      77    I reviewed the status of implementation of the Micro-Scale Irrigation-Development  under Production and Marketing and noted slow progress as indicated below and in  appendix 7 b and 7 c;      10 LGs did not utilise any of the funds warranted for procurement of irrigation  equipment of UGX.9,778,756,031.",procurement_irregularities,procurement_irregularities,1,Program implementation  Item  Revised budget -  UGX  Warrants/  Release - UGX  Total  expenditure,,,,False
2022,2022_AGRPT@CON2022.pdf,579,I also noted that 16 LGs did not  plan to sensitise farmers despite allocating funds for procurement irrigation  equipment.,procurement_irregularities,procurement_irregularities,1,,,,,False
2022,2022_AGRPT@CON2022.pdf,579,"Delayed disbursement of funds    Guideline 11.2 (e and f) of the Grants to support Household Income Enhancement  Projects under Special Programmes, 2020 requires the district to disburse/transfer  funds to the respective beneficiary groups/institution and ensure proper and timely  accountability of Programme funds released to the beneficiary groups.",governance_and_controls,governance_and_controls,1,Programme funds released to the beneficiary groups,,,,False
2022,2022_AGRPT@CON2022.pdf,579,Delayed settlement of these obligations will lead to litigation thus a loss to Government  through court fines.,claims_and_disputes,claims_and_disputes,1,,,,,False
2022,2022_AGRPT@CON2022.pdf,579,I further noted  there were delays in procurement processes in 40 HLGs which delayed the  commencement of works.,procurement_irregularities,procurement_irregularities,1,,,,,True
2022,2022_AGRPT@CON2022.pdf,579,The Accounting Officer explained that there was delayed procurement of the  contractors as well as delayed release of funds.,procurement_irregularities,procurement_irregularities,1,,,,,True
2022,2022_AGRPT@CON2022.pdf,579,"In addition, in order to complete the project, more time will be required  to re-tender the works causing extra delays to deliver services to the community.",procurement_irregularities,procurement_irregularities,1,"project, more time will be required  to re-tender the works causing extra delays to deliver servi",,,,True
2022,2022_AGRPT@CON2022.pdf,579,"86    The Accounting Officers attributed delayed completion of works to weaknesses in  contract supervision, limited capacity of contractors in terms of equipment, finance  and human resources as well as the effects of Covid-19 restrictions that curtailed  mobilisation of equipment, materials and manpower.",delay_time_overrun,delay_time_overrun|contract_management,2,,"limited capacity of contractors in terms of equipment, finance  and human resources as ",,,True
2022,2022_AGRPT@CON2022.pdf,579,Delays in utilization of advanced funds led to delayed completion of projects thus  affecting timely delivery service to the communities.,delay_time_overrun,delay_time_overrun,1,,,,,False
2022,2022_AGRPT@CON2022.pdf,579,The Accounting Officers also  attributed the under absorption of funds to the delayed procurement processes owing  to the delayed dissemination of approved project designs by the USMID-AF Secretariat  at the MoLHUD.,procurement_irregularities,procurement_irregularities,1,project designs by the USMID-AF Secretariat  at the MoLHUD,,,,False
2022,2022_AGRPT@CON2022.pdf,579,"Mismatch between USMID work plans and activities implemented    Article 4 (a) of the Program Participating Agreement requires the Accounting Officer  to prepare work plans and budgets as required under the Local Governments Act (LGA)  Cap 243, Public Finance Management Act (PFMA), 2015, Public Procurement and  Disposal of Public Assets (PPDA), 2006, and other applicable laws and regulations.",procurement_irregularities,procurement_irregularities,1,Program Participating Agreement requires the Accounting Officer  to prepare work plans and budget,,,,False
2022,2022_AGRPT@CON2022.pdf,579,"The Accounting Officers attributed this to delayed procurement of contractors by  Ministry of lands, Housing and Urban Development as well as delays in design review  by the contractor.",procurement_irregularities,procurement_irregularities,1,,,"Ministry of lands, Housing and Urban Development as well as delays in design review  by ",,True
2022,2022_AGRPT@CON2022.pdf,579,"Furthermore, Section 17 (2) of the same Act  stipulates that ""A vote that does not expend money that was appropriated to the vote  for the financial year shall at the close of the financial year repay the money to the  Consolidated Fund.""    Section 17(3) of the same Act states that, “A vote that repays money under subsection  (2) shall revise its annual work plan, procurement plan and recruitment plan to take  into account the unexpended money and submit them as part of the Budget for the  preceding year"".",procurement_irregularities,procurement_irregularities,1,,,,,False
2022,2022_AGRPT@CON2022.pdf,579,The Accounting Officers explained that the Indicative Planning Figures are issued by  MoFPED for which they had no control while under absorption was attributed to  delayed completion of the infrastructure projects by the contractors and bottlenecks  in the procurement process.,delay_time_overrun,delay_time_overrun|procurement_irregularities,2,,,,,True
2022,2022_AGRPT@CON2022.pdf,579,The Accounting Officers attributed the non-implementation to the delays in  procurement processes and the phased approach of the infrastructure projects.,procurement_irregularities,procurement_irregularities,1,,,,,True
2022,2022_AGRPT@CON2022.pdf,579,These guidelines are however impractical in most cases  given the unique circumstances and procurement requirements in the different host  countries.,procurement_irregularities,procurement_irregularities,1,,,,,False
2022,2022_AGRPT@CON2022.pdf,579,"As a result, missions were  unable to undertake activities of a capital nature such as renovations of chanceries  and offices, procurement of vehicles, and procurement of furniture.",procurement_irregularities,procurement_irregularities,1,,,,,False
2022,2022_AGRPT@CON2022.pdf,579,"In addition, the PS MOFA should engage PPDA to review the abridged  guidelines issued with a view of addressing the current challenges procurement challenges  faced by the mission.",procurement_irregularities,procurement_irregularities,1,,,,,False
2022,2022_AGRPT@CON2022.pdf,579,"I noted that at the time of writing this report in December 2022, the Authority did not have a  clear strategy and roadmap on how and when the new IDs will be rolled out, the costs  involved, sensitization arrangements of the public were also not clear and other key activities  such as signing of contracts for supply of the blank cards, procurement of equipment and  recruitment of staff to manage the exercise were yet to be undertaken.",procurement_irregularities,procurement_irregularities,1,,,Authority did not have a  clear strategy and roadmap on how and when the new IDs will be ,,True
2022,2022_AGRPT@CON2022.pdf,579,"e)  Delayed completion of the National E-commerce Platform  The Commission is spearheading a project to design, build and pilot an enterprise-grade smart  E-commerce platform that is aimed at supporting SMEs in the informal sectors of the  Agriculture, Retail, and Services industry in Uganda, in order to promote access to online  sales, overcome challenges in delivering too hard to reach communities and to spur economic  growth.",delay_time_overrun,delay_time_overrun,1,"project to design, build and pilot an enterprise-grade smart  E-commerce platform that is aimed a",,"Commission is spearheading a project to design, build and pilot an enterprise-grade smart ",,False
2022,2022_AGRPT@CON2022.pdf,579,This was attributed to delays  in the procurement of the necessary computer equipment.,procurement_irregularities,procurement_irregularities,1,,,,,False
2022,2022_AGRPT@CON2022.pdf,579,"128    With delayed completion of NEP, SMEs in the informal sector lose out on the benefits of E- commerce.",delay_time_overrun,delay_time_overrun,1,,,,,False
2022,2022_AGRPT@CON2022.pdf,579,"The Accounting officer explained that the completion of the platform development processes  was affected by a prolonged delay in procurement and delivery of the high-performance  computer with graphics processing unit capability and hosting server, caused by the global  scarcity of computer chips.",procurement_irregularities,procurement_irregularities,1,,,,,False
2022,2022_AGRPT@CON2022.pdf,579,"i)  Refund to World Bank of ineligible EGP funds - USD.249,500  Government of Uganda (GoU) with funding under RCIP Phase V, invested in the E-Government  Procurement system (e-GP system) and contracted a supplier at an initial system acquisition  cost of USD.1,347,000.",procurement_irregularities,procurement_irregularities,1,,,,World Bank of ineligible EGP funds - USD,False
2022,2022_AGRPT@CON2022.pdf,579,"Reference is also made to an Aide Memoire from the World Bank dated 8th – 12th February  2021, in which the World Bank acknowledged receipt of a termination request of the e- Procurement Contract.",procurement_irregularities,procurement_irregularities,1,,,,"World Bank dated 8th – 12th February  2021, in which the World Bank ac",False
2022,2022_AGRPT@CON2022.pdf,579,"ACCOUNTABILITY SECTOR    a)  Un-funded Approved Consolidated Budget    The PFMA, 2015 Section 15 (1) and (2) requires that after approval of the annual budget by  Parliament, the Secretary to the Treasury shall issue the annual cash flow plan of the  Government, based on the procurement plans, work plans, and recruitment plans approved  by the Parliament.",governance_and_controls,governance_and_controls|procurement_irregularities,2,,,"Parliament, the Secretary to the Treasury shall issue the annual cash flow plan of the  Go; Parliament",,False
2022,2022_AGRPT@CON2022.pdf,579,A review of the status reports provided to the MOFPED by UEGCL on the execution of  the project revealed that the UEGCL had expensed some funds totalling UGX.2.695Bn  towards the compensation of Project Affected Persons (PAPs) and acquisition of land.,land_and_right_of_way,land_and_right_of_way,1,project revealed that the UEGCL had expensed some funds totalling UGX; Project Affected Persons (PAPs) and acquisition of land,,,,True
2022,2022_AGRPT@CON2022.pdf,579,"The  total cost project cost including supervision and resettlement action plan among others  amounts to Euros 47.6 million, of which the Government of Uganda will contribute Euros 26.1  million (UGX.113) and the European Union Euros 21.5 million (UGX.93 Bn).",land_and_right_of_way,land_and_right_of_way|contract_management,2,project cost including supervision and resettlement action plan among others  amounts to Euros 47,,,,False
2022,2022_AGRPT@CON2022.pdf,579,"The project is under  a new Defect Liability Period (DLP) till March 2023, after the expiry of the earlier DLPs, which  were extended twice in in March 2021 and March 2022.",contract_management,contract_management,1,"project is under  a new Defect Liability Period (DLP) till March 2023, after the expiry of the ea",,,,False
2022,2022_AGRPT@CON2022.pdf,579,This has constrained fulfillment of contractual obligations of the entities to pay the service  providers which resulted into claims for interest due to delayed payments.,delayed_payments,delayed_payments,1,,,,,False
2022,2022_AGRPT@CON2022.pdf,579,I however noted that there was no  procurement process followed in identifying the company.,procurement_irregularities,procurement_irregularities,1,,company,,,False
2022,2022_AGRPT@CON2022.pdf,579,"d)  Delayed Completion of the consultancy for the unit cost study for road  construction and maintenance in Uganda  On 30th July 2019, the Ministry entered into a contract for a unit cost study for road  construction and maintenance in Uganda at a contract price of UGX.2,102,966,500.",delay_time_overrun,delay_time_overrun,1,,,Ministry entered into a contract for a unit cost study for road  construction and mainte,,True
2022,2022_AGRPT@CON2022.pdf,579,The accumulation of liabilities was attributed to lack of funds and delayed payments.,delayed_payments,delayed_payments,1,,,,,False
2022,2022_AGRPT@CON2022.pdf,579,During the year an amount of UGX.41.34Bn was paid  as interest for delayed payment for various projects.,delayed_payments,delayed_payments,1,,,,,False
2022,2022_AGRPT@CON2022.pdf,579,  For Mulago National Referral Hospital I undertook a special audit which included among  others the procurement and maintenance of medical equipment and noted various  anomalies in the payments for maintenance of medical equipment.,procurement_irregularities,procurement_irregularities,1,,,,,True
2022,2022_AGRPT@CON2022.pdf,579,"Subsection (3) of the same section further states that a vote that repays money under  subsection (2) shall revise its annual work plan, procurement plan and recruitment plan to  take into account the unexpended money and the Minister responsible for the vote shall  submit, as part of the budget for the preceding year, the revised work plan, procurement plan  and recruitment plan to the Minister.",procurement_irregularities,procurement_irregularities,1,,,,,False
2022,2022_AGRPT@CON2022.pdf,579,"Additionally, he further explained that the funds allocated to the management of invasive  included engaging a consultant to spearhead the development of the Invasive Species  Management Strategy to be concluded before the close of this financial year 2022-2023 and  the procurement of a consultant to develop a strategy for eradication of invasive species is at  advertising stage.",procurement_irregularities,procurement_irregularities,1,,,,,False
2022,2022_AGRPT@CON2022.pdf,579,"Failure to  prepare financial statements hinders effective oversight over expenditure, revenue, assets  and liabilities of the school.",governance_and_controls,governance_and_controls,1,,,,,True
2022,2022_AGRPT@CON2022.pdf,579,Accumulation of payables damages the School’s creditworthiness and  could lead to litigation  v.,claims_and_disputes,claims_and_disputes,1,,,,,True
2022,2022_AGRPT@CON2022.pdf,579,49 schools did not have procurement plans to guide the procurement processes executed  during the year.,procurement_irregularities,procurement_irregularities,1,,,,,True
2022,2022_AGRPT@CON2022.pdf,579,Lack of a procurement plan could result into diversion of funds to non- critical procurements not initially intended to be executed.,procurement_irregularities,procurement_irregularities,1,,,,,False
2022,2022_AGRPT@CON2022.pdf,579,"Additionally, in terms of the operating and management costs of power lines,  they were deemed high due to a number of factors such as transformers,  defective or rotten poles which needed replacement in the shortest of time after  the commissioning of these lines.",contract_management,contract_management,1,,,,,True
2022,2022_AGRPT@CON2022.pdf,579,The outstanding amounts owed to contractor’s firms are paid for works that  are completed and verified to avoid incurring penalties on delayed payments.,delayed_payments,delayed_payments,1,,,,,True
2022,2022_AGRPT@CON2022.pdf,579,To continuously address Environmental and social issues in contracts and their  implementation and ensure that all contracts for implementation of GRID power  projects make it mandatory for the implementation firms to prepare  environmental and social impact assessment (ESIA) reports in addition to  resultant Environmental Management Plans (EMP) and Resettlement Action  Management Plans (RAMPs).,land_and_right_of_way,land_and_right_of_way,1,,,,,True
2022,2022_AGRPT@CON2022.pdf,579,"Expedite the process of compensating all PAPs taking into consideration the  time lag for the delayed payment (9 years since existing assessment was  conducted) accordingly, Resettlement Action Plan (RAP) studies should be  conducted based on the final designs, where changes are deemed inevitable in  the optimal design, such changes should be communicated such that  revaluations of new PAPs are conducted.",land_and_right_of_way,land_and_right_of_way|delayed_payments,2,,,,,False
2022,2022_AGRPT@CON2022.pdf,579,"MEMD strengthens project management, monitoring and supervision  arrangements for GRID power projects to ensure that all GRID projects are  implemented within project time lines, indicated in the approved activity work  programs and contracts.",contract_management,contract_management,1,"project management, monitoring and supervision  arrangements for GRID power projects to ensure th; project time lines, indicated in the approved activity work  programs and contracts",,,,True
2022,2022_AGRPT@CON2022.pdf,579,"5.64Bn was incurred as a result of failure to access land for road  project sites in 6 road projects, this arose from delayed compensation of Project  affected Persons (PAPs) for acquisition of land for right of way resulting in the  contractors charging UNRA for time related obligations due to failure to access project  site and charging UNRA for idle time.",land_and_right_of_way,land_and_right_of_way,1,"project sites in 6 road projects, this arose from delayed compensation of Project  affected Perso; project  site and charging UNRA for idle time",,,,True
2022,2022_AGRPT@CON2022.pdf,579,Rukungiri-Kihihi/Ishasha where a delay of 70 days was initially experienced  and later increased due to non-compensation of project affected persons.,land_and_right_of_way,land_and_right_of_way,1,project affected persons,,,,False
2022,2022_AGRPT@CON2022.pdf,579,Delays in completion of design reviews    I noted delays in completion of design reviews which delayed timely issuance of  instructions to contractors with the maximum time taken of 24 months.,delay_time_overrun,delay_time_overrun,1,,,,,True
2022,2022_AGRPT@CON2022.pdf,579,Interest charges of UGX.1.82Bn on delayed payment of Interim Payment  Certificates (IPCs) to the Contractors    I established that payments of interim payment certificates to the contractors for eight  projects were not on time.,delayed_payments,delayed_payments,1,,,,,True
2022,2022_AGRPT@CON2022.pdf,579,Procurement of the USDP Infrastructure Projects  I reviewed procurement documentation for the 20 USDP Projects and noted the  following;    a.,procurement_irregularities,procurement_irregularities,1,,,,,True
2022,2022_AGRPT@CON2022.pdf,579,The Terms of Reference (ToRs) for the procurement of the design and  supervising consultant were ambiguous in that they did not detail the particular  aspects of project similarity yet five (5) of the eighteen (18) bidders were  disqualified on the basis of similarity of their projects.,procurement_irregularities,procurement_irregularities,1,project similarity yet five (5) of the eighteen (18) bidders were  disqualified on the basis of s,,,,False
2022,2022_AGRPT@CON2022.pdf,579,I advised the Accounting Officer of MoES to ensure strict compliance with PPDA rules  and regulations and World Bank Guidelines on procurement of World Bank funded  projects.,procurement_irregularities,procurement_irregularities,1,,,,World Bank Guidelines on procurement of World Bank funded  projects,False
2022,2022_AGRPT@CON2022.pdf,579,Delayed Completion of Works  I noted delays in completion of the works on ten (10) contracts ranging from 15 to  330 days.,delay_time_overrun,delay_time_overrun,1,,,,,True
2022,2022_AGRPT@CON2022.pdf,579,Resulting from these delays were liquidated damages totalling UGX.3.77Bn  that were not charged from the contractors as per contract terms.,claims_and_disputes,claims_and_disputes,1,,,,,True
2022,2022_AGRPT@CON2022.pdf,579,"The table below  refers;    Table 70: Unclaimed liquidated damages  S/No Contract  Delays  (days)   Uncharged  Liquidated Damages  (UGX)  1  Bukalasa Agricultural College Lot 1  90  748,388,026  2  Kaberamaido Technical Institute  110  540,383,514  3  Kalongo Technical Institute  15  41,378,333  4  Ora Technical Institute  44  104,234,819  5  Kitgum Technical Institute  100  293,682,207  6  UTC Bushenyi Lot 1  76  746,294,824  7  UTC Bushenyi Lot 2  330  762,408,141  8  Nyamitanga Technical Institute  226  228,585,432  9  Karera Technical Institute  125  225,437,823  10  Lake Katwe Technical Institute  30  84,004,849    TOTAL    3,774,797,968    I advised the Accounting Officer to review the above contracts and recover the  penalties due.",claims_and_disputes,claims_and_disputes,1,,,,,True
2022,2022_AGRPT@CON2022.pdf,579,Quantity Verifications  I undertook an analysis of the drawings in the contract documents availed and also  undertook measurements on some of the executed work items to establish the  consistency with which the supervision team accurately measured the quantities before  payments.,contract_management,contract_management,1,,,,,False
2022,2022_AGRPT@CON2022.pdf,579,"I advised the Accounting Officer to always streamline the management of the projects,  by timely appointing the contract management team in accordance with PPDA  regulations and industry best practices to facilitate effective project management.",contract_management,contract_management,1,project management,,,,False
2022,2022_AGRPT@CON2022.pdf,579,"In addition,  procurement using MoUs for a company which is single-sourced contravenes PPDA  regulations.",procurement_irregularities,procurement_irregularities,1,,company which is single-sourced contravenes PPDA  regulations,,,False
2022,2022_AGRPT@CON2022.pdf,579,"In addition, the Government of Uganda represented by Uganda Printing and  Publishing Corporation, Office of the President and Ministry of Finance, Planning  and Economic Development shall have no input in the supply of raw materials and  machinery which annuls the provisions of the Public Procurement and Disposal of  assets.",procurement_irregularities,procurement_irregularities,1,,,"Corporation, Office of the President and Ministry of Finance, Planning  and Economic Develo",,False
2022,2022_AGRPT@CON2022.pdf,579,The review of the contract management file for the  EPBS revealed that the vendor would present to management the status of the project  and the Annual Technical Support without the Ministry's independent verification of  the quality of the deliverables.,contract_management,contract_management,1,project  and the Annual Technical Support without the Ministry's independent verification of  the,,Ministry's independent verification of  the quality of the deliverables,,False
2022,2022_AGRPT@CON2022.pdf,579,This also impedes proper contract management.,contract_management,contract_management,1,,,,,False
2022,2022_AGRPT@CON2022.pdf,579,Procurement of  ambulances was neither planned nor included in the EMS departmental budgets  for the period under review.,procurement_irregularities,procurement_irregularities,1,,,,,False
2022,2022_AGRPT@CON2022.pdf,579,"  None of the procured 12 boat ambulances were allocated or deployed to any of  the island districts as planned but left idle at the Entebbe marine base for over  a year, defeating the objective of securing these ambulances and undermining  the value for money of USD1,870,714 and UGX 1,347,480,000 spent on  procurement of these boat ambulances.",procurement_irregularities,procurement_irregularities,1,,,,,False
2022,2022_AGRPT@CON2022.pdf,579,"I advised the Accounting Officer to address the identified challenges through;     Prioritise, plan and budget for development of the relevant legislations and laws  for management of EMS in its annual operational plans     Develop, disseminate and institutionalise standard emergency medical  equipment lists for basic life support equipment necessary at the different levels  of health care and prioritise their procurement for the emergency units across  the different health facilities.",procurement_irregularities,procurement_irregularities,1,,,,,False
2022,2022_AGRPT@CON2022.pdf,579,Set up and operationalize the  national and all regional call centres     Government through MoH should prioritise procurement of Type B and Type C  ambulances in its annual budgets and operational plans in order to increase their  accessibility to the public as well as fostering delivery of quality EMS care during  transportation of patients     MoH should maintain an up-to-date database of ambulances in the country to  ease their monitoring and maintenance.,procurement_irregularities,procurement_irregularities,1,,,,,False
2022,2022_AGRPT@CON2022.pdf,579,"The audit made the following observations;      There was lack of competition during procurement of IPPs to the extent that 15  out of the 17 sampled small/mini hydro power plants, which commenced  construction and were commissioned after the enactment of the PPP Act 2015  and PPP regulations 2016, were not subjected to any competition before securing  the sites.",procurement_irregularities,procurement_irregularities,1,,,,,True
2022,2022_AGRPT@CON2022.pdf,579,"  Additionally, in terms of the operating and management costs of power lines,  they were deemed high due to a number of factors such as transformers,  defective or rotten poles which needed replacement in the shortest of time after  the commissioning of these lines.",contract_management,contract_management,1,,,,,True
2022,2022_AGRPT@CON2022.pdf,579,I have made the following recommendations to the Accounting Officer of Ministry of  Energy and Mineral Development (MEMD) which has now inherited the functions of  the Rural Electrification Agency (REA) under which the GRID power projects were  implemented and recommended that;     The outstanding amounts owed to contractor’s firms are paid for works that  are completed and verified to avoid incurring penalties on delayed payments     To continuously address Environmental and social issues in contracts and their  implementation and ensure that all contracts for implementation of GRID power  projects make it mandatory for the implementation firms to prepare  environmental and social impact assessment (ESIA) reports in addition to  resultant Environmental Management Plans (EMP) and Resettlement Action  Management Plans (RAMPs).,land_and_right_of_way,land_and_right_of_way|delayed_payments,2,,,Ministry of  Energy and Mineral Development (MEMD) which has now inherited the functions; Agency (REA) under which the GRID power projects were  implemented and recommended tha,,True
2022,2022_AGRPT@CON2022.pdf,579," Expedite the process of compensating all PAPs taking into consideration the  time lag for the delayed payment (9 years since existing assessment was  conducted) accordingly, Resettlement Action Plan (RAP) studies should be  conducted based on the final designs, where changes are deemed inevitable in  the optimal design, such changes should be communicated such that  revaluations of new PAPs are conducted.",land_and_right_of_way,land_and_right_of_way|delayed_payments,2,,,,,False
2022,2022_AGRPT@CON2022.pdf,579," MEMD strengthens project management, monitoring and supervision  arrangements for GRID power projects to ensure that all GRID projects are  implemented within project time lines, indicated in the approved activity work  programs and contracts.",contract_management,contract_management,1,"project management, monitoring and supervision  arrangements for GRID power projects to ensure th; project time lines, indicated in the approved activity work  programs and contracts",,,,True
2022,2022_AGRPT@CON2022.pdf,579,"These include: low  numbers of participation by the elderly, delayed payment of grants to the elderly,  delayed verification and registration of the elderly and delayed enrolment of the older  persons, among others.",delayed_payments,delayed_payments,1,,,,,False
2022,2022_AGRPT@CON2022.pdf,579,  I noted challenges in procurement management whereby instances of delivery  of incomplete sets of connection materials were noted; delayed procurements  with an average delay of; excessive procurement of certain connection  materials; stock outs on some materials; and unutilized materials in the stores.,procurement_irregularities,procurement_irregularities,1,,,,,False
2022,2022_AGRPT@CON2022.pdf,579, Programme Management is advised to design detailed material specification  requirements during the initiation stage and engage to a sufficient level the  utility companies/ Service Providers as they are the final users of the procured  materials to reduce the procurement lead time and rejections.,procurement_irregularities,procurement_irregularities,1,Programme Management is advised to design detailed material specification  requirements during the ,,,,False
2022,2022_AGRPT@CON2022.pdf,579, Programme Management should consider retooling contract managers to  ensure that critical procurement phases are adequately managed to avoid  unnecessary procurement bottlenecks.,procurement_irregularities,procurement_irregularities,1,Programme Management should consider retooling contract managers to  ensure that critical procureme,,,,False
2022,2022_AGRPT@CON2022.pdf,579,"Additionally, there were inadequacies in the procurement and contract  management processes, inadequate marketing and consumer awareness, delays in  the verification and subsidy re-imbursements and inadequate reporting.",procurement_irregularities,procurement_irregularities,1,,,,,False
2022,2022_AGRPT@CON2022.pdf,579,"In addition, the procurement of land for    216    resettlement of Internally Displaced Persons (IDPs) remained one of the unfunded  priorities in the Department’s work plan.",land_and_right_of_way,land_and_right_of_way|procurement_irregularities,2,,,,,False
2022,2022_AGRPT@CON2022.pdf,579,"  The Procurement process for goods, services and works have greatly imporved  with better compliance with the PPDA rules and regulations.",procurement_irregularities,procurement_irregularities,1,,,,,True
2022,2022_AGRPT@CON2022.pdf,579,"8  UWA should effectively plan  for  its  procurement  activities, which should be  accordingly implemented to  avoid  delays  in  the  procurement process.",procurement_irregularities,procurement_irregularities,1,,,,,False
2022,2022_AGRPT@CON2022.pdf,579,Implemented  Procurement process have  improved over the years.,procurement_irregularities,procurement_irregularities,1,,,,,False
2022,2022_AGRPT@CON2022.pdf,579,"Summary of Auditor General’s findings and recommendations of previous  audit report and actions taken by Ministry of Works and Transport (MOWT)  The Ministry of Works and Transport (MoWT) had made efforts to implement the  Auditor General’s recommendations, resulting in improvements in oversight of the  Construction Sector in Uganda.",governance_and_controls,governance_and_controls,1,,,Ministry of Works and Transport (MOWT)  The Ministry of Works and Transport (MoWT) had m,,True
2022,2022_AGRPT@CON2022.pdf,579,"The Table below presents, in detail, the recommendations of the 2015 audit, and the  extent to which they have been implemented:  Table 78: Recommendations of the 2015 audit  S/N  Audit recommendation  Status  of  implementation  as reported by  mowt  Audit  comment  on  resolving  previous  condition/problem  by  actions of management  Mandate and Regulatory Framework for the construction industry  1  The Ministry should refocus on its  core mandate to enable effective  provision of oversight in the  Construction Sector.",governance_and_controls,governance_and_controls,1,,,Ministry should refocus on its  core mandate to enable effective  provision of oversight,,True
2022,2022_AGRPT@CON2022.pdf,579,"Over the years, the Ministry noted several challenges affecting performance of rural  water piped water schemes including; delays in land acquisition, budget cuts, delayed  release of funds, vandalism of the water infrastructure, and the effects of Covid19  lockdown, among others.",land_and_right_of_way,land_and_right_of_way,1,,,Ministry noted several challenges affecting performance of rural  water piped water sche,,True
2022,2022_AGRPT@CON2022.pdf,579,"The  delay in implementation was attributed to the delays in commencement of  construction works by contractors of up to 5 months, delayed payment to  contractors for certified works by over four months, affecting their cash flows;  internal borrowing of project funds of up to UGX5.7 Billion to implement activities  outside the approved work plans; and delays resulting from the restrictions under  the Covid19 Pandemic.",delayed_payments,delayed_payments,1,project funds of up to UGX5,,,,True
2022,2022_AGRPT@CON2022.pdf,579,"The M&E activities were not frequently undertaken, actual monitoring visits were  not undertaken as planned, and absence of contract management reports for  management decision making purposes.",contract_management,contract_management,1,,,,,False
2022,2022_AGRPT@CON2022.pdf,579,"Consequently, the use of substandard  materials/equipment to implement the piped water schemes by contractors were  not timely identified; and delays by the contractors to implement monitoring  recommendations and supervisory instructions were not followed.",contract_management,contract_management,1,,,,,True
2022,2022_AGRPT@CON2022.pdf,579,"These have been  occasioned by delays in land acquisition, vandalism of the water system infrastructure,  limitations in affordability of the service, inadequate monitoring and contract  management, among others.",land_and_right_of_way,land_and_right_of_way,1,,,,,True
2022,2022_AGRPT@CON2022.pdf,579,"of  SACCOs  funded  SACCO s not  funded  SACCOs  funded in  un- gazetted  parishes  Approved  budget  (UGX)  Release (UGX)  Variance  (UGX)  Planned  funding per  SACCO  (UGX)  Actual  funding  per  SACCO  (UGX)  Funding  gap per  PDM  SACCO  (UGX)    Total  10,191  8,703  1,502  0  175,429,879, 581  108,857,715,3 67  66,572,164, 214          Appendix 5 b: Parish Development Model  SN  Entity name  Funds  repurposed to  the revolving  fund  Funds diverted  from the  revolving fund  Failure to send funds  directly to the PDM  SACCO Amount  Number of  unregistered  SACCOs   Amount sent to  unregistered SACCOS  Amount  unaccounted for  1  Kagadi DLG  0  0  0  0  0  0  2  Kibaale DLG  139,623,956  0  446,506,992  57  446,506,992  0  3  Kyankwanzi DLG  602,411,574  0  1,121,394,573  0  0  0  4  Buliisa DLG  4,585,581  0  225,593,699  0  0  0  5  Kiboga DLG  194,863,213  0  673,117,066  58  673,117,066  0  6  Kiryandongo DLG  11,035,537  0  305,554,087  43  305,554,087  0  7  Kayunga DLG  0  53,213,435  430,432,548  0  0  0  8  Kira MC  25,355,296  0  51,000,000  0  0  0  9  Mukono DLG  110,557,437  0  639,044,406  0  0  0  10  Nakaseke DLG  188,059,087  0  612,155,745  0  0  0  11  Nansana MC  19,648,782  0  217,536,255  0  0  0  12  Wakiso DLG  422,411,449  0  1,083,778,521  98  1,083,778,521  0  13  Buhweju DLG  105,977,134  0  512,154,216  68  512,154,216  0  14  Kabale DLG  75,892,014  0  476,095,903  0  0  0  15  Kanungu DLG  0  0  649,232,325  36  649,232,325  0  16  Kisoro DLG  76,476,259  0  444,561,910  58  444,561,910  0  17  Mbarara City  14,630,844  0  152,014,268  0  0  0  18  Rubirizi DLG  116,507,539  0  485,643,852  0  0  0  19  Rukungiri DLG  178,162,896  0  660,785,344  39  660,785,344  0  20  Rwampara DLG  32,848,782  0  206,528,709  0  0  0  21  Bugiri DLG  148,986,153  0  646,000,000  0  0  0  22  Bugiri MC  6,796,300  0  34,290,630  0  0  0  23  Bugweri DLG  105,582,934  0  320,617,860  0  0  0  24  Iganga DLG  186,569,757  0  354,135,967  0  0  0  25  Iganga MC  14,294,884  0  80,000,000  0  0  0  26  Jinja City  40,494,619  0  195,797,611  0  0  0    321    SN  Entity name  Funds  repurposed to  the revolving  fund  Funds diverted  from the  revolving fund  Failure to send funds  directly to the PDM  SACCO Amount  Number of  unregistered  SACCOs   Amount sent to  unregistered SACCOS  Amount  unaccounted for  27  Jinja DLG  38,512,366  0  244,388,400  0  0  0  28  Kamuli MC  0  0  85,054,970  0  0  0  29  Luuka DLG  127,715,688  0  510,000,000  0  0  0  30  Mayuge DLG  270,104,947  0  771,911,058  0  0  0  31  Namayingo DLG  56,635,832  0  359,176,351  0  0  0  32  Nebbi MC  31,902,007  0  85,667,800  0  0  0  33  Butaleja DLG  108,982,819  0  453,962,621  76  562,945,440  0  34  Tororo DLG  258,488,000  0  1,184,332,817  0  0  0  35  Kazo DLG  76,000,000  0  476,000,000  0  0  0  36  Kiruhura DLG  185,754,545  0  520,802,132  0  0  0  37  Mbale DLG  102,005,164  0  756,363,187  67  756,363,187  0  38  Bududa DLG  180,102,000  0  1,129,839,000  159  1,129,839,000  0  39  Mityana DLG  208,132,547  0  594,967,852  0  0  0  40  Nakasongola DLG  77,024,730  0  534,240,626  6  47,138,879  0  41  Mitooma DLG  191,792,187  0  651,728,000  73  651,728,000  0  42  Rubanda DLG  78,157,447  0  490,307,721  0  0  0  43  Rukiga DLG  33,918,498  0  213,177,269  13  213,918,498  0  44  Sheema MC  26,052,482  0  163,435,906  0  0  0  45  Bukedea DLG  172,172,948  0  1,080,098,233  0  0  0  46  Katakwi DLG  195,491,952  0  846,569,922  0  0  0  47  Soroti DLG  67,204,885  0  389,757,273  0  0  0  48  Moroto DLG  57,371,962  0  511,334,582  0  0  0  49  Nakapiripirit DLG  0  0  0  0  0  0  50  Mbale City  68,465,226  0  375,062,679  47  375,062,679  0  51  Sironko DLG  765,170,964  0  1,792,400,736  224  1,792,400,736  0  52  Butebo DLG  0  129,639,841  348,905,563  61  348,905,563  0  53  Namisindwa DLG  281,963,611  0  1,255,594,106  163  1,255,594,106  0  54  Makindye0Ssabagabo MC  8,863,749  0  74,294,282  0  0  0  55  Mityana MC  16,990,750  0  106,588,636  0  0  0  56  Mpigi DLG  6,786,926  0  341,285,699  0  0  0  57  Ibanda DLG  153,625,148  0  396,122,422  0  0  0  58  Mbarara DLG  52,104,966  0  326,989,932  0  0  0  59  Sheema DLG  52,705,304  0  333,977,728  51  333,977,728  0  60  Njeru MC  0  0  144,800,000  0  0  0  61  Namutumba DLG  237,976,652  0  901,000,000  0  0  0    322    SN  Entity name  Funds  repurposed to  the revolving  fund  Funds diverted  from the  revolving fund  Failure to send funds  directly to the PDM  SACCO Amount  Number of  unregistered  SACCOs   Amount sent to  unregistered SACCOS  Amount  unaccounted for  62  Lugazi MC  14,630,714  0  134,094,562  0  0  7,057,609  63  Kamuli DLG  282,492,532  0  760,347,922  77  760,347,922  0  64  Kaliro DLG  98,546,346  0  669,415,608  0  0  0  65  Buyende DLG  82,688,314  0  436,043,043  0  0  0  66  Bushenyi DLG  159,529,388  0  500,001,354  56  500,001,354  0  67  Ishaka0 Bushenyi MC  18,134,466  0  135,560,041  16  135,650,041  0  68  Isingiro DLG  507,727,681  0  1,290,215,882  0  0  0  69  Kabale MC  0  0  0  0  0  0  70  Kisoro MC  11,893,525  0  49,906,927  7  49,906,927  0  71  Ntungamo DLG  177,397,292  0  1,401,258,493  0  0  0  72  Ntungamo MC  0  0 N/A  0  0  0  73  Rukungiri MC  13,592,600  0  114,652,374  12  114,652,374  0  74  Hoima City  0  0  95,571,078  0  0  0  75  Masindi DLG  52,104,965  0  326,871,814  0  0  0  76  Masindi MC  18,511,222  0  84,216,532  0  0  0  77  Kikuube DLG  32,848,782  0  206,071,361  0  0  0  78  Hoima DLG  33,428,795  0  368,101,668  0  0  0  79  Kakumiro DLG  214,674,248  0  841,859,446  0  0  0  80  Kween DLG  312,165,004  0  915,457,434  101  915,457,434  0  81  Bulambuli DLG  449,305,824  0  1,178,035,294  121  1,168,379,267  0  82  Busia MC  9,061,734  0  56,800,000  8  56,800,000  0  83  Kibuku DLG  139,084,068  0  688,617,766  0  0  0  84  Manafwa DLG  414,574,586  0  1,345,901,947  156  1,345,901,947  0  85  Budaka DLG  0  0  696,395,770  73  696,395,770  0  86  Pallisa DLG  0  0  765,000,000  45  765,000,000  0  87  Kapchorwa DLG  167,727,288  0  514,172,444  58  514,172,444  0  88  Kapchorwa MC  30,583,000  0  191,860,042  27  191,860,042  0  89  Tororo MC  0  0  74,000,000  0  0  0  90  Terego DLG  85,190,295  0  336,064,374  42  336,064,374  0  91  Zombo DLG  467,809,017  0  467,809,000  0  0  0  92  Moyo DLG  0  0  287,100,000  0  0  0  93  Nebbi DLG  185,436,733  0  607,460,580  0  0  0  94  Yumbe DLG  313,042,456  0  1,526,761,354  0  0  0  95  Pader DLG  53,804,040  0  780,897,821  0  0  0  96  Koboko MC  0  0  119,463,847  0  0  0    323    SN  Entity name  Funds  repurposed to  the revolving  fund  Funds diverted  from the  revolving fund  Failure to send funds  directly to the PDM  SACCO Amount  Number of  unregistered  SACCOs   Amount sent to  unregistered SACCOS  Amount  unaccounted for  97  Maracha DLG  103,095,772  0  646,656,278  0  0  0  98  Pakwach DLG  81,555,598  0  368,268,830  0  0  0  99  Madi0Okollo DLG  0  0  409,998,000  0  0  0  100  Koboko DLG  146,087,826  0  438,774,252  0  0  0  101  Adjumani DLG  115,002,455  0  784,000,000  0  0  0  102  Arua City  0  0  564,939,853  15  255,000,000  0  103  Bukomansimbi DLG  0  0  305,995,370  0  0  0  104  Rakai DLG  124,032,471  0  652,429,223  0  0  0  105  Kalungu DLG  64,289,926  0  284,605,389  0  0  0  106  Sembabule DLG  128,462,780  0  478,781,550  0  0  0  107  Gomba DLG  35,529,540  0  348,215,767  0  0  0  108  Kyotera DLG  74,759,298  0  468,989,994  0  0  0  109  Lwengo DLG  3,132,343  0  271,926,000  0  0  0  110  Lyantonde DLG  34,564,119  0  213,759,890  0  0  0  111  Mubende MC  20,388,900  0  127,906,363  0  0  0  112  Bundibugyo DLG  298,410,307  0  960,057,188  127  960,115,919  0  113  Kyegegwa DLG  91,750,048  0  575,578,630  0  0  0  114  Kamwenge DLG  79,007,003  0  449,344,938  62  449,344,938  0  115  Kasese DLG  571,631,558  0  1,733,717,779  196  1,733,717,979  0  116  Kyenjojo DLG  275,641,516  0  1,484,926,831  88  1,484,926,831  0  117  Bunyangabu DLG  90,152,406  0  382,838,832  48  382,838,832  0  118  Kabarole DLG  168,620,537  0  479,226,540  52  479,226,540  0  119  Alebtong DLG  193,804,280  0  605,954,554  0  0  0  120  Gulu DLG  6,211,063  0  286,951,103  0  0  0  121  Oyam DLG  83,821,030  0  525,837,266  0  0  0  122  Fort Portal City  108,026,667  0  255,704,547  21  255,704,547  0  123  Kole DLG  58,901,264  0  369,507,268  0  0  0  124  Masaka DLG  20,388,899  0  99,600,000  0  0  0  125  Mubende DLG  89,484,617  0  561,366,823  0  0  0  126  Masaka City  28,317,916  0  177,647,725  0  0  0  127  Lamwo DLG  183,305,456  0  697,000,000  41  697,000,000  0  128  Lira City  196,098,471  0  781,471,322  0  0  0  129  Kalaki DLG  51,739,782  0  254,828,322  0  0  0  130  Amuria DLG  43,657,420  0  635,003,465  0  0  0  131  Amolatar DLG  137,475,698  0  659,972,691  0  0  0    324    SN  Entity name  Funds  repurposed to  the revolving  fund  Funds diverted  from the  revolving fund  Failure to send funds  directly to the PDM  SACCO Amount  Number of  unregistered  SACCOs   Amount sent to  unregistered SACCOS  Amount  unaccounted for  132  Soroti City  28,317,916  0  177,647,728  0  0  0  133  Kumi DLG  158,580,328  0  994,827,260  0  0  0  134  Ngora DLG  241,999,964  0  518,304,964  0  0  0  135  Dokolo DLG  153,903,341  0  578,000,000  0  0  0  136  Otuke DLG  140,206,260  0  456,785,456  0  0  0  137  Kapelebyong DLG  161,760,977  0  496,284,240  0  0  0  138  Kumi MC  18,880,705  0  84,950,521  0  0  0  139  Serere DLG  67,859,764  0  568,633,170  0  0  0  140  Napak DLG  0  0  766,572,309  57  766,572,309  0  141  Moroto MC  6,000,000  0  46,136,435  0  0  0  142  Bukwo DLG  168,747,224  0  651,077,968  0  0  0  143  Arua DLG  36,246,932  0  227,389,088  0  0  0  144  Gulu City  0  93,782,026  157,358,080  0  0  11,233,000  145  Kaberamaido DLG  49,273,173  0  222,495,752  0  0  0  146  Kitgum DLG  81,555,596  0  52,560,000  0  0  241,516,100  147  Nwoya DLG  49,839,532  0  104,064,268  0  0  276,158,113  148  Obongi DLG  16,723,001  0  213,635,452  0  0  0  149  Agago DLG  90,038,926  0  788,902,434  117  788,902,434  0  150  Apac DLG  0  0  349,790,966  0  0  0  151  Busia DLG  165,624,265  0  564,200,000  62  564,200,000  0  152  Buvuma DLG  43,043,234  0  270,024,544  0  0  0  153  Kalangala DLG  19,256,182  0  120,800,452  0  0  0  154  Kitagwenda DLG  13,931,479  0  342,457,060  55  342,457,060  0  155  Kitgum MC  33,690,512  0  59,883,750  11  59,883,750  0  156  Mukono MC  0  0  44,919,841  0  0  0  157  Entebbe MC  4,530,867  0  28,423,636  0  0  0  158  Amuru DLG  0  48,415,580  298,029,578  0  0  58,827,429  159  Kwania DLG  111,010,105  0  348,198,967  0  0  0  160  Lira DLG  232,449,790  0  683,489,847  0  0  0  161  Buikwe DLG  20,279,133  0  220,290,991  0  0  0  162  Ibanda MC  32,787,050  0  158,224,038  0  0  0  163  Butambala DLG  60,953,556  0  210,284,125  0  0  0  164  Amudat DLG  0  33,018,689  312,161,601  0  0  0  165  Ntoroko DLG  76,300,139  0  359,654,807  48  382,838,832  0  166  Kasese MC  53,158,768  0  128,680,076  18  126,680,076  0    325    SN  Entity name  Funds  repurposed to  the revolving  fund  Funds diverted  from the  revolving fund  Failure to send funds  directly to the PDM  SACCO Amount  Number of  unregistered  SACCOs   Amount sent to  unregistered SACCOS  Amount  unaccounted for  167  Kassanda DLG  104,209,930  0  544,000,000  0  0  0  168  Omoro DLG  87,104,006  0  475,361,510  0  0  0  169  Luwero DLG  300,181,433  0  807,697,000  0  0  0    Total  17,891,724,298  358,069,571  79,214,076,265  3,214  29,523,564,220  594,792,251    Appendix 6 a: Funding for DRDIP subprojects  SN  Entity Name  Approved budget  (UGX)  Warrants/ Release  (UGX)  Under funding  (UGX)  Transfers/  Expenditure (UGX)  Failure to fund subprojects          Unutilised warrants  Number of  subprojects  not funded                  1  Adjumani DLG  26,629,455,734  20,112,227,243  6,517,228,491   20,112,227,243   0  0  2  Arua DLG  12,211,720,404  7,703,246,463  4,508,473,941   7,596,050,122   107,196,341  0  3  Hoima DLG  11,402,789,340  7,886,733,487  3,516,055,853   7,886,733,487   0  0  4  Isingiro DLG  36,952,472,146  20,645,657,738  16,306,814,408   20,645,657,738   0  0  5  Kamwenge DLG  16,096,871,843  15,526,567,396  570,304,447   13,642,495,005   1,884,072,391  1  6  Kikuube DLG  14,763,545,466  14,763,545,466  0   14,763,545,466   0  0  7  Kiryandongo DLG  13,147,932,451  11,153,517,611  1,994,414,840   11,153,517,611   0  0  8  Koboko DLG  12,972,115,413  10,398,654,382  2,573,461,031   10,397,654,382   1,000,000  0  9  Kyegegwa DLG  13,158,909,516  12,952,563,516  206,346,000   1,519,174,433   11,433,389,083  45  10  Lamwo DLG  24,133,897,361  20,214,341,243  3,919,556,118   20,214,341,243   0  0  11  Madi0Okollo DLG  18,612,180,000  8,727,243,898  9,884,936,102   8,727,243,898   0  0  12  Moyo DLG  12,353,082,000  4,377,696,778  7,975,385,222   4,377,684,416   12,362  0  13  Obongi DLG  30,708,745,913  17,640,110,305  13,068,635,608   17,639,083,305   1,027,000  0  14  Terego DLG  19,147,604,808  19,147,604,808  0   19,147,298,822   305,986  0  15  Yumbe DLG  22,849,046,751  20,733,598,950  2,115,447,801   20,733,598,950   0  0     Total  285,140,369,146  211,983,309,284  73,157,059,862  198,556,306,121  13,427,003,163  46                326    Appendix 6 b: DRDIP – Implementation of Infrastructure subprojects funded in FY2021/22      Infrastructure subprojects funded in FY2021/22  SN  Entity Name   Total funds  disbursed    Number  of  projects  funded    Fully Implemented  Partially implemented  Not implemented  Number  Subproject  Value  Number   Subproject  Value  Number   Subproject value  1  Adjumani DLG  17,327,580,369  33  0  0  0  0  33  17,327,580,369  2  Arua DLG  7,420,864,349  13  0  0  3  410,864,349  10  7,010,000,000  3  Hoima DLG  5,108,839,519  11  0  0  0  0  11  5,108,839,519  4  Isingiro DLG  14,696,882,245  13  0  0  0  0  13  14,696,882,245  5  Kamwenge DLG  8,281,650,800  9  4  5,347,500,000  0  0  5  2,934,150,800  6  Kikuube DLG  10,772,200,000  13  0  0  0  0  13  10,772,200,000  7  Kiryandongo DLG  8,334,384,709  11  0  0  0  0  11  8,334,384,709  8  Koboko DLG  5,881,538,969  10  2  707,000,000  1  989,800,000  7  4,184,738,969  9  Kyegegwa DLG  1,005,487,006  3  0  0  0  0  3  1,005,487,006  10  Lamwo DLG  12,880,500,000  12  0  0  0  0  12  12,880,500,000  11  Madi0Okollo DLG  7,516,671,712  9  0  0  0  0  9  7,516,671,712  12  Moyo DLG  2,292,750,000  2  0  0  0  0  2  2,292,750,000  13  Obongi DLG  11,191,012,386  14  0  0  0  0  14  11,191,012,386  14  Terego DLG  13,421,816,827  14  0  0  0  0  14  13,421,816,827  15  Yumbe DLG  16,734,700,000  25  0  0  0  0  25  16,734,700,000     Total  142,866,878,891  192  6  6,054,500,000  4  1,400,664,349  182  135,411,714,542    Appendix 6 c: DRDIP – Implementation of Livelihoods Program FY2021/22      Livelihoods Program FY2021/22  SN  Entity Name  Total funds  disbursed    Number  of  projects  funded  Fully Implemented  Partially implemented  Not implemented  Number  Subproject Value Number  Subproject Value Number   Subproject Value  1  Adjumani DLG  1,665,000,000  30  0  0  0  0  30  1,665,000,000  2  Arua DLG  0  0  0  0  0  0  0  0  3  Hoima DLG  999,000,000  54  0  0  0  0  54  999,000,000  4  Isingiro DLG  3,567,700,000  11  11  3,567,700,000  0  0  0  0  5  Kamwenge DLG  3,424,850,000  170  165  3,147,350,000  5  277,500,000  0  0  6  Kikuube DLG  1,409,200,000  35  0  0  0  0  35  1,409,200,000  7  Kiryandongo DLG  1,965,649,500  49  0    24  786,149,500  25  1,179,500,000  8  Koboko DLG  2,014,500,000  43  0  0  0  0  43  2,014,500,000  9  Kyegegwa DLG  0  0  0  0  0  0  0  0    327    10  Lamwo DLG  4,803,163,682  106  0  0  0  0  106  4,803,163,682  11  Madi0Okollo DLG  610,500,000  11  0  0  0  0  11  610,500,000  12  Moyo DLG  1,604,500,000  29  0  0  29  1,604,500,000  0  0  13  Obongi DLG  1,998,000,000  36  36  1,998,000,000  0  0  0  0  14  Terego DLG  2,301,831,152  38  0  0  35  2,135,331,152  3  166,500,000  15  Yumbe DLG  3,420,300,000  56  0  0  56  3,420,300,000  0  0     Total  29,784,194,334  668  212  8,713,050,000  149  8,223,780,652  307  12,847,363,682    Appendix 6 d: DRDIP – Implementation of Sustainable Environmental Management FY2021/22      Sustainable Environmental Management FY2021/22  SN  Entity Name  Total funds  disbursed  Number  of  projects  funded  Fully Implemented  Partially implemented  Not implemented  Number  Subproject  Value  Number  Subproject  Value  Number   Subproject Value  1  Adjumani DLG  509,043,120  10  0  0  0  0  10  509,043,120  2  Arua DLG  0  0  0  0  0  0  0  0  3  Hoima DLG  1,412,387,418  26  0  0  0  0  26  1,412,387,418  4  Isingiro DLG  1,859,059,593  26  0  0  0  0  26  1,859,059,593  5  Kamwenge DLG  1,406,893,658            0  1,406,893,658  6  Kikuube DLG  1,935,293,956  26  0  0  0  0  26  1,935,293,956  7  Kiryandongo DLG  283,464,452  5  0  0  0  0  5  283,464,452  8  Koboko DLG  1,985,681,487  33  0  0  0  0  33  1,985,681,487  9  Kyegegwa DLG  1,322,186,276  5  0  0  0  0  5  1,322,186,276  10  Lamwo DLG  1,960,570,627  87  0  0    0  87  1,960,570,627  11  Madi0Okollo DLG  125,046,186  1  0  0  0  0  1  125,046,186  12  Moyo DLG  58,628,518  1  0  0  0  0  1  58,628,518  13  Obongi DLG  4,180,957,919  56  0  0  0  0  56  4,180,957,919  14  Terego DLG  2,664,680,803  33  0  0  0  0  33  2,664,680,803  15  Yumbe DLG  0  0  0  0  0  0  0  0     Total  19,703,894,013  309  0  0  0  0  309  19,703,894,013                    328    Appendix 6 e: DRDIP – Procurement and other issues  SN  Entity Name  No of  subpro jects  withou t ESN  plans  Amount  transferred to  SACCOs without  ESN plans  Procurements not cleared  by the CPMCs  Failure to appoint  contract managers from  sector specialists or  user groups  Idle Subprojects/not put  to use  Closed subprojects with  bank balances  Number  of files  for  procurem ents not  un  cleared  Value of  procurements  not un cleared  Num ber  Amount  Numbe r   Subproject  Value  Number  of  complet ed  subproj ects   Bank balance  1  Arua DLG  0  0  13  491,001,312      1  510,000,000  17  613,102,573  2  Hoima DLG  26  1,407,387,418      26  1,412,387,418  1  688,297,523  0  0  3  Kamwenge DLG  16  835,731,105          0  0  0  0  4  Kiryandongo DLG  11  7,327,345,726      5  283,464,450  14  1,070,510,393  0  0  5  Kyegegwa DLG  0  0  0  0  0  0  1  346,005,089  0  0  6  Lamwo DLG  1  1,010,000,000          0  0  0  0  7  Madi0Okollo DLG  0  0          1  511,378,045  0  0  8  Moyo DLG  3  1,705,000,000  0  0  0  0  3  1,540,000,000  24  656,944,873  9  Obongi DLG  0  0  49  1,392,416,899  36  20,164,999,998  3  2,577,000,000  0  0  10  Terego DLG  0  0  37  2,763,016,118  0  0  0  0  0  0  11  Yumbe DLG  0  0          8  4,203,990,984  25  1,481,757,510     Total  57  12,285,464,249  99  4,646,434,329  67  21,860,851,866  32  11,447,182,034  66  2,751,804,956    Appendix 6 f: DRDIP - Inspections of service delivery activities funded in 2019/20 and 2020/21      Inspections of service delivery activities funded in 2019/20 and 2020/21  SN  Entity Name  Infrastructure subprojects  Livelihood Subgroups  Sustainable  Environmental  Management  Fully implemented  Stalled Infrastructure  subprojects  Fully implemented  Partially implemented  Stalled SENRM  subprojects      Number  Subproject  Value  Number  Subproject  Value  Number  Subproject  Value  Number  Subproject  Value  Number  Subproject  Value  1  Adjumani DLG  4  4,203,784,747  0  0  0  0  3  70,100,000  10  542,077,962  2  Arua DLG  4  1,847,159,741  0  0  0  0  0  0  2  112,541,568  3  Hoima DLG  3        0  0  0  0      4  Isingiro DLG  6    1  1,921,428,820        3,567,700,000      5  Kamwenge DLG  3        3    0    10  646,977,898    329    6  Kikuube DLG  0  0  0  0  0  0  0  0  0  0  7  Kiryandongo DLG  3                    8  Koboko DLG  3  1,578,500,000  0  0  1  18,500,000      6  277,286,100  9  Kyegegwa DLG  12  8,614,602,139  1  1,800,000,000  0  0  0  0  0  0  10  Lamwo DLG                      11  Madi0Okollo DLG  2    0  0  4  0  0  0  0  0  12  Moyo DLG  1  580,000,000  0  0  1  55,500,000  3  55,500,000  1  54,285,664  13  Obongi DLG  2  1,300,000,000  1  419,597,795  3  59,500,000      88  4,836,949,177  14  Terego DLG          2    0    32  2,174,274,965  15  Yumbe DLG  23  12,862,999,998  0  0  0    19  1,572,500,000  30  1,304,714,817     Total  66  30,987,046,625  3  4,141,026,615  14  133,500,000  25  5,265,800,000  179  9,949,108,151        Appendix 7 a: Budget allocation of the micro scale irrigation program  sn  Entity  Capital Development (micro scale irrigation equipment)  (75%)  Complementary services (25%)      Revised budget  %  Allocation  of the total  budget  Ideal allocation  Variance  (%)  Revised budget  % Allocation  of the total  budget  Ideal allocation  Variance (%)  1  Mpigi DLG  734,989,017  71%  780,482,882  4%  305,654,825  29%  260,160,961  04%  2  Kibaale DLG  577,722,783  71%  613,342,078  4%  240,066,654  29%  204,447,359  04%  3  Rakai DLG  878,113,973  71%  932,467,475  4%  365,175,993  29%  310,822,492  04%  4  Kitagwenda DLG  514,158,151  70%  548,259,404  5%  216,854,388  30%  182,753,135  05%  5  Kapchorwa DLG  200,000,000  71%  212,649,000  4%  83,532,000  29%  70,883,000  04%  6  Manafwa DLG  472,853,078  71%  502,121,624  4%  196,642,420  29%  167,373,875  04%  7  Omoro DLG  546,269,790  71%  580,080,380  4%  227,170,716  29%  193,360,127  04%  8  Amuru DLG  916,444,429  74%  933,446,948  1%  328,151,502  26%  311,148,983  01%     Total  4,840,551,221  71%  5,102,849,789  4%  1,963,248,498  29%  1,700,949,930  04%                  330    Appendix 7 b: Slow implementation of the micro scale irrigation program  sn  Entity name  %  perform ance of  the  budget  Budget  Warrants/  Release  Total  expenditure  Unspent  %  total  absor ption  %  absorp tion of  irrigati on  equip ment  funds  Farme rs  who  expre ssed  intere st and  passe d the  selecti on  criteri a  Num ber  of  farm ers  who  co0f unde d  Numb er of  farme rs  who  receiv ed  equip ment  Co0fu nded  but  didn't  receiv e  equip ment  Recei ved  equip ment  but  did  not  co0fu nd  1  Amuru DLG  100%  1,244,595,931  1,244,595,931  963,852,269  280,743,662  77%  66%  145  57  57  0  0  2  Bududa DLG  100%  1,261,452,695  1,261,452,695  244,992,927  1,016,459,768  19%  0%  108  2  0  2  0  3  Buikwe DLG  100%  600,773,619  600,773,617  600,773,617  0  100%  100%  123  15  0  15  0  4  Bukomansimbi DLG  100%  576,697,948  576,697,948  320,084,565  256,613,383  56%  41%  65  8  8  0  0  5  Bushenyi DLG  100%  714,525,040  714,525,040  78,378,605  636,146,435  11%  2%  55  7  1  6  0  6  Butambala DLG  100%  387,484,208  387,484,208  221,610,994  165,873,214  57%  47%  180  8  8  0  0  7  Ibanda DLG  92%  627,600,529  574,758,360  562,258,360  12,500,000  98%  97%  115  21  21  0  0  8  Iganga DLG  100%  1,329,616,690  1,329,616,690  293,479,474  1,036,137,216  22%  13%  133  15  7  8  0  9  Jinja DLG  100%  903,060,636  903,060,636  265,244,129  637,816,507  29%  6%  507  7  0  7  0  10  Kalungu DLG  100%  664,507,456  664,507,456  245,494,700  419,012,756  37%  16%  68  14  6  8  0  11  Kamuli DLG  82%  2,516,077,965  2,070,086,405  277,743,610  1,792,342,795  13%  0%  447  10  0  10  0  12  Kamwenge DLG  100%  1,233,481,824  1,233,481,824  422,241,549  811,240,275  34%  14%  380  26  19  7  0  13  Kapchorwa DLG  100%  283,532,000  283,532,004  41,395,400  242,136,604  15%  0  51  0  0  0  0  14  Kayunga DLG  100%  1,586,903,581  1,587,307,162  789,024,134  798,283,028  50%  33%  194  19  19  0  0  15  Kibaale DLG  97%  817,789,437  793,504,089  343,540,164  449,963,925  43%  100%  275  7  6  1  0  16  Kitagwenda DLG  96%  731,012,539  701,940,707  240,883,874  461,056,833  34%  7%  43  6  0  6  0  17  Kyegegwa DLG  100%  1,668,838,687  1,668,838,687  921,616,030  747,222,657  55%  42%  120  32  32  0  0  18  Kyenjojo DLG  95%  1,968,068,801  1,873,486,962  816,122,258  1,057,364,704  44%  27%  257  16  16  0  0  19  Kyotera DLG  100%  1,000,840,870  1,000,840,870  206,116,680  794,724,190  21%  0%  624  16  5  11  0  20  Luuka DLG  100%  1,098,808,508  1,098,808,508  185,288,340  913,520,168  17%  0%  103  0  0  0  0  21  Luwero DLG  97%  1,884,516,915  1,827,314,725  496,853,038  1,330,461,687  27%  3%  222  6  2  4  0  22  Lwengo DLG  97%  1,008,665,475  983,179,605  349,181,500  633,998,105  36%  10%  40  7  5  2  0  23  Manafwa DLG  100%  669,495,498  669,495,598  178,080,000  491,415,598  27%  0%  119  1  0  1  0  24  Masaka DLG  100%  460,800,276  460,800,276  191,012,556  269,787,720  41%  22%  123  6  5  1  0  25  Mayuge DLG  100%  2,406,225,383  2,406,225,383  691,749,954  1,714,475,429  29%  6%  657  6  0  6  0  26  Mbale DLG  100%  978,155,227  978,155,227  978,155,227  0  100%  100%  250  9  29  0  20    331    27  Mityana DLG  100%  982,194,028  982,194,028  959,359,474  22,834,554  98%  98%  197  52  52  0  0  28  Mpigi DLG  97%  1,040,643,842  1,008,928,121  682,186,048  326,742,073  68%  53%  82  12  19  0  7  29  Mubende DLG  101%  1,785,183,070  1,805,183,070  360,241,350  1,444,941,720  20%  0%  113  30  13  17  0  30  Mukono DLG  97%  1,860,330,289  1,810,490,757  1,192,689,171  617,801,586  66%  56%  603  84  56  28  0  31  Nakaseke DLG  100%  1,104,507,315  1,104,507,315  687,041,722  417,465,593  62%  50%  877  20  20  0  0  32  Ntungamo DLG  94%  1,848,548,683  1,740,797,344  229,477,125  1,511,320,219  13%  0%  0  0  0  0  0  33  Nwoya DLG  100%  1,506,270,774  1,506,270,774  1,282,287,149  223,983,625  85%  80%  120  6  4  2  0  34  Omoro DLG  100%  773,440,506  773,440,506  753,058,716  20,381,790  97%  98%  55  13  13  0  0  35  Rakai DLG  98%  1,243,289,966  1,212,437,391  450,270,049  762,167,342  37%  10%  170  16  3  13  0  36  Rukungiri DLG  97%  1,222,690,787  1,182,235,981  1,182,235,981  0  100%  100%  554  42  42  0  0  37  Sembabule DLG  99%  1,321,944,507  1,312,934,328  381,925,415  931,008,913  29%  4%  143  18  3  15  0  38  Sironko DLG  100%  960,526,097  960,526,097  244,992,927  715,533,170  26%  0%  224  0  0  0  0  39  Tororo DLG  97%  2,146,943,614  2,082,453,632  421,412,670  1,661,040,962  20%  0%  17  17  0  17  0  40  Wakiso DLG  100%  3,661,748,235  3,661,748,235  970,978,292  2,690,769,943  27%  2%  222  11  8  3  0      98%  50,081,789,4 51  49,038,618,1 92  20,723,330,0 43  28,315,288,1 49  42%    8,781  642  479  190  27          Appendix 7 c: Slow implementation of the micro scale irrigation program  sn  Entity name  Total value  of the  equipment  co-funded  Required co- funding  Total  Amount co- funded  Partial  co- funding  Co-funded  but didn’t  receive  amount  Nu mbe r  insp ecte d  Numb er  instal led  and  functi onal  Num ber  insta lled  and  not  funct ional  Nu mb er  not  inst alle d   Co- funding  amount  for  inspected  projects  Planne d  Numb er of  irrigati on  equip ment  Numbe r  Sensitiz ed  1  Amuru DLG  605,071,628  151,267,907  151,267,907  0  0  0  0  0  0  0  140  NS  2  Bududa DLG  0  0  4,349,650  0  4,349,650  0  0  0  0  NP  108  NS  3  Buikwe DLG  224,115,393  56,028,848  58,804,360  0  58,804,360  1  0  1  0  5,414,418  123  1508  4  Bukomansimbi DLG  175,340,064  43,835,016  43,835,016  0  0  3  3  0  0  NP  23  1436  5  Bushenyi DLG  13,911,600  3,477,900  3,477,175  0  2,980,436  1  1  0  0  3,477,900  55  4291  6  Butambala DLG  124,801,000  31,200,250  30,989,750  210,500  0  5  5  0  0  21,389,250  30  920  7  Ibanda DLG  451,851,264  112,962,816  120,000,000  0  0  3  3  0  0  16,535,172  34  356  8  Iganga DLG  131,101,400  32,775,350  32,775,350  0  17,480,187  4  0  0  4  20,972,725  133  NS  9  Jinja DLG  72,400,500  18,100,125  20,000,875  0  20,000,875  0  0  0  0  0  60  1708  10  Kalungu DLG  79,449,700  19,862,425  19,862,425  0  11,349,957  2  2  0  0  NP  68  212    332    11  Kamuli DLG  159,154,380  39,788,595  39,788,595  0  39,788,595  0  0  0  0  NP  88  NS  12  Kamwenge DLG  257,199,816  64,299,954  78,447,943  0  21,120,600  5  5  0  0  18,639,250  45  800  13  Kapchorwa DLG  0  0  0  0  0  0  0  0  0  0  51  500  14  Kayunga DLG  235,175,004  58,793,751  35,988,804 22,804,947  0  19  5  0  14  26,503,400  194  1450  15  Kibaale DLG  103,473,510  25,868,378  25,868,375  0  3,695,482  4  2  0  2  4,418,350  60  NS  16  Kitagwenda DLG  0  0  30,555,000  0  30,555,000  0  0  0  0  NP  43  NS  17  Kyegegwa DLG  621,067,534  155,266,884  164,315,300  0  0  5  5  0  0  20,906,578  85  200  18  Kyenjojo DLG  398,210,612  99,552,653  99,552,653  0  0  2  2  0  0  11,303,350  78  2034  19  Kyotera DLG  71,550,500  17,887,625  17,887,625  0  12,297,742  2  2  0  0  8,821,750  60  2054  20  Luuka DLG  0  0  0  0  0  0  0  0  0  0  60  NS  21  Luwero DLG  37,458,628  9,364,657  7,936,150  1,428,507  0  2  2  0  0  17,673,400  100  NS  22  Lwengo DLG  74,389,000  18,597,250  18,597,250  0  5,313,500  2  2  0  0  11,175,000  40  1478  23  Manafwa DLG  472,853,178  118,213,295  0  0  0  0  0  0  0  NP  67  NS  24  Masaka DLG  75,808,490  18,952,123  24,661,850  0  4,110,308  2  2  0  0  9,312,194  50  450  25  Mayuge DLG  93,296,396  23,324,099  23,324,401  0  23,324,401  0  0  0  0  0  259  1795  26  Mbale DLG  731,116,421  182,779,105  123,475,656 59,303,449 (274,390,347)  2  0  2  0  NP  29  NS  27  Mityana DLG  736,645,518  184,161,380  189,710,836  0  0  3  2  1  0  NP  52  NS  28  Mpigi DLG  242,976,116  60,744,029  29,967,904 30,776,125  (17,481,277)  12  8  0  4  21,552,821  56  NS  29  Mubende DLG  549,606,541  137,401,635  132,383,729  5,017,906  75,017,446  5  5  0  0  NP  113  783  30  Mukono DLG  842,077,809  210,519,452  122,920,051 87,599,401  40,973,350  4  4  0  0  25,040,290  171  NS  31  Nakaseke DLG  412,390,242  103,097,561  110,919,223  0  0  4  4  0  0  21,340,750  60  3498  32  Nwoya DLG  37,636,769  9,409,192  18,662,500  0  0  0  0  0  0  0  120  NS  33  Omoro DLG  133,915,000  33,478,750  36,983,750  0  0  6  6  0  0  0  55  480  34  Rakai DLG  85,094,056  21,273,514  21,273,514  0  17,284,730  3    0  3    127  549  35  Rukungiri DLG  874,541,222  218,635,306  254,095,279  0  0  45  42  0  3  NP  60  44  36  Sembabule DLG  38,966,500  9,741,625  9,741,625  0  8,118,021  2  2  0  0  6,299,125  145  652  37  Sironko DLG  0  0  0  0  0  0  0  0  0  NP  224  NS  38  Tororo DLG  200,411,950  50,102,988  45,964,915  4,138,073  45,964,915  0  0  0  0  NP  215  NS  39  Wakiso DLG  30,695,563  7,673,891  64,219,332  0  17,514,363  5  3  0  2  17,929,213  200  4289      9,393,753,30 4  2,348,438,32 7  2,212,604,76 8  211,278,9 08  168,172,295  153  117  4  32  288,704,9 36  3,681  31,487  NP – Co-funding not provided, NS – Farmers not sensitised                333    Appendix 8 a: Support to organised groups for improvement of people’s livelihood - Funding  SN  Entity Name  Budget performance  Delayed disbursement of  funds  Unaccounted  funds disbursed  to groups      Approved  budget  Warrant/  Release  %age  performan ce   Transfer to  groups  %  Absorptio n  Number of  groups that  delayed to  receive funds  Average  delay  (Months)    1  Bukedea DLG  250,000,000  64,200,000  26%  60,000,000  93%  9  2.5  0  2  Buliisa DLG  36,750,000  30,700,000  84%   30,000,000  98%  11  5.5  8,000,000  3  Butambala DLG  225,750,000  95,900,000  42%   90,500,000  94%  3  9  0  4  Hoima City  42,000,000  39,590,000  94%  27,590,000  70%  8  2.3  0  5  Hoima DLG  56,710,000  56,710,000  100%  53,000,000  93%  20  2  53,000,000  6  Kabarole DLG  288,180,385  21,000,000  7%   20,000,000  95%  1  5  0  7  Kakumiro DLG  70,620,000  70,620,000  100%  65,980,000  93%  24  3.9  0  8  Kaladi DLG  120,000,000  120,000,000  100%  61,000,000  51%  13  3  0  9  Kapelebyong DLG  128,400,000  128,400,000  100%  128,400,000  100%  16  1.5  0  10  Kasese DLG  350,000,000  21,000,000  6%   20,000,000  95%  4  5  0  11  Kayunga DLG  400,000,000  111,720,000  28%   95,000,000  85%  7  5.7  95,000,000  12  Kibaale DLG  100,500,000  22,470,000  22%   21,000,000  93%  9  7  21,000,000  13  Kikuube DLG  36,750,000  23,540,000  64%  22,000,000  93%  8  2  0  14  Kyenjojo DLG  526,228,220  10,500,000  2%   10,500,000  100%  1  3  10,500,000  15  Luwero DLG  175,000,000  175,000,000  100%  175,000,000  100%  11  3  0  16  Masindi DLG  191,904,000  23,540,000  12%  22,000,000  93%  7  3.5  13,000,000  17  Masindi MC  344,123,000  300,707,293  87%  277,000,000  92%  8  2  0  18  Mityana DLG  0  52,500,000     0  0%  0  1.5  0  19  Mukono DLG  72,450,000  47,200,000  65%   45,000,000  95%  4  1  0  20  Nakaseke DLG  270,000,000  124,575,000  46%  122,742,000  99%  2  2.5  48,010,000  21  Nakasongola DLG  63,000,000  71,000,000  113%  71,000,000  100%  0  0  0  22  Ngora DLG  270,000,000  0  0%   0  0%  0  0  0  23  Soroti DLG  124,200,000  118,200,000  95%  118,200,000  100%  0  0  0  24  Wakiso DLG  1,287,000,000  742,190,000  58%   733,800,000  99%  2  5  0    Total  5,429,565,605  2,471,262,293  46%  2,269,712,000  92%  168    248,510,000              334    Appendix 8 b: Support to organised groups for improvement of people’s livelihood – Inspection of micro projects  SN  Entity Name  Funding of groups above the  maximum threshold  Physical Inspection of supported micro projects      Number of  groups funded  above threshold   Amount of  excess  disbursement  Number of  groups  inspected   Amount of  funds disbursed  to projects  inspected  Number of  projects that  were in  existence  Number of groups  that implemented  the approved  project  Number of  groups that  implemented  un-approved  projects  1  Bukedea DLG  0  0  5  24,300,000  5  3  2  2  Buliisa DLG  0  0  4  8,000,000  4  1  3  3  Butambala DLG  2  1,000,000  4  40,000,000  4  4  0  4  Hoima City  0  0  2  6,000,000  2  1  1  5  Hoima DLG  0  0  4  26,000,000  4  3  1  6  Kabarole DLG  0  0  2  20,000,000  2  1  1  7  Kakumiro DLG  0  0  8  22,000,000  8  6  2  8  Kaladi DLG  0  0  3  14,000,000  3  3  0  9  Kapelebyong DLG  0  0  3  18,500,000  3  3  0  10  Kasese DLG  0  0  2  10,000,000  2  2  0  11  Kayunga DLG  2  25,000,000  2  20,000,000  2  2  0  12  Kibaale DLG  0  0  3  8,500,000  3  3  0  13  Kikuube DLG  0  0  2  5,000,000  2  2  0  14  Kyenjojo DLG  0  0  1  10,000,000  1  1  0  15  Luwero DLG  0  0  7  0  7  6  1  16  Masindi DLG  0  0  5  16,000,000  5  3  2  17  Masindi MC  0  0  5  12,000,000  5  2  3  18  Mityana DLG  0  0  0  0  0  0  0  19  Mukono DLG  1  5,000,000  3  45,000,000  3  3  0  20  Nakaseke DLG  1  8,000,000  6  59,500,000  6  6  0  21  Nakasongola DLG  0  0  4  50,000,000  2  2  2  22  Ngora DLG  0  0  0  0  0  0  0  23  Soroti DLG  0  0  2  8,000,000  2  2  0  24  Wakiso DLG  27  182,000,000  7  80,000,000  7  7  0    Total  33  221,000,000  84  502,800,000  82  66  18              335    Appendix 9: Operationalisation of new cities  SN  Entity  Name  Budget Performance  Local revenue sharing  Approved budget  Actual  collections  Shortfall  %age  shortfall  Expected  remittance to  Division   Actual  remittance to  Divisions  Under- remittance  %age  Under- remitted  1  Jinja  58,090,748,734  50,969,290,015  7,121,458,719  12%  1,844,294,373  1,593,317,055  250,977,318  14%  2  Mbarara  62,491,147,300  56,163,575,756  6,327,571,544  10%  1,699,120,258  1,583,212,950  115,907,308  7%  3  Mbale  54,509,554,490  54,509,554,490  0  0%  784,455,187  594,895,194  189,559,993  24%  4  Hoima  33,529,655,343  32,440,208,365  1,089,446,978  3%  875,092,462  654,869,681  220,222,781  25%  5  Soroti  32,245,918,630  27,191,436,469  5,054,482,161  16%  0  0  0  0%  6  Fort portal  32,686,993,162  31,666,904,298  1,020,088,864  3%  1,041,451,036  1,041,451,036  0  0%  7  Lira  54,602,635,918  42,012,644,858  12,589,991,060  23%  0  0  0  0%  8  Masaka  42,593,236,710  39,377,424,934  3,215,811,776  8%  1,038,919,625  1,079,682,076  (40,762,452)  04%  9  Arua  45,846,863,296  43,619,346,734  2,227,516,562  5%  1,500,454,549  1,454,515,574  45,938,975  3%  10  Gulu  51,960,870,117  49,386,722,617  2,574,147,500  5%  1,246,807,408  1,619,093,938  (372,286,531)  030%    Total  468,557,623,700  427,337,108,536  41,220,515,164  9%  10,030,594,896  9,621,037,504  409,557,393  4%    Appendix 10 a: Funding and absorption of UGIFT  SN.",delay_time_overrun,delay_time_overrun|procurement_irregularities,2,Program FY2021/22      Livelihoods Program FY2021/22  SN  Entity Name  Total funds  disbursed    ; program  sn  Entity  Capital Development (micro scale irrigation equipment)  (75%)  Complementary,,,,True
2022,2022_AGRPT@CON2022.pdf,579,  I noted avoidable expenditure on the procurement of M-Cash Uganda Limited as an E-Voucher management  agency at a cost of UGX.6.8Bn.,procurement_irregularities,procurement_irregularities,1,,Limited as an E-Voucher management  agency at a cost of UGX,agency at a cost of UGX,,False
2022,2022_AGRPT@CON2022.pdf,579,"  Physical inspection of three (3) construction projects worth UGX.22Bn namely; Irrigation Scheme in Acomai,  National Metrology Laboratory at UNBS and holding grounds at Gwot Apwoyo Zonal Animal Disease control center  revealed that works were behind schedule which will result in delayed service delivery to the citizens.",delay_time_overrun,delay_time_overrun,1,,,,,True
2022,2022_AGRPT@CON2022.pdf,579,  There was only one Multi-sectoral Steering committee sitting during the year out of the mandatory two (2) which  is a major internal control weakness and exposes the Project to performance challenges such as delays in project  implementation and unsatisfactory quality of works among others  4.,governance_and_controls,governance_and_controls,1,Project to performance challenges such as delays in project  implementation and unsatisfactory qu,,,,True
2022,2022_AGRPT@CON2022.pdf,579,  I undertook field inspections and noted that a number of project works were behind schedule which resulted into  delayed service delivery.,delay_time_overrun,delay_time_overrun,1,project works were behind schedule which resulted into  delayed service delivery,,,,True
2022,2022_AGRPT@CON2022.pdf,579,"  I noted challenges in the progress of the Atyak sugarcane production project in Northern Uganda due to a number  of challenges such as adverse weather and field conditions at the Atiak Site, shortage of seed cane within the    361    proximity of the sites, fire outbreaks destroying substantial acreage of the plantation and the decision to  temporarily halt the operations in a bid to mechanise the process.",procurement_irregularities,procurement_irregularities,1,project in Northern Uganda due to a number  of challenges such as adverse weather and field condi,,,,False
2022,2022_AGRPT@CON2022.pdf,579,"  Review of management of IT investments revealed several shortcomings such as lack of specific structures that  steer and oversee ICT implementation, delayed implementation of 1 IT project, un integrated Agri-monitoring  Monitoring System (NAMS) that is not interfaced with other systems, lack of clearance for procurement of 12 IT  systems/equipment worth UGX 0.146Bn by NITA-U and lack of specific structures that steer and oversee ICT  implementation.",procurement_irregularities,procurement_irregularities,1,"project, un integrated Agri-monitoring  Monitoring System (NAMS) that is not interfaced with othe",,,,False
2022,2022_AGRPT@CON2022.pdf,579,"Failure to budget for Pension  arrears, delayed access of pensioners to the pension Payroll, Unreconciled Pension payroll register and pension  interface file and Payment of unverified Residual Pension Arrears.",delayed_payments,delayed_payments,1,,,,,False
2022,2022_AGRPT@CON2022.pdf,579,"The Accounting Officers  attributed the delays to late or partial release of funds, failure to complete procurement processes on time and  disruptions due to the Covid pandemic in some cases.",delay_time_overrun,delay_time_overrun|procurement_irregularities,2,,,,,False
2022,2022_AGRPT@CON2022.pdf,579,"Non-compliance with Income Tax Act  may precipitate tax penalties from Uganda Revenue Authority, leading to financial loss for the project.",contract_management,contract_management,1,project,,"Authority, leading to financial loss for the project",,False
2022,2022_AGRPT@CON2022.pdf,579,  The Uganda Land Commission was not involved in the procurement of the land since the entity did not obtain any  approvals from ULC as required.,procurement_irregularities,procurement_irregularities,1,,,Commission was not involved in the procurement of the land since the entity did not obtain,,False
2022,2022_AGRPT@CON2022.pdf,579,  I noted delayed completion of the UPDF National Referral Hospital at Lower Mbuya which resulted in delayed  service delivery.,delay_time_overrun,delay_time_overrun,1,,,,,True
2022,2022_AGRPT@CON2022.pdf,579,I also noted that the  project had not embarked on the procurement/ engagement process of the Capacity-Building Partners (CBPs)    I noted that the project had outstanding commitments to the tune of UGX.,procurement_irregularities,procurement_irregularities,1,project had not embarked on the procurement/ engagement process of the Capacity-Building Partners; project had outstanding commitments to the tune of UGX,,,,True
2022,2022_AGRPT@CON2022.pdf,579,  I noted shortcomings in regard to procurement and utilization of IT equipment i.e.,procurement_irregularities,procurement_irregularities,1,,,,,False
2022,2022_AGRPT@CON2022.pdf,579,"389      Inspection of the progress of the project works at four (4) sites revealed that; works at Kyanja had stalled, delayed  completion of works at Kalerwe and inadequate contract management at Nakawa, City Square and Kalerwe.",delay_time_overrun,delay_time_overrun|contract_management,2,"project works at four (4) sites revealed that; works at Kyanja had stalled, delayed  completion o",,,,True
2022,2022_AGRPT@CON2022.pdf,579,"  The project had accumulated arrears amounting to USD 340,298 at the end of the financial year.",delayed_payments,delayed_payments,1,"project had accumulated arrears amounting to USD 340,298 at the end of the financial year",,,,False
2022,2022_AGRPT@CON2022.pdf,579,  There was delayed approval of strategic plans at only 86% due to non-compliance and delays in responding by  the respective MDAs’ and LGs’ to the various review comments raised by NPA.,contract_management,contract_management,1,,,,,False
2022,2022_AGRPT@CON2022.pdf,579,"This implies that most activities budgeted for were not carried out, which  may lead to failure to complete the project in the planned time frame.",delay_time_overrun,delay_time_overrun,1,project in the planned time frame,,,,False
2022,2022_AGRPT@CON2022.pdf,579,"  The project procured coffee and vanilla seedlings worth UGX.1,499,000,000 which were not included in the  procurement/work plan for the year ended 30th June 2021.",procurement_irregularities,procurement_irregularities,1,project procured coffee and vanilla seedlings worth UGX,,,,False
2022,2022_AGRPT@CON2022.pdf,579,  The entity incurred Nugatory expenditure -Interest on delayed payments worth UGX.94m    The Authority managed to recover only UGX.1.46Bn out of UGX.4.628Bn YLP funds disbursed to the youth groups  since the programme’s inception.,claims_and_disputes,claims_and_disputes|delayed_payments,2,programme’s inception,,Authority managed to recover only UGX,,False
2022,2022_AGRPT@CON2022.pdf,579,"  The Project Management spent UGX.558,001,750 to settle interest accrued on delayed payment of Interim  Payment Certificates (IPC) without justification.",delayed_payments,delayed_payments,1,Project Management spent UGX,,,,False
2022,2022_AGRPT@CON2022.pdf,579,"  Although the entity had an approved Procurement Plan, procurements worth UGX.286,095,641 for Medical  Insurance, were undertaken outside the approved procurement plan.",procurement_irregularities,procurement_irregularities,1,,,,,False
2022,2022_AGRPT@CON2022.pdf,579,"  I noted that 2 procurements for Heating Oil were undertaken using the request for quotation, and direct  procurement method, without a clear justification for the direct procurement method.",procurement_irregularities,procurement_irregularities,1,,,,,False
2022,2022_AGRPT@CON2022.pdf,579,  The entity procured several items that were not on the Mission’s approved procurement plan.,procurement_irregularities,procurement_irregularities,1,,,,,False
2022,2022_AGRPT@CON2022.pdf,579,"Out of the seven (7)  procurements sampled, there was no evidence of evaluation done and there were no contract managers.",procurement_irregularities,procurement_irregularities,1,,,,,False
2022,2022_AGRPT@CON2022.pdf,579,  I noted that some procurements carried out were not included in the procurement plan.,procurement_irregularities,procurement_irregularities,1,,,,,False
2022,2022_AGRPT@CON2022.pdf,579,"  The Accounting Officer did not appoint contract managers for the procurements worth GBP.113,788 (equivalent  to UGX.522Mn) during the year under review.",procurement_irregularities,procurement_irregularities,1,,,,,False
2022,2022_AGRPT@CON2022.pdf,579,"Failure to appoint contract managers is irregular and may lead to  challenges in contract implementation going un detected by management, in the absence of close supervision of  the performance of such contracts.",contract_management,contract_management,1,,,,,False
2022,2022_AGRPT@CON2022.pdf,579,"2020/21    Opinion  Unqualified    The Accounting Officer did not appoint contract managers for the procurements worth GBP.58,231 (equivalent to  UGX.287Mn) during the year under review.",procurement_irregularities,procurement_irregularities,1,,,,,False
2022,2022_AGRPT@CON2022.pdf,579,"Failure to appoint contract managers is irregular and may lead to  challenges in contract implementation going un detected by management, in the absence of close supervision of  the performance of such contracts.",contract_management,contract_management,1,,,,,False
2022,2022_AGRPT@CON2022.pdf,579,"  At the time of audit inspection the renovation works for the chancery had stalled due to delayed payments dating  back to February 2022,and this exposed the Mission to extra monthly costs such as; rent for new    419    Chancery;Euros.21,750, rent for Warehouse; Euros 1,571, security costs and remobilization of workers.",delay_time_overrun,delay_time_overrun|delayed_payments,2,,,,,True
2022,2022_AGRPT@CON2022.pdf,579,o  Delays in completion of design reviews which delayed timely issuance of instructions to Contractors.,delay_time_overrun,delay_time_overrun,1,,,,,True
2022,2022_AGRPT@CON2022.pdf,579,"  There was delayed completion of 22 road with a total contract value of UGX.82,177,512,239.",delay_time_overrun,delay_time_overrun,1,,,,,True
2022,2022_AGRPT@CON2022.pdf,579,"The  contractors delayed to mobilize heavy machinery and equipment for works, slow progress by management to  secure a right of way due to slow compensation to people affected by the road project (PAPs) and COVID-19  pandemic whereby the Contractors could not carry out the activities as planned due to restricted movements both  local and international.",land_and_right_of_way,land_and_right_of_way,1,project (PAPs) and COVID-19  pandemic whereby the Contractors could not carry out the activities ,,,,True
2022,2022_AGRPT@CON2022.pdf,579,"  Management used direct procurement method and entered into a contract with M/S Kiira Motor Corporation to  supply one (1) unit of Kayoola Diesel Coach at a contract price of UGX.519,687,420 on 28th February 2022.",procurement_irregularities,procurement_irregularities,1,,M/S Kiira Motor Corporation to  supply one (1) unit of Kayoola Diesel Coach at a co,Corporation to  supply one (1) unit of Kayoola Diesel Coach at a contract price of UGX,,False
2022,2022_AGRPT@CON2022.pdf,579,"  Inspection of the project for Construction of the Sleeper making Factory at Kawolo Station at contract sum of  EUR.19,840,000 revealed that progress of works was approximately at 55% and land left outside the fence had  been encroached.",land_and_right_of_way,land_and_right_of_way,1,project for Construction of the Sleeper making Factory at Kawolo Station at contract sum of  EUR,,,,True
2022,2022_AGRPT@CON2022.pdf,579,"  I further noted that some of the project components had not been implemented at the time of audit these include;  Training in labor based construction techniques, Refurbishment of a post-crash care center and procurement of  theatre equipment.",procurement_irregularities,procurement_irregularities,1,project components had not been implemented at the time of audit these include;  Training in labo,,,,True
2022,2022_AGRPT@CON2022.pdf,579,"Road Sector Support Project 4 (RSSP–4),  for the upgrading of Kigumba – Masindi  – Hoima – Kabwoya Road Project  implemented by UNRA    I noted during various grievances relating with the resettlement of PAPs for Lot 1.",land_and_right_of_way,land_and_right_of_way,1,"Project 4 (RSSP–4),  for the upgrading of Kigumba – Masindi  – Hoima – Kabwoya Road Project  impl",,,,True
2022,2022_AGRPT@CON2022.pdf,579,"  While UNRA obtained a certificate of no objection for the construction and construction supervision of Hoima Town  roads, certificate of no-objection was not obtained for the construction and construction supervision of Masindi  and Kigumba Town roads due to delays in approvals by the funders.",contract_management,contract_management,1,,,,,True
2022,2022_AGRPT@CON2022.pdf,579,  Contrary to the requirements of Clause 2.1 of the Contract Agreement between UNRA and the Contractor I noted  that there were still some sections of the road that had pending land acquisition issues that needed to be  addressed.,land_and_right_of_way,land_and_right_of_way,1,,,,,True
2022,2022_AGRPT@CON2022.pdf,579,Opinion    I noted the following during the audit in relation to land acquisition:    436    Unqualified    Compensation for PAPs in ROW on the entire completed road Section (Km 100.4) stands at 99.7% with 0.3%  represented by six (6) PAPs (according to UNRA Compensation Status Report dated 8th July 2022) outstanding as  these still have unresolved issues like court cases and family disputes.,claims_and_disputes,claims_and_disputes|land_and_right_of_way,2,,,,,True
2022,2022_AGRPT@CON2022.pdf,579,"Furthermore, due to delayed  procurement, prolonged acquisition of the Project right-of-way, and slow execution of works by the Contractors,  the initial disbursement deadline of 31st December 2020 was extended to 31st December 2024.",procurement_irregularities,procurement_irregularities,1,"Project right-of-way, and slow execution of works by the Contractors,  the initial disbursement d",,,,True
2022,2022_AGRPT@CON2022.pdf,579,"The slippage of 15.95% recorded was attributed to  encumbrances on land on sections that required extra land take beyond the 30m standard Right of Way, excessive  rainfall in the region, and the Contractors restricted access to Ishasha Bridge.Time elapsed as of 30th June 2022  was 43.8 months representing 88.3% of the total extended civil works contract duration of (49.6 months).",land_and_right_of_way,land_and_right_of_way,1,,,,,True
2022,2022_AGRPT@CON2022.pdf,579,"  There was a delay in conducting consultancy services procurement processes from initiation to contract signature;  The procurement to conduct gender awareness took 1,513 days (equivalent to 4 years and 2 months)    437    13.",procurement_irregularities,procurement_irregularities,1,,,,,False
2022,2022_AGRPT@CON2022.pdf,579,2022    Opinion  Unqualified      A review of the Interim payment certificates (IPCs) established that there was delayed certification of contractor’s  IPCs and subsequently delayed payments beyond the stipulated time period of 56 days with a time lag ranging  from 23-122 days for GOU portion and 44-101 days for IsDB portion.,delayed_payments,delayed_payments,1,,,,,True
2022,2022_AGRPT@CON2022.pdf,579,This was attributed to delayed compensation of project affected persons.,land_and_right_of_way,land_and_right_of_way,1,project affected persons,,,,False
2022,2022_AGRPT@CON2022.pdf,579,"20,152,565,660 due to delayed payment of claims under the contract for Provision of  works and Services.",delayed_payments,delayed_payments,1,,,,,True
2022,2022_AGRPT@CON2022.pdf,579,"  A review of the ICT governance structure of the entity revealed that despite the deployment of the Building Industry  Management System (BIMS) countrywide, there are no specific structures that steer and oversee IT  implementation, no approved IT risk management framework/policy at the entity and no business continuity plan  contrary to Section 4.6 of the National Information Security Policy 2014.",governance_and_controls,governance_and_controls,1,,,,,True
2022,2022_AGRPT@CON2022.pdf,579,"These funds were  meant for activities that were not fully implemented by the end of the financial year, and these include;  Procurement of ICT equipment, Procurement of a healthcare insurance scheme for staff, Advertising and marketing  campaigns.",procurement_irregularities,procurement_irregularities,1,,,,,False
2022,2022_AGRPT@CON2022.pdf,579,"Public Procurement and Disposal of  Public Assets Authority (PPDA)    Opinion  Unqualified    PPDA had an approved budget of UGX.23.28Bn out of which UGX.19.52Bn was warranted, resulting into a shortfall  of UGX.3.76Bn which represents 16.15% of the approved budget.",procurement_irregularities,procurement_irregularities,1,,,Authority (PPDA)    Opinion  Unqualified    PPDA had an approved budget of UGX,,False
2022,2022_AGRPT@CON2022.pdf,579,"  A total of USD.7,417,107 was spent by the project on various procurements for which there was no market price  assessment.",procurement_irregularities,procurement_irregularities,1,project on various procurements for which there was no market price  assessment,,,,False
2022,2022_AGRPT@CON2022.pdf,579,No value for money was achieved in the  procurement.,procurement_irregularities,procurement_irregularities,1,,,,,False
2022,2022_AGRPT@CON2022.pdf,579,"   Whereas there were set standards for the financial management and monitoring of performance of the grant, to  a tune of UGX.4,728,805,337, the project is coming to an end without proper modalities for monitoring and  supervision.",contract_management,contract_management,1,project is coming to an end without proper modalities for monitoring and  supervision,,,"grant, to  a tune of UGX",False
2022,2022_AGRPT@CON2022.pdf,579,Delayed  settlement of arrears could lead to costly litigation and loss to government.,claims_and_disputes,claims_and_disputes|delayed_payments,2,,,,,False
2022,2022_AGRPT@CON2022.pdf,579,"  Management spent a total of UGX.248.883Mn on micro procurements without use of request for quotations,  contrary to the PPDA Act Section 79 (1) Subsection 5(C) and 7(C) Fourth Schedule, that specifies the conditions  for use of Procurement Methods for Micro Procurement and Quotation and proposal method.",procurement_irregularities,procurement_irregularities,1,,,,,False
2022,2022_AGRPT@CON2022.pdf,579,"  The Directorate irregularly used direct procurement for the purchase of vehicles at a cost of UGX.1.046Bn, contrary  to PPDA Guidelines 2014 Paragraph 1, Thresholds for Procurement of supplies and non-consultancy services,  method.",procurement_irregularities,procurement_irregularities,1,,,,,False
2022,2022_AGRPT@CON2022.pdf,579,"This could lead to duplication of functionalities, procurement of non-compatible solutions and  equipment, and general deviation from Government’s efforts to rationalize resources for better service delivery.",procurement_irregularities,procurement_irregularities,1,,,,,False
2022,2022_AGRPT@CON2022.pdf,579,"Procurement and Disposal of Public  Assets Authority (PPDA)    Opinion  Unqualified    PPDA had an approved budget of UGX.23.28Bn out of which UGX.19.52Bn was warranted, resulting into a shortfall  of UGX.3.76Bn which represents 16.15% of the approved budget.",procurement_irregularities,procurement_irregularities,1,,,Authority (PPDA)    Opinion  Unqualified    PPDA had an approved budget of UGX,,False
2022,2022_AGRPT@CON2022.pdf,579,"However, I noted that the exercise was delayed and only  UGX.1.2Bn had been utilized by the time of audit (November 2022) for the recruitment, procurement of  tools for the census, and training of project staff.",procurement_irregularities,procurement_irregularities,1,project staff,,,,False
2022,2022_AGRPT@CON2022.pdf,579,"  A review of the Authority’s procurement plan, procurement files and the annual procurement report/register,  indicated that procurements worth UGX.0.114Bn were not implemented.",procurement_irregularities,procurement_irregularities,1,,,"Authority’s procurement plan, procurement files and the annual procurement report/registe",,False
2022,2022_AGRPT@CON2022.pdf,579,"  The Institute was among the 11 entities selected for implementation of Electronic Government Procurement (EGP)  system, and hence was required to conduct all its procurement process on the EGP system effective 1/July/2021.",procurement_irregularities,procurement_irregularities,1,,,,,False
2022,2022_AGRPT@CON2022.pdf,579,"These included;  •  The system was unable to update the procurement file directory where; procurement is retendered,  where a requisition is rejected before final approval, where procurement is reinstated due to inadequate  statement of requirements and where procurement is cancelled.",procurement_irregularities,procurement_irregularities,1,,,,,False
2022,2022_AGRPT@CON2022.pdf,579,"461    •  The system network connectivity was noted to be unstable and this delayed implementation of various  procurements, which greatly affected service delivery at the Institute.",procurement_irregularities,procurement_irregularities,1,,,,,False
2022,2022_AGRPT@CON2022.pdf,579,Accumulation of payables creates a risk of litigation that  may lead to payment of penalties and fines for delayed settlement to possible aggrieved parties in future.,claims_and_disputes,claims_and_disputes,1,,,,,False
2022,2022_AGRPT@CON2022.pdf,579,"The additional works were not part of the original contract and were not approved by the Commission’s  Contract Committee, contrary to the procurement regulations.",procurement_irregularities,procurement_irregularities,1,,,"Commission’s  Contract Committee, contrary to the procurement regulations",,True
2022,2022_AGRPT@CON2022.pdf,579,"  The Commission has delayed completion of the National E-commerce Platform aimed at supporting SMEs in the  informal sectors of the Agriculture, Retail and Services industry in Uganda, in order to promote access to online  sales, overcome challenges in delivering to too hard-to-reach communities and to spur economic growth.",delay_time_overrun,delay_time_overrun,1,,,Commission has delayed completion of the National E-commerce Platform aimed at supporting ,,False
2022,2022_AGRPT@CON2022.pdf,579,Accumulation of payables creates a risk of litigation  that may lead to payment of penalties and fines for delayed settlement to possible aggrieved parties in future.,claims_and_disputes,claims_and_disputes,1,,,,,False
2022,2022_AGRPT@CON2022.pdf,579,This was contrary to the procurement law and exposed  the entity to a risk of obtaining services at uncompetitive prices.,procurement_irregularities,procurement_irregularities,1,,,,,False
2022,2022_AGRPT@CON2022.pdf,579,Delayed settlement of outstanding payables exposes government to a risk of costly litigation.,claims_and_disputes,claims_and_disputes,1,,,,,False
2022,2022_AGRPT@CON2022.pdf,579,This was  attributed to delays in procurement processes and partly due to effects of COVID-19 that affected the  implementation by the Authority that was operating a contingency budget that had scaled down on the capital  investments.,procurement_irregularities,procurement_irregularities,1,,,Authority that was operating a contingency budget that had scaled down on the capital  in,,False
2022,2022_AGRPT@CON2022.pdf,579,"  The project implementation had been delayed and some planned project activities such as Procurement of  firefighting and personal protection equipment, undertaking studies on Invasive species and developing their  respective management plans, and Procurement of road construction equipment (3 graders, 2 excavators, 2  bulldozers, 2 water bowsers, 2 tippers) were not implemented.",procurement_irregularities,procurement_irregularities,1,project implementation had been delayed and some planned project activities such as Procurement o,,,,True
2022,2022_AGRPT@CON2022.pdf,579,"  The project implementation had been delayed and by 31st of May 2022, the project was not fully implemented  with various planned activities such as Procurement and installation of Guard observation towers in Queen Elizabeth  National Park (QENP), procurement of drones and IPADs for overhead surveillances and supporting of community  livelihoods around Murchison Falls National Park (MFNP), QENP and Toro-Semiliki wildlife Reserve (TSWR) not  completed.",procurement_irregularities,procurement_irregularities,1,"project implementation had been delayed and by 31st of May 2022, the project was not fully implem",,,,False
2022,2022_AGRPT@CON2022.pdf,579,This was contrary to  the procurement law and exposed the entity to a risk of obtaining services at uncompetitive prices.,procurement_irregularities,procurement_irregularities,1,,,,,False
2022,2022_AGRPT@CON2022.pdf,579,  Management did not apply the risk mitigation measures identified in the Project Appraisal Document to respond  to the materialising risk of delay in procurement and approval processes.,procurement_irregularities,procurement_irregularities,1,Project Appraisal Document to respond  to the materialising risk of delay in procurement and appr,,,,False
2022,2022_AGRPT@CON2022.pdf,579,  I noted irregularities in management of IT investments including; procurement of systems without NITA-U  clearance; E-recruitment module was not optimally utilised was not being utilized; I further noted inefficiencies in  ICT governance and lack of ownership of the existing ICT systems among others.,governance_and_controls,governance_and_controls|procurement_irregularities,2,,,,,False
2022,2022_AGRPT@CON2022.pdf,579,"National  Water  and  Sewerage  Corporation-Kampala  Water  Lake  Victoria Water and Sanitation (KW-LV  WATSAN II) –June 2022    I noted that whereas the project Package 4B KWTP was completed and handed over to Government and the Defect  Liability Periods ended in September 2022 and October 2022 for Katozi and Gaba projects, respectively, there were  still outstanding snags in both projects.",contract_management,contract_management,1,project Package 4B KWTP was completed and handed over to Government and the Defect  Liability Per,,Corporation-Kampala  Water  Lake  Victoria Water and Sanitation (KW-LV  WATSAN II) –June 20,,True
2022,2022_AGRPT@CON2022.pdf,579,"The Ministry acquired 113 pieces of land measuring  4481.9 hectares of land at UGX 10.39Bn using direct procurement without the approval of the Contracts  Committee contrary to Section 85 (2) of the PPDA Act, 2003.",procurement_irregularities,procurement_irregularities,1,,,Ministry acquired 113 pieces of land measuring  4481,,False
2022,2022_AGRPT@CON2022.pdf,579,484      I reviewed documents relating to the procurement/development of 3 (three) IT systems and noted that the systems  are not owned by the entity which increases the risk of exposure to vendor manipulation.,procurement_irregularities,procurement_irregularities,1,,,,,False
2022,2022_AGRPT@CON2022.pdf,579,  Review of the e-Government Procurement (e-GP) system revealed that the Ministry approved a procurement plan  for 1420 procurements estimated at a cost of UGX.,procurement_irregularities,procurement_irregularities,1,,,Ministry approved a procurement plan  for 1420 procurements estimated at a cost of UGX,,False
2022,2022_AGRPT@CON2022.pdf,579,"406.77Bn, but none of the procurement was completed on the  system.",procurement_irregularities,procurement_irregularities,1,,,,,False
2022,2022_AGRPT@CON2022.pdf,579,I was not provided with contract management files for contract management files for 3 projects that were  sampled for audit review.,contract_management,contract_management,1,,,,,False
2022,2022_AGRPT@CON2022.pdf,579,  I noted incidents where NWSC possessed land that had expired land leases; some titles were yet to be transferred  in the company names; some land housing NWSC infrastructure and which was given by other government  agencies had no MoUs signed; and some land was encroached on.,land_and_right_of_way,land_and_right_of_way,1,,company names; some land housing NWSC infrastructure and which was given by other gover,,,True
2022,2022_AGRPT@CON2022.pdf,579,"  I noted delays in project implementation with several activities still in progress under; Safeguard Supervision and  Monitoring consultant, Consultancy services for Gender Based Violence/Violence against Children, Consultancy  services for Social Safeguards specialist and Power Subsector Sector Strengthening.",contract_management,contract_management,1,project implementation with several activities still in progress under; Safeguard Supervision and,,,,False
2022,2022_AGRPT@CON2022.pdf,579,"  I noted that UGX 217.34Mn of the prior year outstanding receivables related to funds due from a Contractor, whose  contract for construction of PAPs resettlement houses had been terminated.",land_and_right_of_way,land_and_right_of_way,1,,,,,True
2022,2022_AGRPT@CON2022.pdf,579,"However, by November 2022, UETCL was still undertaking the procurement process of the EPC contractor.",procurement_irregularities,procurement_irregularities,1,,,,,True
2022,2022_AGRPT@CON2022.pdf,579,  Delayed completion of Project snags at Isimba HPP.,delay_time_overrun,delay_time_overrun,1,Project snags at Isimba HPP,,,,False
2022,2022_AGRPT@CON2022.pdf,579,"1,494,332,008, resulting from delay in completion of rectifications  by contractor    Rehabilitation of the Nalubaale – Kiira hydropower plants.",delay_time_overrun,delay_time_overrun,1,,,,,True
2022,2022_AGRPT@CON2022.pdf,579,"These  activities include construction under the EACOP Project, the Refinery Project, Kabaale Industrial Park, construction  of the oil Jetty and Pipeline at JST, as well as undertaking the Engineering Procurement and Construction activities  at the Kampala Storage Terminal.",procurement_irregularities,procurement_irregularities,1,"Project, the Refinery Project, Kabaale Industrial Park, construction  of the oil Jetty and Pipeli",,,,True
2022,2022_AGRPT@CON2022.pdf,579,"  I noted that the Company was unable to secure a Joint Venture Partner for the planned Engineering, Procurement  and Construction (EPC) of the Kampala Storage Terminal.",procurement_irregularities,procurement_irregularities,1,,"Company was unable to secure a Joint Venture Partner for the planned Engineering, Procu",,,True
2022,2022_AGRPT@CON2022.pdf,579,The  delayed payment of statutory deductions may attract fines and penalties.,delayed_payments,delayed_payments,1,,,,,False
2022,2022_AGRPT@CON2022.pdf,579,"ARSDP (MOES Component)    Opinion  Unqualified    I noted that there was no approved budget or supplementary budget for the IDA Donor funding, and the project  was not included in the PIP.",cost_overrun,cost_overrun,1,project  was not included in the PIP,,,,False
2022,2022_AGRPT@CON2022.pdf,579,"81,480,000,000 had encumbrances in the form of land  disputes, court injunctions and encroachment    I noted that the University did not have adequate infrastructure to accommodate the students under these specific  courses.",land_and_right_of_way,land_and_right_of_way,1,,,,,True
2022,2022_AGRPT@CON2022.pdf,579,"  A review of the IT systems of the University revealed a number of irregularities such as; procurement of equipment  worth UGX.41,826,600 and tenure decommission 1,417 IT equipment despite recommendation of the board of  survey report.",procurement_irregularities,procurement_irregularities,1,,,,,False
2022,2022_AGRPT@CON2022.pdf,579,"  Procurements totalling to UGX.311,643,492 sourced using Micro procurement were split to fit within the set  threshold of UGX.5,000,000.",procurement_irregularities,procurement_irregularities,1,,,,,False
2022,2022_AGRPT@CON2022.pdf,579,"I noted that except for supply of institute buses which accounts for 22 % of  Component 2 and supply of equipment and tools which constitutes 16% of the total project budget, the  procurement of the remaining training supplies i.e.",procurement_irregularities,procurement_irregularities,1,"project budget, the  procurement of the remaining training supplies i",,,,False
2022,2022_AGRPT@CON2022.pdf,579,"  A review of the procurement files and contract management reports revealed that the suppliers had not fully  installed, tested and trained users on equipment supplied to the project.",contract_management,contract_management|procurement_irregularities,2,project,,,,False
2022,2022_AGRPT@CON2022.pdf,579,"   I noted through land inspection, document review and inquiries from management that one (1) piece of land  measuring 0.906 hectares located on Plot 1, Kireka Hill view road had encumbrances in the form of encroachment.",land_and_right_of_way,land_and_right_of_way,1,,,,,True
2022,2022_AGRPT@CON2022.pdf,579,"  Out of the 5 pieces of land measuring approximately 22.618 hectares held, 2 pieces of land measuring  approximately 0.906 hectares (4%) were not utilized by the school while one (1) piece of land measuring 0.906  hectares located on Plot 1, Kireka Hill view road had encumbrances in the form of encroachment by the local  population.",land_and_right_of_way,land_and_right_of_way,1,,,,,True
2022,2022_AGRPT@CON2022.pdf,579,"342,136,804 did not have procurement records in place.",procurement_irregularities,procurement_irregularities,1,,,,,False
2022,2022_AGRPT@CON2022.pdf,579,  I noted that domestic arrears worth UGX.17.2Mn which were not budgeted for during the year    I also noted expenditure on unbudgeted items    I noted that the oxygen plant was acquired by the Hospital inv2017 but broke down in 2020 during the Covid-19 pandemic.,delayed_payments,delayed_payments,1,,,,,True
2022,2022_AGRPT@CON2022.pdf,579,"o  UCI did not claim for liquidated damages amounting to USD.68,137.4 from Roko Construction Limited even after  the Institute became aware of Roko’s failure to deliver the contract.",claims_and_disputes,claims_and_disputes,1,,Limited even after  the Institute became aware of Roko’s failure to deliver the contrac,,,True
2022,2022_AGRPT@CON2022.pdf,579,The contract for consultancy services for the design and  construction supervision expired in April 2020 and had never been renewed.,contract_management,contract_management,1,,,,,True
2022,2022_AGRPT@CON2022.pdf,579,"  The Hospital’s Procurement and Disposal Unit which is supposed to have two (2) staff, according to the approved staff  establishment, has only one (1) staff in post handling all procurement duties.",procurement_irregularities,procurement_irregularities,1,,,,,True
2022,2022_AGRPT@CON2022.pdf,579,"  Violation of Restricted Bidding Procedures for project of remodeling of maternity complex ground floor into ICU    The entity assets register did not conform to requirements as it lacked asset numbers, registration numbers, initial cost,  recoverable cost.",procurement_irregularities,procurement_irregularities,1,project of remodeling of maternity complex ground floor into ICU    The entity assets register d,,,,False
2022,2022_AGRPT@CON2022.pdf,579,Delayed access of    539    newly recruited or transferred staff to the payroll leads to demotivation of the affected staff as well as accumulation of salary  arrears.,delayed_payments,delayed_payments,1,,,,,False
2022,2022_AGRPT@CON2022.pdf,579,Delayed payment of salaries  leads to demotivation of the affected staff as well as accumulation of salary arrears.,delayed_payments,delayed_payments,1,,,,,False
2022,2022_AGRPT@CON2022.pdf,579,"  4 newly recruited/ transferred staff delayed to access the payroll with delays ranging from 2 to 3 months, all arrears were paid  by the financial year end.",delayed_payments,delayed_payments,1,,,,,False
2022,2022_AGRPT@CON2022.pdf,579,"  The Hospital had irregularly accumulated domestic arrears worth UGX.271,502,307 as disclosed in the statement of  outstanding commitments.",delayed_payments,delayed_payments,1,,,,,True
2022,2022_AGRPT@CON2022.pdf,579,"  Medical Insurance contract awarded to M/s UAP Old Mutual Insurance Uganda Limited on the 26th day of April, 2022 at a  contract sum of UGX.263,587545 had no contract management plan and contract management report, no clearance was  obtained from the Solicitor General, payment to the tune of UGX.247,772,213 (94%) had been effected yet the contract  was still running up to 365 days after commencement and according to the special conditions of contract, the payment  schedule was meant to be semi-annual basis.",contract_management,contract_management,1,,"M/s UAP Old Mutual Insurance Uganda Limited on the 26th day of April, 2022 at a  co",,,False
2022,2022_AGRPT@CON2022.pdf,579,"  Out of UGX.1,200,000,000, was allocated for procurement of drugs and medical supplies UGX.1,021,000,000 (85%) resulting  in a deficit of UGX.",procurement_irregularities,procurement_irregularities,1,,,,,False
2022,2022_AGRPT@CON2022.pdf,579,"  Out of the available allocation for procurement of drugs and medical supplies of UGX.1,036,173,022, UGX.411,082,167 (40%)  was utilized by the entity leading to utilized balance of UGX.625,090,855 (60%).",procurement_irregularities,procurement_irregularities,1,,,,,False
2022,2022_AGRPT@CON2022.pdf,579,"  2 equipment in the radiology department were not functioning    Procurements of UGX.267, 725,480 were not in the procurement plan.",procurement_irregularities,procurement_irregularities,1,,,,,False
2022,2022_AGRPT@CON2022.pdf,579,I further noted that the  remaining project funds are insufficient to complete the project due to cost escalations.,cost_overrun,cost_overrun,1,project funds are insufficient to complete the project due to cost escalations,,,,False
2022,2022_AGRPT@CON2022.pdf,579,"The Ministry of Health provided USD 1,304,322.96 (earlier meant for the procurement of x-rays) to the project  to keep the works going.",procurement_irregularities,procurement_irregularities,1,project  to keep the works going,,"Ministry of Health provided USD 1,304,322",,True
2022,2022_AGRPT@CON2022.pdf,579,"However, due to delayed payments by the Ministry arising from delayed release of funds by both the Italian  Government and GoU co-funding, works stalled in 2018 and eventually the contractor abandoned the sites.",delay_time_overrun,delay_time_overrun|delayed_payments,2,,,Ministry arising from delayed release of funds by both the Italian  Government and GoU c,,True
2022,2022_AGRPT@CON2022.pdf,579,The  contractor sued the Ministry for breach of contract.,claims_and_disputes,claims_and_disputes,1,,,Ministry for breach of contract,,True
2022,2022_AGRPT@CON2022.pdf,579,Delayed contract execution compromises the timely achievement  of project objectives and may lead to cost escalations.,cost_overrun,cost_overrun,1,project objectives and may lead to cost escalations,,,,False
2022,2022_AGRPT@CON2022.pdf,579,"Furthermore, the project is at risk of having incomplete project  components and litigations due to unpaid obligations at project closure.",claims_and_disputes,claims_and_disputes,1,project is at risk of having incomplete project  components and litigations due to unpaid obligat; project closure,,,,False
2022,2022_AGRPT@CON2022.pdf,579,"In addition, these delays  may result into cost overruns on the entire project.",cost_overrun,cost_overrun,1,project,,,,False
2022,2022_AGRPT@CON2022.pdf,579,"  I noted an encroachment of up to 11.30 hectares on the hospital land by over 2,000 families/households.",land_and_right_of_way,land_and_right_of_way,1,,,,,True
2022,2022_AGRPT@CON2022.pdf,579,"554        I observed that Plot 3927 Block 273 and plot 1774 block 255 at Kiruddu-Makindye in Kampala District where the Hospital  premises and treatment plant has land titles registered in the names of Kampala Capital City Authority but not in the Hospital  name which may result into encroachment, disputes and loss of public land.",land_and_right_of_way,land_and_right_of_way,1,,,"Authority but not in the Hospital  name which may result into encroachment, disputes and ",,True
2022,2022_AGRPT@CON2022.pdf,579,The Hospital is at risk of litigation and eventual payment of fines which may result into a financial loss.,claims_and_disputes,claims_and_disputes,1,,,,,True
2022,2022_AGRPT@CON2022.pdf,579,  Plot 2F on Nakasero Hill Road which houses the Headquarters of UBTS was encroached upon by a Hotel by way of a wall fence  covering a total area of 0.079ha.,land_and_right_of_way,land_and_right_of_way,1,,,,,True
2022,2022_AGRPT@CON2022.pdf,579,"  The ERP system (NMS+) which is used to undertake the roles of warehousing, finance, procurement, audit and fleet  management was not integrated nor automatically sharing information with other government systems such as IFMS, Human  Capital Management and e-Government procurement.",procurement_irregularities,procurement_irregularities,1,,,,,False
2022,2022_AGRPT@CON2022.pdf,579,"  Splitting of procurements was observed during the procurement of oxygen analyser, paramagnetic analysis TCP/IT module,  condensate drain system-900, non-return valves, cylinders, trolleys and head bars and medical gas plant contrary to Section  58 (d) of the Procurement and Disposal of Public Assets Act, 2003.",procurement_irregularities,procurement_irregularities,1,,,,,False
2022,2022_AGRPT@CON2022.pdf,579,I also observed that direct procurement was used without  justification.,procurement_irregularities,procurement_irregularities,1,,,,,False
2022,2022_AGRPT@CON2022.pdf,579,"  Direct procurements worth UGX.571,826,881 were undertaken by the Hospital without justification while a total of  UGX.777,307,880 procurements were irregularly undertaken during the year.",procurement_irregularities,procurement_irregularities,1,,,,,True
2022,2022_AGRPT@CON2022.pdf,579,This was contrary to the procurement law and exposed the entity to a risk of obtaining  services at uncompetitive prices.,procurement_irregularities,procurement_irregularities,1,,,,,False
2022,2022_AGRPT@CON2022.pdf,579,"Non-compliance with Income Tax Act may precipitate  tax penalties from Uganda Revenue Authority, leading to financial loss for the project.",contract_management,contract_management,1,project,,"Authority, leading to financial loss for the project",,False
2023,2023_AGPRT@CON2023.pdf,784,"Domestic Arrears  Domestic arrears refer to short-term debts incurred by Governments  against unpaid procurement invoices for supply of goods and services  during the financial year  External Debt  Portion of a country's debt that was borrowed from foreign lenders  including commercial banks, Governments or international financial  institutions.",delayed_payments,delayed_payments|procurement_irregularities,2,,,,,False
2023,2023_AGPRT@CON2023.pdf,784,"Section 13 (b) of the National Audit Act 2008 requires me to conduct Financial, Value for  money, Engineering, Information Systems, Special, Government investments Procurement  audits, Treasury Memoranda and Gender and Environment and any other audits in respect  of any project or activity involving public funds, Classified expenditure audits.",procurement_irregularities,procurement_irregularities,1,"project or activity involving public funds, Classified expenditure audits",,,,False
2023,2023_AGPRT@CON2023.pdf,784,"1.4  Un-funded approved budget    The PFMA, 2015 Section 15 (1) and (2) requires that after approval  of the annual budget by Parliament, the Secretary to the Treasury  shall issue the annual cash flow plan of Government, based on the  procurement plans, work plans, and recruitment plans approved by  parliament.",procurement_irregularities,procurement_irregularities,1,,,"Parliament, the Secretary to the Treasury  shall issue the annual cash flow plan of Govern; parliament",,False
2023,2023_AGPRT@CON2023.pdf,784,The other  six pillars which support the primary pillar include: Infrastructure and Economic Services;  Financial Inclusion (FI); Social Services; Community Mobilization and Mind-set Change;  15    Parish Development Management Information System (PDMIS); and Governance and  Administration.,governance_and_controls,governance_and_controls,1,,,,,True
2023,2023_AGPRT@CON2023.pdf,784,"He further highlighted  that Payment of commitment fees was undesirable and where it occurred, it was attributed  to the key constraints identified in project implementation such as design challenges, right  of way, delayed procurements, unreadiness of projects at loan/grant contracting stage,  delays in fulfilling both disbursement and effectiveness conditions, poor project  management, absence of counterpart funds, and slow land acquisition.",land_and_right_of_way,land_and_right_of_way|procurement_irregularities,2,"project implementation such as design challenges, right  of way, delayed procurements, unreadines; project  management, absence of counterpart funds, and slow land acquisition",,,"loan/grant contracting stage,  delays in fulfilling both disburs",True
2023,2023_AGPRT@CON2023.pdf,784,"Details of analysis are shown in the Table below;    Table 20: Table Showing Analysis of Domestic arrears for the last five financial years  (Amounts in UGX Tn)  Liabilities  2018/2019  2019/2020  2020/2021 2021/2022  2022/2023  Borrowings  46.408  56.884  69.602  77.967  86.078  Payables  3.335  3.839  4.652  7.578  10.502  Pension  liabilities  0.292  0.274  0.162  0.471  0.316  Deposits  0.200  0.225  0.703  0.824  0.603  Total liabilities 50.235  61.222  75.119  86.840  97.499  %movement  0  22%  19%  13%  12.27%    It was further noted there is a persistent Growth of domestic arrears in number of votes  with 100% increase from the previous financial year as indicated in the table below;    Table 21: Table Showing Growth in Domestic Arrears from Previous Financial year  SN Ministry/Department  F/Y 2021/2022  UGX -Bn  F/Y 2022/2023  UGX-Bn  %age  Increase  1   Treasury Operations  4,583.011  5,989740  31  36    SN Ministry/Department  F/Y 2021/2022  UGX -Bn  F/Y 2022/2023  UGX-Bn  %age  Increase  2   Ministry of Finance,  Planning and Economic  473.154  976.498  106  3   Uganda National  Roads Authority  471.827  621.496  32  4   Ministry Of Defence  235.821  425.570  80  5   Ministry Of Works And  Transport  75.367  215,418  186  6   Ministry Of Water &  Environment  93.048  196.027  111  7   Prisons  81.658  182.356  123  8   Ministry Of Education  And Sports  77.427  127.208  64  9   Police  77.318  108.971  41  10   KCCA  9.238  103.858  1024  11   NITA-U  21.847  40.196  84    This further supports the declining control system of Government Debt, and the need to  rethink the current control measures being applied.",delayed_payments,delayed_payments,1,,,Ministry/Department  F/Y 2021/2022  UGX -Bn  F/Y 2022/2023  UGX-Bn  %age  Increase  1   ; Ministry/Department  F/Y 2021/2022  UGX -Bn  F/Y 2022/2023  UGX-Bn  %age  Increase  2   ,,True
2023,2023_AGPRT@CON2023.pdf,784,"Management is also lobbying for  funding from the Government to  help in implementing various  marketing  activities  such  as  advertising,  promotions,  procurement  of  distribution  infrastructure and putting in  place international certifications  such as FSSC 220000.",procurement_irregularities,procurement_irregularities,1,,,,,True
2023,2023_AGPRT@CON2023.pdf,784,"Government is organized in 20 programmes as listed in the table below;    Table 31: Showing the 20 programmes  No  Programme  Lead Entity  1  Agro-Industrialization Programme  Ministry of Agriculture  2  Governance and Security Programme  Office of the President  3  Public Sector Transformation Programme  Ministry of Public Service  4  Regional Development Programme  Ministry of Local  Government  5  Administration of Justice  Judiciary  6  Legislation, Oversight and Representation  Parliamentary Commission  7  Mineral Development Programme  Ministry of Energy  8  Sustainable Development of Petroleum Resources  Ministry of Energy  9  Climate Change, Natural Resources , Environment and  Water Management Development Programme  Ministry of Water  10  Sustainable Energy Development Programme  Ministry of Water  11  Sustainable Urbanization and Housing  Ministry of Lands  12  Human Capital Development Programme  Ministry of Education  13  Community Mobilization and Mindset Change  Programme  Ministry of Gender  14  Tourism Development Programme  Ministry of Tourism  15  Private Sector Development Programme  Ministry of Finance  16  Manufacturing Programme  Ministry of Trade  17  Digital Transformation Programme  Ministry of ICT  18  Innovation, Technology Development and Transfer  Ministry of Science  19  Development Plan Implementation Programme  Ministry of Finance  20  Integrated Transport Infrastructure and Services  Ministry of Works    Planning and budgeting for the financial year 2022/2023 was done following the  programmatic approach, and efforts were made to align the implementation and reporting  of performance to the same.",governance_and_controls,governance_and_controls,1,Programme  Lead Entity  1  Agro-Industrialization Programme  Ministry of Agriculture  2  Governance; Programme  Office of the President  3  Public Sector Transformation Programme  Ministry of Public S,,Ministry of Agriculture  2  Governance and Security Programme  Office of the President  ; Ministry of Public Service  4  Regional Development Programme  Ministry of Local  Govern,,True
2023,2023_AGPRT@CON2023.pdf,784,"At programme/entity level    a)  Performance of Programme warrants    I compared the revised budgets and warrants for each of the programmes and observed  that 19 of the 20 programmes were underfunded by UGX.2.646Tn (5.8%) as shown in  the table below;    Table 32: Performance of warrants by programmes  No  Program Name  Sum of Revised  Budget (UGX)  Tn  Sum of Total  Warrants  (UGX) Tn  Variance  (UGX) Tn  1  Agro-Industrialization  1.012  0.906  0.106  2  Mineral Development  0.024  0.016  0.009  3  Sustainable Petroleum Development  0.881  0.835  0.047  4  Manufacturing  0.586  0.519  0.067  5  Tourism Development  0.205  0.113  0.092  6  Natural Resources, Environment,  Climate Change, Land And Water  0.423  0.369  0.055  7  Private Sector Development  1.598  1.571  0.027  8  Sustainable Energy Development  0.651  0.482  0.169  9  Integrated Transport Infrastructure  And Services  3.373  2.899  0.475  10  Sustainable Urbanisation And  Housing  0.108  0.091  0.018  11  Digital Transformation  0.249  0.212  0.037  12  Human Capital Development  7.828  7.362  0.467  13  Innovation, Technology Development  And Transfer  0.250  0.214  0.036  14  Public Sector Transformation  0.873  0.841  0.031  15  Community Mobilization And Mindset  Change  0.116  0.101  0.015  16  Governance And Security  8.146  7.902  0.244  17  Regional Balanced Development  0.072  0.053  0.019  18  Development Plan Implementation  18.055  17.333  0.722  19  Administration Of Justice  0.403  0.391  0.012  20  Legislation, Oversight And  Representation  0.915  0.915  -  Total*  45.771  43.124  2.646  66    *The revised budget of UGX.45.771Tn is different from the revised GoU budget of  UGX.52.548Tn by UGX.6.777Tn which relates to project financing and local revenue which  could not be broken down by programmes.",governance_and_controls,governance_and_controls,1,programme/entity level    a)  Performance of Programme warrants    I compared the revised budgets a; Program Name  Sum of Revised  Budget (UGX)  Tn  Sum of Total  Warrants  (UGX) Tn  Variance  (UGX),,,,True
2023,2023_AGPRT@CON2023.pdf,784,"Underutilization of warrants was caused by; the late release of funds, delays in  undertaking procurements, delayed completion of works, delayed compensation of  project affected persons (PAPs), staffing gaps and delayed recruitment of staff.",delay_time_overrun,delay_time_overrun|procurement_irregularities,2,"project affected persons (PAPs), staffing gaps and delayed recruitment of staff",,,,True
2023,2023_AGPRT@CON2023.pdf,784,"I advised the PS/ST to empower the programme heads to ensure that Accounting Officers  of the contributing entities undertake procurements in a timely manner, strengthen  contract supervision and ensure that the staffing gaps are filled.",contract_management,contract_management|procurement_irregularities,2,programme heads to ensure that Accounting Officers  of the contributing entities undertake procurem,,,,False
2023,2023_AGPRT@CON2023.pdf,784,Consultations with the PS MOH revealed that the procurement of the COVID was done  based on speculation since the pandemic was still around.,procurement_irregularities,procurement_irregularities,1,,,,,False
2023,2023_AGPRT@CON2023.pdf,784,This  means that the funds for the procurement of EHMS are budgeted for under NMS.,procurement_irregularities,procurement_irregularities,1,,,,,False
2023,2023_AGPRT@CON2023.pdf,784,This equipment needed repair    All hospitals had functional but idle equipment not in use especially the ICU Equipment  procurement by Ministry of Health.,procurement_irregularities,procurement_irregularities,1,,,Ministry of Health,,True
2023,2023_AGPRT@CON2023.pdf,784,This was majorly caused by delays in procurement  processes and instances of lengthy approvals of project activities by the development  partners.,procurement_irregularities,procurement_irregularities,1,project activities by the development  partners,,,,False
2023,2023_AGPRT@CON2023.pdf,784,I advised the Accounting Officer to engage development partners and other stakeholders  to come up with measures to reduce delays in procurement process of contractors for  civil works as well as the lengthy approvals of project activities.,procurement_irregularities,procurement_irregularities,1,project activities,,,,True
2023,2023_AGPRT@CON2023.pdf,784,75    b)  Interest charges on delayed payment to contractors    I reviewed the financial statements of UNRA and MOWT and noted that outstanding  payments/payables  amount  to  UGX.804.26bn  (UGX.588.77bn  for  UNRA  and  UGX.215.49bn for MOWT) as at 30th June 2023.,delayed_payments,delayed_payments,1,,,,,True
2023,2023_AGPRT@CON2023.pdf,784,Long outstanding payables is an  indication of poor budgeting and causes a risk of litigation and payment of penalties  (Interest) for delayed payments.,claims_and_disputes,claims_and_disputes|delayed_payments,2,,,,,False
2023,2023_AGPRT@CON2023.pdf,784,I undertook a comprehensive review of the procurement and distribution of FMD  veterinary medical supplies by MAAIF in the financial years 2021/2022 and 2022/2023  and observed that there were challenges in the management of the interventions.,procurement_irregularities,procurement_irregularities,1,,,,,False
2023,2023_AGPRT@CON2023.pdf,784,  The procurement processes for the vaccines and equipment took an average of  five (5) to eight (8) months from initiation to actual contract signing compared to  the planned three (3) months resulting in an average delay of four (4) months.,procurement_irregularities,procurement_irregularities,1,,,,,False
2023,2023_AGPRT@CON2023.pdf,784,Delays in procurement and distribution delays the timely response to outbreaks thus  leading to loss of livestock.,procurement_irregularities,procurement_irregularities,1,,,,,False
2023,2023_AGPRT@CON2023.pdf,784,"In addition, the Accounting  Officer should eliminate all inefficiencies within the procurement process to eliminate  delays in procurement.",procurement_irregularities,procurement_irregularities,1,,,,,False
2023,2023_AGPRT@CON2023.pdf,784,I undertook a  comprehensive review of this intervention and observed the following;      The procurement processes of 200 tractors worth UGX.27.9Bn took up to 311 days  (10 months) from initiation to actual contract signing instead of 81 days resulting  into a delay of more than 7 months (230 days) due to the delayed clearance of  the contract by the Attorney General.,procurement_irregularities,procurement_irregularities,1,,,,,False
2023,2023_AGPRT@CON2023.pdf,784,  The procurements for 14 heavy earth moving equipment worth UGX.17.82Bn  experienced an average delay of 132 days (4 months) with some deliveries  delaying up to 202 days (7 months).,procurement_irregularities,procurement_irregularities,1,,,,,False
2023,2023_AGPRT@CON2023.pdf,784,Delays in procurement and distribution of tractors and heavy equipment undermines the  promotion of agricultural mechanization and denies opportunity to befitting communities  or farmers.,procurement_irregularities,procurement_irregularities,1,,,,,False
2023,2023_AGPRT@CON2023.pdf,784,"d)  Procurement and distribution of farm machinery, value addition and  agro-processing facilities by NAADS    During Financial years 2021/2022 and 2022/2023, a sum of UGX.42.8Bn was received  against a budget of UGX.66.1Bn to undertake the procurement and distribution of farm  machinery, value addition facilities and agro-processing facilities.",procurement_irregularities,procurement_irregularities,1,,,,,False
2023,2023_AGPRT@CON2023.pdf,784,Below are my findings    81    e)  Procurement and distribution of maize milling equipment by NAADS      Seven (7) maize milling equipment worth UGX.0.56Bn were delivered to the  beneficiaries without adequately assessing the technical and financial capacity of  the beneficiaries which resulted in farmers failing to maintain the equipment.,procurement_irregularities,procurement_irregularities,1,,,,,False
2023,2023_AGPRT@CON2023.pdf,784,"In addition, distribution should be  undertaken in a timely manner and in compliance with procurement specifications.",procurement_irregularities,procurement_irregularities,1,,,,,False
2023,2023_AGPRT@CON2023.pdf,784,"f)  Procurement and Distribution of Solar Water Pumping Systems by  NAADS      One (1) solar pumping system worth UGX.0.311 meant for Mbarara Grape  farmers, Nyakayojo, in Mbarara city had not been delivered by the time of  inspection in September 2023 and was behind schedule by four (4) months.",delay_time_overrun,delay_time_overrun|procurement_irregularities,2,,,,,False
2023,2023_AGPRT@CON2023.pdf,784,  Two (2) solar water pumping systems worth UGX0.22Bn that had been delivered  to the beneficiaries were faulty at the time of inspection and the contractors were  yet to have the defects fixed.,contract_management,contract_management,1,,,,,True
2023,2023_AGPRT@CON2023.pdf,784,82    Delayed delivery and installation of water pumping systems is tantamount to delayed  service delivery    I advised the Accounting Officer to strengthen contract supervision and ensure that  contractors deliver within the contract timelines.,contract_management,contract_management,1,,,,,True
2023,2023_AGPRT@CON2023.pdf,784,Delivery of equipment to farmers without capacity defeats the purpose of the investments  by Government while delayed delivery and delays to correct defects not only affect  functionality of the equipment but also results in delayed service delivery.,contract_management,contract_management,1,,,,,False
2023,2023_AGPRT@CON2023.pdf,784,h)  Procurement and distribution of fertilizers by UCDA    A study conducted in June 2020 established that 53% of the coffee trees in Uganda are  eight (8) years and above while about 35% of the coffee trees are aged 3-7 years.,procurement_irregularities,procurement_irregularities,1,,,,,False
2023,2023_AGPRT@CON2023.pdf,784,I  undertook a review of the procurement and distribution of fertilizers in the financial years  2021/2022 and 2022/2023 worth UGX.9Bn and observed the following;      UCDA did not have accurate and reliable data on performance of the coffee yields  and incomes of farmers to facilitate accurate assessment of whether the  distribution of fertilisers has increased productivity and as such it was difficult to  assess the impact of the intervention.,procurement_irregularities,procurement_irregularities,1,,,,,False
2023,2023_AGPRT@CON2023.pdf,784,"Delay in the approval and issuance of cleared contracts implies delays in the conclusion  procurement processes by the respective entities, resulting in delayed implementation of  activities and delivery of services to the intended beneficiaries.",procurement_irregularities,procurement_irregularities,1,,,,,False
2023,2023_AGPRT@CON2023.pdf,784,(i)  Procurement and distribution of goats    I undertook an audit of the procurement and distribution of goats for the Karamoja region  for the financial years 2021/2022 and 2022/2023 totalling to UGX.25.38Bn and noted the  following;      OPM did not utilize funds amounting to UGX.1.16Bn meant for the procurement  of goats for Karamoja region during the FYR 2022/2023.,procurement_irregularities,procurement_irregularities,1,,,,,False
2023,2023_AGPRT@CON2023.pdf,784,"96    (ii)  Procurement and distribution of iron sheets    I undertook an audit of the procurement and distribution of 35,164 iron sheets for the  financial years 2022/2023 totalling to UGX.2.43Bn and noted the following;      Out of the 35,164 iron sheets procured by the Ministry, only 15,272 (43%) iron  sheets had been distributed and the balance of 21,332 (57%) iron sheets worth  UGX.1.47Bn were still in the OPM stores in Namanve.",procurement_irregularities,procurement_irregularities,1,,,"Ministry, only 15,272 (43%) iron  sheets had been distributed and the balance of 21,332 ",,False
2023,2023_AGPRT@CON2023.pdf,784,"I advised the Accounting Officers to streamline the procurement processes, ensure timely  compensation of PAPs and enhance contract management for projects so as to ensure  timely implementation of activities thereby improving budget absorption.",contract_management,contract_management|procurement_irregularities,2,,,,,False
2023,2023_AGPRT@CON2023.pdf,784,"(ii)  Implementation of Uganda Infrastructure Fiscal Transfers Program-  UGIFT    The Government of Uganda is implementing the Intergovernmental Fiscal Transfers  (UGIFT) program results with the support of the World Bank to deepen fiscal  decentralization by improving the Adequacy, Equity, and Effectiveness of financing and  the oversight, management, and delivery of Local Government services in Education,  Health, Water and Environment, and Agriculture (micro-scale irrigation), including  refugees and their host communities.",governance_and_controls,governance_and_controls,1,Program-  UGIFT    The Government of Uganda is implementing the Intergovernmental Fiscal Transfer; program results with the support of the World Bank to deepen fiscal  decentralization by improvin,,,World Bank to deepen fiscal  decentralization by improving the Adequac,True
2023,2023_AGPRT@CON2023.pdf,784,"A review of the Program’s implementation revealed the following;    (i)  Non-conformance to the Medium-Term Plan (MTP) Financing Targets of  Local Service Delivery    Section 2.2.3 of the UGIFT Program Operations Manual linked the MTP to the financing  for local service delivery through uplifting transfers to the Local Government to  realistically meet the costs for wage, non-wage recurrent spending and development  spending on LG service delivery, the management and oversight of services in the sectors  of Health, Education, Water and Environment, and Micro irrigation.",governance_and_controls,governance_and_controls,1,Program’s implementation revealed the following;    (i)  Non-conformance to the Medium-Term Plan ; Program Operations Manual linked the MTP to the financing  for local service delivery through upl,,,,False
2023,2023_AGPRT@CON2023.pdf,784,"Project Management explained that despite the completion of the recruitment process  by the Education Service Commission, the loss of USD 2M relating to DLI1 was  occasioned by the delayed deployment of teachers due to resource constraints and that  a supplementary budget had been issued in the FY 2023/24 for the deployment of  recruited teachers.",cost_overrun,cost_overrun,1,Project Management explained that despite the completion of the recruitment process  by the Educa,,"Commission, the loss of USD 2M relating to DLI1 was  occasioned by the delayed deployment ",,False
2023,2023_AGPRT@CON2023.pdf,784,"109    3.2.13 INNOVATION, TECHNOLOGY DEVELOPMENTS AND TRANSFER PROGRAMMES    i)  Regulation of Research and Innovation    The country has had challenges in regulation of Science, Technology and Innovation (STI)  such as; duplication of research projects, low uptake and implementation of research  outputs, delayed completion of research projects among others.",delay_time_overrun,delay_time_overrun,1,,,,,False
2023,2023_AGPRT@CON2023.pdf,784,(ii)  Delayed completion of PDM data collection.,delay_time_overrun,delay_time_overrun,1,,,,,False
2023,2023_AGPRT@CON2023.pdf,784,"Other  implementation challenges include accrual of interest claims of USD.30M on  delayed payments, the delayed acquisition of reservoir land and the slow progress  of the Resettlement Action Plan (RAP).",land_and_right_of_way,land_and_right_of_way|delayed_payments,2,,,,,False
2023,2023_AGPRT@CON2023.pdf,784,"  Although the defects liability period for Isimba HPP had expired on 31st March  2023, some major defects of the project had not been rectified.",contract_management,contract_management,1,project had not been rectified,,,,True
2023,2023_AGPRT@CON2023.pdf,784,The delays to  rectify identified defects have increased the project costs and is likely to reduce  the plant availability to 83.9% which will affect revenue generation.,contract_management,contract_management,1,project costs and is likely to reduce  the plant availability to 83,,,,False
2023,2023_AGPRT@CON2023.pdf,784,"I advised the Accounting Officers to accelerate completion of the major electricity  generation projects by completing land acquisition, rectification of defects and CDAP.",land_and_right_of_way,land_and_right_of_way|contract_management,2,,,,,True
2023,2023_AGPRT@CON2023.pdf,784,"Progress of Transmission infrastructure projects      Key infrastructure aimed at accelerating grid development and stimulating  electricity demand including Tororo-Opuyo-Lira, Mbale-Tororo, Kole-Gulu-Nebbi- Arua, Gulu-Agago and Mirama-Kabale transmission lines were behind schedule.",delay_time_overrun,delay_time_overrun,1,,,,,True
2023,2023_AGPRT@CON2023.pdf,784,The delayed  progress of the studies was attributed to challenges in securing funding and  procurement of consultants.,procurement_irregularities,procurement_irregularities,1,,,,,False
2023,2023_AGPRT@CON2023.pdf,784,The other  six pillars which support the primary pillar include: Infrastructure and Economic Services;  Financial Inclusion (FI); Social Services; Community Mobilization and Mind-set Change;  Parish Development Management Information System (PDMIS); and Governance and  Administration.,governance_and_controls,governance_and_controls,1,,,,,True
2023,2023_AGPRT@CON2023.pdf,784,"Below are my findings which are not included in the summaries contained in the report of  the Consolidated Financial statements in Part 2 above;    a)  Positive Observations    I noted the following areas where LGs, MDAs and KCCA had commendable performance;      Pillar 2 - Infrastructure and Economic Services, Pillar 5 – Mind-set change and  cross cutting issues and Pillar 7 - Governance and Administration had approved  pillar manuals.",governance_and_controls,governance_and_controls,1,,,,,True
2023,2023_AGPRT@CON2023.pdf,784,e)  Delayed completion of PDM data collection    MoFPED released UGX.4.0Bn to Uganda Bureau of Statistics  (UBOS) in the FY 2022/23 for Data collection and validation.,delay_time_overrun,delay_time_overrun,1,,,,,False
2023,2023_AGPRT@CON2023.pdf,784,"(iii)  Reporting trends for all sampled health facilities on average was 4, 7 and 10 times  a year for the FY 2019/20, 20/2021 and 2021/22 respectively which is below the  required annual reporting of (12 months) a year to inform evidence based supply  chain and procurement planning.",procurement_irregularities,procurement_irregularities,1,,,,,False
2023,2023_AGPRT@CON2023.pdf,784,"Engage MOFPED in collaboration with NMS for any possible options such as  frontloading of funds for the first quarter (July-October) of the preceding financial  year to facilitate timely procurement, storage and distribution of EMHS to all health  facilities in the country so as to minimize stock outs and meet the health care  needs of the population;    7.",procurement_irregularities,procurement_irregularities,1,,,,,False
2023,2023_AGPRT@CON2023.pdf,784,"However, in spite of these achievements audit established some areas for improvement  which still need to be addressed in order to improve the level of services provided by UHI  for cardiovascular disease as: conducting annual National cardiovascular risk awareness  surveys, disease incidence and prevalence assessments, development of a strategy  specific to cardiovascular disease control to guide the management of cardiovascular  diseases in the entire country, ensuring the new UHI 250 bed Heart Hospital is quickly  constructed to address the inadequate operational space; training more staff to address  the staff shortage as per the HR structure, expediting the process of installation of the  pharmacy system with clear controls of procurement, storage, distribution and dispensing  of medicines from stores to the patients and building the capacity of the research co- ordination officers(unit) in the new structure to ensure effective planning, co-ordination  and execution of research activities at the institute.",procurement_irregularities,procurement_irregularities,1,,,,,True
2023,2023_AGPRT@CON2023.pdf,784,"Key issues noted and recommendations made in the said report related to the  performance of the Results Based Financing (RBF) Program, the Scholarship program,  delays in procurement of medicines, procurement of medical equipment and construction  of maternity units, birth and death notifications at health facilities, among others.",procurement_irregularities,procurement_irregularities,1,"Program, the Scholarship program,  delays in procurement of medicines, procurement of medical equ",,,,True
2023,2023_AGPRT@CON2023.pdf,784,(vii)  Ensure sustained capacity building programs of the DISs through support  supervision and training to enhance their ability to undertake the inspection  mandate of schools.,contract_management,contract_management,1,,,,,True
2023,2023_AGPRT@CON2023.pdf,784,Encroachment not only impacts the physical integrity of the infrastructure but also  facilitates vandalism and results in a loss of transmission capacity.,land_and_right_of_way,land_and_right_of_way,1,,,,,True
2023,2023_AGPRT@CON2023.pdf,784,  Enhance the procurement and repair of CCTV cameras with expanded coverage.,procurement_irregularities,procurement_irregularities,1,,,,,False
2023,2023_AGPRT@CON2023.pdf,784,"These shortfalls are due to; the restrictive tariff  policy, inadequate justifications of the O&M budget applications made to Electricity  Regulatory Authority, vandalism, an aging and yet expanding transmission network, high  staffing gaps in the Maintenance department, and encroachment among others.",land_and_right_of_way,land_and_right_of_way,1,,,"Authority, vandalism, an aging and yet expanding transmission network, high  staffing gap",,True
2023,2023_AGPRT@CON2023.pdf,784,"However, NAGRC&DB faces challenges such as continued  prevalence of under-productive breeds leading to low productivity, limited outreach  trainings, emerging and re-emerging disease outbreaks on the farms, high incidences of  animal deaths, encroachment on NAGRC&DB land and delayed delivery of projects/  supplies which limit the ability of NAGRC&DB in their efforts to improve livestock  196    productivity through the planned animal breeding interventions in order to meet the  current domestic and regional demand.",land_and_right_of_way,land_and_right_of_way,1,,"limited outreach  trainings, emerging and re-emerging disease outbreaks on the farms, h",,,False
2023,2023_AGPRT@CON2023.pdf,784,"h)  Undertake a thorough assessment to identify all essential equipment required for  testing various product categories prioritizing equipment based on risk factors,  consumer needs, and industry demands and accordingly plan for the procurement  of this equipment over the short and medium term.",procurement_irregularities,procurement_irregularities,1,,,,,False
2023,2023_AGPRT@CON2023.pdf,784,"Laws have stalled, mandates unclear, standards setting slow and inadequate, consumer  awareness lacking – all constraining purchase power to drive quality demands.",delay_time_overrun,delay_time_overrun,1,,,,,False
2023,2023_AGPRT@CON2023.pdf,784,  Developed and distributed syllabus prototypes to different schools in the country  to bridge the gap for delayed procurement of textbooks by Ministry of Education  and sports.,procurement_irregularities,procurement_irregularities,1,,,Ministry of Education  and sports,,True
2023,2023_AGPRT@CON2023.pdf,784,"h)  Expedite the review of the National Textbook Policy, 1998 so as to guide the  procurement and sale of textbooks to facilitate monitoring of the usage of  textbooks to avoid exploitation by publishers.",procurement_irregularities,procurement_irregularities,1,,,,,False
2023,2023_AGPRT@CON2023.pdf,784,"Overall Audit Conclusion:    Although the Government of Uganda has made significant efforts in the implementation  of the new lower secondary school curriculum by undertaking teacher trainings,  procurement and delivery of instructional materials and identifying required curriculum  key policy issues to be addressed among others, there were numerous curriculum  implementation gaps noted including inadequate instructional materials at schools, failure  to undertake a needs based assessment to inform planning for sufficient curriculum  requirements, limited integration of ICT in research and learning, ineffective teacher  trainings, failure to develop, review and update key policies and standards for curriculum  implementation, failure to effectively undertake continuous assessments for learners in  schools and absence of a robust monitoring and evaluation system, lack of stakeholder  coordination framework, non-harmonized assessment framework and tools for reporting  on school based assessment results.",procurement_irregularities,procurement_irregularities,1,,"limited integration of ICT in research and learning, ineffective teacher  trainings, fa",,,True
2023,2023_AGPRT@CON2023.pdf,784,"Theme 2: Delivery of infrastructure    Under this theme 207 projects with various technologies including deep boreholes,  rehabilitation of existing boreholes, production wells piped water system, valley tanks and  rain water harvesting tanks were assessed and I noted that;      There was lack of engineer’s estimates for the assessed project items which should  have guided the budgeting and procurement processes.",procurement_irregularities,procurement_irregularities,1,project items which should  have guided the budgeting and procurement processes,,,,True
2023,2023_AGPRT@CON2023.pdf,784,"  On supervision of water facilities, I noted that 79 did not receive any supervisory  quarterly inspection visits by the DWO’s staff, 71 water sources received at least  223    1 inspection visit in the year, 23 water sources received 2 inspections, 9 water  sources received 3 inspections.",contract_management,contract_management,1,,,,,False
2023,2023_AGPRT@CON2023.pdf,784,"(xii)  Conduct detailed studies for siting and installation of adequate and reliable point  water sources or reliable water supply systems to counter the negative impacts of  the low yields and frequent breakdowns due to over use of the existing facilities  by large numbers of users should be implemented;    (xiii) Ensure that sensitization of users is carried out by the Water and Sanitation staff  to instil in the facilities’ user communities the sense of ownership of the water  facilities to deter vandalism and encourage them in participation towards  maintenance of the water facilities;    (xiv) Ensure the DWOs carry out their mandated roles and duties to ensure that WUCs  are properly instituted and constituted and are functional in compliance with the  sector guidelines;    (xv)  Ensure the DWOs are be provided with dedicated means of transport to facilitate  their external oversight requirements ensure delivery of quality of services in the  Water and Sanitation Sector; and,    (xvi) Ensure that adequate sensitization of the water facilities user community is carried  out by the Water and Sanitation staff during implementation to instil in the  facilities’ user communities the sense of ownership and of their responsibility for  the maintenance of the water facilities.",governance_and_controls,governance_and_controls,1,,,,,True
2023,2023_AGPRT@CON2023.pdf,784,"  I also noted that in the 12 DLGs contract supervision and monitoring arrangements  were inadequate which was attributed to lack of quality project supervision  reports, evidence of approved supervising personnel and record of site meetings,  and environmental screening reports as well as health and safety plans.",contract_management,contract_management,1,"project supervision  reports, evidence of approved supervising personnel and record of site meeti",,,,False
2023,2023_AGPRT@CON2023.pdf,784,"c)  Contribution of external oversight to the quality of services delivered in  schools    I noted that;      Inspection of schools should be of at least 3 times a year, Twenty-four (24)  primary and six (6) secondary schools received at least 3 inspections, 4 primary  schools received 2 inspections, 2 primary schools received one inspection; while  228    17 primary schools lacked data and one secondary school was not inspected by  the district inspectors of schools.",governance_and_controls,governance_and_controls,1,,,,,True
2023,2023_AGPRT@CON2023.pdf,784,(x)  There are systems in place to monitor procurement processes and outcomes.,procurement_irregularities,procurement_irregularities,1,,,,,False
2023,2023_AGPRT@CON2023.pdf,784,"The  procurement processes are monitored by respective entity Accounting Officers,  Public Procurement and Disposal of Public Assets Authority (PPDA), MoFPED, PPDA  Tribunal, but the key Authority in charge of implementation of the procurement  laws is the PPDA.",procurement_irregularities,procurement_irregularities,1,,,"Authority (PPDA), MoFPED, PPDA  Tribunal, but the key Authority in charge of implementati",,False
2023,2023_AGPRT@CON2023.pdf,784,"The PPDA regularly monitors, reports and follows up on the  239    procurement processes through conducting compliance audits and publishing of  annual procurement reports.",procurement_irregularities,procurement_irregularities,1,,,,,False
2023,2023_AGPRT@CON2023.pdf,784,"(xi)  Procurement information is accessible to the public, as this information was readily  available on the entity websites, notice boards, and the Electronic Government  Procurement (e-GP) system.",procurement_irregularities,procurement_irregularities,1,,,,,False
2023,2023_AGPRT@CON2023.pdf,784,This transparency not only promotes accountability  but also enables stakeholders to make informed decisions and fosters trust in the  entity's procurement practices.,governance_and_controls,governance_and_controls|procurement_irregularities,2,,,,,False
2023,2023_AGPRT@CON2023.pdf,784,"d)  Financial Management and Service Delivery Process    (i)  There are still non performing procurement indicators that have undermined the  performance of the procurement system and these include the proportion of  contracts in which payment was made on time to the providers at 48% against a  target of 70%, proportion of contracts by value completed within time at 52%  against a target of 60%, and proportion of contracts by value subjected to open  competition at 58% against the target of 80%.",procurement_irregularities,procurement_irregularities,1,,,,,False
2023,2023_AGPRT@CON2023.pdf,784,"(ii)  I noted delays in URA’s procurement system specifically at the bidding stage due  to poor planning, delays in the certification of providers' invoices and failure to  obtain performance securities from providers in five procurements worth UGX 1.87  Bn, and failure to appoint contract managers for three procurements worth UGX  752.7 million.",procurement_irregularities,procurement_irregularities,1,,,,,False
2023,2023_AGPRT@CON2023.pdf,784,d)  Financial Management and Service Delivery    (i)  The PSST was advised to fast track the full rollout of the e-GP procurement  automation and review of procurement laws to address the inefficiencies in the  procurement process.,procurement_irregularities,procurement_irregularities,1,,,,,False
2023,2023_AGPRT@CON2023.pdf,784,"247    I advised the Accounting Officer to ensure that for future projects of similar nature,  detailed designs are conducted    (ii)  Procurement Issues    On three (3) of the fourteen (14) contracts, I noted some issues arising from my review  of the procurement of the works contractors as detailed below;      In Amuru DLG, after arithmetic checks and corrections, the evaluation team  communicated and recommended Wilen Construction (U) Limited as the best  evaluated bidder with a bid price of UGX.2,181,140,717 inclusive of VAT and  contingency.",procurement_irregularities,procurement_irregularities,1,,Limited as the best  evaluated bidder with a bid price of UGX,,,True
2023,2023_AGPRT@CON2023.pdf,784,"No justification was provided for the  variance of UGX.380,215,329      In Isingiro DLG, the evaluation team did not correct the arithmetic error of  UGX.166,837,000      In Kapchorwa DLG, the bid security of the winning bidder expired before the  extended bid validity period requested by the client    These procurement irregularities can lead to challenges during project implementation    I advised the Accounting Officer to ensure that going forward, the evaluation teams  adhere to the relevant procurement guidelines    (iii)  Expiry of Performance and Advance Payment Guarantees    I established that apart from the Kamwenge Project, the performance guarantees for all  the other thirteen (13) works projects expired prior to completion of the works contrary  to the contract requirements    In addition, I noted that the advance payment guarantees for five (05) projects expired  prior to recovery of advance worth UGX.",procurement_irregularities,procurement_irregularities,1,"project implementation    I advised the Accounting Officer to ensure that going forward, the eval; Project, the performance guarantees for all  the other thirteen (13) works projects expired prior",,,,True
2023,2023_AGPRT@CON2023.pdf,784,"1,541,679,717  2  Rehabilitative works on 13km of farm access roads in  Kapchorwa district  339,355,870  3  Rehabilitative works on bottlenecks (chokes) on 29km of  farm access (Menziro –Kateera 14.5) in Kakuto Subcounty  and Kasanvu Kyakatuma Kamuli Rd 14.9km, Kyeere  subcounty roads in Kyotera District  152,166,097  4  Rehabilitative works on 26km of farm access roads in  Kasanda and Mubende districts  517,650,738  248    SN  Project  Un Recovered Advance  [UGX]  5  Rehabilitative works on 7.8km of farm access roads in Mpigi  district  165,615,247      2,716,467,669    Failure to maintain a valid performance and advance payment guarantee constitutes a  fundamental breach of contract and exposes the client to the risk of financial loss in the  event the contractors fail to perform.",claims_and_disputes,claims_and_disputes,1,Project  Un Recovered Advance  [UGX]  5  Rehabilitative works on 7,,,,True
2023,2023_AGPRT@CON2023.pdf,784,"(iv)  Delayed Completion of Works    At the time of audit, I noted that the completion of works on ten (10) projects had been  delayed with delays ranging from 57 to 480 days.",delay_time_overrun,delay_time_overrun,1,,,,,True
2023,2023_AGPRT@CON2023.pdf,784,The details for the delays and are  presented below;    Table 44: Table showing delayed completion of works on ten projects  SN  Project  Delays [No  of Days]  1  Rehabilitative works on bottlenecks (chokes) on 11km of farm access  roads in Bukwo district.,delay_time_overrun,delay_time_overrun,1,Project  Delays [No  of Days]  1  Rehabilitative works on bottlenecks (chokes) on 11km of farm ac,,,,True
2023,2023_AGPRT@CON2023.pdf,784,"413  8  Rehabilitative works on bottlenecks (chokes) on 17.7km of farm access  roads in Kabonera, Kyasiga, and Kyanamukaka Sub county in Masaka  district  480  9  Rehabilitative works on bottlenecks (chokes) on 29km of farm access  (Menziro –Kateera 14.5) in Kakuto Subcounty and Kasanvu Kyakatuma  Kamuli Rd 14.9km, Kyeere subcounty roads in Kyotera District  335  10  Rehabilitative works on 26km of farm access roads in Kasanda and  Mubende districts  186    Delayed completion of works denies intended users timely usage of the infrastructure    I advised the Accounting Officer to put in place measures to ensure that works are  accelerated and completed.",delay_time_overrun,delay_time_overrun,1,,,,,True
2023,2023_AGPRT@CON2023.pdf,784,"In addition, liquidated damages should be computed and  charged to the contractors    (v)  Delayed Payment of Contractors    I reviewed the availed documentation and established that there were delays ranging  from 95 to 628 days in effecting payment of some of the IPCs to contractors on seven  249    (07) of the projects.",claims_and_disputes,claims_and_disputes|delayed_payments,2,,,,,True
2023,2023_AGPRT@CON2023.pdf,784,"Arising from these delays, contractors are entitled to interest from  the delayed payments.",delayed_payments,delayed_payments,1,,,,,True
2023,2023_AGPRT@CON2023.pdf,784,"535   614,448,030  5  Rehabilitative works on bottlenecks (chokes)  on 17.7km of farm access roads in kabonera,  Kyasiga, and Kyanamukaka Sub county in  Masaka district  221   129,341,694.11  6  Rehabilitative works on bottlenecks (chokes)  on 29km of farm access (Menziro –Kateera  14.5) in Kakuto Subcounty and Kasanvu  Kyakatuma Kamuli Rd 14.9km, Kyeere  subcounty roads in Kyotera District  340  88,622,481.29  7  Rehabilitative works on bottlenecks (chokes)  on 37km of farm access roads in Kamwenge  district  95   58,673,572        1,488,476,319.4    Delayed payment of contractors negatively affects their cash flow affecting timely  completion of works.",delayed_payments,delayed_payments,1,,,,,True
2023,2023_AGPRT@CON2023.pdf,784,"In addition, this exposes the project to risk of financial loss resulting  from interest payments on delays    I advised the Accounting Officer to investigate the causes of delayed payment and put in  place measures to address them.",delayed_payments,delayed_payments,1,project to risk of financial loss resulting  from interest payments on delays    I advised the Ac,,,,False
2023,2023_AGPRT@CON2023.pdf,784,"During the physical inspection of the works, I observed the following omissions and  defects on the sites;    Table 47: Table showing sites inspected with omissions or defects on site  SN  Project  Observation  1  Rehabilitative works on bottlenecks  (chokes) on 11km of farm access  roads in Bukwo district.",contract_management,contract_management,1,Project  Observation  1  Rehabilitative works on bottlenecks  (chokes) on 11km of farm access  ro,,,,True
2023,2023_AGPRT@CON2023.pdf,784,"Potholes, gullies, silted side drains, cracked head  walls  9  Rehabilitative works on bottlenecks  (chokes) on 17.7km of farm access  roads in Kabonera, Kyasiga, and  Kyanamukaka Sub county in Masaka  district  Loss of camber, absence of scour checks on  some roads, gullies, gravel loss, poorly placed  culvert end structures, misaligned culverts  10  Rehabilitative works on bottlenecks  (chokes) on 29km of farm access  (Menziro –Kateera 14.5) in Kakuto  subcounty and Kasanvu Kyakatuma  Kamuli Rd 14.9km, Kyeere subcounty  roads in Kyotera District  Cracked culverts, damaged headwalls, collapsed  culvert, unjointed culverts, heavily silted culverts  11  Rehabilitative works on 28km of farm  access roads in Butebo and Pallisa  districts  Loose material around culverts, silted culverts  12  Rehabilitative works on 26km of farm  access  roads  in  Kasanda  and  Mubende districts  Absence of concrete bedding, gullies, unjointed  culverts, cracked headwalls, deformed Armco  culvert  13  Rehabilitative works on 7.8km of farm  access roads in Mpigi district  Unjointed culverts, absence of concrete bedding  14  Rehabilitative works on bottlenecks  (chokes) on 37km of farm access  roads in Kamwenge district  Absence of scour checks, gravel loss, cracked  headwalls, rutting, un compacted gravel    I advised the Accounting Officer to ensure that all the above observed defects and/or  omissions are rectified    (ix)  Implementation of Environmental, Health, Social and Safety Measures    During the physical inspection of the works, I noted that on ten (10) projects there were  incidences of inadequate implementation of environmental, health, social and safety  measures as detailed below;    Table 48: Table showing incidences of inadequate implementation of environmental,  health, social and safety measures  SN  Project  Observation  1  Rehabilitative works on bottlenecks (chokes) on  11km of farm access roads in Bukwo district.",contract_management,contract_management,1,Project  Observation  1  Rehabilitative works on bottlenecks (chokes) on  11km of farm access roa,,,,True
2023,2023_AGPRT@CON2023.pdf,784,"Procurement Issues    On six (6) of the fifteen (15) contracts, I noted a number of issues arising from my review  of the procurement of the works contractors as detailed below;      The successful bidder for the extension of piped water from Itula to Lomunga  Parish did not provide CVs of key personnel    There were changes in the evaluation criteria during the evaluation of bids for full  rehabilitation of Siriba-Kalwala_Kiryampungula Road (11.3km) and Tete Ogolo-liri  road 15km    The best evaluated bidder for works at Kasenyi-Lyato did not provide the required  work method statement and his proposed Quantity Surveyor was passed despite  not having the required 4 years’ experience    The best evaluated bidder for Biyaya Secondary School had a work method  relating to a waste treatment plant and faecal sludge treatment plants which did  not constitute scope of works    During the evaluation of bids for construction of the 15m single span bridge at  Oru River, the bid for one of the bidders, Multex (U) Ltd, despite being submitted  on time was never opened claiming late submission    Inadequacies during the procurement process can result in the procurement of  contractors with inadequate capacity to execute the works    I advised the Accounting Officer to ensure that going forward, the evaluation teams  adhere to the relevant procurement guidelines    c.",procurement_irregularities,procurement_irregularities,1,,"Ltd, despite being submitted  on time was never opened claiming late submission    ",,,True
2023,2023_AGPRT@CON2023.pdf,784,Delayed Completion of Works    I noted delays in completion of the works on seven (7) out of the fifteen (15) contracts  ranging from 30 to 182 days.,delay_time_overrun,delay_time_overrun,1,,,,,True
2023,2023_AGPRT@CON2023.pdf,784,"30  8,556,830.1  3  Construction of 2 three in one classroom blocks, 01  blocks of 5 stances drainable latrine, one block of class  room, a head teachers’ office and staff room in Tonya  primary school  40  25,175,791.2  4  Construction of one block of 1000 capacity Examination  Hall and supply at Biyaya Secondary School  46  10,376,233.5  5  Full Rehabilitation of Tete Ogolo-liri road 15km  36  18,840,162.0  6  Construction of two classroom blocks, one with an office  and store, construction of a 5 stance VIP latrine for girls,  construction of a 2 stance VIP lined latrine for Teachers  at Bwondha P/S  182  14,229.2  7  Construction of a Two(2) Classroom Block with Office  and Store at Namayemba P/S  179  Full contract was  not availed to  enable  computation  TOTAL    77,200,398.5    Delayed completion of works denies intended users timely usage of the infrastructure and  failure to charge damages, denies the local government compensation arising from the  delayed completion    I advised the Accounting Officer to always ensure that works are completed in time failure  of which, liquidated damages are charged to contractors    d.",delay_time_overrun,delay_time_overrun|claims_and_disputes,2,,,,,True
2023,2023_AGPRT@CON2023.pdf,784,Unjustified extensions of time lead  to delayed completion of the works.,delay_time_overrun,delay_time_overrun,1,,,,,True
2023,2023_AGPRT@CON2023.pdf,784,"Full Rehabilitation of  Tete Ogolo-liri road  15km  Honey combing on culverts, Cracks on pipe culverts  Disjointed culverts, Poor workmanship of end structures  Blocked culvert line outlet, Culvert end structures not  constructed at Ogolo Junction, Untrained culvert outlets,  Washed away outlet apron slabs.",contract_management,contract_management,1,,,,,True
2023,2023_AGPRT@CON2023.pdf,784,"If not corrected, the above observed defects and omissions could compromise the  durability, safety and functionality of the infrastructure  263    I advised the Accounting Officer to ensure that all the above observed defects and/or  omissions are addressed    g.",contract_management,contract_management,1,,,,,True
2023,2023_AGPRT@CON2023.pdf,784,"Quality Control of Works    I evaluated the quality control procedures for the works and established that for eleven  (11) out of the fifteen contracts (15), the supervision teams did not test some of the  materials used prior to their incorporation into the works as detailed below;    Table 56: Showing projects where the supervision teams did not test some of the  materials used prior to their incorporation into the works  SN  Project Name  Materials Not Tested  1.",contract_management,contract_management,1,Project Name  Materials Not Tested  1,,,,True
2023,2023_AGPRT@CON2023.pdf,784,"Construction of a mini piped water scheme at  Chungambe Trading Center  Sand, bricks  8  Construction of a theatre, 2 units of 2 in one staff  houses and fencing at Rugaaga Health Centre IV  Concrete blocks, sand,  aggregates  9  Full Rehabilitation of Tete Ogolo-liri road 15km  Concrete pipe culverts  10  Construction of two classroom blocks, one with an  office and store, construction of a 5 stance VIP latrine  for girls, construction of a 2 stance VIP lined latrine  for Teachers at Bwondha P/S  Aggregates, sand, concrete,  bricks  11  Construction of a Two(2) Classroom Block with Office  and Store at Namayemba P/S  Aggregates, sand, concrete,  bricks    Failure to undertake tests on materials used can lead to the use of substandard materials  thereby compromising the quality of works    I advised the Accounting Officer to always ensure that materials used are tested, results  reviewed and approved prior to their incorporation into the works    h.",contract_management,contract_management,1,,,,,True
2023,2023_AGPRT@CON2023.pdf,784,I advised the Accounting Officer to put in place measures to ensure that the supervision  teams prepare quality progress reports    4.3.3 Special Audit on Alleged Mismanagement of Funds for Kanara Water Supply  Project in Kitagwenda District (Phase II &III) and Kikazi-Ntara Road    I conducted a special audit to assist the Directorate of Criminal Investigation in  investigating the alleged cases of corruption and embezzlement of funds and loss of public  resources in Kitagwenda District Local Government in the Financial Year 2020/21.,contract_management,contract_management,1,Project in Kitagwenda District (Phase II &III) and Kikazi-Ntara Road    I conducted a special aud,,,,True
2023,2023_AGPRT@CON2023.pdf,784,"Below is a summary  of the key findings as per the specific audit objectives;    a)  To determine whether Projects were included in the District plans    I established that the construction of Kanara water supply system phase III was included  in the district annual procurement work plan for the FY 2020/21, however, I could not  determine whether the construction of Kanara water supply system phase II was included  in the procurement plan for the FY 19/20 as I was not availed the plan.",procurement_irregularities,procurement_irregularities,1,,,,,True
2023,2023_AGPRT@CON2023.pdf,784,I established that the construction of Kikazi Street and Ntara Circular road was  conceptualized and approved under the Uganda Road Fund (URF) Board special project  for the extended periodic maintenance/tarmacking of 1.0km in March 2020 but was not  included in the district procurement plan for the FY 2020/21.,procurement_irregularities,procurement_irregularities,1,project  for the extended periodic maintenance/tarmacking of 1,,,,True
2023,2023_AGPRT@CON2023.pdf,784,"d)  To Determine Whether the Procurement of the Design Consultant,  Contractors and Construction Materials Followed the PPDA Act and  Regulations    (i)  Procurement of Design Consultant    I was not availed any documentation pertaining to the procurement of the design  consultant for the Kanara Water Supply Project.",procurement_irregularities,procurement_irregularities,1,Project,,,,True
2023,2023_AGPRT@CON2023.pdf,784,"As such, I could not determine  whether the procurement of the design consultant followed the PPDA regulations  and guidelines.",procurement_irregularities,procurement_irregularities,1,,,,,False
2023,2023_AGPRT@CON2023.pdf,784,"Basing on the documentation availed to me regarding the procurement of the  design consultant for the construction of Kikazi Street and Ntara Circular road, I  established that the procurement of the consultant generally followed the PPDA  regulations and guidelines.",procurement_irregularities,procurement_irregularities,1,,,,,True
2023,2023_AGPRT@CON2023.pdf,784,"(ii)  Procurement of Works Contractors for Phase II and III of the Water  Supply System    Upon reviewing documentation availed to me, I established that the procurement  process for the contractors did not fully follow the PPDA Act and regulations as  detailed below;  268      I established that for Kanara water supply system phase II, although there was  no record of issuance of the bidding document to one of the bidders, Aptech Africa  Ltd, the record of receipt of bids indicated that a bid from Aptech Africa Ltd was  received and the bid was not rejected at either the preliminary evaluation or the  financial evaluation stage contrary to Regulation 66(7) of the PPDA Local  Government Regulations 2006.",procurement_irregularities,procurement_irregularities,1,,"Ltd, the record of receipt of bids indicated that a bid from Aptech Africa Ltd was ",,,True
2023,2023_AGPRT@CON2023.pdf,784,"  I established that for Kanara water supply system phase II, the evaluation team  evaluated and compared bids with different work scope elements as well as  different quantities for some of the similar work items which is unfair and contrary  to the basic principles of procurement set out in section 43 of the PPDA Act.",procurement_irregularities,procurement_irregularities,1,,,,,True
2023,2023_AGPRT@CON2023.pdf,784,"  During the procurement of the works contractors for phase II and phase III, some  of the work items that were included in the initial engineer’s estimates were  omitted/removed and yet these are required for the completeness of construction.",procurement_irregularities,procurement_irregularities,1,,,,,True
2023,2023_AGPRT@CON2023.pdf,784,"  I also established that for phase III, the generator specifications were changed  from 50KVA power rating that was in the original engineer’s estimate for the  Kanara RGC water supply scheme to 25KVA during preparation of the unpriced  BoQs at tender.",procurement_irregularities,procurement_irregularities,1,,,,,True
2023,2023_AGPRT@CON2023.pdf,784,"(iii)  Procurement of Construction Materials for Kikazi Street and Ntara  Circular Road    I established that the procurement process for the construction materials did not fully  follow the PPDA Act and Regulations as detailed below;      Whereas Kitagwenda District Local Government had a list of best evaluated  bidders for supply of reinforced culverts and stone chippings, I was not availed  copies of contracts as well as Local Purchase Orders with these suppliers for the  construction materials procured.",procurement_irregularities,procurement_irregularities,1,,,,,True
2023,2023_AGPRT@CON2023.pdf,784,"269    e)  To Establish Whether there were Adequate Internal Controls During    Implementation and Supervision of Works    (i)  Kanara Water Supply System Phase II and III    I established some inadequacies in the internal controls during implementation  and supervision of the Kanara water supply system phase II and III as detailed  below;      For both phase II and III, there was no evidence that the contractors submitted  performance guarantees as was contractually required.",contract_management,contract_management|governance_and_controls,2,,,,,True
2023,2023_AGPRT@CON2023.pdf,784,"Arising from this delay, liquidated damages of at least UGX.3,450,000  should be charged to the contractor.",claims_and_disputes,claims_and_disputes,1,,,,,True
2023,2023_AGPRT@CON2023.pdf,784,I was not availed any documented evidence  of the Project Manager notifying the contractor of the Client’s intention to charge  liquidated damages as a result of the delayed completion of works.,delay_time_overrun,delay_time_overrun|claims_and_disputes,2,Project Manager notifying the contractor of the Client’s intention to charge  liquidated damages ,,,,True
2023,2023_AGPRT@CON2023.pdf,784,"(ii)  Construction of Kitara Street and Ntara Circular Road    I established the following inadequacies in the internal controls during  implementation of the project;        Whereas Kitagwenda District Local Government was expected to transfer the  funds to Kitagwenda Town Council expeditiously and intact, the district transferred  the first and second tranches of funds after 132 and 182 days respectively.",governance_and_controls,governance_and_controls,1,project;        Whereas Kitagwenda District Local Government was expected to transfer the  funds,,,,True
2023,2023_AGPRT@CON2023.pdf,784,Delayed completion of works denies users timely usage of the infrastructure      I advised the respective Accounting Officers to put in place measures to ensure  that      I undertook measurements on some of the executed work items to establish the  consistency with which the supervision team accurately measured the quantities  before payments.,delay_time_overrun,delay_time_overrun|contract_management,2,,,,,True
2023,2023_AGPRT@CON2023.pdf,784,"  I advised the respective Accounting Officers to ensure that these overpayments  are recovered      For the six Municipalities assessed that implemented USMID funded projects, the  assessment of percentage of material results indicated that apart from Mbarara  City that availed all the expected material test results and the two (2) Cities of  Arua and Jinja that availed partial material test results for the USMID projects, the  remaining Municipalities/Cities of Gulu, Kamuli and Ntungamo did not avail any  test results for their projects      During physical inspection of the USMID funded infrastructure works in the six  Municipalities/Cities, defects such as cracked asphalt, damaged manholes, non- functional solar lights, etc.",contract_management,contract_management,1,,,,,True
2023,2023_AGPRT@CON2023.pdf,784,"  During physical inspection of the USMID funded infrastructure works, owing to the  low progress of works in the USMID funded projects in the four (4)  Municipalities/Cities of Arua, Fort Portal, Hoima and one of the two project’s in  Ntungamo, physical inspection to ascertain defects was not undertaken.",contract_management,contract_management,1,"project’s in  Ntungamo, physical inspection to ascertain defects was not undertaken",,,,True
2023,2023_AGPRT@CON2023.pdf,784,"For the  fifteen (15) Municipalities/Cities of Apac, Busia, Entebbe, Gulu, Kabale, Kamuli,  Kitgum, Masaka, Mbarara, Mbale, Moroto, Mubende, Ntungamo (one project) and  Soroti, no observable defects were identified on the USMID funded projects during  the physical inspection of works at the time of audit.",contract_management,contract_management,1,"project) and  Soroti, no observable defects were identified on the USMID funded projects during  ",,,,True
2023,2023_AGPRT@CON2023.pdf,784,"I advised the respective Accounting Officers to ensure that the overpayments are  recovered    b)  Delayed Completion of Works    I assessed the timeliness in completion of the works and noted that;      In the education sector, apart from the seed school in Kwania DLG, completion of  works on seed schools in 43 Local Governments was delayed beyond the initial  completion date with delays ranging from 24 to 842 days.",delay_time_overrun,delay_time_overrun,1,,,,,True
2023,2023_AGPRT@CON2023.pdf,784,"  In the health sector, I noted that out of the 44 local governments that  implemented upgrading of HCII’s to III’s, 28 LGs delayed completion of works  beyond the initial completion date with delays ranging from 19 to 1,179 days.",delay_time_overrun,delay_time_overrun,1,,,,,True
2023,2023_AGPRT@CON2023.pdf,784,"For Busia MC, I noted that the works  executed were outside the intended scope of works for the program    Delayed payment of works denies intended users timely usage of the facilities    I advised the Accounting Officers to put in place measures to ensure that contractors  complete works in time, failure of which, liquidated damages are charged    c)  Quality Control of Works    I checked the level of quality control measures undertaken on selected materials (sand,  concrete, aggregates, blocks/bricks) before incorporation into permanent works.",claims_and_disputes,claims_and_disputes|delayed_payments,2,program    Delayed payment of works denies intended users timely usage of the facilities    I adv,,,,True
2023,2023_AGPRT@CON2023.pdf,784,ii)  Inconsistencies in passport processing  278    iii)  The same NIN used by Different Applicants in Passport Processing  iv)  Revenue lost due to Passports being processed without traceable online  applications and Payments at URA  v)  System Ownership and Source Code Ownership or Transfer  vi)  Weak IT Governance Structures  vii)  Absence of IT Risk Assessment and Management  viii)  Delays in project implementation and handover  ix)  Lack of a specific IT Strategic Plan  x)  Absence of IT Continuity Plans/Disaster Recovery Plan  xi)  Delayed Supply of Paper-Based Passports by the Vendor    5.1.3.,governance_and_controls,governance_and_controls,1,project implementation and handover  ix)  Lack of a specific IT Strategic Plan  x)  Absence of IT,,,,False
2023,2023_AGPRT@CON2023.pdf,784,"In March 2021, M/s Steam Investments sued Isolux in the High Court of Uganda for breach  of contract (failing to settle outstanding payables).",claims_and_disputes,claims_and_disputes,1,,M/s Steam Investments sued Isolux in the High Court of Uganda for breach  of contra,,,False
2023,2023_AGPRT@CON2023.pdf,784,"UETCL and African Development Bank  (AfDB) were included on the legal suit as 1st and 2nd garnishee respectively, following a  claim by M/s Steam Investments asserting that UETCL, by the time of terminating the  Main contract, had unutilized amounts under the encashed performance guarantee,  retention monies and unpaid invoices due to M/s Isolux.",claims_and_disputes,claims_and_disputes,1,,"M/s Steam Investments asserting that UETCL, by the time of terminating the  Main co; M/s Isolux",,AfDB) were included on the legal suit as 1st and 2nd garnishee r,True
2023,2023_AGPRT@CON2023.pdf,784,"Chief Justice indicated that he had been receiving  information that many of the courts constructed over a period of close to 10 years had  developed a lot of defects arising from use of substandard construction materials, poor  workmanship, design deficiencies, inadequate facilities and delays in construction.",contract_management,contract_management,1,,,,,True
2023,2023_AGPRT@CON2023.pdf,784,a)  The construction of Kikazi Street and Ntara Circular road was conceptualized and  approved under the Uganda Road Fund (URF) Board special project for the  extended periodic maintenance/tarmacking of 1.0km in March 2020 but was not  included in the district procurement plan for the FY 2020/21.,procurement_irregularities,procurement_irregularities,1,project for the  extended periodic maintenance/tarmacking of 1,,,,True
2023,2023_AGPRT@CON2023.pdf,784,"Notably among the incomplete works were installation of water collection facilities,  addressing environmental aspects like planting of grass and trees, plastering,  painting works and floor finishes.",delay_time_overrun,delay_time_overrun,1,,,,,True
2023,2023_AGPRT@CON2023.pdf,784,"  67 projects in 35 LGs had defects such as cracked walls, unpainted windows,  uninstalled lightning conductors, delivery of substandard furniture, unfixed water  gutters etc.",contract_management,contract_management,1,,,,,False
2023,2023_AGPRT@CON2023.pdf,784,The Accounting Officers attributed the delayed completion of projects to delays in receipt  of funds by the LGs    Recommendation      MoFPED should ensure timely release of funds and the Accounting Officers should  roll over the un-implemented activities to the financial year 2023/2024.,delay_time_overrun,delay_time_overrun,1,,,,,False
2023,2023_AGPRT@CON2023.pdf,784,Recommendation    The Accounting Officers should engage MAAIF to review the program in regards to co- funding and procurement arrangements of the program in order to enhance utilisation of  funds.,procurement_irregularities,procurement_irregularities,1,program in regards to co- funding and procurement arrangements of the program in order to enhance,,,,False
2023,2023_AGPRT@CON2023.pdf,784,The Accounting Officers attributed the performance to delays in the procurement of  supplies and inadequate capacity of the suppliers.,procurement_irregularities,procurement_irregularities,1,,,,,False
2023,2023_AGPRT@CON2023.pdf,784,  All the procured infrastructure projects were within the procurement plans of the  MCs.,procurement_irregularities,procurement_irregularities,1,,,,,True
2023,2023_AGPRT@CON2023.pdf,784,  All procurements in 14 of the 15 Districts were cleared by the Community  Procurement Committees.,procurement_irregularities,procurement_irregularities,1,,,,,False
2023,2023_AGPRT@CON2023.pdf,784,"However, this caused delayed  approval of design works for infrastructural projects and delayed the commencement of  procurement processes, consequently leading to delayed implementation of subprojects.",procurement_irregularities,procurement_irregularities,1,,,,,True
2023,2023_AGPRT@CON2023.pdf,784,"Recommendation      The OPM should ensure that approved subprojects are funded timely    The Accounting Officers and OPM should follow up on all project balances on  commercial banks and ensure that the funds are not misused    The Accounting Officers should engage OPM regarding the utilisation of subproject  savings and interests earned    (ii)  Implementation of project activities    The DRDIP Operation Manual, 2019 provides that:      Only those subprojects which are currently functioning and/or have recurrent  budget for staff and materials provided by the respective administration will be  supported  298      A Web-Based Management Information System shall be set up through which data,  including accountability data, will be captured at all stages of the implementation  of the subprojects and that that the DRDIP Desk Officer at the district will take  responsibility of the operation of the MIS at the district level      I reviewed the DRDIP approved work plans, performance reports and undertook  audit inspections to ascertain the status of implementation of the subprojects and  compliance with the project guidelines.",governance_and_controls,governance_and_controls,1,"project balances on  commercial banks and ensure that the funds are not misused    The Accountin; project activities    The DRDIP Operation Manual, 2019 provides that:      Only those subproject",,,,False
2023,2023_AGPRT@CON2023.pdf,784,"  In Yumbe district, 39 procurements worth UGX.2.958Bn were not approved by the  subproject Community Project Management Committees (CPMCs) and Community  Procurement Committees (CPC) while 7 procurements worth UGX.3.788Bn did not  seek guidance from district specialists.",procurement_irregularities,procurement_irregularities,1,Project Management Committees (CPMCs) and Community  Procurement Committees (CPC) while 7 procure,,,,False
2023,2023_AGPRT@CON2023.pdf,784,"  In Moyo, Arua and Hoima districts, Community Procurement and Management  Committees did not submit monthly physical progress reports or financial reports  to their respective districts which undermined timely interventions and  accountabilities.",procurement_irregularities,procurement_irregularities,1,,,,,False
2023,2023_AGPRT@CON2023.pdf,784,"300    (iii)  Inspection for service delivery projects implemented in FY 2021/22 and  2022/23    I carried out physical inspections between October and December 2023 on 33 Sub projects  worth UGX.37.421Bn to ascertain the extent of service delivery in regard to; existence,  quality, adequacy, time, cost and functionality; and observed that:      Six (6) subprojects worth UGX.15.654Bn in 6 districts had defects ranging from  cracks on walls and un-cleared water channels under bridges    Twelve (12) subprojects worth UGX12.925Bn in 6 districts were behind schedule    UGX.256Mn was paid out from eleven (11) subprojects in 4 districts for  Environmental mitigation measures with no corresponding/commensurate work.",delay_time_overrun,delay_time_overrun|contract_management,2,,,,,True
2023,2023_AGPRT@CON2023.pdf,784,  Environmental and Social Management Plan (ESMP) works were still ongoing and  had been affected by the delayed completion of the subprojects and by the dry  weather.,delay_time_overrun,delay_time_overrun,1,,,,,True
2023,2023_AGPRT@CON2023.pdf,784,The Accounting Officers attributed this to;      Budget cuts and late release of funds    Delayed procurements caused by the hybrid procurement approach.,procurement_irregularities,procurement_irregularities,1,,,,,False
2023,2023_AGPRT@CON2023.pdf,784,304      Ministry of Education and Sports and the Ministry of Health should review the  hybrid procurement approach and iron out the attendant bottlenecks.,procurement_irregularities,procurement_irregularities,1,,,Ministry of Education and Sports and the Ministry of Health should review the  hybrid pr,,False
2023,2023_AGPRT@CON2023.pdf,784,"I noted  the following;      146 out of 230 projects inspected were not completed while, 116 had defects  ranging from unfitted doors and windows to un-installed water and electrical  fittings.",contract_management,contract_management,1,,,,,False
2023,2023_AGPRT@CON2023.pdf,784,"However, I noted that delayed completion of project was due to inadequate monitoring  and supervision of projects by management.",delay_time_overrun,delay_time_overrun|contract_management,2,project was due to inadequate monitoring  and supervision of projects by management,,,,False
2023,2023_AGPRT@CON2023.pdf,784,  Strengthen monitoring and supervision of construction projects.,contract_management,contract_management,1,,,,,True
2023,2023_AGPRT@CON2023.pdf,784,"The Accounting Officers attributed the underutilization of funds to majorly delayed  procurement, delayed project commencement which was occasioned by delays in design  approvals, unfavourable weather conditions which affected the timely implementation of  projects.",procurement_irregularities,procurement_irregularities,1,"project commencement which was occasioned by delays in design  approvals, unfavourable weather co",,,,False
2023,2023_AGPRT@CON2023.pdf,784,Recommendation    MoLHUD should ensure timely design approval to kick start the procurement process in  time.,procurement_irregularities,procurement_irregularities,1,,,,,False
2023,2023_AGPRT@CON2023.pdf,784,  Two (2) projects out of the 129 projects in two LGs had road defects hence  affecting the useful life of the road.,contract_management,contract_management,1,,,,,True
2023,2023_AGPRT@CON2023.pdf,784,  there were delays in the procurement processes for the construction of the piped  water schemes.,procurement_irregularities,procurement_irregularities,1,,,,,True
2023,2023_AGPRT@CON2023.pdf,784,-  Enhance supervision of construction works to ensure that the projects are  completed within the agreed timelines.,contract_management,contract_management,1,,,,,True
2023,2023_AGPRT@CON2023.pdf,784,-  Ensure timely commencement of procurement processes as provided in the grant  guidelines.,procurement_irregularities,procurement_irregularities,1,,,,grant  guidelines,False
2023,2023_AGPRT@CON2023.pdf,784,"Key Recommendation    The Accounting Officers should:    -  Adequately budget and prioritize the rehabilitation and maintenance of boreholes,  and facilitation of monitoring and supervision of water user communities.",contract_management,contract_management,1,,,,,True
2023,2023_AGPRT@CON2023.pdf,784,324      There were significant delays of more than 10 months in the procurement of 2000  tablet computers and rehabilitative works on 24Kms of Farm Access Roads.,procurement_irregularities,procurement_irregularities,1,,,,,True
2023,2023_AGPRT@CON2023.pdf,784,  The Project had an average planned duration of 120 days (4 months) for  undertaking procurements.,procurement_irregularities,procurement_irregularities,1,Project had an average planned duration of 120 days (4 months) for  undertaking procurements,,,,False
2023,2023_AGPRT@CON2023.pdf,784,"In another instance, a  procurement took 600 days (20 months) since its initiation which significantly  affected service delivery.",procurement_irregularities,procurement_irregularities,1,,,,,False
2023,2023_AGPRT@CON2023.pdf,784,"However, the undisbursed funds of USD 7,786,000 was incurred as  foreign exchange losses over the project lifetime arising from delayed completion  of civil works.",delay_time_overrun,delay_time_overrun,1,project lifetime arising from delayed completion  of civil works,,,,True
2023,2023_AGPRT@CON2023.pdf,784,"The shortfall affected  implementation of activities, such as; recruitment, monitoring of radiation facilities,  construction of a technical support block, and procurement of environmental  monitoring equipment, among others.",procurement_irregularities,procurement_irregularities,1,,,,,True
2023,2023_AGPRT@CON2023.pdf,784,"  Three (3) on-going court cases worth UGX.568,584,596 were not disclosed in the  Hospital’s financial statements.",claims_and_disputes,claims_and_disputes,1,,,,,True
2023,2023_AGPRT@CON2023.pdf,784,"  There was inadequate budgeting for domestic arrears by the Hospital which stood  at UGX.246,284,770 at the beginning of the financial year.",delayed_payments,delayed_payments,1,,,,,True
2023,2023_AGPRT@CON2023.pdf,784,"  Regional mental health units had challenges of lack of critical staff, designated  space and infrastructure to accommodate mental health patients, drug shortages,  and insufficient outreach and technical supervision by Butabika Hospital.",contract_management,contract_management,1,,,,,True
2023,2023_AGPRT@CON2023.pdf,784,The Fund Accountability Statement is prepared to assist Private Sector  Foundation Uganda in complying with the financial reporting provisions of the  contract referred to above.,governance_and_controls,governance_and_controls,1,,,,,False
2023,2023_AGPRT@CON2023.pdf,784,"Development  Response  to  Displacement  Governance and  Security  Unqualified  I observed that;    341    Impact Project  (DRDIP)  IDA  Credit  No  P152822-UG      The total cumulative project disbursements from the donors were more than  expected by USD.124,487 due to foreign exchange gains.",governance_and_controls,governance_and_controls,1,Project  (DRDIP)  IDA  Credit  No  P152822-UG      The total cumulative project disbursements fr,,,,False
2023,2023_AGPRT@CON2023.pdf,784,"  Two (2) key procurements, namely purchasing medical equipment and engaging  capacity-building partners, were still in process.",procurement_irregularities,procurement_irregularities,1,,,,,True
2023,2023_AGPRT@CON2023.pdf,784,  The Directorate flouted procurement procedures in the purchase of two double  cabin pick ups in the year at UGX.395.97Mn.,procurement_irregularities,procurement_irregularities,1,,,,,False
2023,2023_AGPRT@CON2023.pdf,784,"  Advance payment guarantees for the advance payments totaling USD 1,511,208  had expired due to the delayed completion of the multipurpose building which also  deferred the supply and installation of ICT Equipment for Training and  Telemedicine, a Magnetic Resonance Imaging System (MRI) and Medical  Laboratory Furniture  Economic Policy  Research  Centre  Human Capital  Development  Unqualified    There were no material findings to report on    Education  Service  Commission  (ESC)  Human capital  development  Unqualified  I noted that;      The Commission had an approved budget of UGX 14.647Bn from the various  programmes out of which UGX 13.640Bn (93%) was warranted, resulting in a  shortfall of UGX 1.007Bn.",delay_time_overrun,delay_time_overrun,1,,,Commission  (ESC)  Human capital  development  Unqualified  I noted that;      The Commis,,True
2023,2023_AGPRT@CON2023.pdf,784,"Unpaid PAPs were 6,256 with  outstanding payments of UGX 4,677,888,844    Energy  for  Rural  Transformation  Project - Phase  III (ERT III)  Under  The  Project  Coordination  Unit  Energy Development    Unqualified  I observed that;      Cumulative disbursements of project funds as at 30th June 2023 by the donor was  USD.11.1M (94%) out of the expected USD 11.8M, while GOU counterpart  disbursements are at 116% (USD 2.91M out of USD 2.5M).",delayed_payments,delayed_payments,1,Project - Phase  III (ERT III)  Under  The  Project  Coordination  Unit  Energy Development    Un; project funds as at 30th June 2023 by the donor was  USD,,,,True
2023,2023_AGPRT@CON2023.pdf,784,"  There was delayed completion of the construction of the Office Block for Enterprise  Uganda where the planned progress was 70.25% compared to a physical work  progress of 42%, hence average time lost was 28% translating to delays of over  5.65 months.",delay_time_overrun,delay_time_overrun,1,,,,,True
2023,2023_AGPRT@CON2023.pdf,784,"  The quarterly procurement reports prepared by management were not submitted  to MEMD and PPDA as required, and also lacked 6 implemented procurements  worth UGX 939,811,761.",procurement_irregularities,procurement_irregularities,1,,,,,False
2023,2023_AGPRT@CON2023.pdf,784,This could lead to loss of funds due to  litigation arising from delayed settlement.,claims_and_disputes,claims_and_disputes,1,,,,,False
2023,2023_AGPRT@CON2023.pdf,784,  Delayed Completion of Phase 1 of Construction of Business Development Centre.,delay_time_overrun,delay_time_overrun,1,,,,,True
2023,2023_AGPRT@CON2023.pdf,784,  Delayed completion of construction works of the Regional Blood Bank Offices that  affected delivery of intended blood transfusion services.,delay_time_overrun,delay_time_overrun,1,,,,,True
2023,2023_AGPRT@CON2023.pdf,784,I further noted that with regard to the Insurance Appeals Tribunal;      The funding of the budget and procurement function for the Tribunal are handled  by Insurance Regulatory Authority (IRA) on its behalf and the Tribunal reports to  IRA regarding its operations.,procurement_irregularities,procurement_irregularities,1,,,Authority (IRA) on its behalf and the Tribunal reports to  IRA regarding its operations,,False
2023,2023_AGPRT@CON2023.pdf,784,"Similarly, all the available project funds of UGX.35.47 Bn  were spent on compensation of project affected persons, representing an  absorption level of 100%.",land_and_right_of_way,land_and_right_of_way,1,"project funds of UGX; project affected persons, representing an  absorption level of 100%",,,,False
2023,2023_AGPRT@CON2023.pdf,784,Kabale  University  Human Capital  Development  Unqualified  I noted that;      The University had had outstanding receivables amounting to UGX.668.406Mn  relating to delayed settlement of student fees.The University had outstanding  domestic arrears relating to PAYE of UGX.1.637Bn and supplier invoices of  UGX.141.939Mn.,delayed_payments,delayed_payments,1,,,,,False
2023,2023_AGPRT@CON2023.pdf,784,"  The project did not have a customised finance and accounting manual to enable  documentation of financial procedures for management of receipts and payments,  stores, custody of assets, control of liabilities and general internal controls while  managing the project funds.",governance_and_controls,governance_and_controls,1,project did not have a customised finance and accounting manual to enable  documentation of finan; project funds,,,,False
2023,2023_AGPRT@CON2023.pdf,784,"  The project had not received GoU counterpart funding to the tune of USD.11Mn,  thus affecting the compensation of Project Affected Persons.",land_and_right_of_way,land_and_right_of_way,1,project had not received GoU counterpart funding to the tune of USD; Project Affected Persons,,,,False
2023,2023_AGPRT@CON2023.pdf,784,"  Lots 1,2,3, and 5 delayed to commence due to challenges in the acquisition of right  of way, absence of approved design reviews and non-compliance to health, safety  and environment safeguards.",contract_management,contract_management,1,,,,,True
2023,2023_AGPRT@CON2023.pdf,784,"  The Project Oversight Committee was not fully constituted, and meetings were not  held, thus affecting the oversight function of the project.",governance_and_controls,governance_and_controls,1,"Project Oversight Committee was not fully constituted, and meetings were not  held, thus affectin; project",,,,False
2023,2023_AGPRT@CON2023.pdf,784,  There was delayed commencement of Project works as the procurement which was  initiated in May 2018 had not been concluded at the time of the audit in November  2023.,procurement_irregularities,procurement_irregularities,1,Project works as the procurement which was  initiated in May 2018 had not been concluded at the t,,,,True
2023,2023_AGPRT@CON2023.pdf,784,"  The Hospital had outstanding salary arrears for 29 employees worth  UGX.171,749,787 for the period under review.",delayed_payments,delayed_payments,1,,,,,True
2023,2023_AGPRT@CON2023.pdf,784,"  Out of the 20 resettlement houses which were expected to be constructed by 27th  August 2022, only 8 (40%) had been constructed as at 30th June 2023,  representing a delay of 10 Months.",land_and_right_of_way,land_and_right_of_way,1,,,,,False
2023,2023_AGPRT@CON2023.pdf,784,"However, at the time audit (November, 2023), the construction  had stalled.",delay_time_overrun,delay_time_overrun,1,,,,,True
2023,2023_AGPRT@CON2023.pdf,784,"  The Institute owns land measuring 650 acres in Kabanyolo with a total of 15  Security guards, however, the land is encroached upon and a school is being built  on it, the land is not fully demated and not fully fenced.",land_and_right_of_way,land_and_right_of_way,1,,,,,True
2023,2023_AGPRT@CON2023.pdf,784,At the point writing this  report the building was not yet completed.,delay_time_overrun,delay_time_overrun,1,,,,,True
2023,2023_AGPRT@CON2023.pdf,784,"405    Technology  Ficile Screening  for Esophageal  Cancer  in  LMICS  (ESOCAP)  Study for the  period  1st  September  2021  to  31st  August 2022    Mbarara  University  of  Science  and  Technology  Getting to Zero  Project for the  period 1st May  2019  to  30th  April 2020  Human Capital  Development    Unqualified    Analysis of the Funds accountability statement revealed that out of the amount  received of USD.22,134.45, only USD.19,886.75 (90%) was utilized, leaving a  balance of USD.2,347.70 (10%) unutilized.",governance_and_controls,governance_and_controls,1,Project for the  period 1st May  2019  to  30th  April 2020  Human Capital  Development    Unqual,,,,False
2023,2023_AGPRT@CON2023.pdf,784,"Metabolic  and  Molecular  Ecological  Evaluation  of  Opportunity  Pulmonary  Fungal  Co- Infection  (MEMOF)  Project  of  Mbarara  University  of  Science  and  Technology  (MUST)  Human Capital  Development    Unqualified    There were no reportable issues  Microfinance  Support Center  Limited (MSCL)  Private Sector  Development    Unqualified  I observed that;      The entity lacks an appropriate governance framework that includes policies and  procedures for credit risk management, credit risk assessment, credit risk  measurement, credit risk reporting, and credit risk mitigation.",governance_and_controls,governance_and_controls,1,Project  of  Mbarara  University  of  Science  and  Technology  (MUST)  Human Capital  Developmen,Limited (MSCL)  Private Sector  Development    Unqualified  I observed that;      The ,,,False
2023,2023_AGPRT@CON2023.pdf,784,  Planned procurements to the tune of UGX.4.4Bn were not implemented although  they formed part of the procurement plan.,procurement_irregularities,procurement_irregularities,1,,,,,False
2023,2023_AGPRT@CON2023.pdf,784,  Ministry chose to use the direct procurement method other than the alternate  methods that could have offered fair pricing and fair competition.,procurement_irregularities,procurement_irregularities,1,,,Ministry chose to use the direct procurement method other than the alternate  methods th,,False
2023,2023_AGPRT@CON2023.pdf,784,"There was also delays in the procurement process  for FMD inputs, delivery by suppliers and distribution by MAAIF and a lack of  standard operating procedures in the management of these inputs.",procurement_irregularities,procurement_irregularities,1,,,,,False
2023,2023_AGPRT@CON2023.pdf,784,"  Delays in the procurement of heavy earth moving equipment, delivery by suppliers,  distribution by MAAIF, poor management of equipment by beneficiaries, lack of  timely supervision by MAAIF and a lack of standard operating procedures in the  management of the acquired equipment.",contract_management,contract_management|procurement_irregularities,2,,,,,False
2023,2023_AGPRT@CON2023.pdf,784,412      Construction of UPDF National Referral Hospital at Lower Mbuya had stalled and  been abandoned.,delay_time_overrun,delay_time_overrun,1,,,,,True
2023,2023_AGPRT@CON2023.pdf,784,  The construction works for the Beneficiation centre in Fortportal were shoddy and  incomplete which delayed the operationalisation of the centre.,contract_management,contract_management,1,,,,,True
2023,2023_AGPRT@CON2023.pdf,784,"Delays in the completion of project have led to cost overruns to  417    the Ministry of UGX.4.354Bn in regards to relocation costs, and parking costs for  the financial year under review.",cost_overrun,cost_overrun,1,project have led to cost overruns to  417    the Ministry of UGX,,Ministry of UGX,,False
2023,2023_AGPRT@CON2023.pdf,784,"  With regard to the progress of on-going construction and renovation works,  whereas a number of these projects were progressing well, some projects were  behind schedule.",delay_time_overrun,delay_time_overrun,1,,,,,True
2023,2023_AGPRT@CON2023.pdf,784,  There was lack of a comprehensive procurement plan; failure of the Ministry to use  the e-GP system while 4 procurements were delayed.,procurement_irregularities,procurement_irregularities,1,,,Ministry to use  the e-GP system while 4 procurements were delayed,,False
2023,2023_AGPRT@CON2023.pdf,784,"1,002,044,687  on the e-procurement system (E-GP)    Ministry  of  Lands, Housing  &  Urban  Development  Natural Resources,  Environment, Climate  Change, Land and  Water  Sustainable  Urbanisation and  Housing  Unqualified  I noted the following:      Out of the budget of UGX.",procurement_irregularities,procurement_irregularities,1,,,"Ministry  of  Lands, Housing  &  Urban  Development  Natural Resources,  Environment, Cl",,True
2023,2023_AGPRT@CON2023.pdf,784,"429    Ministry  of  Local  Government                  Agro-Industrialization  Development Plan  Implementation  Governance and  Security  Human Capital  Development  Legislation, Oversight  and Representation  Natural Resources,  Environment, Climate  Change, Land and  Water  Public Sector  Transformation  Regional Balanced  Development  Sustainable  Urbanisation and  Housing  Unqualified  I observed that:      The Ministry of Local Government collected UGX.4,760,687,200 against the  budgeted NTR of UGX.170,000,000.",governance_and_controls,governance_and_controls,1,,,Ministry  of  Local  Government                  Agro-Industrialization  Development Pla; Ministry of Local Government collected UGX,,True
2023,2023_AGPRT@CON2023.pdf,784,"  There was delayed completion of; Construction of a Ferry Landing Site at Gerenge  in Katabi Town Council, Civil Works for Upgrading of Shimon Roads (3.178km) and  Civil Works for the upgrading of Kiwogoloma-Kitukutwe-Kijabijjo road (4.5km) and  Bulindo-Nsansa-Namugongo road (4.56km), Ssezibwa (Bulandi –Gyira) Swamp  Crossing Between Kayunga and Nakasogola Districts as well as civil Works for  Upgrading of Kafunta-Buwampa Road (9.5KM).",delay_time_overrun,delay_time_overrun,1,,,,,True
2023,2023_AGPRT@CON2023.pdf,784,"439      From the review of the Standard Gauge Railway Project status of land acquisition  and the final assessment reports, I noted that as at 13th October 2023; 2,200 PAPs  worth UGX.159,649,885,792 who were assessed in the period 2016 to 2018 were  still unpaid.",land_and_right_of_way,land_and_right_of_way,1,"Project status of land acquisition  and the final assessment reports, I noted that as at 13th Oct",,,,True
2023,2023_AGPRT@CON2023.pdf,784,"  Contract managers did not prepare contract management plans for contracts worth  UGX.1,332,094,484 for procurements made during the year.",contract_management,contract_management|procurement_irregularities,2,,,,,False
2023,2023_AGPRT@CON2023.pdf,784,"  The Hospital did not enforce submission of performance securities for  procurements worth UGX.497,265,890 made during the year.",procurement_irregularities,procurement_irregularities,1,,,,,True
2023,2023_AGPRT@CON2023.pdf,784,"  I observed four (4) road sections (Km65 to Km92, Km7 to Km9, Km6+600 RHS  and Km38+400 to Km38+600) still had pending land acquisition issues.",land_and_right_of_way,land_and_right_of_way,1,,,,,True
2023,2023_AGPRT@CON2023.pdf,784,"  I reviewed the procurement and distribution of Value addition facilities by NAADs  and noted several shortcomings which included; Supply of maize mills to ineligible  beneficiaries, non-delivery of maize milling equipment, non-adherence to  specifications for the maize mill contract, incomplete installations of maize mills,  non-adherence to the selection criteria for tractor beneficiaries, delayed completion  of a market construction, irregular change of specifications, undelivered solar water  pumping system, faulty solar water pumping systems, non-utilization of milk  coolers, failure to provide post installation support by suppliers, unpreparedness to  receive/install milk coolers, contracts executed without performance securities, lack  of memoranda of understanding (MOUs) with beneficiaries.",delay_time_overrun,delay_time_overrun|procurement_irregularities,2,,,,,True
2023,2023_AGPRT@CON2023.pdf,784,"I also noted that the construction of the farm manager, senior manager and staff  houses had delayed and some stalled.",delay_time_overrun,delay_time_overrun,1,,,,,True
2023,2023_AGPRT@CON2023.pdf,784,The Authority did not prepare and submit monthly procurement reports for the period  under review as required.,procurement_irregularities,procurement_irregularities,1,,,Authority did not prepare and submit monthly procurement reports for the period  under re,,False
2023,2023_AGPRT@CON2023.pdf,784,"  NEC Works Ltd had outstanding trade debtors of UGX.14,341,937,343 as of 30th  June 2023 which was an increase of 13.4% from UGX.12,642,327,284 as of 30th  June 2022    I inspected a sample of ongoing construction projects currently being implemented  by NEC-Works to assess the quality of works and progress of works and established  that largely Projects were behind schedule.",delay_time_overrun,delay_time_overrun,1,,Ltd had outstanding trade debtors of UGX,,,True
2023,2023_AGPRT@CON2023.pdf,784,  There was encroachment on Company land    Failure to comply with statutory deductions of NSSF and withholding tax    Delayed/incomplete projects where capital has been tied up and also customers  were getting frustrated with the delays hindering them to occupy the units they  had already deposited on.,land_and_right_of_way,land_and_right_of_way,1,,Company land    Failure to comply with statutory deductions of NSSF and withholding ta,,,False
2023,2023_AGPRT@CON2023.pdf,784,200000328100  (NOSP-MAAIF)  Agro-Industrialization    Unqualified    I noted delays to commence the project arising from lengthy approval and  procurement processes.,procurement_irregularities,procurement_irregularities,1,project arising from lengthy approval and  procurement processes,,,,False
2023,2023_AGPRT@CON2023.pdf,784,"  I noted that key project activities such as Procurement of 12 vehicles for hubs and  PCU, Sensitization and launching of the completed irrigation systems was not  conducted and operationalisation of all the six (6) hubs in 75 districts were not  implemented during the year.",procurement_irregularities,procurement_irregularities,1,"project activities such as Procurement of 12 vehicles for hubs and  PCU, Sensitization and launch",,,,False
2023,2023_AGPRT@CON2023.pdf,784,"The status of key milestones was; Engineering – 61%, Procurement-43%  and Construction – 4%.",procurement_irregularities,procurement_irregularities,1,,,,,True
2023,2023_AGPRT@CON2023.pdf,784,  Land acquisition in Uganda was at 84% which poses community related risks to  the project.,land_and_right_of_way,land_and_right_of_way,1,project,,,,True
2023,2023_AGPRT@CON2023.pdf,784,"  UGX 189,877,615 relating to statutory deductions have not been remitted to URA  and NSSF respectively over the years and Council risks facing litigation and  resultant penalties for delayed settlement.",claims_and_disputes,claims_and_disputes,1,,,,,False
2023,2023_AGPRT@CON2023.pdf,784,"  I reviewed the progress of the construction of Arua Regional Office and noted that  works had since stalled, and the contractor had abandoned the site.",delay_time_overrun,delay_time_overrun,1,,,,,True
2023,2023_AGPRT@CON2023.pdf,784,"478    Office of the  Prime Minister  (OPM)        Development plan  implementation  Governance and  security  Natural resources,  environment, climate  change, land and water  Regional balanced  development  Unqualified  I observed that:      The OPM budgeted to collect NTR of UGX.0.05Bn during the year however,  UGX.0.498Bn was collected representing a 996% performance.",governance_and_controls,governance_and_controls,1,,,,,False
2023,2023_AGPRT@CON2023.pdf,784,"  Six (6) activities with a total expenditure of UGX.7.426Bn faced challenges which  include; delays in delivery of items procured, failure to procure some items and  delayed resettlement of displaced people.",land_and_right_of_way,land_and_right_of_way,1,,,,,False
2023,2023_AGPRT@CON2023.pdf,784,"  There was inadequate planning for affirmative action programmes with gaps such  as absence of needs assessment, procurement not informed by numbers of  beneficiaries targeted, lack of documented guidance regarding identification of  beneficiaries.",procurement_irregularities,procurement_irregularities,1,,,,,False
2023,2023_AGPRT@CON2023.pdf,784,  Delays in completion of construction of houses for war veterans and classrooms.,delay_time_overrun,delay_time_overrun,1,,,,,True
2023,2023_AGPRT@CON2023.pdf,784,"I also noted minimal  monitoring, supervision and technical backstopping of project implementation in  liaison with the District Local Governments by OPM as required by the MoU.",contract_management,contract_management,1,project implementation in  liaison with the District Local Governments by OPM as required by the ,,,,False
2023,2023_AGPRT@CON2023.pdf,784,"  I noted that whereas the total expected cumulative disbursements of the project  funds to date was USD 6,000,000 only USD 5,261,650 was realized representing  87.7%    I sampled twenty-seven (27) activities of USD 1,664,251 and noted that targets for  six (6) activities of USD 187,344 had been fully achieved while targets for twenty  (20) activities of USD 1,465,307 were partially implemented while one (1) activity  of USD 11,600 was yet to be achieved    I noted that the project had unpaid salary arrears for three months and PhD  Students stipend amounting to UGX.",delayed_payments,delayed_payments,1,"project  funds to date was USD 6,000,000 only USD 5,261,650 was realized representing  87; project had unpaid salary arrears for three months and PhD  Students stipend amounting to UGX",,,,False
2023,2023_AGPRT@CON2023.pdf,784,  The entity undertook procurements worth UGX.0.49Bn using the wrong  procurement method which was irregular.,procurement_irregularities,procurement_irregularities,1,,,,,False
2023,2023_AGPRT@CON2023.pdf,784,"However, the project is coming to an end without proper modalities  for monitoring and supervision.",contract_management,contract_management,1,project is coming to an end without proper modalities  for monitoring and supervision,,,,False
2023,2023_AGPRT@CON2023.pdf,784,"  There were delays in completion of the rehabilitation of Corner Pa Lagara– Monroc  Market Road 14.7km worth UGX.1,780,629,779.",delay_time_overrun,delay_time_overrun,1,,,,,True
2023,2023_AGPRT@CON2023.pdf,784,  There was delayed completion of the construction of the two (2) markets namely  Opit in Omoro district and Lukole in Agago district by an average of eight (8)  months as at the time of audit in October 2023.,delay_time_overrun,delay_time_overrun,1,,,,,True
2023,2023_AGPRT@CON2023.pdf,784,"487    Public  Procurement &  Disposal  of  Public  Assets  (PPDA)    Governance and  security  Private sector  development  Unqualified    The Authority had an approved budget of UGX.23.176Bn from the various  programmes, out of which UGX.21.255Bn was warranted resulting in a shortfall of  UGX.1.921Bn representing a 91.7% performance.",governance_and_controls,governance_and_controls|procurement_irregularities,2,,,Authority had an approved budget of UGX,,False
2023,2023_AGPRT@CON2023.pdf,784,"Public  Procurement &  Disposal  of  Public  Assets  (PPDA) Appeals  Tribunal    Governance and  security  Private sector  development  Unqualified    I noted that Tribunal had an approved NTR estimates of UGX.15Mn for the FY  2022/2023, out of which UGX.11.1Mn was collected by year end, representing a  74% performance.",governance_and_controls,governance_and_controls|procurement_irregularities,2,,,,,False
2023,2023_AGPRT@CON2023.pdf,784,  Two (2) contractors undertaking contract works for the valley dams in Moroto and  Kaabong districts are past the completion time but works are still significantly  behind schedule.,delay_time_overrun,delay_time_overrun,1,,,,,True
2023,2023_AGPRT@CON2023.pdf,784,"500      The  Fund  Accountability  Statement  of  Young  Africa  Works Uganda  –  Lead  Firm  Structure  Project  (  YAWUG-LFS)  Development Plan  Implementation    Unqualified    I draw attention to Note 5.3.1 to the Fund Accountability Statement, which  describes the basis of accounting.",governance_and_controls,governance_and_controls,1,Project  (  YAWUG-LFS)  Development Plan  Implementation    Unqualified    I draw attention to N,,,,True
2023,2023_AGPRT@CON2023.pdf,784,The Fund Accountability Statement is prepared  to assist Private Sector Foundation Uganda in complying with the financial reporting  provisions of the contract referred to above.,governance_and_controls,governance_and_controls,1,,,,,False
2023,2023_AGPRT@CON2023.pdf,784,"  Delayed payment of PAPs    UNRA has outstanding land compensation payments of UGX.7,485,209,351 for 189  PAPs yet the project has ended  Transformative  Education and  Lifelong  Learning  for  Sustainable  Growth (TELLS)  Project  No.",delayed_payments,delayed_payments,1,project has ended  Transformative  Education and  Lifelong  Learning  for  Sustainable  Growth (T; Project  No,,,,True
2023,2023_AGPRT@CON2023.pdf,784,"505    Trypanogen  Project  Human Capital  Development    Unqualified    The project’s fund accountability statement revealed that out of the available grant  of US $930,516.38 only US $539,937.65 was expended resulting unspent funds of  US $390,578.",governance_and_controls,governance_and_controls,1,Project  Human Capital  Development    Unqualified    The project’s fund accountability statemen,,,"grant  of US $930,516",False
2023,2023_AGPRT@CON2023.pdf,784,"  A direct procurement of a supplier for printing of IEC materials worth  UGX.21,110,000 was made without following procurement regulations.",procurement_irregularities,procurement_irregularities,1,,,,,False
2023,2023_AGPRT@CON2023.pdf,784,"  Advance payment guarantees for the advance payments totaling USD 1,511,208  had expired due to the delayed completion of the multipurpose building which also  deferred the supply and installation of ICT Equipment for Training and  Telemedicine, a Magnetic Resonance Imaging System (MRI) and Medical  Laboratory Furniture.",delay_time_overrun,delay_time_overrun,1,,,,,True
2023,2023_AGPRT@CON2023.pdf,784,"  Completion of Construction of 350 Bed hospital and renovation of the six level  building at a contract price of UGX.69,676,552,693 was behind schedule with  11.6% works completed by September 2023 after two thirds of the project elapsed  time.",delay_time_overrun,delay_time_overrun,1,project elapsed  time,,,,True
2023,2023_AGPRT@CON2023.pdf,784,"  The Consulate procured furniture and fitting and electronics from Dubai worth  USD.161,779 using a direct method of procurement.",procurement_irregularities,procurement_irregularities,1,,,,,False
2023,2023_AGPRT@CON2023.pdf,784,"  There were notable Infrastructure and Security Concerns, with Substation land  encroachment observed at Mityana, Mubende, and Fortportal substations, while  vandalism was reported for stay assemblies, conductors, underground cables, and  poles on the UMEME network, affecting the network's integrity.",land_and_right_of_way,land_and_right_of_way,1,,,,,True
2023,2023_AGPRT@CON2023.pdf,784,"  Delays were noted in payment of capacity charge of USD.1,520,056 for Namanve  plant which was meant to cater for; staff salaries, administration costs, overhauls,  and plant consumable as well as upgrade of the obsolete Supervisory Control and  Data Acquisition    I noted defects at Nalubaale HPP including; wearing out of the concrete protective  coating, cracks in spiral casing, water ways in the both spiral casing and draft tube,  and opening of the concrete-steel joint, and Leakages through cracks in Unit 7 draft  tube.",contract_management,contract_management,1,,,,,False
2023,2023_AGPRT@CON2023.pdf,784,"  While the procurement process of the consultant and the designs had started, the  bids for the consultancy and designs were yet to be opened.",procurement_irregularities,procurement_irregularities,1,,,,,False
2023,2023_AGPRT@CON2023.pdf,784,"The UGX.295Bn that was not  warranted was meant for procurement of a representation car, which activity was  accordingly not implemented.",procurement_irregularities,procurement_irregularities,1,,,,,False
2023,2023_AGPRT@CON2023.pdf,784,"  The Mission prepared an approved procurement plan for the financial year  2022/2023, however this was not fully implemented.",procurement_irregularities,procurement_irregularities,1,,,,,False
2023,2023_AGPRT@CON2023.pdf,784,"  Delayed completion of the project has resulted into the Embassy continuing to incur  rent for the chancery of UGX.528,048,000 (approximately UGX.44,004,000 per  month) during the period.",delay_time_overrun,delay_time_overrun,1,project has resulted into the Embassy continuing to incur  rent for the chancery of UGX,,,,False
2023,2023_AGPRT@CON2023.pdf,784,"Uganda  Intergovernme ntal  Fiscal  Transfers  Program  (UGIFT)  2021/2022  Private Sector  Development  Unqualified    Contrary to Section 2.2.3 of the UGIFT Program Operations Manual that linked the  MTP to the financing for local service delivery through uplifting transfers to the  Local Government to realistically meet the costs for wage, non-wage recurrent  spending and development spending on LG service delivery, the management and  oversight of services in the sectors of Health, Education, Water and Environment,  and Micro irrigation, it was noted that for the year ended June 2021, the financing  by GOU was below target by UGX 140.4Bn.",governance_and_controls,governance_and_controls,1,Program  (UGIFT)  2021/2022  Private Sector  Development  Unqualified    Contrary to Section 2; Program Operations Manual that linked the  MTP to the financing for local service delivery throug,,,,False
2023,2023_AGPRT@CON2023.pdf,784,"  The project implementation had been delayed and most planned project activities  were not implemented as a result of slow procurement processes  Uganda  Heart  Institute (UHI)  Human capital  development  Unqualified    Out of the total receipts for the financial year of UGX.24.45Bn, only UGX.22.46Bn  was spent by the entity resulting in an unspent balance of UGX.1.98Bn  (representing an absorption level of 92%).",procurement_irregularities,procurement_irregularities,1,project implementation had been delayed and most planned project activities  were not implemented,,,,False
2023,2023_AGPRT@CON2023.pdf,784,"Uganda  High  Commission in  Kenya, Nairobi          Agro-industrialization  Development plan  implementation  Governance and  security  Natural resources,  environment, climate  change, land and water  Tourism development  Unqualified    I noted that the Embassy budgeted to collect NTR of UGX.350Mn during the year  out of which, only UGX.21Mn was collected, resulting into a shortfall of UGX.329Mn.",governance_and_controls,governance_and_controls,1,,,"Commission in  Kenya, Nairobi          Agro-industrialization  Development plan  implement",,False
2023,2023_AGPRT@CON2023.pdf,784,The delayed  completion of works creates risks of escalation of supervision and construction  costs.,contract_management,contract_management,1,,,,,True
2023,2023_AGPRT@CON2023.pdf,784,  The project implementation had been delayed and most planned project activities  were not implemented as a result of slow procurement processes.,procurement_irregularities,procurement_irregularities,1,project implementation had been delayed and most planned project activities  were not implemented,,,,False
2023,2023_AGPRT@CON2023.pdf,784,  Approved procurements with an estimated cost of UGX.1.23Bn in the consolidated  annual procurement work plan were not implemented.,procurement_irregularities,procurement_irregularities,1,,,,,False
2023,2023_AGPRT@CON2023.pdf,784,"  The Mission is in urgent need of funds for capital development to a tune of  UGX.2,217,500,000 to cater for conditioning installation, procurement of furniture  for newly posted staff and Uganda House and undertaking repairs and  refurbishment of the Embassy building.",procurement_irregularities,procurement_irregularities,1,,,,,True
2023,2023_AGPRT@CON2023.pdf,784,"  UMFSNP initiated four (4) procurements with twenty (20) lots worth UGX.11.2Bn  to provide WASH facilities, value addition equipment, materials and seed for  different interventions under the project.",procurement_irregularities,procurement_irregularities,1,project,,,,False
2023,2023_AGPRT@CON2023.pdf,784,  I observed several irregularities in the Procurement for Provision of PVOC – Service  Providers for Used Motor Vehicles that have led the country to continue importing  vehicles without a proper contract for inspection.,procurement_irregularities,procurement_irregularities,1,,,,,False
2023,2023_AGPRT@CON2023.pdf,784,  There were delays in completion of civil works for the construction of the National  science & Technology Entrepreneurship Innovation Centre by six (6) months    UNCST has 15 acres of project land in Namanve that had not been utilized by close  of the financial year.,delay_time_overrun,delay_time_overrun,1,project land in Namanve that had not been utilized by close  of the financial year,,,,True
2023,2023_AGPRT@CON2023.pdf,784,"  The land acquisition status report as at 30th June 2023 for road projects  implemented by UNRA revealed that UNRA cumulatively acquired a total of  28,960.87 acres from 172,608 PAPs for a total of UGX.3,263,758,811,455.",land_and_right_of_way,land_and_right_of_way,1,,,,,True
2023,2023_AGPRT@CON2023.pdf,784,"  On physical inspection in December 2023 of the Right of Way (ROW) for the  Kampala-Jinja Expressway Project, I noted that there were new structures being  constructed in some cleared sections of the ROW.",land_and_right_of_way,land_and_right_of_way,1,"Project, I noted that there were new structures being  constructed in some cleared sections of th",,,,True
2023,2023_AGPRT@CON2023.pdf,784,"  I assessed the conditions of police infrastructure and noted the following  observations; Dilapidated structures, Asbestos roofs, Self-help housing, Private  institutions on police land and encroachment on police land.",land_and_right_of_way,land_and_right_of_way,1,,,,,True
2023,2023_AGPRT@CON2023.pdf,784,"  The procurement process for the respective goods and services worth  UGX.4,861,264,129 were not initiated due to non-release of appropriated budget.",procurement_irregularities,procurement_irregularities,1,,,,,False
2023,2023_AGPRT@CON2023.pdf,784,"  In my previous reports, I reported about heavy encroachments along the Busoga  loop line to Iganga station Kigulu, sitting on 34.59 acres after the whole railway  line was vandalized.",land_and_right_of_way,land_and_right_of_way,1,,,,,True
2023,2023_AGPRT@CON2023.pdf,784,"Uganda  Refinery  Holding  Company  Energy Development    Unqualified    The 240MW power substation at Kabalega Industrial Park originally planned to be  finalized by mid-2024 was rescheduled to commence the design and construction  phase by early 2024, indicating the risk of delayed completion.",delay_time_overrun,delay_time_overrun,1,,Company  Energy Development    Unqualified    The 240MW power substation at Kabalega I,,,True
2023,2023_AGPRT@CON2023.pdf,784,"  During review of the procurement plan, it was noted that four (4) procurements  with an estimated cost of UGX.2.444Bn remained unimplemented by 30th June  2023.",procurement_irregularities,procurement_irregularities,1,,,,,False
2023,2023_AGPRT@CON2023.pdf,784,"•  Out of the planned acquisition of 1157.82 hectares of land for the project, only  872.743 hectares were acquired representing 75.38% land acquisition status.",land_and_right_of_way,land_and_right_of_way,1,"project, only  872",,,,True
2023,2023_AGPRT@CON2023.pdf,784,•  There is limited access to Right of Way (ROW) for certain road sections which has  hindered the timely completion of the road works.,land_and_right_of_way,land_and_right_of_way,1,,limited access to Right of Way (ROW) for certain road sections which has  hindered the ,,,True
2023,2023_AGPRT@CON2023.pdf,784,"  Activities such as procuring and delivery of laboratory equipment, fish cages,  computers, hatchery materials, e-learning units, fish production tanks, brood stock  (stocking) among others were not implemented due to delays in the procurement  process.",procurement_irregularities,procurement_irregularities,1,,,,,False
2023,2023_AGPRT@CON2023.pdf,784,"The failure to utilize the released funds resulted into  partial or non-implementation of planned activities, such as procurement of  600    Project  of  Makerere  University  1st September  2017 to 31st  August 2018    equipment, materials and supplies, and payment of Finance and Administrative  Costs.",procurement_irregularities,procurement_irregularities,1,"Project  of  Makerere  University  1st September  2017 to 31st  August 2018    equipment, materia",,,,False
2023,2023_AGPRT@CON2023.pdf,784,"The under absorption of funds translates into underperformance since some  activities were not implemented for example; procurement of materials and  supplies, student travel for further studies and renovation of 3 blocks at Kasangati.",procurement_irregularities,procurement_irregularities,1,,,,,False
2023,2023_AGPRT@CON2023.pdf,784,"  I observed that management used direct procurement method to procure health  insurance worth UGX.6,630,000 (equivalent to USD.1,837), without appropriate  justification.",procurement_irregularities,procurement_irregularities,1,,,,,False
2023,2023_AGPRT@CON2023.pdf,784,"  Whereas the project was expected to end on the 30th of June 2024, an extension  of one year ending 30th June 2025 was granted to complete all the project  deliverables and manage the defects liability period.",contract_management,contract_management,1,"project was expected to end on the 30th of June 2024, an extension  of one year ending 30th June ; project  deliverables and manage the defects liability period",,,,True
2024,2024_AGPRT@CON2024.pdf,559,"Domestic Arrears  Domestic arrears refer to short-term debts incurred by Governments against  unpaid procurement invoices for supply of goods and services during the  financial year  External Debt  Portion of a country's debt that was borrowed from foreign lenders including  commercial banks, Governments or international financial institutions.",delayed_payments,delayed_payments|procurement_irregularities,2,,,,,False
2024,2024_AGPRT@CON2024.pdf,559,"Section 12(b) of the NAA, requires my office to perform a range of audits, including Financial,  Value for Money, Engineering, Information Systems, Special, Government Investment  Procurements, Treasury Memoranda, Gender and Environment audits, as well as audits related  to any project or activity involving public funds.",procurement_irregularities,procurement_irregularities,1,project or activity involving public funds,,,,False
2024,2024_AGPRT@CON2024.pdf,559,"A review of the share purchase process revealed the following:          27      1.10 Irregular purchase of shares by Government    Section 22(1) of the Public Finance Management Act Cap 171, states that a vote shall not  enter a contract, transaction, or agreement that binds the Government to a financial  commitment for more than one financial year or which results in a contingent liability,  except where the financial commitment or contingent liability is authorized by Parliament.",claims_and_disputes,claims_and_disputes,1,,,Parliament,,False
2024,2024_AGPRT@CON2024.pdf,559,"My audit was conducted in accordance with the International Standards of Supreme Audit  Institutions (ISSAI 4000) on compliance auditing and it covered the following focus areas;    •  Management of the Pension and Gratuity Payroll  •  Management of the Parish Development Model  •  Procurement Management    Relevant audit criteria    The criteria for the audit were based on Acts of Parliament, regulations, and manuals/guidelines  designed to ensure compliance with laws governing Pension and Gratuity, the Parish Development  Model and procurement management.",procurement_irregularities,procurement_irregularities,1,,,"Parliament, regulations, and manuals/guidelines  designed to ensure compliance with laws g",,False
2024,2024_AGPRT@CON2024.pdf,559,The other  pillars include: Infrastructure and Economic Services; Financial Inclusion; Social Services;  Community Mobilization and mindset change; Parish Development Management  Information System; and Governance and Administration.,governance_and_controls,governance_and_controls,1,,,,,True
2024,2024_AGPRT@CON2024.pdf,559,1.14 Procurement Management    The Government spending on procurement of goods and services is substantial.,procurement_irregularities,procurement_irregularities,1,,,,,False
2024,2024_AGPRT@CON2024.pdf,559,The Government of Uganda through the E-Procurement System has endeavoured to  automate the public procurement process which enables the interactions of Government  to business services (G2B).,procurement_irregularities,procurement_irregularities,1,,,,,False
2024,2024_AGPRT@CON2024.pdf,559,"With the system, a number of Government entities have  moved their procurement processes in relation to the purchase of goods, works, services  and non-consultancy services online.",procurement_irregularities,procurement_irregularities,1,,,,,True
2024,2024_AGPRT@CON2024.pdf,559,"This is in a bid to help the Government ensure the  efficiency of public procurement with the standardization of electronic documents, supplier  registration, goods and services information and to streamline public procurement  transactions for efficient government service delivery.",procurement_irregularities,procurement_irregularities,1,,,,,False
2024,2024_AGPRT@CON2024.pdf,559,"There is a risk of such entities exceeding their procurement  budgets, potentially leading to domestic arrears.",delayed_payments,delayed_payments|procurement_irregularities,2,,,,,False
2024,2024_AGPRT@CON2024.pdf,559,"ii)  I noted the splitting of nineteen (19) procurements worth UGX.2.40Bn, without  following the criteria, contrary to Regulation 10 of the PPDA (Rules and Methods  for Procurement of Supplies, Works and Non-Consultancy Services) Regulations,  2023.",procurement_irregularities,procurement_irregularities,1,,,,,True
2024,2024_AGPRT@CON2024.pdf,559,35        The Accounting Officers attributed the above to the need to undertake emergency  procurement of critical goods and services.,procurement_irregularities,procurement_irregularities,1,,,,,False
2024,2024_AGPRT@CON2024.pdf,559,"v)  I noted that 79 procurements worth UGX 1,062.45Bn in fourteen (14) entities took  an average of six (6) months from initiation to final contract signing.",procurement_irregularities,procurement_irregularities,1,,,,,False
2024,2024_AGPRT@CON2024.pdf,559,Delayed  procurements hinder timely service delivery and increase contract costs through  inflation/fluctuations in prices and/or exchange rates.,procurement_irregularities,procurement_irregularities,1,,,,,False
2024,2024_AGPRT@CON2024.pdf,559,The Accounting Officers explained that the delays were due to delayed responses  from various stakeholders during the procurement process.,procurement_irregularities,procurement_irregularities,1,,,,,False
2024,2024_AGPRT@CON2024.pdf,559,"vii)  I noted 5 entities that undertook 14 procurement evaluation processes without  following the prescribed evaluation criteria as stipulated in the bidding documents,  contrary to regulation 5(1) for PPDA (Evaluation Regulations), 2023.",procurement_irregularities,procurement_irregularities,1,,,,,False
2024,2024_AGPRT@CON2024.pdf,559,"In addition, it exposes entities to legal challenges from  unsuccessful bidders, administrative reviews leading to delays in contract  implementation and additional costs in the form of legal fees.",cost_overrun,cost_overrun,1,,,,,False
2024,2024_AGPRT@CON2024.pdf,559,"c)  I noted that of the 2 proposed modules, all entities enrolled on the e-GP  System were using only the procurement module.",procurement_irregularities,procurement_irregularities,1,,,,,False
2024,2024_AGPRT@CON2024.pdf,559,36        d)  Failure by the System to generate Procurement Reports.,procurement_irregularities,procurement_irregularities,1,,,,,False
2024,2024_AGPRT@CON2024.pdf,559,"Recommendations    •  I advised the Accountant General to expedite the completion of the system design  and development and roll-out the implementation of the e-GP system to other  MDAs/LGs to realise the full potential of electronic procurement in enhancing  government efficiency, transparency, and accountability.",governance_and_controls,governance_and_controls|procurement_irregularities,2,,,,,False
2024,2024_AGPRT@CON2024.pdf,559,•  I advised the Accounting Officers to;    i)  Enhance procurement planning processes by undertaking comprehensive needs  assessments to ensure the procurement activities align with budget allocations.,procurement_irregularities,procurement_irregularities,1,,,,,False
2024,2024_AGPRT@CON2024.pdf,559,"In  instances of departure from the procurement plans, the PDEs should review and  update the procurement plans accordingly.",procurement_irregularities,procurement_irregularities,1,,,,,False
2024,2024_AGPRT@CON2024.pdf,559,iii)  Ensure the PDEs undertake adequate procurement planning to avoid the purported  emergency procurements.,procurement_irregularities,procurement_irregularities,1,,,,,False
2024,2024_AGPRT@CON2024.pdf,559,"In addition, the Accounting Officer should strengthen  controls on procurement initiation to enhance adherence to the regulations.",procurement_irregularities,procurement_irregularities,1,,,,,False
2024,2024_AGPRT@CON2024.pdf,559,"iv)  Ensure market assessments are done before procurement initiation to avoid  overestimation of costs of items/materials, which potentially lead to overpayments.",procurement_irregularities,procurement_irregularities,1,,,,,False
2024,2024_AGPRT@CON2024.pdf,559,v)  Streamline the procurement processes and timely engage the various stakeholders  in the procurement process to reduce delays.,procurement_irregularities,procurement_irregularities,1,,,,,False
2024,2024_AGPRT@CON2024.pdf,559,vii)  Enforce adherence to the evaluation criteria in the bidding documents to promote  transparency and fairness in the procurement process which builds trust among  bidders and the public.,procurement_irregularities,procurement_irregularities,1,,,,,False
2024,2024_AGPRT@CON2024.pdf,559,"Conclusion    The evidence obtained from the compliance audit of Government of Uganda on management of  the Government Pension and Gratuity Payroll, Parish Development Model and Procurement  management subject matters is sufficient and appropriate to provide a basis for my conclusion.",procurement_irregularities,procurement_irregularities,1,,,,,False
2024,2024_AGPRT@CON2024.pdf,559,"The PS/ST acknowledged the observations and attributed the performance to shortfalls  in actual revenue performance, delays in procurement processes and project  implementation challenges.",procurement_irregularities,procurement_irregularities,1,project  implementation challenges,,,,False
2024,2024_AGPRT@CON2024.pdf,559,"1.15.3 Un-funded approved budget    Section 14 (1) & (2) of the PFMA, Cap 171 requires that after approval of the annual  budget by Parliament, the Secretary to the Treasury shall issue the annual cash flow  plan of the Government, based on the procurement plans, work plans, and recruitment  plans approved by parliament.",procurement_irregularities,procurement_irregularities,1,,,"Parliament, the Secretary to the Treasury shall issue the annual cash flow  plan of the Go; parliament",,False
2024,2024_AGPRT@CON2024.pdf,559,The failure to complete the projects and account for the advances may lead to loss of  public funds but also deprive the citizenry of the social and economic benefits of the  project.,delay_time_overrun,delay_time_overrun,1,project,,,,False
2024,2024_AGPRT@CON2024.pdf,559,Most of the delays are  attributed to delayed procurement and delayed land acquisition.,land_and_right_of_way,land_and_right_of_way|procurement_irregularities,2,,,,,True
2024,2024_AGPRT@CON2024.pdf,559,Uganda Property  Holdings Limited  15.5  19.9  -4.3  The increase in operating expenses was mainly  attributed to increase in staff recruitments and  professional fees for supervision of the project of  construction of warehouses in Tororo and designs  for Bugolobi project  7.,contract_management,contract_management,1,project of  construction of warehouses in Tororo and designs  for Bugolobi project  7,Limited  15,,,True
2024,2024_AGPRT@CON2024.pdf,559,"Uganda Electricity  Transmission  Company  2.17  2.02  The available funds are not excess in nature however  tagged and committed to several disbursements/activities  pending conclusion of the relevant processes under way  like procurements, RAP processes, fixed funds on bank  accounts for treasury management purposes.",procurement_irregularities,procurement_irregularities,1,,Company  2,,,True
2024,2024_AGPRT@CON2024.pdf,559,Uganda Printing  and Publishing  Corporation  1.4  1.4   The accumulation of the receivables was mainly from the  delayed payments from the MDAs who contribute the  highest percentage of the overall receivables.,delayed_payments,delayed_payments,1,,,Corporation  1,,False
2024,2024_AGPRT@CON2024.pdf,559,"2.1.2 Integrated Transport Infrastructure and Services Program  a)  Unpaid arrears for Road and Bridge Construction Projects    As of 30th June 2024, arrears amounting to UGX.798.97Bn relating to road and bridge  construction projects remained unpaid for road and bridge construction projects.",delayed_payments,delayed_payments,1,"Program  a)  Unpaid arrears for Road and Bridge Construction Projects    As of 30th June 2024, ar",,,,True
2024,2024_AGPRT@CON2024.pdf,559,The above indicates inadequate budgeting practices and exposes the Government to  potential litigation and financial penalties due to delayed payments.,claims_and_disputes,claims_and_disputes|delayed_payments,2,,,,,False
2024,2024_AGPRT@CON2024.pdf,559,b)  Unpaid Liabilities for Project-Affected Persons under the MOWT and  UNRA    The audit revealed unpaid liabilities totaling UGX.3.491Tn as of 18th October 2024 for  Project Affected Persons (PAPs) under land acquisition programs managed by the  Uganda National Roads Authority (UNRA) and the Ministry of Works and Transport  (MoWT).,land_and_right_of_way,land_and_right_of_way,1,Project-Affected Persons under the MOWT and  UNRA    The audit revealed unpaid liabilities totali; Project Affected Persons (PAPs) under land acquisition programs managed by the  Uganda National R,,Uganda National Roads Authority (UNRA) and the Ministry of Works and Transport  (MoWT),,True
2024,2024_AGPRT@CON2024.pdf,559,"Failure to settle these compensations poses risks to project timelines and may result in  additional administrative costs for reassessments and potential litigation by affected  PAPs, further escalating project expenses.",claims_and_disputes,claims_and_disputes,1,project timelines and may result in  additional administrative costs for reassessments and potent; project expenses,,,,False
2024,2024_AGPRT@CON2024.pdf,559,"The delay in funding has stalled the project, undermining efforts to enhance security,  improve connectivity, and reduce poverty in Karamoja and other targeted sub-regions,  as envisioned in the National Development Plan III (NDP III).",delay_time_overrun,delay_time_overrun,1,"project, undermining efforts to enhance security,  improve connectivity, and reduce poverty in Ka",,,,False
2024,2024_AGPRT@CON2024.pdf,559,70      e)  Significant Cost Escalation and Payment Shortfall on Busega-Mpigi  Expressway    The Busega-Mpigi Expressway project is facing significant shortcomings in technical  preparation and funding management.,cost_overrun,cost_overrun,1,project is facing significant shortcomings in technical  preparation and funding management,,,,True
2024,2024_AGPRT@CON2024.pdf,559,"By May 2024, the original contract funds for civil works were  fully depleted, with physical progress at only 40.86%, and certified works worth  UGX.30.8Bn remained unpaid, posing risks of delayed payments and legal claims.",delayed_payments,delayed_payments,1,,,,,True
2024,2024_AGPRT@CON2024.pdf,559,"Delayed payments, unplanned costs, and  funding shortfalls threaten timely completion and cost containment.",delayed_payments,delayed_payments,1,,,,,False
2024,2024_AGPRT@CON2024.pdf,559,Recommendation    I advised the Accounting Officer to expedite efforts to secure additional funding to meet  contract obligations and reduce risks of payment delays and contractor accumulation of  interest claims on delayed payments.,delayed_payments,delayed_payments,1,,,,,True
2024,2024_AGPRT@CON2024.pdf,559,"The analysis of the components contributing to overall progress revealed that most  of the progress related to procurement of materials, engineering and site logistics,  while actual construction works were at 8.5%.",procurement_irregularities,procurement_irregularities,1,,,,,True
2024,2024_AGPRT@CON2024.pdf,559,iii)  The compensation of Project Affected Persons (PAPs) for the East African Crude  Oil Pipeline (EACOP) was substantially complete and construction works had  commenced.,land_and_right_of_way,land_and_right_of_way,1,Project Affected Persons (PAPs) for the East African Crude  Oil Pipeline (EACOP) was substantiall,,,,True
2024,2024_AGPRT@CON2024.pdf,559,"The under funding has stalled the  project progress, currently at 37%.",delay_time_overrun,delay_time_overrun,1,"project progress, currently at 37%",,,,False
2024,2024_AGPRT@CON2024.pdf,559,"Recommendations    •  I advised the Accounting Officer of PAU to enhance regulatory oversight to ensure  timely and cost-efficient completion of all critical projects, including the drilling  operations, oil extraction facilities, the EACOP, and the supporting infrastructure  managed by other government institutions.",governance_and_controls,governance_and_controls,1,,,,,True
2024,2024_AGPRT@CON2024.pdf,559,"During the year, the project embarked on the  procurement of private service providers to provide extension services alongside NARO  and MUK at a cost of UGX.47.5Bn for a period up to 2025/2026 an activity that should  have been done in the second year.",procurement_irregularities,procurement_irregularities,1,project embarked on the  procurement of private service providers to provide extension services a,,,,False
2024,2024_AGPRT@CON2024.pdf,559,"At the time of writing this report, the procurement process had been cancelled by PPDA  citing irregularities.",procurement_irregularities,procurement_irregularities,1,,,,,False
2024,2024_AGPRT@CON2024.pdf,559,vii)  Ten (10) procurement for key project activities worth UGX.11.3Bn were not  undertaken despite release and availability of funds.,procurement_irregularities,procurement_irregularities,1,project activities worth UGX,,,,False
2024,2024_AGPRT@CON2024.pdf,559,"Key among these were  weather stations, consultancies and vehicles for monitoring and supervision of  project activities.",contract_management,contract_management,1,project activities,,,,False
2024,2024_AGPRT@CON2024.pdf,559,"i)  Feasibility studies and engineering designs for 1,495 Km of roads worth UGX.5.5Bn  under the second batch were not yet undertaken, awaiting clearance of the  procurement from IFAD.",procurement_irregularities,procurement_irregularities,1,,,,,True
2024,2024_AGPRT@CON2024.pdf,559,"iv)  Construction and supervision of 1,000Km of road works worth UGX.56.56Bn under  the first batch had not commenced due to inadequate preparedness for project  implementation.",contract_management,contract_management,1,project  implementation,,,,True
2024,2024_AGPRT@CON2024.pdf,559,"2.1.8 Governance and Security Programme  a)  Implementation of the Roadmap for the 2025-2026 General Elections    In preparation for the 2026 general elections, the Electoral Commission issued a road map  containing timelines for all activities leading to the general elections.",governance_and_controls,governance_and_controls,1,Programme  a)  Implementation of the Roadmap for the 2025-2026 General Elections    In preparation ,,Commission issued a road map  containing timelines for all activities leading to the gener,,True
2024,2024_AGPRT@CON2024.pdf,559,"The Commission was supposed to implement Phase-1 of the road which comprised of 14  key activities worth UGX.75Bn by 30th June 2024, key among which were re-organisation  of polling stations, recruitment of election supervisors, voter education, digitalization of  election documents, procurement of specialised equipment among others.",procurement_irregularities,procurement_irregularities,1,,,Commission was supposed to implement Phase-1 of the road which comprised of 14  key activi,,True
2024,2024_AGPRT@CON2024.pdf,559,v)  On-going construction projects in 12 Missions were behind schedule.,delay_time_overrun,delay_time_overrun,1,,,,,True
2024,2024_AGPRT@CON2024.pdf,559,The Contract  Management Teams (CMTs) and Accounting Officers promised to enhance contract  supervision and monitoring to avoid further delays.,contract_management,contract_management,1,,,,,False
2024,2024_AGPRT@CON2024.pdf,559,A review of the contract implementation revealed the following;    1)  Evidence of delivery of Hardware and Software components    UGX.11.4Bn equivalent to USD.3Mn (72%) was allocated to the procurement of hardware  and software and URA had not verified whether the items were procured as per the terms  of the contract.,procurement_irregularities,procurement_irregularities,1,,,,,False
2024,2024_AGPRT@CON2024.pdf,559,"b)  Delayed disbursements and lack of accountability for revenue shared  with Local Governments by Uganda Wildlife Authority    Section 65 (4) of the UWA Act 2019, Act Cap 315, states that the Board shall authorize  the Executive Director to pay twenty per cent of the park entry fees collected from wildlife  protected area to the local Government of the area surrounding the wildlife protected area  from which the fees were collected as a conditional grant.",governance_and_controls,governance_and_controls,1,,,"Authority    Section 65 (4) of the UWA Act 2019, Act Cap 315, states that the Board shall",grant,False
2024,2024_AGPRT@CON2024.pdf,559,"The Accounting Officer explained that in compliance with the Wildlife Act, the Revenue  Sharing (RS) scheme and regulations, 2022, funds are released after receiving  accountability for previous releases and approval of project proposals generated by  community members.",governance_and_controls,governance_and_controls,1,project proposals generated by  community members,,,,False
2024,2024_AGPRT@CON2024.pdf,559,"iii)  I analysed a sample of 183 activities worth UGX.1.337Tn in 31 MDAs to assess if  there was adequate service delivery to the citizens from the activities that were  implemented and noted that; 138 activities worth UGX.1.290Tn had delayed and  were therefore behind schedule, 17 activities worth UGX.25.205Bn had quality        115      deficiencies while 25 activities worth UGX.21.439Bn were completed but were not  functional.",delay_time_overrun,delay_time_overrun,1,,,,,False
2024,2024_AGPRT@CON2024.pdf,559,"iv)  Similarly, 45 projects worth UGX.52.39Bn in 32 LGs were not completed within the  expected contract duration and were behind schedule by between two (2) and 32  months which resulted in delayed service delivery.",delay_time_overrun,delay_time_overrun,1,,,,,False
2024,2024_AGPRT@CON2024.pdf,559,"Out of  the supplementary funds of UGX.243.94Bn received, only UGX.191.10Bn (78%)  was utilized leaving UGX.52.83Bn un-utilized as at the end of the financial year    The failure to fully implement planned activities was due to repurposing of funds, delayed  procurements, weaknesses in contract management, delayed funding, among others.",contract_management,contract_management|procurement_irregularities,2,,,,,False
2024,2024_AGPRT@CON2024.pdf,559,Recommendation    I advised the Accounting Officers to enhance contract supervision and ensure that  procurements are undertaken in a timely manner.,contract_management,contract_management|procurement_irregularities,2,,,,,False
2024,2024_AGPRT@CON2024.pdf,559,"I noted that 120  activities/facilities worth UGX.1.544Tn had delayed and were behind schedule, 11  facilities worth UGX.44.753Bn were completed but were not functional, while four  (04) facilities worth UGX.3.603Bn had quality deficiencies which affected their  utilization and service delivery.",delay_time_overrun,delay_time_overrun,1,,,,,False
2024,2024_AGPRT@CON2024.pdf,559,"The above shortcomings were caused by, inadequate project preparedness, delayed  compensation of PAPs, repurposing of funds, weaknesses in contract supervision, delayed  commencement of projects, inadequate capacity of contractors, delayed handover of  sites, delayed recruitment of the required caliber of staff among others.",contract_management,contract_management,1,"project preparedness, delayed  compensation of PAPs, repurposing of funds, weaknesses in contract",,,,True
2024,2024_AGPRT@CON2024.pdf,559,"Recommendation    I advised MoFPED to ensure that funding is only provided to projects that are ready,  enhance contract supervision and monitoring, ensure timely compensation of PAPs and  implementation of other project activities.",contract_management,contract_management,1,project activities,,,,False
2024,2024_AGPRT@CON2024.pdf,559,The other six pillars which support the primary pillar include: Infrastructure and Economic  Services; Financial Inclusion (FI); Social Services; Community Mobilization and Mind-set  Change; Parish Development Management Information System (PDMIS); and Governance  and Administration.,governance_and_controls,governance_and_controls,1,,,,,True
2024,2024_AGPRT@CON2024.pdf,559,"d)  Delayed Completion of PDM data collection    According to the PDM implementation road map for UBoS, data collection was jointly  launched by Uganda Bureau of Statistics (UBoS) and Ministry of Information  Communication Technology and National Guidance (MoICT& NG) in 181 HLGs on 6th June  2022 and was expected to be concluded on 31st July 2022.",delay_time_overrun,delay_time_overrun,1,,,Ministry of Information  Communication Technology and National Guidance (MoICT& NG) in 1,,True
2024,2024_AGPRT@CON2024.pdf,559,The Accounting Officer of MoICT&NG attributed the delay in completion of data collection  to inadequate funds and lack of gadgets.,delay_time_overrun,delay_time_overrun,1,,,,,False
2024,2024_AGPRT@CON2024.pdf,559,2.2.4 Audit of Procurement Management    Introduction    Government spending on procurement of goods and services is substantial.,procurement_irregularities,procurement_irregularities,1,,,,,False
2024,2024_AGPRT@CON2024.pdf,559,It is therefore  essential that the government procurement is well managed.,procurement_irregularities,procurement_irregularities,1,,,,,False
2024,2024_AGPRT@CON2024.pdf,559,"In this regard, the Electronic  Government Procurement (e-GP) was introduced in 2016, aimed at automating the public  procurement processes to enable the interaction of Government to business (G2B)  services.",procurement_irregularities,procurement_irregularities,1,,,,,False
2024,2024_AGPRT@CON2024.pdf,559,"The Government entities’ procurement processes, in relation to the purchase of  goods, works, services and non-consultancy services are to be undertaken online.",procurement_irregularities,procurement_irregularities,1,,,,,True
2024,2024_AGPRT@CON2024.pdf,559,"The e-GP aims to standardize the electronic documents, supplier registration, provide  information on goods and services and encourage online bidding and procurement  management.",procurement_irregularities,procurement_irregularities,1,,,,,False
2024,2024_AGPRT@CON2024.pdf,559,"All these should engender transparency, efficiency, and accountability in  government procurement processes.",governance_and_controls,governance_and_controls|procurement_irregularities,2,,,,,False
2024,2024_AGPRT@CON2024.pdf,559,The system has also undergone various updates  aimed at serving the stakeholders involved in public procurement better.,procurement_irregularities,procurement_irregularities,1,,,,,False
2024,2024_AGPRT@CON2024.pdf,559,"I undertook a        148      review of procurement management in 72 entities, 36 of which were on e-GP and had  planned procurements worth UGX.10.58Tn.",procurement_irregularities,procurement_irregularities,1,,,,,False
2024,2024_AGPRT@CON2024.pdf,559,"Consequently, some procurement  activities are done outside the system, thereby limiting the transparency the  system was acquired to achieve.",procurement_irregularities,procurement_irregularities,1,,,,,False
2024,2024_AGPRT@CON2024.pdf,559,"There is a risk of such entities exceeding their procurement  budgets, potentially leading to domestic arrears.",delayed_payments,delayed_payments|procurement_irregularities,2,,,,,False
2024,2024_AGPRT@CON2024.pdf,559,"iii)  I noted the splitting of nineteen (19) procurements worth UGX.2.40Bn, without  following the criteria, contrary to Regulation 10 of the PPDA (Rules and Methods  for Procurement of Supplies, Works and Non-Consultancy Services) Regulations,  2023.",procurement_irregularities,procurement_irregularities,1,,,,,True
2024,2024_AGPRT@CON2024.pdf,559,The Accounting Officers attributed the above to the need to undertake emergency  procurement of critical goods and services.,procurement_irregularities,procurement_irregularities,1,,,,,False
2024,2024_AGPRT@CON2024.pdf,559,"vi)  I noted that 79 procurements worth UGX 1,062.45Bn in fourteen (14) entities took  an average of six (6) months from initiation to final contract signing.",procurement_irregularities,procurement_irregularities,1,,,,,False
2024,2024_AGPRT@CON2024.pdf,559,Delayed  procurements hinder timely service delivery and increase contract costs through  inflation/fluctuations in prices and/or exchange rates.,procurement_irregularities,procurement_irregularities,1,,,,,False
2024,2024_AGPRT@CON2024.pdf,559,The Accounting Officers explained that the delays were due to delayed responses  from various stakeholders during the procurement process.,procurement_irregularities,procurement_irregularities,1,,,,,False
2024,2024_AGPRT@CON2024.pdf,559,"viii)  I noted 5 entities that undertook 14 procurement evaluation processes without  following the prescribed evaluation criteria as stipulated in the bidding documents,  contrary to regulation 5(1) for PPDA (Evaluation Regulations), 2023.",procurement_irregularities,procurement_irregularities,1,,,,,False
2024,2024_AGPRT@CON2024.pdf,559,"In addition, it exposes entities to legal challenges from  unsuccessful bidders, administrative reviews leading to delays in contract  implementation and additional costs in the form of legal fees.",cost_overrun,cost_overrun,1,,,,,False
2024,2024_AGPRT@CON2024.pdf,559,"Recommendations    i)  I advised the Accountant General to expedite the completion of the system design  and development and roll-out the implementation of the e-GP system to other  MDAs/LGs to realise the full potential of electronic procurement in enhancing  government efficiency, transparency, and accountability.",governance_and_controls,governance_and_controls|procurement_irregularities,2,,,,,False
2024,2024_AGPRT@CON2024.pdf,559,ii)  The Accounting Officers should enhance procurement planning processes by  undertaking comprehensive needs assessments to ensure the procurement  activities align with budget allocations.,procurement_irregularities,procurement_irregularities,1,,,,,False
2024,2024_AGPRT@CON2024.pdf,559,"In instances of departure from the        150      procurement plans, the PDEs should review and update the procurement plans  accordingly.",procurement_irregularities,procurement_irregularities,1,,,,,False
2024,2024_AGPRT@CON2024.pdf,559,iv)  I advised the Accounting Officers to ensure the PDEs undertake adequate  procurement planning to avoid the purported emergency procurements.,procurement_irregularities,procurement_irregularities,1,,,,,False
2024,2024_AGPRT@CON2024.pdf,559,"In  addition, the Accounting Officer should strengthen controls on procurement  initiation to enhance adherence to the regulations.",procurement_irregularities,procurement_irregularities,1,,,,,False
2024,2024_AGPRT@CON2024.pdf,559,"v)  I advised the Accounting Officers to ensure market assessments are done before  procurement initiation to avoid overestimation of costs of items/materials, which  potentially lead to overpayments.",procurement_irregularities,procurement_irregularities,1,,,,,False
2024,2024_AGPRT@CON2024.pdf,559,vi)  I advised the Accounting Officers to streamline the procurement processes and  timely engage the various stakeholders in the procurement process to reduce  delays.,procurement_irregularities,procurement_irregularities,1,,,,,False
2024,2024_AGPRT@CON2024.pdf,559,viii)  I advised the Accounting Officers to enforce adherence to the evaluation criteria  in the bidding documents to promote transparency and fairness in the procurement  process which builds trust among bidders and the public.,procurement_irregularities,procurement_irregularities,1,,,,,False
2024,2024_AGPRT@CON2024.pdf,559,"Conclusion    While the introduction of e-GP represents a significant step toward digitalizing government  procurements, further efforts are required to overcome the existing challenges and roll out the  system's benefits across all government entities to enhance transparency, competitiveness and  accountability in Government procurement processes.",governance_and_controls,governance_and_controls|procurement_irregularities,2,,,,,False
2024,2024_AGPRT@CON2024.pdf,559,"(iv)  Eight (8) locally developed ICT systems namely; EMIS, E-poster, Electronic  Document Management System, Academic Information Management System  (AIMS), Caucus, Online Business Registration System, Electronic Government  Procurement System and Integrated Health Management Information System  were deployed for use by different MDAs to solve problems related to digitization  of procurement processes, document management, online business registration,  online learning plus student experience management by universities.",procurement_irregularities,procurement_irregularities,1,,,,,False
2024,2024_AGPRT@CON2024.pdf,559,"iii)  Non-existent Governance structures    Out of the eight (8) program implementation support committees namely Program  Steering Committee (PSC), Program Management Unit (PMU), Innovation technical  support (Selection) Committee, Monitoring & Evaluation (M&E) committee, Procurement  and contracts committee, Financial and Audit committee, Publicity, Branding, and  Marketing committee and Legal and Intellectual Property Rights (IPR) Committee which  were supposed to form the back bone of the program’s governance structure, only one  (selection committee) was formed.",governance_and_controls,governance_and_controls|procurement_irregularities,2,"program implementation support committees namely Program  Steering Committee (PSC), Program Manag; program’s governance structure, only one  (selection committee) was formed",,,,False
2024,2024_AGPRT@CON2024.pdf,559,Procurement delays have further affected many project activities due to the back-and- forth reviews between the World Bank and project implementing agencies.,procurement_irregularities,procurement_irregularities,1,project activities due to the back-and- forth reviews between the World Bank and project implemen,,,World Bank and project implementing agencies,False
2024,2024_AGPRT@CON2024.pdf,559,"b)  Community Involvement    Over 4,000 energy-saving stoves and 370 rainwater tanks were provided, benefiting  communities around protected areas by UWA, and procurement of 5,940 beehives with  essential equipment to support livelihoods of people surrounding forest reserves by NFA.",procurement_irregularities,procurement_irregularities,1,,,,,True
2024,2024_AGPRT@CON2024.pdf,559,The underutilization primarily stems from delays in procurement approvals and  prolonged review processes between implementing agencies and the World Bank.,procurement_irregularities,procurement_irregularities,1,,,,World Bank,False
2024,2024_AGPRT@CON2024.pdf,559,"iii)  Streamline procurement processes and implement strategies for quicker approvals,  including pre-emptive consultations with necessary regulatory bodies such as  National Environmental Authority (NEMA) and the Solicitor General's office, to  minimise procurement delays.",procurement_irregularities,procurement_irregularities,1,,,"Authority (NEMA) and the Solicitor General's office, to  minimise procurement delays",,False
2024,2024_AGPRT@CON2024.pdf,559,"Overall Audit Conclusion    While the Investing in Forests and Protected Areas for Climate Smart Development project  shows promise in enhancing forest management, increasing economic benefits from  tourism, and improving community engagement, significant challenges remain especially  in the form of procurement delays, low community needs assessment and feedback,  coordination and routine monitoring of the project.",procurement_irregularities,procurement_irregularities,1,"project  shows promise in enhancing forest management, increasing economic benefits from  tourism; project",,,,False
2024,2024_AGPRT@CON2024.pdf,559,"Recommendations    I advised the Accounting Officer of MoH to:    i)  Strengthen oversight mechanisms by assigning dedicated monitoring teams to  track construction progress, enforce performance contracts with contractors, and  address delays by promptly replacing non-performing contractors.",governance_and_controls,governance_and_controls,1,,,,,True
2024,2024_AGPRT@CON2024.pdf,559,"However, it continued to face gaps  in infrastructure, staffing, oversight, and coordination, thereby affecting the timely and  effective delivery of project outcomes.",governance_and_controls,governance_and_controls,1,project outcomes,,,,True
2024,2024_AGPRT@CON2024.pdf,559,"This upward trend underscores the  pivotal role of seed schools in promoting gender equity by providing greater educational  opportunities for girls in underserved communities, key findings arising from the  programme evaluation are detailed below;    Key Findings    i)  Progress of Construction of the seed secondary schools    Out of the 259 planned seed schools, 104 seed schools (40.2%) have been completed,  116 seed schools (44.8%) are still under construction, 12 schools (4.6%) are stalled, and  27 schools (10.4%) have not yet started construction as of October 2024.",delay_time_overrun,delay_time_overrun,1,programme evaluation are detailed below;    Key Findings    i)  Progress of Construction of the see,,,,True
2024,2024_AGPRT@CON2024.pdf,559,"Recommendations    I advised the Accounting Officer of the MoES to:          175      i)  Strengthen oversight mechanisms by assigning dedicated monitoring teams to  track construction progress, enforce performance contracts with contractors, and  address delays by promptly replacing non-performing contractors.",governance_and_controls,governance_and_controls,1,,,,,True
2024,2024_AGPRT@CON2024.pdf,559,"iv)  Improve contractor supervision and strengthen oversight mechanisms to ensure  that school infrastructure projects, including laboratories, libraries, and teacher  accommodations, are completed on time and meet quality standards by the time  the schools are operational.",contract_management,contract_management|governance_and_controls,2,,,,,True
2024,2024_AGPRT@CON2024.pdf,559,"To fully realize its potential, the  program requires strengthened oversight, accelerated recruitment of qualified teachers,  enhanced infrastructure functionality, and improved accountability measures, ensuring the  long-term sustainability and success of these critical interventions.",governance_and_controls,governance_and_controls,1,"program requires strengthened oversight, accelerated recruitment of qualified teachers,  enhanced",,,,True
2024,2024_AGPRT@CON2024.pdf,559,"iii)  Ineffective governance and support structure    Inter-Ministerial Committee on Menstrual Health and Hygiene (IMCMHH) which was  formed to spearhead the MHHM agenda at the national level is ineffective as there are  gaps in the resource mobilization and planning for MHHM at national, district and school  levels:    a)  The Gender Unit spends only 10% of its GoU budget and none of it donor  budget on MHHM activities;    b)  There is limited parental involvement in the provision of MH support,  whereby parents are not providing enough pads, underwear and guidance  on menstrual hygiene, which leads to the girls being absent from school.",governance_and_controls,governance_and_controls,1,,"limited parental involvement in the provision of MH support,  whereby parents are not p",,,True
2024,2024_AGPRT@CON2024.pdf,559,"This will enhance licensing and registration of schools,  deployment of teaching staff, regulating school fees and overall governance of the  schools.",governance_and_controls,governance_and_controls,1,,,,,True
2024,2024_AGPRT@CON2024.pdf,559,"By focusing on improving the implementation and enforcement of the policies,  guidelines and the laws, data collection and management, stakeholder engagement,  infrastructure development and support supervision, the ministry can create a more  supportive and effective secondary education system that aligns with the outcomes  envisaged in the constitution and Vision 2040.",contract_management,contract_management,1,,,ministry can create a more  supportive and effective secondary education system that ali,,True
2024,2024_AGPRT@CON2024.pdf,559,"Theft, vandalism, and public encroachment on railway        196      land reserves further hinder operations, requiring costly repairs and compensation.",land_and_right_of_way,land_and_right_of_way,1,,,,,True
2024,2024_AGPRT@CON2024.pdf,559,"Key Findings    However, I also established that there were areas that require improvement, as  highlighted below:    i)  There was delayed completion of infrastructure projects and this affected: all 6  irrigation schemes and valley dams planned for completion by 30th June 2024, 10  out of 13 projects for water for domestic use, 32 out of 44 planned projects for  post-harvest handling.",delay_time_overrun,delay_time_overrun,1,,,,,True
2024,2024_AGPRT@CON2024.pdf,559,"iv)  I noted that, due to delays in accountability, funds worth USD.6Mn for islamic  financing had not yet been disbursed to Micro finance Support centre by 30th  June 2024; five years after project commencement.",governance_and_controls,governance_and_controls,1,project commencement,,,,False
2024,2024_AGPRT@CON2024.pdf,559,Key Recommendations    I advised the Accounting Officer of the Ministry of Local Government to;    i)  Support and skill the procurement department to ensure that they can deliver  all planned procurements on time.,procurement_irregularities,procurement_irregularities,1,,,Ministry of Local Government to;    i)  Support and skill the procurement department to ,,False
2024,2024_AGPRT@CON2024.pdf,559,vi)  Expedite the procurement and distribution of motorcycles to cooperatives as  planned.,procurement_irregularities,procurement_irregularities,1,,,,,False
2024,2024_AGPRT@CON2024.pdf,559,"iii)  Setting realistic research project timelines, addressing procurement and ethical  review delays that feature majority of the research.",procurement_irregularities,procurement_irregularities,1,"project timelines, addressing procurement and ethical  review delays that feature majority of the",,,,False
2024,2024_AGPRT@CON2024.pdf,559,"The audit highlighted performance gaps in the FMP  implementation in relation to the programme systems and processes such as import  inspection, procurement of marking agent, field monitoring of fuel outlets, marking fees,  stakeholder coordination, Petroleum information system, standards development,  availability and maintenance of the laboratory equipment.",procurement_irregularities,procurement_irregularities,1,"programme systems and processes such as import  inspection, procurement of marking agent, field mon",,,,False
2024,2024_AGPRT@CON2024.pdf,559,"Consequently, many officers were forced to live  in substandard conditions that pose safety risks, highlighting a persistent housing  crisis exacerbated by ongoing recruitment efforts aimed at achieving an UN- recommended police-to-population ratio.",contract_management,contract_management,1,,,,,True
2024,2024_AGPRT@CON2024.pdf,559,iii)  NWSC faces challenges with land encroachment and vandalism of the sewerage  infrastructure.,land_and_right_of_way,land_and_right_of_way,1,,,,,True
2024,2024_AGPRT@CON2024.pdf,559,"2)  Procurement Issues    I noted the following issues arising from my review of the procurement of the works  contractors in the six (6) DLGs of Adjumani, Arua, Kiryandongo, Madi-Okollo, Obongi and  Yumbe;    Table 53: Procurement issues noted  S/N  DLG  Procurement Issues Noted  1  Adjumani  •  Inadequate due diligence was undertaken on the contractor by  the Evaluation Committee.",procurement_irregularities,procurement_irregularities,1,,,,,True
2024,2024_AGPRT@CON2024.pdf,559,•  Unjustified cancellation of the initial procurement process.,procurement_irregularities,procurement_irregularities,1,,,,,False
2024,2024_AGPRT@CON2024.pdf,559,•  Absence of a complete procurement file for the procurement of  the contract for additional works.,procurement_irregularities,procurement_irregularities,1,,,,,True
2024,2024_AGPRT@CON2024.pdf,559,•  Incomplete works contract for additional works.,delay_time_overrun,delay_time_overrun,1,,,,,True
2024,2024_AGPRT@CON2024.pdf,559,•  Inadequate due diligence was undertaken on the contractor by          227      S/N  DLG  Procurement Issues Noted  the Evaluation Committee.,procurement_irregularities,procurement_irregularities,1,,,,,True
2024,2024_AGPRT@CON2024.pdf,559,5  Obongi  •  Unjustified Splitting of the procurement into two (02) phases.,procurement_irregularities,procurement_irregularities,1,,,,,False
2024,2024_AGPRT@CON2024.pdf,559,These procurement irregularities can lead to challenges during project implementation.,procurement_irregularities,procurement_irregularities,1,project implementation,,,,False
2024,2024_AGPRT@CON2024.pdf,559,Recommendation    I advised the Accounting Officers to ensure that procurements undertaken do not  contravene the relevant procurement regulations and guidelines.,procurement_irregularities,procurement_irregularities,1,,,,,False
2024,2024_AGPRT@CON2024.pdf,559,"228        4)  Delayed Completion of Works and Unjustified Extension of Time    In five of the eleven DLGs, work completion was delayed by 28 to 163 days, warranting  liquidated damages of UGX.1,153,110,843.1, which were not charged as detailed in the  table below;    Table 55: Delays in the implementation of the works  S/N  DLG  Delay [days]  Uncharged Liquidated Damages [UGX]  1  Isingiro  28  152,166,865.20  2  Kiryandongo  163  412,509,171.3  3  Madi-Okollo  56  61,509,168  4  Moyo  163  286,028,652  5  Terego  131  240,896,986.6    TOTAL    1,153,110,843.1    Of the remaining six DLGs without delays, five granted unjustified time extensions of 193  to 392 days, leading to forfeited liquidated damages of UGX 2,251,221,181.3.",delay_time_overrun,delay_time_overrun|claims_and_disputes,2,,,,,True
2024,2024_AGPRT@CON2024.pdf,559,"The details  for the unjustified extensions of time are presented in the table below;    Table 56: Delays to complete works and uncharged/forfeited liquidated damages  S/N  DLG  Unjustified extension of  time [Days]  Forfeited Liquidated Damages  [UGX]  1  Adjumani  275  1,187,105,095  2  Arua  392  557,773,771.30  3  Kamwenge  270  141,707,795  4  Madi-Okollo  193  109,837,800  5  Obongi  240  254,796,720    Total    2,251,221,181.3    Delayed completion of works denies the intended users timely usage of the infrastructure  and failure to charge damages, denies the Client compensation arising from the delayed  completion.",delay_time_overrun,delay_time_overrun|claims_and_disputes,2,,,,,True
2024,2024_AGPRT@CON2024.pdf,559,"Recommendation    I advised the Accounting Officers to put measures in place to ensure that works are always  completed in time, failure of which liquidated damages are charged as per the contract  provisions.",claims_and_disputes,claims_and_disputes,1,,,,,True
2024,2024_AGPRT@CON2024.pdf,559,"During the physical inspection of the works, I observed the following  omissions and defects on the sites;    Table 58: Observed defects in the different project sites  S/N  DLG  Observation  1  Adjumani  Chamfered concrete encasing for cross and access culverts and eroded  fill at box culvert.",contract_management,contract_management,1,project sites  S/N  DLG  Observation  1  Adjumani  Chamfered concrete encasing for cross and acce,,,,True
2024,2024_AGPRT@CON2024.pdf,559,Defects if not rectified lead to faster deterioration of the infrastructure which reduces their  service life.,contract_management,contract_management,1,,,,,True
2024,2024_AGPRT@CON2024.pdf,559,Recommendation    I advised the Accounting Officers to ensure that all the above observed defects and/or  omissions are rectified before project closure.,contract_management,contract_management,1,project closure,,,,False
2024,2024_AGPRT@CON2024.pdf,559,2)  Procurement Issues    A review of the procurement processes for works contractors and design/supervision  consultants revealed several inadequacies summarized below;    Table 66: Procurement Issues  S/N  Project Name  Observation  1  Refurbishment of Kampala  Namanve Mukono railway  line section (26.8Km)  •  Procurement documentation for supply of rails not  availed.,contract_management,contract_management|procurement_irregularities,2,Project Name  Observation  1  Refurbishment of Kampala  Namanve Mukono railway  line section (26,,,,True
2024,2024_AGPRT@CON2024.pdf,559,•  Procurement documentation for feasibility study by  the consultant not availed.,procurement_irregularities,procurement_irregularities,1,,,,,False
2024,2024_AGPRT@CON2024.pdf,559,"2  Rehabilitation of Mukono- Malaba Railway Section  •  Procurement of contractor and supervising outside  the procurement plan  •  Inadequate  justification  for  use  of  direct  procurement  •  Unsupported increase of the estimated value for  rehabilitation    3  Rehabilitation of Tororo- Gulu railway line  •  Inadequate  justification  for  use  of  direct  procurement      Procurement inadequacies risk engaging contractors and consultants at uncompetitive  rates, increasing project costs and reducing value for money.",procurement_irregularities,procurement_irregularities,1,project costs and reducing value for money,,,,True
2024,2024_AGPRT@CON2024.pdf,559,"4)  Delayed Payments of Contractor’s Interim Payment Certificates    Delays in payments to contractors, ranging from 5 to 406 days, were noted for the  Mukono-Malaba railway section and Tororo-Gulu line projects.",delayed_payments,delayed_payments,1,,,,,True
2024,2024_AGPRT@CON2024.pdf,559,Recommendation    I advised the Accounting Officer to ensure that supervising consultants are engaged before  the commencement of works to enhance project oversight and efficiency.,governance_and_controls,governance_and_controls,1,project oversight and efficiency,,,,True
2024,2024_AGPRT@CON2024.pdf,559,"7)  Inspection of the Works    Physical inspections of three railway project sites conducted between 6th and 18th August  2024 revealed several defects, omissions, and deficiencies as summarised in the table  below;        240      Table 70: Observed Defects/Omissions  SN  Project Name  Key Observations  1.",contract_management,contract_management,1,"project sites conducted between 6th and 18th August  2024 revealed several defects, omissions, an; Project Name  Key Observations  1",,,,True
2024,2024_AGPRT@CON2024.pdf,559,"The observed defects and omissions if not addressed, can compromise the aesthetics,  safety and functionality of the railway infrastructure.",contract_management,contract_management,1,,,,,True
2024,2024_AGPRT@CON2024.pdf,559,Recommendation    I advised the Accounting Officers to address all observed defects and omissions and to  ensure adequate and timely maintenance of railway infrastructure components.,contract_management,contract_management,1,,,,,True
2024,2024_AGPRT@CON2024.pdf,559,•  The in-house supervision team for the Kampala–Mukono project lacked a Materials  Engineer.,contract_management,contract_management,1,project lacked a Materials  Engineer,,,,False
2024,2024_AGPRT@CON2024.pdf,559,"Inadequate supervision can result in poor quality works, compromising the durability of  the infrastructure.",contract_management,contract_management,1,,,,,True
2024,2024_AGPRT@CON2024.pdf,559,Delayed completion of works denies intended users  timely usage of the completed infrastructure.,delay_time_overrun,delay_time_overrun,1,,,,,True
2024,2024_AGPRT@CON2024.pdf,559,"The defects included; broken walkway slabs, non-functional street  lights, damaged stone pitching, segregation in asphalt concrete, bleeding, missing  drainage covers, missing guard rail bolts.",contract_management,contract_management,1,,,,,True
2024,2024_AGPRT@CON2024.pdf,559,These defects if not promptly corrected  could compromise the durability and functionality of the completed infrastructure.,contract_management,contract_management,1,,,,,True
2024,2024_AGPRT@CON2024.pdf,559,"Delayed completion of works denies users timely  access to infrastructure, while the absence of work programs and progress reports  hinders stakeholders' ability to monitor project progress.",delay_time_overrun,delay_time_overrun,1,project progress,,,,True
2024,2024_AGPRT@CON2024.pdf,559,"iv)  Defects were observed in all road projects across the nine entities, including  stripping, bleeding, potholes, rutting, alligator cracks, edge failures, disjointed and  collapsed culverts, poorly compacted gravel, and poorly filled culvert inlets.",contract_management,contract_management,1,,,,,True
2024,2024_AGPRT@CON2024.pdf,559,"For  building projects, except for the KCCA project where earlier observed defects were  corrected, issues included broken tiles, poor grouting, uneven floors, split timber,  openings in ridges and door shutters, disjointed fascia boards, damaged pin  boards, and exposed bars in ground beams.",contract_management,contract_management,1,"project where earlier observed defects were  corrected, issues included broken tiles, poor grouti",,,,True
2024,2024_AGPRT@CON2024.pdf,559,"If not promptly addressed, these  defects could impact infrastructure performance and functionality.",contract_management,contract_management,1,,,,,True
2024,2024_AGPRT@CON2024.pdf,559,"5  Irregularities in the acquisition of ICT  Systems at UWA  These were: non-approval of the procurement  method by the contracts committee, failure to  conduct  a  market  survey,  retrospective  submission of the N7 form to NITA-U, irregular  receipt and evaluation of a single bid and irregular  extension of the bid validity.",procurement_irregularities,procurement_irregularities,1,,,,,False
2024,2024_AGPRT@CON2024.pdf,559,"261        Relatedly, the Ministry of Works and Transport awarded an additional contract worth  UGX.22Bn to M/s TISCON Consultancy for a consultancy of the functional design and  supervision of the Motor Vehicle Registration System.",contract_management,contract_management,1,,M/s TISCON Consultancy for a consultancy of the functional design and  supervision ,Ministry of Works and Transport awarded an additional contract worth  UGX,,True
2024,2024_AGPRT@CON2024.pdf,559,"4.1.9 The Billing System of National Water and Sewerage Corporation    Introduction    National Water and Sewerage Corporation (NWSC) leverages Management Information  Systems (MIS) to streamline its business operations and enhance decision-making across  key functional areas such as Financial Management, Inventory Management, Customer  Relations, Planned Preventive Maintenance (PPM) of static plant and equipment,  Procurement, and Human Resource Management, among others.",procurement_irregularities,procurement_irregularities,1,,,Corporation    Introduction    National Water and Sewerage Corporation (NWSC) leverages Man,,True
2024,2024_AGPRT@CON2024.pdf,559,"4.1.10 The Electronic Government Procurement System    Introduction    The Government of Uganda with support from the World Bank and other Development  Partners through PPDA, NITA-U and MoFPED initiated the Electronic Government  Procurement system (e-GP) in 2014 under the Regional Communication Infrastructure  Program (RICP).",procurement_irregularities,procurement_irregularities,1,Program (RICP),,,"World Bank and other Development  Partners through PPDA, NITA-U and Mo",True
2024,2024_AGPRT@CON2024.pdf,559,"The aim of the system was to improve efficiency, transparency, integrity  and accountability in public procurement and disposal processes.",governance_and_controls,governance_and_controls|procurement_irregularities,2,,,,,False
2024,2024_AGPRT@CON2024.pdf,559,"3  Non-compliance with the NIISP Guidelines  Non-compliance with the National ICT Initiatives  Support Program (NIISP) guidelines exposed the  Government to the risk of awarding a contract  for the development of the System, to a firm that  did not have experience in the same.",contract_management,contract_management,1,Program (NIISP) guidelines exposed the  Government to the risk of awarding a contract  for the de,,,,False
2024,2024_AGPRT@CON2024.pdf,559,"I advised Management to always  follow due approved procurement  process, laws and regulations in  place.",procurement_irregularities,procurement_irregularities,1,,,,,False
2024,2024_AGPRT@CON2024.pdf,559,"10  Failure to operationalise the Report and  Disposal module    a) Non-functional Disposal Module  I noted that of the 2 proposed modules, all  entities enrolled on the e-GP System were  using only the procurement module.",procurement_irregularities,procurement_irregularities,1,,,,,False
2024,2024_AGPRT@CON2024.pdf,559,b) Failure by the System to generate  Procurement Reports  A review of the reporting functionality under  the oversight module indicated that the  interface was not functional as it returned an  error upon selection.,governance_and_controls,governance_and_controls|procurement_irregularities,2,,,,,False
2024,2024_AGPRT@CON2024.pdf,559,I advised Management to ensure the  vendor develops and deploys the  disposal  module  to  ensure  transparency in the procurement  process.,procurement_irregularities,procurement_irregularities,1,,,,,False
2024,2024_AGPRT@CON2024.pdf,559,"11  Insufficient Internal and External Audit  Review Functionality  In the absence of a functional oversight portal, it  becomes difficult for external oversight parties to  provide assurance the procurement processes in  the different entities across the Government.",governance_and_controls,governance_and_controls|procurement_irregularities,2,,,,,False
2024,2024_AGPRT@CON2024.pdf,559,I advised Management to enforce  the use of the e-GP System by  ensuring that all the procurements  undertaken in the rolled-out entities  are affected by the procurement  System.,procurement_irregularities,procurement_irregularities,1,,,,,False
2024,2024_AGPRT@CON2024.pdf,559,13  Discrepancy  between  Rejected  Procurement Plans on e-GP and Payments  processed on the IFMS  This may lead to intentional bypass of the E-GP  System controls by the entity.,procurement_irregularities,procurement_irregularities,1,,,,,False
2024,2024_AGPRT@CON2024.pdf,559,"14  Workflow discrepancies or procedural  bypass on the e-GP System oversight  This poses a risk of non-compliance with  procurement laws, reduced accountability, and  operational inefficiencies.",contract_management,contract_management|governance_and_controls|procurement_irregularities,3,,,,,False
2024,2024_AGPRT@CON2024.pdf,559,"271      Conclusion    I commend the Government's unwavering commitment to enhancing fairness,  transparency, and accountability in public procurement by automating key processes and  implementing the e-GP System across various MDAs.",governance_and_controls,governance_and_controls|procurement_irregularities,2,,,,,False
2024,2024_AGPRT@CON2024.pdf,559,"Recognizing the vital role procurement plays in government service delivery and the  broader goal of streamlining the procurement process, it is imperative to address the  identified gaps promptly and thoroughly.",procurement_irregularities,procurement_irregularities,1,,,,,False
2024,2024_AGPRT@CON2024.pdf,559,Speaker  of Parliament  Uganda  Civil  Aviation Authority        273      SN Title of Special Audit  Requester  Of  Special Audit  Entity  Under  Investigation  System in Uganda Civil Aviation Authority  (UCAA)    6  Verification of the Contract Management  Team's (CMT) responses to the Auditor  General's review report on the Construction of  the Uganda Revenue Authority Headquarters  Building Project    Commissioner  General  of  Uganda Revenue  Authority  Uganda  Revenue  Authority  7  Report on Business Valuation of Soroti Fruits  Ltd for period 31st December 2023    Rt.,contract_management,contract_management,1,Project    Commissioner  General  of  Uganda Revenue  Authority  Uganda  Revenue  Authority  7  R,Ltd for period 31st December 2023    Rt,Parliament  Uganda  Civil  Aviation Authority        273      SN Title of Special Audit  R; Authority  (UCAA)    6  Verification of the Contract Management  Team's (CMT) responses t,,True
2024,2024_AGPRT@CON2024.pdf,559,"5.1.3 Implementation of Road Maintenance Grant    In a bid to reduce the Roads rehabilitation backlog, Government decided in February 2023  to allocate a Road Rehabilitation Development Grant of One (1) Billion shillings to each of  the 176 Local Government (LGs) comprising of 135 Districts, 10 Cities and 31 Municipal  Councils in the FY 2023/24.",procurement_irregularities,procurement_irregularities,1,,,,"Grant    In a bid to reduce the Roads rehabilitation backlog, Gov; Grant of One (1) Billion shillings to each of  the 176 Local Gove",True
2024,2024_AGPRT@CON2024.pdf,559,"•  Out of the sampled 303 projects, 165 were Completed roads and 138 were  Incomplete works/ Ongoing road works.",delay_time_overrun,delay_time_overrun,1,,,,,True
2024,2024_AGPRT@CON2024.pdf,559,•  Delays in the procurement processes that affected commencement of projects.,procurement_irregularities,procurement_irregularities,1,,,,,False
2024,2024_AGPRT@CON2024.pdf,559,Recommendations    The Accounting Officers should;    •  Strengthen contract management processes.,contract_management,contract_management,1,,,,,False
2024,2024_AGPRT@CON2024.pdf,559,•  Streamline procurement processes to shorten the procurement process.,procurement_irregularities,procurement_irregularities,1,,,,,False
2024,2024_AGPRT@CON2024.pdf,559,•  Expedite procurement procedures to minimize delays in awarding contracts.,procurement_irregularities,procurement_irregularities,1,,,,,False
2024,2024_AGPRT@CON2024.pdf,559,"•  5 sub-projects completed in the 4 LGs had defects such as clogged drainages,  non-functional solar lights, Paspalum alongside road not well maintained and  damaged road furniture.",contract_management,contract_management,1,,,,,True
2024,2024_AGPRT@CON2024.pdf,559,"The Accounting Officers explained that under absorption was mainly due to delayed  release of funds by MoFPED, slow works by the contractors who have many sites, delayed  initiation and conclusion of the procurement process and works that did not start in some  Districts due to land issues.",procurement_irregularities,procurement_irregularities,1,,,,,True
2024,2024_AGPRT@CON2024.pdf,559,•  The Accounting Officers should ensure that the procurement processes are  streamlined for timely implementation and robust due diligence undertaken to  attract competent contractors.,procurement_irregularities,procurement_irregularities,1,,,,,True
2024,2024_AGPRT@CON2024.pdf,559,"In addition, they should ensure proper planning of works  to be undertaken and strengthen contract management practices.",contract_management,contract_management,1,,,,,True
2024,2024_AGPRT@CON2024.pdf,559,Accumulation of payables damages the school’s creditworthiness and could lead to  litigation.,claims_and_disputes,claims_and_disputes,1,,,,,True
2024,2024_AGPRT@CON2024.pdf,559,Accumulation of payables damages the school’s creditworthiness and could lead to  litigation.,claims_and_disputes,claims_and_disputes,1,,,,,True
2024,2024_AGPRT@CON2024.pdf,559,"6  96.8  -  -  -  167.7  71.92  95.78  910.16  999.3 3  (89.17 )  149.2 1  215.1 7  (65.9 6)  928.6 5  856.0 8  72.5 7          313      Appendix 3: Procurement budgets for entities on e-GP  SN  Entity  Amount (UGX)  1  Ministry of Water & Environment  4,130,671,472,219  2  Ministry of Works & Transport  2,716,956,941,419  3  Ministry of Energy & Mineral Development  1,030,981,888,451  4  Ministry of Agriculture, Animal Industry & Fisheries  485,752,084,436  5  Kampala Capital City Authority  317,791,512,978  6  Parliament of Uganda  227,004,893,988  7  Uganda Civil Aviation Authority  220,625,021,787  8  Ministry of Finance, Planning & Economic Development  204,482,063,199  9  National Social Security Fund  200,522,889,984  10  Ministry of Health  188,234,752,422  11  Directorate of Citizenship and Immigration  110,011,584,978  12  Office of the President  91,033,942,000  13  Ministry of Education & Sports  77,777,630,108  14  Ministry of Information, Communications Technology & National Guidance  75,761,511,922  15  Office of the Prime Minister  58,699,018,170  16  Ministry of Local Government  52,804,123,966  17  Ministry of Tourism, Wildlife & Antiquities  48,007,111,396  18  Ministry of Trade, Industry & Cooperatives  34,951,667,398  19  Uganda National Bureau of Standards  34,186,000,000  20  National Planning Authority  34,169,085,660  21  National Information Technology Authority-Uganda (NITA-U)  32,905,669,822  22  Directorate of Public Prosecutions  32,771,271,654  23  Uganda Registration Services Bureau  27,545,960,381  24  Ministry of Land, Housing & Urban Development  25,991,154,241  25  Mpigi District Local Government  18,259,175,840  26  Ministry of Kampala Capital City & Metropolitan Affairs  16,430,450,000  27  Uganda Institute of Information & Communication Technology  14,124,293,659  28  Ministry of Justice & Constitutional Affairs  13,407,626,316  29  Ministry of Gender, Labour & Social Development  10,594,476,500        314      SN  Entity  Amount (UGX)  30  Public Procurement & Disposal of the Public Assets Authority  10,494,275,928  31  Mukono District Local Government  8,507,683,827  32  Ministry of Public Service  8,386,629,606  33  Ministry of Foreign Affairs  8,000,839,614  34  Ministry of Internal Affairs  6,851,600,003  35  Jinja District Local Government  5,199,031,189  36  Ministry of East African Community Affairs  4,723,490,000    Total  10,584,618,825,061                315      Appendix 4: Details of other procurement Observations  SN  Entity  Unplanned  Procurements  Split  Procurement  Irregular  Initiation  Failure to  Carry out  Market  Assessments  Delayed procurement  processes  Procurements  without  Performance  Security  No  Value  (UGX)  Bn  No.",procurement_irregularities,procurement_irregularities,1,,,"Ministry of Water & Environment  4,130,671,472,219  2  Ministry of Works & Transport  2,; Ministry of Energy & Mineral Development  1,030,981,888,451  4  Ministry of Agriculture,",,True
2024,2024_AGPRT@CON2024.pdf,559,"Value  (UGX)  Bn  1  Amudat DLG                        4  0.65  2  Butebo DLG      3  0.01      3  0.04        2  0.04  3  Education Service Commission  4  0.59  4  Financial Intelligence Authority  1  0.13                    4  1.77  5  Ibanda DLG              15  1.12            6  Kabale DLG                        2  1.42  7  Kanungu DLG              19  1.64            8  Law Development Center              17  5.2            9  Microfinance Support Centre  2  0.14                        10  Ministry of Energy and Mineral Development  9  31.66                        11  Ministry of Finance, Planning and Economic Development          3  16.2                12  Ministry of Tourism Wildlife and Antiquities MoTWA          5  13.97                13  Ministry of Trade, Industry and Cooperatives MoTIC          1  6.06  1  6.2            14  Moroto DLG                        5  0.64  15  Mountains of the Moon University              3  1.47            16  Muni University                        2  10.9  17  Napak DLG              2  0.11        2  0.36  18  National Agricultural Research Organization NARO                  20  26.09  6      19  National Oil Palm Project                  4  11.1  5      20  National Population Council (NPC)  2  0.04                        21  Office of the President  6  2.5  7  22  Presidential Initiative On Banana Industrial Development                  6  2.09  3      23  Rukiga DLG                        8  3.69  24  Soroti RRH              1  0.051            25  Uganda Broadcasting Corporation  8  0.25                        26  Uganda Bureau of Statistics          1  2      2  91.74        27  Uganda Communications Commission  3  6.41  28  Uganda Petroleum Institute -Kigumba      6  0.82      9  5.26            29  Uganda Retirement Benefits Regulatory Authority  1  0.1                        30  Uganda Revenue Authority  4  7.01  5  0.29  5  0.34                31  Uganda Wildlife Research and Training Institute  2  0.14                        32  Wakiso DLG      1  0.69                    33  Ministry of Internal Affairs                  4  668.05  3        Total  32  45.88  19  2.4  15  38.57  70  21.091  42  801.57    29  19.47              316      ANNEXURES  Annexure 1: Summary of Entity Findings for MDAs and Projects    Entity Name  Programme Name  Opinion    Summary of Key Findings  I noted that;  Office of the Prime  Minister (OPM)  Development plan  implementation    Governance and  security    Natural resources,  environment, climate  change, land and  water    Regional balanced  development  Unqualified  i)  The Ministry had verified stock of outstanding commitments  amounting to UGX.1.19Bn at the year-end.",governance_and_controls,governance_and_controls,1,Project                  4  11; Programme Name  Opinion    Summary of Key Findings  I noted that;  Office of the Prime  Minister (O,,Commission  4  0; Authority  1  0,,True
2024,2024_AGPRT@CON2024.pdf,559,"318      vi)  There were shortcomings in the procurement function which include;  Failure to align the procurement plan to the approved budget, delays  in procurement processes, delays in contract implementation and  failure to recover liquidated damages.",claims_and_disputes,claims_and_disputes|procurement_irregularities,2,,,,,True
2024,2024_AGPRT@CON2024.pdf,559,"ix)  The Ministry did not absorb UGX.11.5Bn meant for payment of  outstanding pension & gratuity arrears, contract staff salaries for  projects that did not commence, unutilised salaries and training of  staff on quality assurance systems and processes.",delayed_payments,delayed_payments,1,,,Ministry did not absorb UGX,,False
2024,2024_AGPRT@CON2024.pdf,559,"xiii) There were shortcomings in the implementation of the FMD  intervention such as; inadequate funding of the contingency budget  of UGX.58.146Bn, non-utilization of UGX.0.939Bn that was meant for  allowances of district officers, and procurement of 240 refrigerators  and freezers instead of the refrigerated containers approved by  Cabinet.",procurement_irregularities,procurement_irregularities,1,,,,,False
2024,2024_AGPRT@CON2024.pdf,559,"Kampala Capital City  Authority (KCCA)  Agro-industrialization    Community  mobilization and  mindset change    Development plan  implementation    Digital  transformation    Human capital  development    Integrated transport  infrastructure and  services    Natural resources,  environment, climate  change,  Land and water    Public sector  transformation    Tourism  development  Unqualified  i)  The Authority’s domestic arrears increased by 192% from  UGX.79.39Bn in 2022/23 to UGX.231.71Bn in 2023/24.",delayed_payments,delayed_payments,1,,,Authority (KCCA)  Agro-industrialization    Community  mobilization and  mindset change  ; Authority’s domestic arrears increased by 192% from  UGX,,True
2024,2024_AGPRT@CON2024.pdf,559,"The works on major road junctions  were yet to commence, the contractor faced challenges of obtaining  the Right of Way and was not observing Environmental, Health and  Safety (EHS) measures.",land_and_right_of_way,land_and_right_of_way,1,,,,,True
2024,2024_AGPRT@CON2024.pdf,559,323      xvi) The project procured a consultant to provide consultancy services for  Resettlement Action Plan (RAP) worth UGX.1.6Bn and consultancy  services for RAP of two (2) drainage channels worth UGX.1.99Bn  without professional indemnity.,land_and_right_of_way,land_and_right_of_way,1,project procured a consultant to provide consultancy services for  Resettlement Action Plan (RAP),,,,True
2024,2024_AGPRT@CON2024.pdf,559,"The Committee lacked representatives from the  Project Implementation Team, the contractors, insurance companies  and the community leaders as required by project governance  framework.",governance_and_controls,governance_and_controls,1,"Project Implementation Team, the contractors, insurance companies  and the community leaders as r; project governance  framework",,,,True
2024,2024_AGPRT@CON2024.pdf,559,ii)  Eighteen (18) procurements worth UGX.38.11Bn took an average of  seven (7) months from initiation to contract signing which affected the  achievement of planned activities.,procurement_irregularities,procurement_irregularities,1,,,,,False
2024,2024_AGPRT@CON2024.pdf,559,"viii) At the time of inspection in October 2024, which was four (4) years  after the expected completion date of the UPDF National Referral  Hospital, the project was not complete, with stalled works in some  areas.",delay_time_overrun,delay_time_overrun,1,"project was not complete, with stalled works in some  areas",,,,True
2024,2024_AGPRT@CON2024.pdf,559,ix)  The Ministry amended the original contract for the procurement of  assorted medical equipment for UPDF National Referral Hospital  without the necessary approvals.,procurement_irregularities,procurement_irregularities,1,,,Ministry amended the original contract for the procurement of  assorted medical equipmen,,True
2024,2024_AGPRT@CON2024.pdf,559,vi)  Review of 30 procurements worth UGX.2.166Bn revealed that the  Accounting Officer did not appoint contract managers.,procurement_irregularities,procurement_irregularities,1,,,,,False
2024,2024_AGPRT@CON2024.pdf,559,vii) Procurement delays at various stages were noted for procurements  with a total value of UGX.1.293Bn.,procurement_irregularities,procurement_irregularities,1,,,,,False
2024,2024_AGPRT@CON2024.pdf,559,"0.276Bn for the supply of laptops, desktops, mini- computers and printers instead of making a single procurement.",procurement_irregularities,procurement_irregularities,1,,,,,False
2024,2024_AGPRT@CON2024.pdf,559,None of the sampled procurements made through the e-GP system  had scanned signed contract documents uploaded.,procurement_irregularities,procurement_irregularities,1,,,,,False
2024,2024_AGPRT@CON2024.pdf,559,"The shortfall related to payment of contract staff  salaries, payment of allowances, Procurement of medical supplies  and services, upgrade of 43 health centers among others.",procurement_irregularities,procurement_irregularities,1,,,,,True
2024,2024_AGPRT@CON2024.pdf,559,"ii)  The Ministry had a budget shortfall of UGX.0.8Bn which was meant  for acquisition of computers, printers and photocopiers, procurement  of assorted furniture, baggage scanners and renovations of the  Amnesty Commission building.",procurement_irregularities,procurement_irregularities,1,,,Ministry had a budget shortfall of UGX; Commission building,,True
2024,2024_AGPRT@CON2024.pdf,559,"x)  Four (4) procurements worth UGX.668.05Bn took on average, three  (3) months from initiating a procurement process to contract signing  xi) I undertook a special audit of the pension payroll that covered a period  from FY 2019/20 to 2023/24 and issued a separate report.",procurement_irregularities,procurement_irregularities,1,,,,,False
2024,2024_AGPRT@CON2024.pdf,559,"xiii) The Ministry awarded a contract to a construction company using the  direct procurement method at UGX.9.3Bn for renovation works of the  Finance and Treasury buildings, including the Perimeter wall, and  UGX.2.787Bn was advanced to the contractor in June 2024.The  Ministry secured a letter of credit to UGX.5.233Bn set to expire on  31/12/2024, however, six months later, contract implementation had  not commenced.",procurement_irregularities,procurement_irregularities,1,,company using the  direct procurement method at UGX,Ministry awarded a contract to a construction company using the  direct procurement meth; Ministry secured a letter of credit to UGX,,True
2024,2024_AGPRT@CON2024.pdf,559,vii) I reviewed the progress of on-going construction works and noted that  some projects were behind schedule.,delay_time_overrun,delay_time_overrun,1,,,,,True
2024,2024_AGPRT@CON2024.pdf,559,iii) The Company had accumulated payables of UGX.19.51Bn by the end  of 2023/2024 which creates a risk of litigation and payment of  penalties and fines arising from delayed settlement.,claims_and_disputes,claims_and_disputes,1,,Company had accumulated payables of UGX,,,False
2024,2024_AGPRT@CON2024.pdf,559,"v)  I noted that the MoJCA installed mobile shelves and procured TVs for  the server room, but these items were not included in the year’s  procurement plan.",procurement_irregularities,procurement_irregularities,1,,,,,False
2024,2024_AGPRT@CON2024.pdf,559,"vii) The Ministry’s procurement plan, extracted from e-GP was not detailed  as it presents a consolidated summary of procurement subjects, listing  only the total estimated amounts without specific timelines, itemized        337      needs, and resource allocations.",procurement_irregularities,procurement_irregularities,1,,,"Ministry’s procurement plan, extracted from e-GP was not detailed  as it presents a cons",,False
2024,2024_AGPRT@CON2024.pdf,559,"vii) Despite receiving funds to implement the planned activities, UPF did  not  undertake  the  procurement  of  land,  construction  of        338      accommodation blocks, a Police hospital at Nsambya, and district  police stations.",procurement_irregularities,procurement_irregularities,1,,,,,True
2024,2024_AGPRT@CON2024.pdf,559,"x)  Under the procurement for supply of desktops and laptops valued at  UGX.119.2Mn, performance security of UGX.11.9Mn (10% of the  contract value) was not documented as having been received by the  company, contrary to the PPDA Contracts Regulations 2023.",procurement_irregularities,procurement_irregularities,1,,"company, contrary to the PPDA Contracts Regulations 2023",,,False
2024,2024_AGPRT@CON2024.pdf,559,"vi) UNRA signed Addendum No.1 for the Kira-Matugga Road project  worth UGX.22.089Bn, with significant cost escalations up to 663% for  some items.",cost_overrun,cost_overrun,1,project  worth UGX,,,,True
2024,2024_AGPRT@CON2024.pdf,559,"vii) Direct procurement method was used to award a contract worth  UGX.15.79Bn, contrary to PPDA regulations requiring competitive  bidding for projects above UGX.0.5Bn.",procurement_irregularities,procurement_irregularities,1,,,,,False
2024,2024_AGPRT@CON2024.pdf,559,"While UGX.84.213Bn worth of activities were fully implemented,  UGX.330.811Bn was either partially or unimplemented, indicating        345      inefficiencies in fund utilization and procurement processes.",procurement_irregularities,procurement_irregularities,1,,,,,False
2024,2024_AGPRT@CON2024.pdf,559,"ii) I noted non-compliance with the meeting pattern by the Board, staff,  departments and the committees, as required by Section 3.3 of the  AFRISA Operations Manual, 2018  Italian Support to  the Uganda Health  Sector Strategic Plan  (UHSSP) III and the  Human Capital  Development  Unqualified  i) I compared the cumulative disbursements of project funds as at 30th  June 2024 against the project financing agreement and noted that the  cumulative Government of Uganda (GoU) counterpart disbursements  to-date exceeded the expected amount by UGX.0.234Bn.",contract_management,contract_management,1,project funds as at 30th  June 2024 against the project financing agreement and noted that the  c,,,,False
2024,2024_AGPRT@CON2024.pdf,559,"ii) I noted that two (2) activities namely, construction works, rehabilitation  and upgrade of health facilities; and procurement of assorted medical  and laboratory equipment for 10 Health Centers, 2 ambulances, 5  supervision vehicles and 18 motorcycles valued at UGX.18.049Bn had  not been fully implemented by close of the year.",contract_management,contract_management|procurement_irregularities,2,,,,,True
2024,2024_AGPRT@CON2024.pdf,559,"National  Environment  Management  Authority (NEMA)  Natural Resources,  Environment, Climate  Change, Land, and  Water  Unqualified  i)  Domestic arrears amounting to 0.177Bn were paid but not budgeted  ii)  Included in the receivables of UGX0.12.5Bn are long outstanding debts  of UGX.11.87Bn from the previous financial year  iii) The term of the Current Board of directors expired in May 2024 and  by the time of this report had not been renewed.",delayed_payments,delayed_payments,1,,,"Authority (NEMA)  Natural Resources,  Environment, Climate  Change, Land, and  Water  Unq",,False
2024,2024_AGPRT@CON2024.pdf,559,"iv) NEMA lacked a centralized database on the record of compliance  certificates and licenses issued in the prior years  v)  NEMA lacked a tracking system to monitor the status of all issued  permits, including whether their conditions were being met  vi) UGX.12.24Bn on the National Environment Fund remained unspent  and idle on the account  vii) Audit revealed that procurements of laptops and desktops were split  viii) NEMA signed a contract for the supply of motorcycles worth  UGX.0.06Bn with a bidder without availing performance security  ix) Motor vehicles that were overdue for disposal were kept at the  Authority Parking Yard  x)  Out of the approved budget of UGX.42.29Bn the total warrants for the  year amounted to UGX.39.89Bn, out of which UGX.35.67Bn had been  utilized by the close of the financial year  xi) Four (4) outputs with (29) activities and expenditure worth  UGX.20.28Bn were fully implemented, while three (3) outputs with  eighteen (18) activities worth UGX.9.66Bn were partially implemented.",procurement_irregularities,procurement_irregularities,1,,,Authority Parking Yard  x)  Out of the approved budget of UGX,,False
2024,2024_AGPRT@CON2024.pdf,559,v) I reviewed a sample of six (06) procurements worth UGX.31Bn and  noted that the procurements took between three (03) to six (06)  months from bid publishing to contract signing and seven (7) to eleven  (11) months from bid initiation to actual contract signing.,procurement_irregularities,procurement_irregularities,1,,,,,False
2024,2024_AGPRT@CON2024.pdf,559,"iii) UGX.24.65Bn was utilized during the financial year FY 2023/24  representing an absorption level of 94%, which affected procurement  of monitoring equipment.",procurement_irregularities,procurement_irregularities,1,,,,,False
2024,2024_AGPRT@CON2024.pdf,559,Water Essence Africa  - Creating Synergy  to meet the Global  Challenges (WATER  ESSENCE) Project  (MUK) for the period  ended 31st Dec 2023  Human Capital  Development  Unqualified  There were no reportable issues  Vulnerability and  Climate Change  Adaptation in  Conflict Affected  Regions (VUCCA)  Project (Gulu  University) for  period ended 31st  Dec 2023  Human Capital  Development  Unqualified  There were no reportable issues  BTVET Support  Project of MoES for  the year ended 30th  June 2024      There were no reportable issues  Bukalasa  Agricultural College  Agro-Industrialization  Unqualified  i)  The College had outstanding commitments of UGX.267.5Mn at the end  of the financial year 2023/2024 which exposes the College to the risk  of litigation.,claims_and_disputes,claims_and_disputes,1,Project  (MUK) for the period  ended 31st Dec 2023  Human Capital  Development  Unqualified  Ther; Project (Gulu  University) for  period ended 31st  Dec 2023  Human Capital  Development  Unqualif,,,,False
2024,2024_AGPRT@CON2024.pdf,559,v)  It was observed that procurements worth UGX.17.282Bn did not  have any contract management plans on file.,contract_management,contract_management|procurement_irregularities,2,,,,,False
2024,2024_AGPRT@CON2024.pdf,559,"iv) The project oversight team and project advisory/steering committee  of the project rarely met and as such, could not provide the requisite  oversight to the project  v) The Weyonje app was restrictive in its access and usage by Kampala  residents as it was only available for Android users  Centres for Disease  Control and  Prevention Urban  Health Project  Human Capital  Development  Unqualified  i)  The project received USD.2,190,757, out of the expected  USD.3,071,381, resulting in a shortfall of USD.880,624  ii)  The project had an approved budget for the year of USD.1,861,449  out of which USD.1,771,724 was available for spending.",governance_and_controls,governance_and_controls,1,project oversight team and project advisory/steering committee  of the project rarely met and as ; project  v) The Weyonje app was restrictive in its access and usage by Kampala  residents as it w,,,,False
2024,2024_AGPRT@CON2024.pdf,559,"Out of the        358      (KCCA) for year  ended 30th  September 2023  total available funds of USD.1,771,724, USD.1,441,332 (81%) was  spent, resulting in an unspent balance of USD.330,402  iii) Assessment of the implementation of planned activities could not be  done, since the project did not prepare performance reports  iv) KCCA had not established a steering committee to provide strategic  oversight and guidance to the project.",governance_and_controls,governance_and_controls,1,project did not prepare performance reports  iv) KCCA had not established a steering committee to; project,,,,True
2024,2024_AGPRT@CON2024.pdf,559,"vii) Although procurement and processing of cotton seeds and the  distribution to the farmers is the mandate of CDO, these activities were  being done by the private sector players under the Uganda Ginners  and Cotton Exporters Association who fund the entire processing of  seed and distribution to the cotton farmers.",procurement_irregularities,procurement_irregularities,1,,,,,False
2024,2024_AGPRT@CON2024.pdf,559,Development  Response to  Displacement  Impact Project  (DRDIP) IDA Credit  No P152822-UG  Governance and  Security  Unqualified  i)  The Project had accumulated domestic arrears totaling to UGX.6.1Bn.,delayed_payments,delayed_payments|governance_and_controls,2,Project  (DRDIP) IDA Credit  No P152822-UG  Governance and  Security  Unqualified  i)  The Projec,,,,False
2024,2024_AGPRT@CON2024.pdf,559,iv)  There were delayed payments to suppliers by over 140 days on  average after delivery of services.,delayed_payments,delayed_payments,1,,,,,False
2024,2024_AGPRT@CON2024.pdf,559,The balance of UGX.0.55Bn was meant for the  payment of pension and gratuity and the procurement of furniture.,procurement_irregularities,procurement_irregularities,1,,,,,False
2024,2024_AGPRT@CON2024.pdf,559,"For example, although all the planned funds  were released, maintenance and servicing of the Namanve NCIC  Archive Center fire detection and suppression system, Procurement of  Network Access Drives (NAS) and simple storage media for the  Passport office and Procurement of Orthopaedic Wheelchairs for PWD  applicants was partially implemented.",procurement_irregularities,procurement_irregularities,1,,,,,False
2024,2024_AGPRT@CON2024.pdf,559,"The unimplemented activities were  the renovation of Nakabat border offices, the renovation of Lia staff  quarters and the procurement of uniforms for NCIC drivers.",procurement_irregularities,procurement_irregularities,1,,,,,False
2024,2024_AGPRT@CON2024.pdf,559,"Whereas the contract provided for insurance coverage and  the procurement of two double-cabin pickup trucks for site  management and supervision, neither of these provisions had been  fulfilled.",contract_management,contract_management|procurement_irregularities,2,,,,,False
2024,2024_AGPRT@CON2024.pdf,559,"iii) The installation of ICT Equipment for training and telemedicine that  was delivered in 2021 at a contract price USD.1,064,510.49 had not  been done due to the delayed completion of the multipurpose building  where it is supposed to be housed.",delay_time_overrun,delay_time_overrun,1,,,,,True
2024,2024_AGPRT@CON2024.pdf,559,"v) The supply and installation of a Magnetic Resonance Imaging System  (MRI) at a contract price of USD.2,415,000 was extended to May 2025  from 2020 due to the delayed completion of the multipurpose building.",delay_time_overrun,delay_time_overrun,1,,,,,True
2024,2024_AGPRT@CON2024.pdf,559,"ii)  Out of the total 16 planned project activities, 10 were fully achieved,  while 6 were partially achieved due to procurement and compensation  challenges.",procurement_irregularities,procurement_irregularities,1,"project activities, 10 were fully achieved,  while 6 were partially achieved due to procurement a",,,,False
2024,2024_AGPRT@CON2024.pdf,559,The shortfall was  meant for monitoring and supervision of construction projects.,contract_management,contract_management,1,,,,,True
2024,2024_AGPRT@CON2024.pdf,559,v) The delayed completion of the construction of Wadelai Irrigation  Scheme in Packwach District due to abandonment of the site and  inability to liquidate the performance bank guarantee.,delay_time_overrun,delay_time_overrun,1,,,,,True
2024,2024_AGPRT@CON2024.pdf,559,vi) There was delayed procurement of Civil works for Construction of Sipi  Irrigation Scheme.,procurement_irregularities,procurement_irregularities,1,,,,,True
2024,2024_AGPRT@CON2024.pdf,559,"ii)  The quarterly procurement reports were incomplete and not submitted  to MEMD for subsequent submission to PPDA, which undermines  transparency.",procurement_irregularities,procurement_irregularities,1,,,,,False
2024,2024_AGPRT@CON2024.pdf,559,"These included the IT systems meant to support entity operations,        384      procurement of equipment and goods, consultancy services in support  of various initiatives, and construction of justice centres.",procurement_irregularities,procurement_irregularities,1,,,,,True
2024,2024_AGPRT@CON2024.pdf,559,"vii)  I undertook a review of the Directorate of Civil Litigation (DCL)  system at the Ministry of Justice and Constitutional Affairs worth  UGX.974Mn to confirm if the entity developed the system in a timely  manner, was of acceptable quality, quantity and functionality and  noted that whereas the project system was expected to have been  launched in March 2024, following completion of development and  testing phases, at the time of inspection (September), the system  was not yet in use.",claims_and_disputes,claims_and_disputes,1,"project system was expected to have been  launched in March 2024, following completion of develop",,Ministry of Justice and Constitutional Affairs worth  UGX,,False
2024,2024_AGPRT@CON2024.pdf,559,"xi)  I noted delays in construction works and project defects at the JLOS  implementing entities, i.e.",contract_management,contract_management,1,"project defects at the JLOS  implementing entities, i",,,,True
2024,2024_AGPRT@CON2024.pdf,559,"In light of the above, project  delays may result in increased direct and indirect costs, while defects  in the works may result in further delays when correcting them.",contract_management,contract_management,1,"project  delays may result in increased direct and indirect costs, while defects  in the works ma",,,,True
2024,2024_AGPRT@CON2024.pdf,559,Any  uncorrected defects may affect the building’s integrity.,contract_management,contract_management,1,,,,,True
2024,2024_AGPRT@CON2024.pdf,559,iii) Approved procurements with an estimated cost amounting to  UGX.0.058Bn in the consolidated annual procurement work plan were  not implemented.,procurement_irregularities,procurement_irregularities,1,,,,,False
2024,2024_AGPRT@CON2024.pdf,559,ix) I assessed the performance of key construction projects in terms of  project cost and timelines and observed that all six (6) projects were  behind schedule.,delay_time_overrun,delay_time_overrun,1,project cost and timelines and observed that all six (6) projects were  behind schedule,,,,True
2024,2024_AGPRT@CON2024.pdf,559,"Greater Kampala  Metropolitan Area  Urban Development  Program  Agro-industrialization  Community  mobilization and  mindset change  Development plan  implementation  Digital  transformation  Human capital  development  Integrated transport  infrastructure and  services  Natural resources,  environment, climate  change, land and  water  Public sector  transformation  Tourism  development  Human Capital  Development  Unqualified  i)  The program had not commenced on the procurement and set up of  the program Management Information System (MIS).",procurement_irregularities,procurement_irregularities,1,Program  Agro-industrialization  Community  mobilization and  mindset change  Development plan  i; program had not commenced on the procurement and set up of  the program Management Information Sy,,,,True
2024,2024_AGPRT@CON2024.pdf,559,"Kampala - Jinja  Expressway (KJE)  Project  Integrated Transport  Infrastructure &  Services  Unqualified  i)  The procurement process for the Kampala Jinja Expressway, initiated  in May 2018, remains incomplete as of September 2024, primarily due  to delays in approving the Partial Risk Guarantee (PRG) requested by  prequalified consortia.",procurement_irregularities,procurement_irregularities,1,Project  Integrated Transport  Infrastructure &  Services  Unqualified  i)  The procurement proce,,,,True
2024,2024_AGPRT@CON2024.pdf,559,"vi) Civil works procurement has been delayed by five years due to funding  and bankability issues, with bids now expected in January 2025.",procurement_irregularities,procurement_irregularities,1,,,,,True
2024,2024_AGPRT@CON2024.pdf,559,Low disbursements were due to  the delayed procurement of the project supervision consultant.,contract_management,contract_management|procurement_irregularities,2,project supervision consultant,,,,False
2024,2024_AGPRT@CON2024.pdf,559,The under absorption was attributed to  procurement delays.,procurement_irregularities,procurement_irregularities,1,,,,,False
2024,2024_AGPRT@CON2024.pdf,559,Kawempe National  Referral Hospital  (KNRH)  Human capital  development  Unqualified  i)  The Hospital realized an increase in domestic arrears and other  payables from UGX.0.73Bn at the end of the previous financial year  to UGX.1.37Bn at the close of the year under review representing an  increase of 87.7%.,delayed_payments,delayed_payments,1,,,,,True
2024,2024_AGPRT@CON2024.pdf,559,"xviii) The RRH’s private wing kept its medical supplies in the store that did  not have favourable conditions for storage, the store did not have a  thermometer to monitor temperature conditions, there was no fire  extinguisher, and it had defects in the ceiling that allowed leakage        401      of water from the roof.",contract_management,contract_management,1,,,,,False
2024,2024_AGPRT@CON2024.pdf,559,Soroti Regional  Referral Hospital  Human capital  development  Unqualified  i)  The hospital had accumulated domestic arrears worth UGX.,delayed_payments,delayed_payments,1,,,,,True
2024,2024_AGPRT@CON2024.pdf,559,v)  Part of the RRH land had been encroached by squatters who had  established their homes on the lower side of the hospital.,land_and_right_of_way,land_and_right_of_way,1,,,,,True
2024,2024_AGPRT@CON2024.pdf,559,ix)  I noted Shoddy construction works at the New Oxygen plant building  and culverts to the blood bank.,contract_management,contract_management,1,,,,,True
2024,2024_AGPRT@CON2024.pdf,559,iv) I observed that the project worth UGX.1.63Bn was completed but had  some defects.,contract_management,contract_management,1,project worth UGX,,,,False
2024,2024_AGPRT@CON2024.pdf,559,Kiruddu National  Referral Hospital  Human capital  development  Unqualified  i)  I noted that the Hospital paid UGX.0.538Bn in excess of the approved  budget of domestic arrears for FY 2023/24.,delayed_payments,delayed_payments,1,,,,,True
2024,2024_AGPRT@CON2024.pdf,559,"xi) Whereas UGX.1.357Bn had been spent on the procurement of dialysis  consumables, management did not provide proof that RRHs remitted  50% of the NTR collections from dialysis services on behalf of KNRH  as required by the MoUs.",procurement_irregularities,procurement_irregularities,1,,,,,False
2024,2024_AGPRT@CON2024.pdf,559,vii) A procurement of medical system management software worth  UGX.0.139Bn was executed without prior approval of ICT  specifications by NITA-U.,procurement_irregularities,procurement_irregularities,1,,,,,False
2024,2024_AGPRT@CON2024.pdf,559,"ix) Out of thirty-three (33) procurements worth UGX.5.5Bn reviewed,  fifteen (15) procurements worth UGX.1.51Bn were not issued with  contract documents.",procurement_irregularities,procurement_irregularities,1,,,,,False
2024,2024_AGPRT@CON2024.pdf,559,"v) Management did not conduct market surveys or assessments for 17  procurements awarded, worth UGX.5.2Bn, to justify their estimated  cost during procurement planning.",procurement_irregularities,procurement_irregularities,1,,,,,False
2024,2024_AGPRT@CON2024.pdf,559,"vi) A review of the sampled procurements revealed that nine (9)  procurements had significant price variances between market- assessed prices and the final contract amounts, with variances ranging  from 11% to 55%.",procurement_irregularities,procurement_irregularities,1,,,,,False
2024,2024_AGPRT@CON2024.pdf,559,Makerere University  Business School  (MUBS)  Human Capital  Development  Unqualified  i)  The school diverted UGX.7.68Bn from the current year’s budget to pay  unbudgeted domestic arrears.,delayed_payments,delayed_payments,1,,,,,True
2024,2024_AGPRT@CON2024.pdf,559,v) It was noted that the entity had a procurement plan of UGX.22.763Bn  that was not aligned with the entity’s approved budget of  UGX.19.347Bn  vi) A review of the entity’s strategic and annual work plans for the last  three (3) years revealed that the entity had not adequately executed  its mandate.,procurement_irregularities,procurement_irregularities,1,,,,,False
2024,2024_AGPRT@CON2024.pdf,559,"The shortfall affected compensation of PAPs, consultancy  services for project management and supervision of works.",contract_management,contract_management,1,project management and supervision of works,,,,True
2024,2024_AGPRT@CON2024.pdf,559,ii)  MSC partially implemented its procurement plan.,procurement_irregularities,procurement_irregularities,1,,,,,False
2024,2024_AGPRT@CON2024.pdf,559,iii) Procurements worth UGX.4.657Bn were conducted outside the e- government procurement system in violation of issued guidelines.,procurement_irregularities,procurement_irregularities,1,,,,,False
2024,2024_AGPRT@CON2024.pdf,559,vi)  The Ministry did not prepare multi-year procurement plans for 9  procurements worth UGX.31.66Bn.,procurement_irregularities,procurement_irregularities,1,,,Ministry did not prepare multi-year procurement plans for 9  procurements worth UGX,,False
2024,2024_AGPRT@CON2024.pdf,559,"I also noted challenges with the  e-GP system such as insufficient oversight support, lack of electronic  submission support, duplication of entries, reporting challenges,  procurement planning gaps and insufficient competition support.",governance_and_controls,governance_and_controls|procurement_irregularities,2,,,,,False
2024,2024_AGPRT@CON2024.pdf,559,"436      Ministry  of  Local  Government  Agro-Industrialization  Development  Plan  Implementation  Governance  and  Security,  Human  Capital Development  Legislation, Oversight  and Representation  Natural  Resources,  Environment, Climate  Change, Land and  Water Public Sector  Transformation  Regional  Balanced  Development  Sustainable  Urbanisation  and  Housing  Unqualified  i)  The Ministry had an outstanding arrears balance of UGX.22.43Bn at  the close of the FY 2023/2024.",delayed_payments,delayed_payments|governance_and_controls,2,,,Ministry  of  Local  Government  Agro-Industrialization  Development  Plan  Implementati; Ministry had an outstanding arrears balance of UGX,,True
2024,2024_AGPRT@CON2024.pdf,559,"iv) The project management engaged a consultant to provide consultancy  services without a contract worth USD.301,477.89 (UGX.1.14Bn)  contrary to the procurement and the Islamic Development Bank  regulations.",procurement_irregularities,procurement_irregularities,1,project management engaged a consultant to provide consultancy  services without a contract worth,,,,False
2024,2024_AGPRT@CON2024.pdf,559,"200000328100  (Component 2),  implemented by  MoLG    Agro-Industrialization  Development Plan  Implementation    Unqualified  i)  Out of the expected total disbursement of UGX.111.98Bn, only  UGX.18.32Bn (16%) had been disbursed awaiting the procurement of  the civil works consultant.",procurement_irregularities,procurement_irregularities,1,,,,,True
2024,2024_AGPRT@CON2024.pdf,559,"Ministry of Water  and Environment  Agro-industrialization  Human Capital  Development Natural  Resources,  Environment, Climate  Change, Land and  Water  Unqualified  i)  The Ministry spent UGX.18.49Bn on unbudgeted domestic arrears.",delayed_payments,delayed_payments,1,,,Ministry of Water  and Environment  Agro-industrialization  Human Capital  Development N; Ministry spent UGX,,False
2024,2024_AGPRT@CON2024.pdf,559,vi) Seven (7) procurements worth UGX.811.2Mn were made outside the  e-GP system which undermines the objectives of e-procurement.,procurement_irregularities,procurement_irregularities,1,,,,,False
2024,2024_AGPRT@CON2024.pdf,559,"xi)  The Ministry did not perform market assessments for procurements  worth UGX.3.75Bn, contrary to Regulation 3(2)(a) of the Public  Procurement Rules 2014.",procurement_irregularities,procurement_irregularities,1,,,Ministry did not perform market assessments for procurements  worth UGX,,False
2024,2024_AGPRT@CON2024.pdf,559,Busega Mpigi Road  Project (ADB Loan  No:  2100150035493) for  the year 30th June  2024  Integrated Transport  Infrastructure and  Services  Unqualified  i)  The Busega-Mpigi Expressway project has experienced significant  cost escalation from UGX.547.5Bn to UGX.1.35Tn as at 31st March  2023 due to inadequate detailed designs at contracting.,cost_overrun,cost_overrun,1,Project (ADB Loan  No:  2100150035493) for  the year 30th June  2024  Integrated Transport  Infra; project has experienced significant  cost escalation from UGX,,,Loan  No:  2100150035493) for  the year 30th June  2024  Integra,True
2024,2024_AGPRT@CON2024.pdf,559,"However, only one intervention is in the final stages of procurement,  while six remain at the initiation stage.",procurement_irregularities,procurement_irregularities,1,,,,,False
2024,2024_AGPRT@CON2024.pdf,559,"Procurement of SAR boats and MRCC equipment is ongoing, while  delays were experienced at Masese and Kaazi due to terminated  contracts.",procurement_irregularities,procurement_irregularities,1,,,,,False
2024,2024_AGPRT@CON2024.pdf,559,"iv)  NAADS had 34 Letters of Credit worth UGX.9.73Bn which had not  performed for more than one (1) year, indicating a weakness in  contract management.",contract_management,contract_management,1,,,,,False
2024,2024_AGPRT@CON2024.pdf,559,"v)  Out of a sample of 29 procurements, 20 procurements worth  UGX.26.09Bn took an average of six (6) months from initiation to  final contract signing.",procurement_irregularities,procurement_irregularities,1,,,,,False
2024,2024_AGPRT@CON2024.pdf,559,xii)  Three (3) procurements worth UGX.8.8Bn were undertaken outside  the procurement plan and budget contrary to Regulation 3 of PPDA  Regulations (PDE) 2014.,procurement_irregularities,procurement_irregularities,1,,,,,False
2024,2024_AGPRT@CON2024.pdf,559,"xiii) Out of a sample of 14 procurements worth UGX.22.4Bn, ten (10)  (71%) procurements worth UGX.18.4Bn took an average of seven  (7) months from the date of initiation to the date of final contract  signing.",procurement_irregularities,procurement_irregularities,1,,,,,False
2024,2024_AGPRT@CON2024.pdf,559,"The partially implemented  activity is Hoima city stadium construction, while Kakyeka Stadium  Redevelopment remained unimplemented due to due to the delayed  creation of a project code, delayed completion of project  environment impact assessment.",delay_time_overrun,delay_time_overrun,1,"project code, delayed completion of project  environment impact assessment",,,,True
2024,2024_AGPRT@CON2024.pdf,559,"iv) The project had not recieved co-financing from Government since        458      inception  National Enterprises  Corporation (NEC) -  Headquarters  Governance and  Security  Unqualified  i) The Corporation’s payables increased from UGX.1.74Bn in the FY  2022/2023 to UGX.1.96Bn as at 30th June, 2024.",governance_and_controls,governance_and_controls,1,project had not recieved co-financing from Government since        458      inception  National E,,Corporation (NEC) -  Headquarters  Governance and  Security  Unqualified  i) The Corporatio,,False
2024,2024_AGPRT@CON2024.pdf,559,National Enterprises  Corporation (NEC) -  Construction Works  and Engineering Ltd  Governance  and  Security  Unqualified  i)  The Company had outstanding trade debtors worth UGX.20.37Bn by the  close of the financial year.,governance_and_controls,governance_and_controls,1,,Ltd  Governance  and  Security  Unqualified  i)  The Company had outstanding trade ,Corporation (NEC) -  Construction Works  and Engineering Ltd  Governance  and  Security  Un,,True
2024,2024_AGPRT@CON2024.pdf,559,Their license procurement process remained at the  evaluation stage and was never concluded.,procurement_irregularities,procurement_irregularities,1,,,,,False
2024,2024_AGPRT@CON2024.pdf,559,"vii)  Out of a sample of eight (8) procurements worth UGX.31.3Bn, I  noted delays in four (4) procurements worth UGX.11.1Bn taking on  average five (5) months from the planned date of contract signing  to the actual date of contract signing.",procurement_irregularities,procurement_irregularities,1,,,,,False
2024,2024_AGPRT@CON2024.pdf,559,"v)  The project embarked on the procurement of private service  providers to provide extension services at a cost of UGX.47.5Bn to  work with National Agricultural Research Organisation (NARO) and  Makerere University (MUK) to ensure that farmers have access to  certified seed however, the procurement was cancelled by the Public  Procurement and Disposal of Public Assets Authority (PPDA).",procurement_irregularities,procurement_irregularities,1,project embarked on the procurement of private service  providers to provide extension services a,,Authority (PPDA),,False
2024,2024_AGPRT@CON2024.pdf,559,xii)  The project failed to execute planned procurements worth  UGX.11.3Bn.,procurement_irregularities,procurement_irregularities,1,project failed to execute planned procurements worth  UGX,,,,False
2024,2024_AGPRT@CON2024.pdf,559,"National Planning  Authority  Agro-industrialization  Development plan  implementation  Human capital  development Mineral  development Natural  resources,  Unqualified  i)  The dissemination of the Project Preparation Facility (PPF)  Governance and operational manual to the recipients of funds from  the PPF has not been done.",governance_and_controls,governance_and_controls,1,Project Preparation Facility (PPF)  Governance and operational manual to the recipients of funds ,,Authority  Agro-industrialization  Development plan  implementation  Human capital  devel,,False
2024,2024_AGPRT@CON2024.pdf,559,"MUST - Nursing First  Miles Project for the  period 1st Jan 2023  to 31st Dec 2023  Human Capital  Development  Unqualified  There were no reportable issues  Office of the Director  of Public  Prosecutions (ODPP)  Governance and  Security  Unqualified  i)  The ODPP had an approved budget of UGX.92.467Bn, out of which  UGX.83.826Bn (91%) was warranted, resulting in a shortfall of  UGX.8.640Bn.",governance_and_controls,governance_and_controls,1,Project for the  period 1st Jan 2023  to 31st Dec 2023  Human Capital  Development  Unqualified  ,,,,False
2024,2024_AGPRT@CON2024.pdf,559,"The underutilised  warrants mainly related to salaries, pensions and procurement of  vehicles.",procurement_irregularities,procurement_irregularities,1,,,,,False
2024,2024_AGPRT@CON2024.pdf,559,"ix)  Out of 18 sampled procurements, six (6) procurements had  procurement delays on average between 15 and 258 days between  initiation and contract signing.",procurement_irregularities,procurement_irregularities,1,,,,,False
2024,2024_AGPRT@CON2024.pdf,559,This  affected construction of the new Parliamentary Chambers and  procurement of new vehicles.,procurement_irregularities,procurement_irregularities,1,,,,,True
2024,2024_AGPRT@CON2024.pdf,559,vi)  The contract for the construction of the new Parliamentary Chambers  was significantly behind schedule since only 44.4% of the work had  been completed despite most of the contract timelines (83.5%)  having passed.,delay_time_overrun,delay_time_overrun,1,,,,,True
2024,2024_AGPRT@CON2024.pdf,559,"Parliamentary  Pension Scheme  (PPS)  Legislation, Oversight  and Representation  Unqualified  There were no reportable issues  Petroleum Authority  of Uganda (PAU)  Sustainable  petroleum  development  Unqualified  i)  The  development  of  National  Petroleum  Data  Repository  Infrastructure Project was at 37% progress due to underfunding,  leading to lack efficient and effective petroleum data management.",governance_and_controls,governance_and_controls,1,"Project was at 37% progress due to underfunding,  leading to lack efficient and effective petrole",,Authority  of Uganda (PAU)  Sustainable  petroleum  development  Unqualified  i)  The  de,,True
2024,2024_AGPRT@CON2024.pdf,559,"iv)  PAU lacks a consolidated regulatory oversight on the progress and  readiness  of  supporting  infrastructure  managed  by  other  government entities like Kabale International Airport managed by  Ministry of works, the Kabalega Industrial Park by the UNOC and an  electricity substation by UETCL.",governance_and_controls,governance_and_controls,1,,,"Ministry of works, the Kabalega Industrial Park by the UNOC and an  electricity substati",,True
2024,2024_AGPRT@CON2024.pdf,559,x)  It took an average of 2-3 Months from planned contract signing date  to actual contract signing date for a sample of six (6) procurements  worth UGX.2.095Bn.,procurement_irregularities,procurement_irregularities,1,,,,,False
2024,2024_AGPRT@CON2024.pdf,559,"This affected construction of 3 strategic bulk markets, 100        479      2000000947 and  ASAP Grant  No.2000000324 for  9-month period  ended 31st March  2024  demonstration water harvesting infrastructure and recruitment of 7  weather station workers  iii)  The maintenance of completed 1,138 Kms of community access  roads and 2 markets was not effectively undertaken by the districts  due to failure by management to put in place effective sustainability  measures  iv)  Inspection of Ayerolwango - Aswa River Community Road revealed  that although the project had spent UGX.0.799Bn, the works had  stalled due to the rocks in the basement, which were not envisioned  v)  Three projects namely; the bridge at St.",delay_time_overrun,delay_time_overrun,1,project had spent UGX,,,Grant  No,True
2024,2024_AGPRT@CON2024.pdf,559,"Public Procurement  & Disposal of Public  Assets (PPDA)  Governance and  security  Private sector  development  Unqualified  i)  According to the Authority's Ministerial Policy Statement, twenty- seven (27) positions were cleared for filling in financial year  2023/2024 but only ten (10) positions were filled.",governance_and_controls,governance_and_controls|procurement_irregularities,2,,,"Authority's Ministerial Policy Statement, twenty- seven (27) positions were cleared for f",,False
2024,2024_AGPRT@CON2024.pdf,559,Public Procurement  & Disposal of Public  Assets (PPDA)  Appeals Tribunal  Governance and  security  Private sector  development  Unqualified  i)  A comparison of the entity’s strategic and annual work plans for the  last three (3) years with the mandate as stipulated in relevant laws  revealed that the entity had not adequately executed its mandate.,governance_and_controls,governance_and_controls|procurement_irregularities,2,,,,,False
2024,2024_AGPRT@CON2024.pdf,559,"South-Western  Cluster Water and  Sanitation Project  (NWSC) for the year  ended 30th June  2024  Natural Resources,  Environment, Climate  Change, Water and  Land Management  Unqualified  There were no reportable issues  State House  Governance and  security  Innovation,  technology  development and  transfer  Unqualified  i)  Included in the total expenditure of State House of UGX.799.85Bn is  UGX.455.18Bn, which relates to classified expenditure.",governance_and_controls,governance_and_controls,1,"Project  (NWSC) for the year  ended 30th June  2024  Natural Resources,  Environment, Climate  Ch",,,,True
2024,2024_AGPRT@CON2024.pdf,559,iii)  State House did not prioritize implementation of two (02) mandate  activities of construction of four (04) State Lodges and procurement  of the Presidential Jet.,procurement_irregularities,procurement_irregularities,1,,,,,True
2024,2024_AGPRT@CON2024.pdf,559,"ii)  Construction of Office Block at Plot 92a Butabika Road and Plot 2-4  Bukasa Lane, Butabika is behind schedule and the contract lacked  essential accessibility features for disability as required under the  Building Control Code 2019.",delay_time_overrun,delay_time_overrun,1,,,,,True
2024,2024_AGPRT@CON2024.pdf,559,iii)  I observed the delayed completion of procurements at the Authority  worth UGX.,delay_time_overrun,delay_time_overrun|procurement_irregularities,2,,,Authority  worth UGX,,False
2024,2024_AGPRT@CON2024.pdf,559,"vii)  A Review of the procurements amounting to UGX.1.624Bn showed  that the contract managers did not prepare contract management  plans using Form 49, to guide the supervision of the contract.",contract_management,contract_management|procurement_irregularities,2,,,,,False
2024,2024_AGPRT@CON2024.pdf,559,"viii) A review of four (4) procurement files revealed that supplies worth  UGX.11.08Bn had not been executed as of November 2024,  significantly delaying service delivery.",procurement_irregularities,procurement_irregularities,1,,,,,False
2024,2024_AGPRT@CON2024.pdf,559,ix)  A review of procurements on the Electronic Government  Procurement (EGP) system for FY 2023/2024 revealed that contracts  worth UGX.73.37Bn lacked critical records.,procurement_irregularities,procurement_irregularities,1,,,,,False
2024,2024_AGPRT@CON2024.pdf,559,Uganda Covid-19  Response and  Emergency  Preparedness  Project (UCREPP)  Human Capital  Development  Unqualified  i)  I reviewed a sample of procurements and noted inconsistencies in  the special conditions of contract stipulated in the solicitation  documents and the signed contract agreements regarding the  delivery timelines.,procurement_irregularities,procurement_irregularities,1,Project (UCREPP)  Human Capital  Development  Unqualified  i)  I reviewed a sample of procurement,,,,False
2024,2024_AGPRT@CON2024.pdf,559,"vii)  Karuma Hydro Power plant (HPP) was commissioned on 12th June  2024, but there were 4,539 snags and outstanding scope of works  which would be addressed during the defect’s liability period.",contract_management,contract_management,1,,,,,True
2024,2024_AGPRT@CON2024.pdf,559,"viii) Only 3 (5%) of the 58 approved investments approved by ERA for  Nalubaale-Kiira Power Plant were completed, arising from  procurement challenges.",procurement_irregularities,procurement_irregularities,1,,,,,False
2024,2024_AGPRT@CON2024.pdf,559,"vii) I noted that, although the Mission compiled a procurement plan for  the year under review, all procurements were planned to be  undertaken, using the direct procurement method, even for instances,  where other modes of procurement could be utilised.",procurement_irregularities,procurement_irregularities,1,,,,,False
2024,2024_AGPRT@CON2024.pdf,559,Use of direct  procurement method does not guarantee attainment of economical  prices for goods and services.,procurement_irregularities,procurement_irregularities,1,,,,,False
2024,2024_AGPRT@CON2024.pdf,559,"v)  I noted that, although the Mission compiled a procurement plan for  the year under review, all procurements were planned to be  undertaken using the direct procurement method, even for        500      instances, where other modes of procurement could be utilised.",procurement_irregularities,procurement_irregularities,1,,,,,False
2024,2024_AGPRT@CON2024.pdf,559,Use  of direct procurement method does not guarantee attainment of  economical prices for goods and services.,procurement_irregularities,procurement_irregularities,1,,,,,False
2024,2024_AGPRT@CON2024.pdf,559,"There is no planned  schedule of travels that could facilitate proper planning for  procurement of such air tickets, especially for travels that are well  known in good time, to facilitate the purchase of such tickets at  cheaper prices, through an approved provider with framework  contracts with the Mission.",procurement_irregularities,procurement_irregularities,1,,,,,False
2024,2024_AGPRT@CON2024.pdf,559,"These funds were  meant for the procurement of the utility car, laptops and Cameras for  the Embassy which was not done.",procurement_irregularities,procurement_irregularities,1,,,,,False
2024,2024_AGPRT@CON2024.pdf,559,"Uganda Embassy in  China, Beijing  Agro-industrialization  Development plan  implementation  Governance and  security Tourism  development  Unqualified  viii) The Embassy had twelve local contract staff who were paid a total  of UGX.419.52Mn during the year but were recruited without  approval by the Permanent Secretary of MoFA.",governance_and_controls,governance_and_controls,1,,,,,False
2024,2024_AGPRT@CON2024.pdf,559,"Uganda High  Commission in South  Africa, Pretoria  Agro-industrialization  Community  mobilization and  mindset change  Governance and  security  Manufacturing  Tourism  development  Unqualified  i)  I noted that the Official Residence had taken long without being  renovated and over the period, the extreme weather conditions  (winters and summers) have had negative effects on the condition  of the building.",governance_and_controls,governance_and_controls,1,,,"Commission in South  Africa, Pretoria  Agro-industrialization  Community  mobilization and",,True
2024,2024_AGPRT@CON2024.pdf,559,"Uganda Embassy in  DRC, Kinshasa  Agro-industrialization   Governance and  security  Manufacturing  Unqualified  i)  The Embassy over budgeted for contract staff salaries by  UGX.1.21Bn which exposes the funds to risk of diversion.",governance_and_controls,governance_and_controls,1,,,,,False
2024,2024_AGPRT@CON2024.pdf,559,"Uganda Embassy in  Iran, Tehran  Agro industrialization  Development  plan  implementation  Governance  and  security  Human  capital  development  Tourism development  Unqualified  i)  Eight (8) local contract staff who were paid a total of UGX.308.52Mn  during the year were recruited without approval by the Permanent  Secretary of MoFA.",governance_and_controls,governance_and_controls,1,,,,,False
2024,2024_AGPRT@CON2024.pdf,559,"Uganda Embassy in  Havana, Cuba  Community  mobilization and  mindset change  Governance and  security  Manufacturing  Tourism  development  Unqualified  i)  The Embassy recruited 13 local contract staff who were paid a total  of UGX.429.33Mn during the year without approval by the Permanent  Secretary of MoFA.",governance_and_controls,governance_and_controls,1,,,,,False
2024,2024_AGPRT@CON2024.pdf,559,"Uganda Embassy in  Russia, Moscow  Agro-industrialization  Community  mobilization and  mindset change  Governance and  security  Human capital  development  Innovation,  technology  development and  transfer  Manufacturing  Tourism  development    Unqualified  i)  The Embassy over-budgeted for contract staff salaries by  UGX.107.7Mn.",governance_and_controls,governance_and_controls,1,,,,,False
2024,2024_AGPRT@CON2024.pdf,559,"Uganda Embassy in  Somalia, Mogadishu  Governance and  security  Manufacturing  Private sector  development  Unqualified  i)  The Embassy under budgeted for contract staff salaries by  UGX.77.71Mn.",governance_and_controls,governance_and_controls,1,,,,,False
2024,2024_AGPRT@CON2024.pdf,559,"Uganda Embassy in  South Sudan, Juba  Agro-industrialization  Community  mobilization and  mindset change  Development plan  implementation  Governance and  security  Manufacturing  Private sector  development  Tourism  development  Unqualified  i)  UGX.0.49Bn paid as Foreign Service Allowance to the Embassy staff  was charged on codes not approved for Foreign Service Allowance  (FSA) expenditure hence a mischarge  ii)  10 local contract staff who are entitled to annual pay of  UGX.381.48Mn were recruited without approval by the Permanent  Secretary of MoFA.",governance_and_controls,governance_and_controls,1,,,,,False
2024,2024_AGPRT@CON2024.pdf,559,"vii)  UGX.531Mn was received from the programmes for which the  Embassy has no contribution as per the programme allocation in the  NDP-III        516      Uganda Embassy in  Sudan, Khartoum  Governance and  security  Agro-industrialization  Development plan  implementation  Governance and  security  Manufacturing  Unqualified  vii)  Seventeen (17) local contract staff were recruited without approval  by the PS-MoFA contrary to the Public Service Standing Orders  Guidelines.",governance_and_controls,governance_and_controls,1,"programme allocation in the  NDP-III        516      Uganda Embassy in  Sudan, Khartoum  Governance",,,,False
2024,2024_AGPRT@CON2024.pdf,559,This creates a risk of costly litigation as well as payment of  penalties and fines for delayed settlement.,claims_and_disputes,claims_and_disputes,1,,,,,False
2024,2024_AGPRT@CON2024.pdf,559,Uganda Wildlife  Research and  Training Institute  (UWRTI)  Human Capital  Development  Unqualified  i)  The  Institute  lacks  an  information  technology  governance  framework/policy despite the heavy investment in information  technology infrastructure.,governance_and_controls,governance_and_controls,1,,,,,True
2024,2024_AGPRT@CON2024.pdf,559,"521      Uganda Industrial  Research Institute  (UIRI)  Innovation,  Technology Transfer  and Development  Unqualified  i)  The Institute procured supplies and services worth UGX.2.53Bn using  direct and restricted procurement methods without any justification.",procurement_irregularities,procurement_irregularities,1,,,,,False
2024,2024_AGPRT@CON2024.pdf,559,ii)  UIRI did not maintain a contract register in the prescribed format but  instead recorded procurement contracts in a counter book with  incomplete information.,procurement_irregularities,procurement_irregularities,1,,,,,False
2024,2024_AGPRT@CON2024.pdf,559,"The balance of UGX.0.361Bn was meant for  activities like connection of water, drainage and sewerage lines at  the project site, procurement of heavy ICT hardware, procurement  of light ICT hardware which were either partially or not implemented.",procurement_irregularities,procurement_irregularities,1,"project site, procurement of heavy ICT hardware, procurement  of light ICT hardware which were ei",,,,True
2024,2024_AGPRT@CON2024.pdf,559,"v)  I observed that whereas the planned date of the start of construction  was 4th August 2023, a review of the contract management records  revealed that the actual works started on 3rd October 2023, which  was a delay of two (2) months.",contract_management,contract_management,1,,,,,True
2024,2024_AGPRT@CON2024.pdf,559,"viii) The High Commission operated without a capital expenditure budget  during the financial year, yet the High Commission needs capital  budgets for critical activities including renovations of the existing  residences, procurement of furniture and motor-vehicles.",procurement_irregularities,procurement_irregularities,1,,,"Commission operated without a capital expenditure budget  during the financial year, yet t; Commission needs capital  budgets for critical activities including renovations of the exi",,False
2024,2024_AGPRT@CON2024.pdf,559,"Uganda High  Commission in  Kenya, Nairobi  Agro-industrialization  Development plan  implementation  Governance and  security  Natural resources,  environment, climate  change, land and  water Tourism  development  Unqualified  i)  The High Commission recruited 11 local contract staff who were paid  a total of UGX.0.33Bn during the year without approval by the  Permanent Secretary of MoFA.",governance_and_controls,governance_and_controls,1,,,"Commission in  Kenya, Nairobi  Agro-industrialization  Development plan  implementation  G; Commission recruited 11 local contract staff who were paid  a total of UGX",,False
2024,2024_AGPRT@CON2024.pdf,559,"Uganda High  Commission in  Tanzania, Dar-es- Salaam  Community  mobilization and  mindset change  Development plan  implementation  Governance and  security  Manufacturing  Private sector  development  Sustainable  petroleum  development  Unqualified  i)  The Uganda High Commission owns four (4) properties/ pieces of  Land that comprise the Chancery and Consular building, the Official  Residence (OR), Plot of land at Kaunda Drive and Land at Dodoma.",governance_and_controls,governance_and_controls,1,,,"Commission in  Tanzania, Dar-es- Salaam  Community  mobilization and  mindset change  Deve; Commission owns four (4) properties/ pieces of  Land that comprise the Chancery and Consul",,True
2024,2024_AGPRT@CON2024.pdf,559,The delayed completion  of activities implies that the beneficiaries will not receive the intended  services in time.,delay_time_overrun,delay_time_overrun,1,,,,,False
2024,2024_AGPRT@CON2024.pdf,559,The balance of UGX.0.11Bn was meant for the purchase of office  equipment and procurement of food supplies.,procurement_irregularities,procurement_irregularities,1,,,,,False
2024,2024_AGPRT@CON2024.pdf,559,"Uganda Registration  Services Bureau  (URSB)  Community  mobilization and  mindset change  Governance and  security  Innovation,  Technology  development and  transfer  Private sector  development  Unqualified  i)  I reviewed the management of domestic arrears and noted the delayed  settlement of arrears by URSB.",delayed_payments,delayed_payments|governance_and_controls,2,,,,,False
2024,2024_AGPRT@CON2024.pdf,559,"As a result, the procurement of motor vehicles and consultancy services  were partially funded, while utilities and furniture were not funded at  all.",procurement_irregularities,procurement_irregularities,1,,,,,False
2024,2024_AGPRT@CON2024.pdf,559,The underperformance affected procurement  of project consultants.,procurement_irregularities,procurement_irregularities,1,project consultants,,,,False
2024,2024_AGPRT@CON2024.pdf,559,"iv) Out of the total available donor funds of USD.9.02Mn, only USD.1.17Mn  (13%) was spent, due to delays in the procurement processes.",procurement_irregularities,procurement_irregularities,1,,,,,False
2024,2024_AGPRT@CON2024.pdf,559,"v) No contract management reports were available for contracts totalling  UGX.648.73Mn, hindering the assessment of performance and  compliance.",contract_management,contract_management,1,,,,,False
2024,2024_AGPRT@CON2024.pdf,559,"viii) A framework contract for catering services valued at UGX.396Mn/year  revealed non-compliance, including failure to contribute 2% of monthly  electricity bills and a lack of documented contract management  meetings.",contract_management,contract_management,1,,,,,True
2024,2024_AGPRT@CON2024.pdf,559,"xii) UGX.6.24Bn was released to districts and cities that lacked functional  road committees, leading to ineffective oversight and unverified  accountability of funds.",governance_and_controls,governance_and_controls,1,,,,,True
2024,2024_AGPRT@CON2024.pdf,559,Continued accumulation of payables poses a risk of litigation  that may eventually lead to payment of penalties and fines for delayed  settlement.,claims_and_disputes,claims_and_disputes,1,,,,,False
2024,2024_AGPRT@CON2024.pdf,559,548      iii) Procurement delays were observed for the Construction Services for the  construction of Mbale Satellite Centre worth UGX 4.735Bn.,procurement_irregularities,procurement_irregularities,1,,,,,True
2024,2024_AGPRT@CON2024.pdf,559,"Fostering  Sustainability and  Resilience for Food  Security in Karamoja  sub-region (UNDP  Project implemented  by MAAIF) for the  year ended 31st Dec  2023    Agro-Industrialization  Programme  Unqualified  There were no reportable issues  UNFPA funded  Programme  implemented by  Ministry of Gender  Labour and Social  Development  (MoGLSD) for the  year ended 30th  Sept 2023  Community  Mobilization and  Mindset Change  Governance and  Security, Human  Capital Development  Unqualified  i) Expenditure  of  UGX.11,007,408  lacked  sufficient  supporting  documentation    UNFPA funded  programme  implemented by  Uganda Bureau of  Statistics (UBoS) for  the year ended 30th  Sept 2023  Development plan  implementation  Unqualified  There were no reportable issues  UNFPA funded  Programme  implemented by  Ministry of  Education and  Sports (MoES) for  the year ended 30th  Sept 2023  Human Capital  Development  Programme  Unqualified  There were no reportable issues        549      UNFPA funded  Programme  implemented by  Ministry of Health  (MoH) for the year  ended 30th Sept  2023  Human Capital  Development  Unqualified  There were no reportable issues  UNFPA funded  Programme  implemented by  Ministry of Justice  and Constitutional  Affairs (MoJCA) for  the year ended 30th  Sept 2023  Governance and  Security  Unqualified  There were no reportable issues  UNFPA funded  programme  implemented by  National Population  Council (NPC) for  the year ended 30th  Sept 2023  Community  mobilization and  mindset change  Human capital  development  Unqualified  i)  There was no evidence of supervision or monitoring of activities that  have been undertaken by the districts  Allied Health  Professionals’  Council (AHPC), for  period ended 30th  June 2023  Human Capital  Development  Unqualified  i)  The entity collected/realised UGX.4.797Bn, out of a budget for  Revenue of UGX.5.299Bn, representing 90% performance  ii)  Out of the available funds of UGX.5.299Bn, the entity utilised  UGX.4.834Bn (91%)  iii) Out of the NTR budget of UGX.5.174Bn, the entity collected  UGX.4.689Bn, representing 91% performance  iv) Out of sixty-two (62) activities that were fully quantified, twenty-five  (25) were fully implemented, eight (8) were partially implemented and  twenty-nine (29) were not implemented at all  v)  Out of 53 employees, 52 were fully verified and one (1) was not.",contract_management,contract_management|governance_and_controls,2,Project implemented  by MAAIF) for the  year ended 31st Dec  2023    Agro-Industrialization  Prog; Programme  implemented by  Ministry of Gender  Labour and Social  Development  (MoGLSD) for the  ye,,Ministry of Gender  Labour and Social  Development  (MoGLSD) for the  year ended 30th  S; Ministry of  Education and  Sports (MoES) for  the year ended 30th  Sept 2023  Human Cap,,False
2024,2024_AGPRT@CON2024.pdf,559,MUST - National  Institutes of Health  (NIH) Project for  various periods  ending 31st August  2020  Human Capital  Development  Unqualified  i) There was no competitive bidding for the procurement of restaurant  services during the proposal development training for undergraduates.,procurement_irregularities,procurement_irregularities,1,Project for  various periods  ending 31st August  2020  Human Capital  Development  Unqualified  ,,,,False
2025,2025_AGRPT@CON2025.pdf,760,"Domestic Arrears  Domestic arrears refer to short-term debts incurred by Governments against  unpaid procurement invoices for supply of goods and services during the  financial year  External Debt  Portion of a country's debt that was borrowed from foreign lenders including  commercial banks, Governments or international financial institutions.",delayed_payments,delayed_payments|procurement_irregularities,2,,,,,False
2025,2025_AGRPT@CON2025.pdf,760,"Furthermore, I conducted two thematic audits  focusing on Management of Procurement and implementation of the Parish Development Model.",procurement_irregularities,procurement_irregularities,1,,,,,False
2025,2025_AGRPT@CON2025.pdf,760,"Section 12(b) of the NAA, requires my office to perform a range of audits, including Financial,  Value for Money, Engineering, Information Systems, Special, Government Investment  Procurements, Treasury Memoranda, Gender and Environment audits, as well as audits related  to any project or activity involving public funds.",procurement_irregularities,procurement_irregularities,1,project or activity involving public funds,,,,False
2025,2025_AGRPT@CON2025.pdf,760,These included Management of Procurement and the Parish Development  Model (PDM).,procurement_irregularities,procurement_irregularities,1,,,,,False
2025,2025_AGRPT@CON2025.pdf,760,"The areas of focus for the compliance review were;      Management of PDM, and    Management of Procurement.",procurement_irregularities,procurement_irregularities,1,,,,,False
2025,2025_AGRPT@CON2025.pdf,760,"The Accounting Officers attributed this to off-season or delayed  disbursement, unpredictable climate and market conditions, weak  supervision and monitoring at parish and SACCO levels, limited  guidance and capacity for beneficiaries, system errors in  PDMIS/WENDI, and inadequate sensitization on approved business  plans.",contract_management,contract_management,1,,"limited  guidance and capacity for beneficiaries, system errors in  PDMIS/WENDI, and in",,,False
2025,2025_AGRPT@CON2025.pdf,760,"I  advised  the  Accounting Officers  to design a policy on  supervision  and  enforce compliance  with  approved  project  guidelines,  while  enhancing  beneficiary training  and monitoring.",contract_management,contract_management,1,"project  guidelines,  while  enhancing  beneficiary training  and monitoring",,,,False
2025,2025_AGRPT@CON2025.pdf,760,"This  should be done without any delay to enable the SACCOs to  access the funds for lending to their members;  iii) PDM SACCOs should obtain closing bank statements from the  date of opening to the date of closing the account to facilitate  any reconciliations, audit and other governance purposes.",governance_and_controls,governance_and_controls,1,,,,,False
2025,2025_AGRPT@CON2025.pdf,760,"Accounting Officers attributed this to inadequate funding for  monitoring and reporting, the absence of a standardised reporting  format and technical guidance from the PDM Secretariat, weak  internal enforcement and oversight, delayed issuance of circulars,  and reliance on consolidated PBS reports instead of dedicated PDM  reports.",governance_and_controls,governance_and_controls,1,,,,,False
2025,2025_AGRPT@CON2025.pdf,760,"23        1.9  Management of Procurements    This section highlights my key findings, which have been consolidated for the purpose of  this thematic report, details of which have been reported in the individual entity/project- specific reports.",procurement_irregularities,procurement_irregularities,1,project- specific reports,,,,False
2025,2025_AGRPT@CON2025.pdf,760,"1.9.1 Inadequacies in the standardisation of specifications and prices for common  user works, services and supplies    Section 8 of the PPDA Act, Cap 205, empowers the Authority, where applicable, to  determine the prices of works, services and supplies which are used in common by two  or more procuring and disposing entities and which may be subject to common  procurement; and review the prices as may be necessary.",procurement_irregularities,procurement_irregularities,1,,,"Authority, where applicable, to  determine the prices of works, services and supplies whi",,True
2025,2025_AGRPT@CON2025.pdf,760,"Lot 2: Anthony-Kame, Kame Annex, Albert Cook-Cathedral Rise,  Kame-Nabuti-Katosi road, Admin Link, Access Road, Link Road  (8.68Km)  357,722  5  Construction of selected roads in Kira and Mukono municipalities  Lot 3: Nasuuti-Nakabago-Ntawo, Bajjo-Seeta, Serado Link,  Kigunga Link (9.72km)  324,033    Source: Analysis of procurement Data            24        Analysis of the costs for furniture with the same specifications from a sample of entities  also revealed wide variances, as detailed below;      Table 9: Furniture costs in different entities  SN  Item Name  Entity A  Entity B  Entity C  Entity D      (Amounts in UGX)  1  Deluxe  Bullet  Desk  Executive Package  3,000,000  1,350,000  -  -  2  Executive desk  5,000,000  4,300,000  4,915,254  7,500,000  3  Executive desk set  4,000,000  4,300,000  4,661,017  7,500,000  4  Executive high back  chair  400,000  850,000  -  1,600,000  5  Executive high back  chair swivel  1,000,000  1,900,000  -  1,250,000  6  Workstation  6,000,000  4,000,000  -  -  Source: Analysis of procurement Performance Data    In light of the above, it was noticed that government was incurring different costs on  common user items due to the price variances that ought to be standardized.",procurement_irregularities,procurement_irregularities,1,,,,,True
2025,2025_AGRPT@CON2025.pdf,760,"1.9.2 Non-compliance with reservation schemes    Paragraph 2 of the PPDA Guideline number 11 of 2024, Guidelines to promote  participation of registered associations of women, Persons with Disabilities, requires an  entity to reserve at least 15% of its annual procurement plan budget for awards to  registered associations of women, youth, and persons with disabilities.",contract_management,contract_management|procurement_irregularities,2,,,,,False
2025,2025_AGRPT@CON2025.pdf,760,The Accounting Officers attributed the occurrence to the late release of the guidelines  by the Public Procurement and Disposal of Public Assets Authority.,procurement_irregularities,procurement_irregularities,1,,,Authority,,False
2025,2025_AGRPT@CON2025.pdf,760,It was also indicated  that provisions for special interest groups had been made in the subsequent  procurement plans.,procurement_irregularities,procurement_irregularities,1,,,,,False
2025,2025_AGRPT@CON2025.pdf,760,"25        The failure to reserve procurements for registered associations undermines the  legislator’s objective of promoting the participation of women, youth, and PWDs in  public procurement proceedings.",procurement_irregularities,procurement_irregularities,1,,,,,False
2025,2025_AGRPT@CON2025.pdf,760,Recommendation    I advised the Accounting Officers to ensure that the published procurement plans  indicate procurements reserved for registered associations to facilitate their participation  and ensure compliance with the reservation scheme guidelines.,procurement_irregularities,procurement_irregularities,1,,,,,False
2025,2025_AGRPT@CON2025.pdf,760,"1.9.3 Failure to prepare multi-year procurement plans    Section 60(6) of the PPDA Act, Cap.205 requires an entity that undertakes a  procurement over a period of more than one financial year to prepare a multi-year  procurement plan using the guidelines issued.",procurement_irregularities,procurement_irregularities,1,,,,,False
2025,2025_AGRPT@CON2025.pdf,760,"I reviewed entities’ procurement reports for the financial year 2024/25 and noted that  64 procurements worth UGX.385Bn were initiated in prior periods and completed in the  current year; however, these entities did not prepare multi-year procurement plans for  the procurements as required by the Act.",procurement_irregularities,procurement_irregularities,1,,,,,False
2025,2025_AGRPT@CON2025.pdf,760,Recommendation    I advised the Accounting officers to ensure that multi-year procurement plans are  prepared for procurements expected to span more than one year for proper planning  and budgeting.,procurement_irregularities,procurement_irregularities,1,,,,,False
2025,2025_AGRPT@CON2025.pdf,760,"A bidder shall not be  included unless they are expected to fully satisfy the qualification requirements of  competence, capacity, resources, and experience required for the execution of the  procurement.",procurement_irregularities,procurement_irregularities,1,,,,,False
2025,2025_AGRPT@CON2025.pdf,760,"26              Recommendation    I advised the Public Procurement and Disposal of Public Assets Authority to review the  PPDA (Rules and Methods) Regulations, 2023 so as to streamline the order of use of the  various sources for developing shortlists of bidders.",procurement_irregularities,procurement_irregularities,1,,,"Authority to review the  PPDA (Rules and Methods) Regulations, 2023 so as to streamline t",,False
2025,2025_AGRPT@CON2025.pdf,760,"Based on the work performed and described in this report, except for the findings stated  above, nothing has come to my attention that causes me to believe that the  Management of the Parish Development Model and Procurement and disposal of Goods  and Services in Government is not in compliance, in all material respects, with the  relevant criteria.",procurement_irregularities,procurement_irregularities,1,,,,,False
2025,2025_AGRPT@CON2025.pdf,760,"The Accounting Officer explained that under absorption of capital budget was attributed  to delayed procurement processes, Prolonged Land acquisition processes, inadequate  budget provisions, limited capacity of the Contractors, and changes of designs during  execution, among others.",land_and_right_of_way,land_and_right_of_way|procurement_irregularities,2,,"limited capacity of the Contractors, and changes of designs during  execution, among ot",,,True
2025,2025_AGRPT@CON2025.pdf,760,"Uganda  Electricity  Transmission  Company  Limited  1.51  2.17  The Accounting Officer explained that the above  funds are not excess in nature however tagged  and committed to several disbursements/activities  pending conclusion of the relevant processes  under way like procurements, RAP processes,  fixed funds on bank accounts for treasury  management purposes.",procurement_irregularities,procurement_irregularities,1,,Company  Limited  1,,,True
2025,2025_AGRPT@CON2025.pdf,760,"The funding from GAVI was used to support the Country's immunization efforts,  focusing on Vaccine procurement and distribution.",procurement_irregularities,procurement_irregularities,1,,,,,False
2025,2025_AGRPT@CON2025.pdf,760,60        2.1.1.2 Procurement and Distribution of Essential Medicines and Health Supplies    The National Medical Stores (NMS) is mandated by Section 4 (a) and (b) of the NMS Act  Cap.,procurement_irregularities,procurement_irregularities,1,,,,,False
2025,2025_AGRPT@CON2025.pdf,760,I reviewed the procurement and distribution of EMHS and noted the following;    i)  The budget availed to NMS for this mandate was below the assessed funding  requirements by UGX.0.181Tn.,procurement_irregularities,procurement_irregularities,1,,,,,False
2025,2025_AGRPT@CON2025.pdf,760,"The above shortcomings in the procurement and distribution of EMHS increase the risk  of stockouts at health facilities, treatment disruption and death for patients who cannot  afford to procure the medicines from private pharmacies.",procurement_irregularities,procurement_irregularities,1,,,,,False
2025,2025_AGRPT@CON2025.pdf,760,Recommendation    I advised the Accounting Officer of the Ministry of Health and the Accounting Officers of  the sampled Hospitals to address these gaps so that citizens can receive the services for  which the Government made investments in the procurement of this critical ICU  equipment.,procurement_irregularities,procurement_irregularities,1,,,Ministry of Health and the Accounting Officers of  the sampled Hospitals to address thes,,True
2025,2025_AGRPT@CON2025.pdf,760,"2.1.1.6 Management of Routine Immunisation Vaccines    The Ministry of Health, through the Uganda National Expanded Program on  Immunisation (UNEPI), together with the National Medical Stores (NMS), manages the  procurement and distribution of vaccines to health facilities.",procurement_irregularities,procurement_irregularities,1,"Program on  Immunisation (UNEPI), together with the National Medical Stores (NMS), manages the  p",,"Ministry of Health, through the Uganda National Expanded Program on  Immunisation (UNEPI",,False
2025,2025_AGRPT@CON2025.pdf,760,"2.1.1.9 Construction of Stadia and training facilities in Preparation for CHAN and  AFCON games  Under the East Africa PAMOJA Bid for Africa Cup of Nations (AFCON) and African  Nations Championship (CHAN) games, the Government of Uganda through the National  Council of Sports was expected to put in place necessary infrastructure including; one  stadium with 45,000 sitting capacity, two stadia with 30,000 sitting capacity each, and  at least five fully functional training grounds, among others.",procurement_irregularities,procurement_irregularities,1,,,,,True
2025,2025_AGRPT@CON2025.pdf,760,The delays were attributed to slow procurement processes and limited funding.,procurement_irregularities,procurement_irregularities,1,,limited funding,,,False
2025,2025_AGRPT@CON2025.pdf,760,"Recommendation  I advised management of National Council of Sports to actively seek funding to  complete the remaining facilities on schedule, enhance project supervision and to  coordinate closely with CAF as these will ensure compliance and readiness for the  AFCON games.",contract_management,contract_management,1,project supervision and to  coordinate closely with CAF as these will ensure compliance and readi,,,,False
2025,2025_AGRPT@CON2025.pdf,760,"2.1.2 Integrated Transport Infrastructure and Services Program  2.1.2.1 Outstanding Arrears to Contractors  During the year under review, I undertook a review of the outstanding arrears to  contractors for the on-going road projects implemented under the Ministry of Works and  Transport and the former Uganda National Roads Authority (UNRA).",delayed_payments,delayed_payments,1,Program  2,,Ministry of Works and  Transport and the former Uganda National Roads Authority (UNRA),,True
2025,2025_AGRPT@CON2025.pdf,760,"Based on my verification procedures I noted that as of 30th June 2025, the total  outstanding arrears for unpaid completed works on road projects stood at  UGX.500.347Bn.",delayed_payments,delayed_payments,1,,,,,True
2025,2025_AGRPT@CON2025.pdf,760,The failure to settle these arrears exposes government to avoidable costs in the form of  penalties/interest on delayed payments and the risk of litigation.,claims_and_disputes,claims_and_disputes|delayed_payments,2,,,,,False
2025,2025_AGRPT@CON2025.pdf,760,"In addition, delayed  settlement of arrears leads to suspension of road works by the contractors which leads  to deterioration of already completed works.",delayed_payments,delayed_payments,1,,,,,True
2025,2025_AGRPT@CON2025.pdf,760,"The delays were mainly due to the lack of capacity by the contractors, delayed  payments for completed works which affected the cash flows of the contractors, delays  in granting the Right-of-Way, and delayed compensation of Project Affected Persons  (PAPs).",land_and_right_of_way,land_and_right_of_way,1,Project Affected Persons  (PAPs),,,,True
2025,2025_AGRPT@CON2025.pdf,760,2.1.2.3 Compensation of Project Affected Persons for Government Projects    I reviewed the status of land compensations for selected government projects and  noted that there were delays in compensation of PAPs which delayed acquisition of  Right of Way.,land_and_right_of_way,land_and_right_of_way,1,Project Affected Persons for Government Projects    I reviewed the status of land compensations f,,,,True
2025,2025_AGRPT@CON2025.pdf,760,"iii)  The Accounting Officers of the LGs should ensure district engineers complete all  unfinished road works, and all defects on roads should be rectified.",contract_management,contract_management,1,,,,,True
2025,2025_AGRPT@CON2025.pdf,760,"Management indicated that the recruitment process of staff for Beneficiation centers has  been completed, however, the procurement process for the Equipment was completed  and delivery and installation is expected in March 2026.",procurement_irregularities,procurement_irregularities,1,,,,,False
2025,2025_AGRPT@CON2025.pdf,760,"Management attributed the underperformance largely to a deteriorated network arising  from prolonged underinvestment during the latter years of the concession, regulatory  budget cuts, vandalism, electricity theft, procurement bottlenecks and staffing  constraints.",procurement_irregularities,procurement_irregularities,1,,,,,True
2025,2025_AGRPT@CON2025.pdf,760,"80        Management further indicated that corrective interventions are being implemented and  they include; the rollout of a loss-reduction strategy coined as the “Wetereze” campaign  targeting commercial losses, enhanced field monitoring, and community enforcement  activities as well as development of a five-year distribution network rehabilitation and  investment plan , deployment of digital customer engagement platforms such as the  “Social Media Integration and Digital Engagement Platform” and securing PPDA  accreditation to ease procurement delays .",procurement_irregularities,procurement_irregularities,1,,,,,False
2025,2025_AGRPT@CON2025.pdf,760,"Recommendation    I advised the Accounting Officer to implement a fully costed medium to long-term  network rehabilitation plan, prioritize critical capacity upgrades particularly transformers  and feeders in high-load areas, strengthen controls against vandalism and theft, and  fully operationalize and leverage on procurement reforms to sustainably improve service  delivery.",procurement_irregularities,procurement_irregularities,1,,,,,False
2025,2025_AGRPT@CON2025.pdf,760,"However, one analyser was obsolete; another, designated for wildlife DNA  analysis, was functional but rarely used; a third was frequently used but  operated below capacity; and the fourth, installed in January 2025, had not yet  been put to use, eight (8) months after procurement.",procurement_irregularities,procurement_irregularities,1,,,,,False
2025,2025_AGRPT@CON2025.pdf,760,"2.1.11 Climate Change, Natural Resources, Environment & Water Management  Programme  2.1.11.1  Wetland Encroachment    Contrary to Section 53(2) of the National Environment Act Cap 181 and Regulations  29(1) and 30(1) of the National Environment (Wetlands, Riverbanks and Lakeshores  Management) Regulations 2000 requiring 100 meters and 200 meters protected zones  from highest watermarks of rivers and lakes respectively, and Regulation 10(8) requiring  five-yearly wetland inventory updates;    i)  Out of Uganda's wetlands cover of 33,762.6km² The total degraded wetland  cover was estimated at 6.3% of Uganda’s total land area2.",land_and_right_of_way,land_and_right_of_way,1,Programme  2,,,,False
2025,2025_AGRPT@CON2025.pdf,760,"ii)  Fourteen major water bodies suffered extensive encroachment; through  apartment construction, hotels, sand mining, landing sites, washing bays,  recreation facilities, wastewater discharge, sugarcane plantations, agriculture,  settlements, quarrying, livestock grazing, cultivation, artisanal mining, brick-   2 Paragraph 293 of the NDPIV, Page 173          93        making, informal markets, unregulated water abstraction, rice farming, palm  cultivation, charcoal production, illegal logging, and wetland drainage, among  others3.",land_and_right_of_way,land_and_right_of_way,1,,,,,True
2025,2025_AGRPT@CON2025.pdf,760,"The encroachment has led to; physical, chemical, and biological contamination  manifesting as sedimentation, algal blooms, flash floods, rising water levels, reduced  water quality, increased treatment costs, endangered aquatic biodiversity, compromised  ecosystem services and public health risks.",land_and_right_of_way,land_and_right_of_way,1,,,,,False
2025,2025_AGRPT@CON2025.pdf,760,"Of the five dams inspected, three (60%) were well maintained,  one (20%) had maintenance gaps such as overgrown grass and damaged animal  drinking troughs, and one dam at Kawomeri was non-functional due to lack of water,  attributed to encroachment of the catchment area.",land_and_right_of_way,land_and_right_of_way,1,,,,,True
2025,2025_AGRPT@CON2025.pdf,760,"Recommendation    I advised UWA Management to strengthen concession governance by ensuring timely  contract execution, instituting structured monitoring mechanisms, enforcing payment  obligations, regularizing undocumented or expired concessions, and requiring full  compliance with reporting and audit requirements.",governance_and_controls,governance_and_controls,1,,,,,False
2025,2025_AGRPT@CON2025.pdf,760,2.1.15.1.3  Accumulation of unpaid bills for maintenance of the National  Backbone Infrastructure    I noted that National Information Technology Authority of Uganda (NITA-U) had an  opening domestic arrears balance of UGX.77.71Bn but budgeted only UGX.2.00Bn for  their settlement.,delayed_payments,delayed_payments,1,,,Authority of Uganda (NITA-U) had an  opening domestic arrears balance of UGX,,True
2025,2025_AGRPT@CON2025.pdf,760,"Notably, 92% of the arrears  (UGX.100.51Bn) relate to M/s Soliton Telmec Ltd, which maintains the National  Backbone Infrastructure (NBI/EGI) under a 50:50 commercialization and revenue- sharing arrangement.",delayed_payments,delayed_payments,1,,"M/s Soliton Telmec Ltd, which maintains the National  Backbone Infrastructure (NBI/",,,True
2025,2025_AGRPT@CON2025.pdf,760,"The Accounting Officers attributed this to off season or  delayed disbursement, unpredictable climate and market  conditions, weak supervision and monitoring at parish and  SACCO  levels,  limited  guidance  and  capacity  for  beneficiaries,  system  errors  in  PDMIS/WENDI,  and  inadequate sensitization on approved business plans.",contract_management,contract_management,1,,"limited  guidance  and  capacity  for  beneficiaries,  system  errors  in  PDMIS/WENDI,",,,False
2025,2025_AGRPT@CON2025.pdf,760,"The Accounting Officers  should design a policy on  supervision and enforce  compliance with approved  project guidelines, while  enhancing  beneficiary  training and monitoring.",contract_management,contract_management,1,"project guidelines, while  enhancing  beneficiary  training and monitoring",,,,False
2025,2025_AGRPT@CON2025.pdf,760,"This should be done without any delay to  enable the SACCOs access the funds for lending to  their members;    iii)  PDM SACCOs should obtain closing bank statements  from the date of opening to the date of closing the  account to facilitate any reconciliations, audit and  other governance purposes.",governance_and_controls,governance_and_controls,1,,,,,False
2025,2025_AGRPT@CON2025.pdf,760,"The Accounting Officers attributed it to inadequate funding  for procurement, repair, internet access, and user training,  coupled with receipt of faulty devices and limited local  technical capacity to maintain them.",procurement_irregularities,procurement_irregularities,1,,limited local  technical capacity to maintain them,,,False
2025,2025_AGRPT@CON2025.pdf,760,"The Accounting Officer attributed this to system errors in  PDMIS, data entry mistakes, limited access rights for data  entrants, inadequate guidance and supervision by district  and sub-county officers, initial lack of restrictions on group  size, high demand for PRF funds, voluntary movement of  members between enterprises, and delayed or incomplete  sensitization of stakeholders on PDM operational guidelines.",contract_management,contract_management,1,,"limited access rights for data  entrants, inadequate guidance and supervision by distri",,,False
2025,2025_AGRPT@CON2025.pdf,760,"The Accounting Officers attributed this to limited capacity  and training of SACCO leaders and committee members,  inadequate operational funds and facilitation, lack of clear  guidance from the PDM Secretariat, delayed formation  and operationalization of sub-committees, staffing gaps,  and inconsistent supervision and follow-up by district and  sub-county authorities.",contract_management,contract_management,1,,"limited capacity  and training of SACCO leaders and committee members,  inadequate oper",,,False
2025,2025_AGRPT@CON2025.pdf,760,"Accounting Officers attributed this to inadequate funding  for monitoring and reporting, absence of a standardized  reporting format and technical guidance from the PDM  Secretariat, weak internal enforcement and oversight,  delayed issuance of circulars, and reliance on consolidated  PBS reports instead of dedicated PDM reports.",governance_and_controls,governance_and_controls,1,,,,,False
2025,2025_AGRPT@CON2025.pdf,760,"c)  Weak treatment, rehabilitation, and supervision mechanisms    Health facilities lacked adequate infrastructure, specialized clinics for children and  pregnant mothers, and functional rehabilitation programs.",contract_management,contract_management,1,,,,,True
2025,2025_AGRPT@CON2025.pdf,760,"v)  Ensure that Government officials from Ministry of Agriculture, NAADs and DLGs  responsible for the contract management for procurement and distribution of  heifers are held accountable for clearance of heifers that were not in  conformance to quality specifications.",contract_management,contract_management|procurement_irregularities,2,,,"Ministry of Agriculture, NAADs and DLGs  responsible for the contract management for pro",,False
2025,2025_AGRPT@CON2025.pdf,760,"Overall Conclusion    Government of Uganda through the Office of the Prime Minister has undertaken  interventions under five designed programmes such as procurement and distribution of  material items, development of guidelines for affirmative action programme  implementation, support to micro projects and infrastructure projects of rehabilitation of  schools, boreholes and roads.",procurement_irregularities,procurement_irregularities,1,"programme  implementation, support to micro projects and infrastructure projects of rehabilitation ",,,,True
2025,2025_AGRPT@CON2025.pdf,760,"This was delayed by COVID-19  disruptions, procurement challenges, and lack of prioritized user training.",procurement_irregularities,procurement_irregularities,1,,,,,False
2025,2025_AGRPT@CON2025.pdf,760,"The delay to rectify defects and formally hand over the  UBFC to beneficiary agencies, has compromised the building’s functionality and  safety.",contract_management,contract_management,1,,,,,True
2025,2025_AGRPT@CON2025.pdf,760,"To address this, PSFU should prioritise completion of the outstanding  works and address identified design and construction defects, ensuring that  essential facilities originally planned are incorporated or alternatives are  provided.",contract_management,contract_management,1,,,,,True
2025,2025_AGRPT@CON2025.pdf,760,"vi)  Continue engaging the Local Governments, under which the RRCs fall, to ensure  adequate facilitation, training and build capacity for the district probation and  social welfare officers to bridge the knowledge and skilling gap to enable them  prepare timely SIR reports, to attend court sessions to quicken juvenile court  proceedings and ease resettlement of JOs after release.",land_and_right_of_way,land_and_right_of_way,1,,,,,True
2025,2025_AGRPT@CON2025.pdf,760,"ix)  Engage the Ministry of Lands, Housing and Urban Development to survey and  title the available land at RRC in order to provide an accurate assessment of the  current land boundaries and secure it from encroachers.",land_and_right_of_way,land_and_right_of_way,1,,,"Ministry of Lands, Housing and Urban Development to survey and  title the available land",,True
2025,2025_AGRPT@CON2025.pdf,760,"Notwithstanding this significant investment, persistent concerns have been raised  regarding delayed completion of postgraduate programmes, underutilisation of  resources, and inefficiencies in academic and administrative operations.",delay_time_overrun,delay_time_overrun,1,,,,,False
2025,2025_AGRPT@CON2025.pdf,760,"12 Financial years 2022/23–2024/25          169        3)  Key Factors that influence Operational Efficiency of the Public  Universities  a)  Delayed Completion of Graduate Studies    The study observed prolonged completion periods for master’s programmes  caused by ineffective supervision, delayed marking, and inadequate dissertation  support.",delay_time_overrun,delay_time_overrun|contract_management,2,,,,,False
2025,2025_AGRPT@CON2025.pdf,760,"iii)  The accreditation process is ineffective as evidenced by monitoring reports that  indicate significant non-compliance in critical areas such as staffing, and  infrastructure (e.g., laboratories) within a short period after accreditation of  Programmes.",contract_management,contract_management,1,,,,,True
2025,2025_AGRPT@CON2025.pdf,760,"Conduct a comprehensive needs assessment, and to further  formulate a database and monitoring mechanism that will provide up to date  information on the areas that need their services,          178          iv)  Ensure timely decentralisation of project management assignments so as to fast  track timely supervision and approval of project assignments,    v)  Ensure that MOUs are signed, clearly outlining the terms and conditions, and  implications of any breach of each party’s obligations,    vi)  Plan and budget for the timely site takeover and commissioning fund as part of  the project implementation costs,    vii)  Enhance security measures for substantially completed sites to prevent  unauthorised access and reduce the risk of vandalism before the commissioning,    viii)  Prioritize sustainability strategies for both rural and urban water schemes by  including  detailed  action  plans  for  operations,  maintenance,  funding  mechanisms, and community involvement to ensure the long-term functionality  of the water systems, and    ix)  Expedite the development of the irrigation schemes framework, which should  outline clear guidelines for the establishment, operation, and sustainability of  irrigation systems.",contract_management,contract_management,1,"project management assignments so as to fast  track timely supervision and approval of project as; project implementation costs,    vii)  Enhance security measures for substantially completed site",,,,False
2025,2025_AGRPT@CON2025.pdf,760,"Weak market and needs assessments, delayed regional  team deployment, slow design approvals, and consultant payment delays further  hindered progress.",delayed_payments,delayed_payments,1,,,,,False
2025,2025_AGRPT@CON2025.pdf,760,"The delayed completion of network  infrastructures, and on boarding of a single mobile operator on the developed  infrastructure limit the expansion of communication services to unserved and  underserved communities.",delay_time_overrun,delay_time_overrun,1,,,,,True
2025,2025_AGRPT@CON2025.pdf,760,iii)  The Accounting Officer of UCC should ensure that the procurement processes  are expedited as per planned timelines.,procurement_irregularities,procurement_irregularities,1,,,,,False
2025,2025_AGRPT@CON2025.pdf,760,v)  The Management should ensure an improved and effective contract  management processes by strengthening oversight mechanisms on the contract  managers and follow up on the adherence of set procurement implementation  plan timelines for timely supply and installation of quality ICT equipment and  internet services to beneficiary schools/institutions.,governance_and_controls,governance_and_controls|procurement_irregularities,2,,,,,True
2025,2025_AGRPT@CON2025.pdf,760,iii)  Procurement planning and supply chain management gaps were also observed.,procurement_irregularities,procurement_irregularities,1,,,,,False
2025,2025_AGRPT@CON2025.pdf,760,vii)  MoH should prioritize procurement of modern blood slide dryers (air ovens) for  all health facilities to standardize drying times and improve turnaround times.,procurement_irregularities,procurement_irregularities,1,,,,,False
2025,2025_AGRPT@CON2025.pdf,760,"The weaknesses identified  were in the areas of procurement, contract implementation and financial management  in the utilisation of the DWSCG, which affected the ability of the selected districts to  effectively deliver safe and sustainable water and sanitation services to the  communities.",procurement_irregularities,procurement_irregularities,1,,,,,True
2025,2025_AGRPT@CON2025.pdf,760,"Key improvements were  observed in compliance with procurement regulations, adherence to engineering design  requirements, adoption and use of durable materials in construction works for water  facilities, and enhanced mobilisation and sensitisation of communities for sustainable  development and use of water facilities.",procurement_irregularities,procurement_irregularities,1,,,,,True
2025,2025_AGRPT@CON2025.pdf,760,"However, despite the above progress made, some challenges still need to be addressed  to achieve efficient and effective Utilisation of the District Water and Sanitation  Conditional Grants (DWSCG) by the Select DLGs, as highlighted below;            198        i)  Delays in procurement, inadequate staffing for the Procurement and Disposal  Units (PDU), and gaps in documentation of contract management processes  continue to pose challenges in the select DLGs implementing the DWSCG grants.",contract_management,contract_management|procurement_irregularities,2,,,,,True
2025,2025_AGRPT@CON2025.pdf,760,"202        3.1.24 Follow up Report on the VFM Audit on the Procurement and Distribution of  Essential Medicines and Health Supplies by the National Medical Stores    Introduction    In 2016, the Auditor General issued a Value for Money audit report to Parliament on the  Procurement and Distribution of Essential Medicines and Health supplies by the National  Medical Stores (NMS).",procurement_irregularities,procurement_irregularities,1,,,Parliament on the  Procurement and Distribution of Essential Medicines and Health supplies,,False
2025,2025_AGRPT@CON2025.pdf,760,b)  There have been areas of commendable improvements in the procurement and  distribution of EMHS by NMS for example;    i)  Prices at which NMS procures Anti-retroviral (ARVs) drugs from the approved  local manufacturer are now comparable with the prices at which donors supply  ARVs to government under other health programmes which has made the NMS  price more competitive.,procurement_irregularities,procurement_irregularities,1,,,,,False
2025,2025_AGRPT@CON2025.pdf,760,"Despite these notable improvements however, there are still areas that require redress  by NMS key among which include;    i)  The continued procurement of ARVs and Anti-Cancer Treatments (ACTs) from  the approved local manufacture in dollars (USD) continued to expose NMS to  significant exchange rate losses which limited NMS’s purchasing power derived  from the available resources.",procurement_irregularities,procurement_irregularities,1,,limited NMS’s purchasing power derived  from the available resources,,,False
2025,2025_AGRPT@CON2025.pdf,760,"203        ii)  There are still notable challenges in the planning, procurement and distribution  of EMHS.",procurement_irregularities,procurement_irregularities,1,,,,,False
2025,2025_AGRPT@CON2025.pdf,760,Overall Conclusion    The National Medical Stores has demonstrated a commendable commitment to  addressing the Auditor General’s recommendations from 2016 with notable progress in  the Procurement and Distribution of Essential Medicines and Health Supplies.,procurement_irregularities,procurement_irregularities,1,,,,,False
2025,2025_AGRPT@CON2025.pdf,760,Failure to address these shortcomings can only result in in more  inefficiencies in the procurement and distribution of EMHS.,procurement_irregularities,procurement_irregularities,1,,,,,False
2025,2025_AGRPT@CON2025.pdf,760,"The project estimated to cost USD.288Mn including compensation and resettlement  costs (net of taxes) is financed by Bank Group (ADB and ADF), the Global Environmental  Fund (GEF) and the Government of Uganda (GoU).",land_and_right_of_way,land_and_right_of_way,1,project estimated to cost USD,,,,False
2025,2025_AGRPT@CON2025.pdf,760,"Such inconsistencies increase the  risk of variations during implementation or having inflated contracts              206        I advised the Accounting Officer to establish the actual Engineer’s estimates for the  projects and going forward, to ensure thorough review and reconciliation of tender  documentation prior to procurement in order to prevent recurrence of such  inconsistencies.",procurement_irregularities,procurement_irregularities,1,,,,,False
2025,2025_AGRPT@CON2025.pdf,760,c)  Procurement Issues    I noted that;    i)  There were delays ranging from 116 to 838 days in the procurement of the  works contractors and supervising consultants.,procurement_irregularities,procurement_irregularities,1,,,,,True
2025,2025_AGRPT@CON2025.pdf,760,ii)  The minimum average turnover requirement set for the Lots 1 and 4 was less  than that recommended as per ADB procurement guidelines.,procurement_irregularities,procurement_irregularities,1,,,,,False
2025,2025_AGRPT@CON2025.pdf,760,"ii)  Ensure that, going forward, the annual turnover requirement used in the  procurement of works is in line with the relevant procurement guidelines.",procurement_irregularities,procurement_irregularities,1,,,,,True
2025,2025_AGRPT@CON2025.pdf,760,"d)  Delayed Acquisition of Right of Way    I established that there were delays ranging from of up to 1030 days in acquisition of  right of way (RoW) for lots 1,2, 4 and 5.",land_and_right_of_way,land_and_right_of_way,1,,,,,True
2025,2025_AGRPT@CON2025.pdf,760,"iii)  On lots 2, 3, 4 and 5, the sub-contract amounts for water relocations were  overstated by UGX.636.5Mn due to inclusion of unrequired items and errors in  computation of supervision costs.",contract_management,contract_management,1,,,,,False
2025,2025_AGRPT@CON2025.pdf,760,"iii)  Interest rates contrary to those specified in the contracts had been adopted in  the computation of financing charges on delayed payments resulting in over  certifications of UGX.291.6Mn and USD.15,229.12 on Lots 1, 3 and 5.",delayed_payments,delayed_payments,1,,,,,False
2025,2025_AGRPT@CON2025.pdf,760,"During the physical inspection of the works, I observed the following omissions and  defects;    Table 50: Summary of inspection of the project roads  Project Observation  Lot 1  Damaged drainage covers, pavers, signposts and concrete edge beam, exposed  reinforcement, blocked inlets to manholes, poorly installed kerbstones etc.",contract_management,contract_management,1,"project roads  Project Observation  Lot 1  Damaged drainage covers, pavers, signposts and concret",,,,True
2025,2025_AGRPT@CON2025.pdf,760,This increases the risk of use of  unqualified staff on the project  compromising the quality of the  supervision of the works.,contract_management,contract_management,1,project  compromising the quality of the  supervision of the works,,,,True
2025,2025_AGRPT@CON2025.pdf,760,Source: Audit review of project management documents    I advised the Accounting Officer to ensure that going forward;    i)  The supervision arrangements for the projects are adequate for the scope of  works.,contract_management,contract_management,1,project management documents    I advised the Accounting Officer to ensure that going forward;   ,,,,True
2025,2025_AGRPT@CON2025.pdf,760,v)  The physical inspection of works revealed defects on all the road projects  implemented by the entities.,contract_management,contract_management,1,,,,,True
2025,2025_AGRPT@CON2025.pdf,760,"For the building projects, apart from the project in  Nansana MC and one (01) project in Wakiso DLG, defects were observed on all  the projects in the remaining seven (07) entities.",contract_management,contract_management,1,"project in  Nansana MC and one (01) project in Wakiso DLG, defects were observed on all  the proj",,,,True
2025,2025_AGRPT@CON2025.pdf,760,"These defects included: honey  combed and damaged ramps, columns beam and lintels, uneven floor tiling in  the classroom, crooked and poorly finished chalk rail, roofing timber pieces not  completely covered by treatment agent, lightning arrestor installed without a  ground inspection chamber, rust on structural steel members etc.",contract_management,contract_management,1,,,,,True
2025,2025_AGRPT@CON2025.pdf,760,"Parallel IT Units within the Ministry    The existence of parallel and project-based  IT units operating outside the mainstream IT  department  has  resulted  in  blurred  accountability,  inefficiencies,  and  inconsistent oversight of education systems.",governance_and_controls,governance_and_controls,1,project-based  IT units operating outside the mainstream IT  department  has  resulted  in  blurr,,Ministry    The existence of parallel and project-based  IT units operating outside the ,,False
2025,2025_AGRPT@CON2025.pdf,760,I advised the Accounting Officer to  streamline IT staffing arrangements by  integrating project-based IT personnel  into the central IT department and  aligning all IT functions under a single  governance and reporting structure.,governance_and_controls,governance_and_controls,1,project-based IT personnel  into the central IT department and  aligning all IT functions under a,,,,False
2025,2025_AGRPT@CON2025.pdf,760,"However, I noted that the benefits of PIMS have not been fully realised due to  weaknesses in IT governance, project management, system rollout, capacity,  integration, and operational controls.",governance_and_controls,governance_and_controls,1,"project management, system rollout, capacity,  integration, and operational controls",,,,False
2025,2025_AGRPT@CON2025.pdf,760,23  Procurement  of  the  Vehicle  Registration  and  Archiving  system- Ministry of Works.,procurement_irregularities,procurement_irregularities,1,,,Ministry of Works,,True
2025,2025_AGRPT@CON2025.pdf,760,"CID  Ministry of Works and  Transport  Ongoing  24  Request for forensic audit on the  Office of the Prime Minister- Department of Refugees  CID  Office of the Prime  Minister  Ongoing  25  Forensic audit of management of  Compensation for Cooperatives – Nyakatonzi  CID  Ministry  of  Trade,  Industry  and  Cooperatives  Ongoing  26  Forensic audit of management of  Compensation for Cooperatives – Bunyoro  CID  Ministry  of  Trade,  Industry  and  Cooperatives  Ongoing  27  Forensic audit of management of  Compensation for Cooperatives – Masaba Cooperative Society  CID  Ministry  of  Trade,  Industry  and  Cooperatives  Ongoing  28  Forensic audit of management of  Compensation for Cooperatives – Teso Cooperative Society  CID  Ministry  of  Trade,  Industry  and  Cooperatives  Ongoing  29  Forensic audit of management of  Compensation for Cooperatives – Wamala Cooperative Society  CID  Ministry  of  Trade,  Industry  and  Cooperatives  Ongoing  30  Forensic audit of management of  Compensation for Cooperatives – Jinja Cooperative Society  CID  Ministry  of  Trade,  Industry  and  Cooperatives  Ongoing  31  Forensic audit of management of  Compensation for Cooperatives – West Mengo Cooperative Society  CID  Ministry  of  Trade,  Industry  and  Cooperatives  Ongoing  32  Forensic audit of management of  Compensation for Cooperatives – West Acholi Cooperative Society  CID  Ministry  of  Trade,  Industry  and  Cooperatives  Ongoing  33  Forensic audit of management of  Compensation for Cooperatives – ,Bwavu Mpologoma Cooperative  Society  CID  Ministry  of  Trade,  Industry  and  Cooperatives    Ongoing  34  Forensic audit of management of  Compensation for Cooperatives – Okoro Cooperative Society  CID  Ministry  of  Trade,  Industry  and  Cooperatives  Ongoing  35  UWA IFPA procurement contract  No.247642  CID  Uganda  Wildlife  Authority  Ongoing  36  System manipulation and loss of  UGX.9Bn  CID  UNBS  Ongoing                229          4.3  Special Audits    I am mandated under Article 163(3) of the 1995 Constitution of the Republic of Uganda,  and Section 21 of the National Audit Act Cap 170, to undertake Special Audits.",procurement_irregularities,procurement_irregularities,1,,,"Ministry of Works and  Transport  Ongoing  24  Request for forensic audit on the  Office; Ministry  of  Trade,  Industry  and  Cooperatives  Ongoing  26  Forensic audit of manage",,True
2025,2025_AGRPT@CON2025.pdf,760,"The status of some  of the Special Audits is as shown in the table below;    Table 58: Special Audits Conducted  SN  Subject of Investigation  Requester  of  Investigation  Entity  Under  Investigation  Status of  Audit  1  Mismanagement  of  USMID  projects, property rates income  and expenditure, street parking  tender  and  Nyakayojo  daily  matooke market tender  Office of the Speaker  of  Parliament  on  behalf of Member of  Parliament  Mbarara  City North Division  Mbarara City  Completed  2  Misappropriation  of  Road  Maintenance Grant funds by the  District  officials  in  Kiruhura  District  Member of Parliament  –  Kashongi  Constituency,  Kiruhura District  Kiruhura District Completed  3  End of Lease and Assignment  Agreement  Between  Umeme  Limited and Uganda Electricity  Distribution Company Limited  PS.",procurement_irregularities,procurement_irregularities,1,,Limited and Uganda Electricity  Distribution Company Limited  PS,"Parliament  on  behalf of Member of  Parliament  Mbarara  City North Division  Mbarara Cit; Parliament  –  Kashongi  Constituency,  Kiruhura District  Kiruhura District Completed  3 ",Grant funds by the  District  officials  in  Kiruhura  District  ,True
2025,2025_AGRPT@CON2025.pdf,760,"Parliamentary  Police  Division  Lira DLG  Completed          230        SN  Subject of Investigation  Requester  of  Investigation  Entity  Under  Investigation  Status of  Audit    9  Special  audit  into  the  expenditures of Wakiso HCIV for  the financial years 2022/2023  State House Health  Monitoring Unit   Wakiso DLG  Completed  10  Assessment of the Financial  Management  and  Reporting  Systems of the Global Fund  Grants  Ministry of Finance,  Planning  and  Economic  Development  Ministry  of  Health – Global  Fund  Completed  11  Verification report on the audit  of  the  Uganda  Railways  Corporation  (URC)  pension  arrears for 129 pensioners  PS-Ministry of Works  and Transport  Ministry  of  Works  and  Transport  Completed  12  Special  audit  of  alleged  mismanagement  of  Uganda’s  Mission in Abuja  State  House  Anti- Corruption Unit  Uganda’s  Mission in Abuja  Completed  13  Crisis Response Initiative Grant  Permanent Secretary  Ministry of Agriculture  and  Animal  Husbandry  National  Oil  Palm Project  Completed  14  Mismanagement of a total of  UGX.143m  in  Rugyeyo  and  Kihihi HCIVs in Kanungu District  StateHouse  Health  Monitoring Unit   Kanungu  District  Ongoing  15  Maracha Seed Secondary School   CID  Maracha  seed  Secondary  school  Ongoing  16  Soroti District Road Fund  RDC Soroti  Soroti District  Ongoing  17  Consultancy services for the  Technical, Financial and Asset  valuation of Kilembe Mines ltd  PS.",delayed_payments,delayed_payments,1,Project  Completed  14  Mismanagement of a total of  UGX,ltd  PS,"Ministry of Finance,  Planning  and  Economic  Development  Ministry  of  Health – Globa; Corporation  (URC)  pension  arrears for 129 pensioners  PS-Ministry of Works  and Transpor",Grant  Permanent Secretary  Ministry of Agriculture  and  Animal ,True
2025,2025_AGRPT@CON2025.pdf,760,"I conducted an audit in 136 Health Centre IVs in 135 LGs to assess the management of  EMHS and below are the findings;    5.1.1 Inadequacies in Procurement Planning and Budgeting    Paragraph 3.4.2 of the EMHS Manual, 2023 requires the health facilities to prepare  procurement plans to guide the ordering of EMHS from the central warehouses/National  Medical Stores.",procurement_irregularities,procurement_irregularities,1,,,,,True
2025,2025_AGRPT@CON2025.pdf,760,I noted that five (05) Health Centre IVs in five (05) Local Governments did not prepare  budgets or procurement plans to guide the ordering of EMHS from the central  warehouse.,procurement_irregularities,procurement_irregularities,1,,,,,True
2025,2025_AGRPT@CON2025.pdf,760,I further observed that one (01) health facility did not submit their budgets  or procurement plans to NMS as required.,procurement_irregularities,procurement_irregularities,1,,,,,False
2025,2025_AGRPT@CON2025.pdf,760,"In addition, seven (07) health facilities in seven (07) Local Governments submitted their  budgets/procurement plans late, with delays ranging from 13 to 103 days.",procurement_irregularities,procurement_irregularities,1,,,,,False
2025,2025_AGRPT@CON2025.pdf,760,"The absence  of, and or late submission of, procurement plans distorts NMS’ planned annual delivery  cycles to the districts.",procurement_irregularities,procurement_irregularities,1,,,,,False
2025,2025_AGRPT@CON2025.pdf,760,"The Accounting Officers attributed this to frequent changes in IPFs and budget ceilings,  which constrained effective planning, while delays occurred because procurement plans  were often prepared later than the first quarter and some health facilities waited for  guidance from National Medical Stores before starting the planning process.",procurement_irregularities,procurement_irregularities,1,,,,,False
2025,2025_AGRPT@CON2025.pdf,760,233  5.1.2 Inadequate IPF Ceilings versus the Assessed Requirements    Paragraph 3.4 of the EMHS Manual 2023 provides budget ceilings for procurement of  EMHS in each health facility.,procurement_irregularities,procurement_irregularities,1,,,,,False
2025,2025_AGRPT@CON2025.pdf,760,"Consequently, the procurement  plans are prepared within issued IPF ceilings, variances are carried forward to the next  financial year, and concerns are communicated to the Ministry of Health for possible  review and additional support.",procurement_irregularities,procurement_irregularities,1,,,Ministry of Health for possible  review and additional support,,False
2025,2025_AGRPT@CON2025.pdf,760,5.1.3 Non-Adherence to Procurement Plans    Paragraph 3.4.5.6 of the EMHS Manual 2023: Procurement plan performance monitoring  requires the Accounting Officer to develop a perfect procurement plan where the  submitted orders are not over/under 10% of the approved procurement plan for that  financial year.,procurement_irregularities,procurement_irregularities,1,,,,,False
2025,2025_AGRPT@CON2025.pdf,760,"The Accounting Officers attributed procurement variances to NMS system restrictions,  fixed procurement plans with limited adjustment, varying IPFs, and NMS supply  practices based on available stock rather than orders.",procurement_irregularities,procurement_irregularities,1,,"limited adjustment, varying IPFs, and NMS supply  practices based on available stock ra",,,False
2025,2025_AGRPT@CON2025.pdf,760,"Absence of financial Statements negatively affects oversight over expenditure, income,  assets and liabilities of the school thus creating opportunities for misappropriation.",governance_and_controls,governance_and_controls,1,,,,,True
2025,2025_AGRPT@CON2025.pdf,760,"iii)  The Accounting Officers of the LGs should ensure district engineers complete all  unfinished road works, and all defects on roads should be rectified.",contract_management,contract_management,1,,,,,True
2025,2025_AGRPT@CON2025.pdf,760,5.5.8 Board of Governors and Governance Councils    Regulation 3 of the Education (Board of Governors) Regulations 2008 provides that  there shall be a board of governors for every post-primary school.,governance_and_controls,governance_and_controls,1,,,,,True
2025,2025_AGRPT@CON2025.pdf,760,"The Accounting Officers largely attributed the increase or accumulation of payables to  delayed fund releases, local revenue shortfalls, inadequate funding, operational delays,  and long-standing obligations, with many committing to settle the arrears in the  subsequent financial years.",delayed_payments,delayed_payments,1,,,,,False
2025,2025_AGRPT@CON2025.pdf,760,"Recommendation    The Accounting Officers of LLGs should plan project timelines based on known weather  and terrain conditions, improve coordination with district authorities for timely access to  road equipment, and strengthen procurement planning.",procurement_irregularities,procurement_irregularities,1,"project timelines based on known weather  and terrain conditions, improve coordination with distr",,,,True
2025,2025_AGRPT@CON2025.pdf,760,"of  unimplemented  projects  SC  251  99  6  143  TC  134  62  17  58  Total  385  161  23  201  Source: OAG physical inspection of the projects implemented    The Accounting Officers attributed the challenges to contractors abandoning  construction sites, financial constraints faced by some contractors, delays in  procurement processes, and failure of political leaders to commission the buildings.",procurement_irregularities,procurement_irregularities,1,,,commission the buildings,,True
2025,2025_AGRPT@CON2025.pdf,760,The Accounting Officers explained that the funding allocated to garbage management  was insufficient and therefore could not facilitate the procurement of garbage collection  and disposal facilities.,procurement_irregularities,procurement_irregularities,1,,,,,False
2025,2025_AGRPT@CON2025.pdf,760,"18)  0.16  0.16  -  -  11.56  -  2.49  2.27  0.22  0.10  0.07  0.03  2.22  1.95  0.27  0.37  0.39  (0.03)  Uganda  Livestoc k  Industri es  Limited  -  (0.56)  0.56  0.01  0.01  -  (0.56)  (0.56)  -  1.11  1.11  -  0.33  0.33  -  1.99  1.99  -  (0.55)  (0.55)  -  Uganda  Energy  Credit  Capitalis ation  Compan y  122.61  121.95  0.66  -  -  -  -  121.95  -  105.10  105.23  (0.13)  65.56  65.59  (0.04)  48.05  48.87  (0.83)  122.6 1  121.95  0.66  Uganda  Develop ment  Bank  Limited  268.0 0  268.00  -  1,207.07 1,207.07 -  36.99  0.28  36.72 1,683.58 1,711.91 (28.33) 98.61  70.28  28.33  270.12  270.12  -  1,512.07 1,512.07 -      282  ANNEXURES  Annexure 1: Summary of Entity Findings for MDAs and Projects  Entity Name  Programme  Name  Opinion    Summary of Key Findings  I noted that;  Office of the Prime  Minister (OPM)  Development  plan  implementation    Governance  and  security    Natural  resources,  environment,  climate  change,  land and water    Regional  balance  development  Unqualified          i)  The Ministry had verified stock of outstanding commitments amounting to  UGX.181.46Mn at the year-end.",governance_and_controls,governance_and_controls,1,Programme  Name  Opinion    Summary of Key Findings  I noted that;  Office of the Prime  Minister (,Limited  -  (0; Limited  268,Ministry had verified stock of outstanding commitments amounting to  UGX,,True
2025,2025_AGRPT@CON2025.pdf,760,vii) 21 procurements relating to repair of motor vehicles amounting to  UGX.149.65Mn were conducted using Micro Procurement Method instead of  Request for Quotation method.,procurement_irregularities,procurement_irregularities,1,,,,,False
2025,2025_AGRPT@CON2025.pdf,760,ii)  The project had incurred expenditure on motor vehicles and the detailed design  of the seven (7) roads were ongoing due to delays to harmonise PPDA and KfW  procurement requirements.,procurement_irregularities,procurement_irregularities,1,project had incurred expenditure on motor vehicles and the detailed design  of the seven (7) road,,,KfW  procurement requirements,True
2025,2025_AGRPT@CON2025.pdf,760,v)  The Ministry’s published procurement plan lacked procurements reservations for  registered associations as required by the PPDA guidelines.,procurement_irregularities,procurement_irregularities,1,,,Ministry’s published procurement plan lacked procurements reservations for  registered a,,False
2025,2025_AGRPT@CON2025.pdf,760,"vi) 13 (17%) procurements worth UGX.302.36Bn took an average of seven (7)  months from initiation to final contract signing, while four (4) contracts were yet  to be signed.",procurement_irregularities,procurement_irregularities,1,,,,,False
2025,2025_AGRPT@CON2025.pdf,760,"vii) e-GP system users faces challenges such as insufficient oversight support, lack  of electronic submission support, non-display of procurement timelines,  reporting challenges, procurement planning gaps, and insufficient competition  support.",governance_and_controls,governance_and_controls|procurement_irregularities,2,,,,,False
2025,2025_AGRPT@CON2025.pdf,760,"Kampala  Capital  City  Authority  (KCCA)  Agro- industrialization    Community  mobilization  and  mindset change    Development  plan  implementation    Digital  transformation    Human  capital  development    Integrated  transport  infrastructure  and  services    Natural  resources,  environment,  climate change,  Land and water  Unqualified  i)  There was an increase in the revenue arrears from UGX.281.13Bn in the year  ended 30th June 2024 to UGX.328.16Bn in the year ended 30th June 2025  leading to an increase by UGX.47.03Bn.",delayed_payments,delayed_payments,1,,,Authority  (KCCA)  Agro- industrialization    Community  mobilization  and  mindset chang,,True
2025,2025_AGRPT@CON2025.pdf,760,iv)  I also noted delays in the evaluation of bids for the procurement of service vans  and cleaning maintenance services for public toilets at the new Busega market  complex.,procurement_irregularities,procurement_irregularities,1,,,,,False
2025,2025_AGRPT@CON2025.pdf,760,iv) There were inappropriate procurement methods for three procurements worth  UGX.2.29Bn.,procurement_irregularities,procurement_irregularities,1,,,,,False
2025,2025_AGRPT@CON2025.pdf,760,hotel services and  printing materials worth UGX.4.86Bn during the year through individual  procurement processes rather than utilising framework arrangements.,procurement_irregularities,procurement_irregularities,1,,,,,False
2025,2025_AGRPT@CON2025.pdf,760,"vii)  I noted procurement weaknesses including; failure to prepare multi-year  procurement plans and non-compliance with the 15% reservation scheme for  special interest groups  viii) There were challenges in the e-GP system, including inability to generate  statutory procurement reports, duplicate procurement records due to system  and network challenges, and procurement files that were initiated but not  formally concluded, weakening transparency, audit trails and procurement  oversight.",contract_management,contract_management|governance_and_controls|procurement_irregularities,3,,,,,False
2025,2025_AGRPT@CON2025.pdf,760,ii)  The Ministry’s published procurement plan does not indicate a procurement  reservation for registered Associations as required by PPDA Guidelines.,procurement_irregularities,procurement_irregularities,1,,,Ministry’s published procurement plan does not indicate a procurement  reservation for r,,False
2025,2025_AGRPT@CON2025.pdf,760,"iii) Out of nine (9) procurements, six (6) procurements had only one (1) bidder  invited and subsequently awarded the contracts, contrary to Guideline 1 of  2024, which sets thresholds of participants for the different procurement  methods.",procurement_irregularities,procurement_irregularities,1,,,,,False
2025,2025_AGRPT@CON2025.pdf,760,"294  Entity Name  Programme  Name  Opinion    Summary of Key Findings  I noted that;  iv) 15 procurement contracts worth UGX.0.984Bn had no formal appointments of  contract managers, contract management plans and reports.",contract_management,contract_management|procurement_irregularities,2,Programme  Name  Opinion    Summary of Key Findings  I noted that;  iv) 15 procurement contracts wo,,,,False
2025,2025_AGRPT@CON2025.pdf,760,"vi) There were e-GP system challenges including; inadequate oversight, processing  procurement out of the system, inadequate documentation, missing details such  as timelines, recommended procurement methods, and contract packaging,  among others.",governance_and_controls,governance_and_controls|procurement_irregularities,2,,,,,False
2025,2025_AGRPT@CON2025.pdf,760,"iii)  14 Procurements worth UGX.15,347Bn were initiated in prior periods and  completed in the current year without a multi-year procurement plan, as  required by the regulations.",procurement_irregularities,procurement_irregularities,1,,,,,False
2025,2025_AGRPT@CON2025.pdf,760,"iv)  The Ministry did not indicate the procurements reserved for registered  associations which undermines the legislator’s objective of promoting the  participation of women, youth, and PWDs in public procurement proceedings.",procurement_irregularities,procurement_irregularities,1,,,Ministry did not indicate the procurements reserved for registered  associations which u,,False
2025,2025_AGRPT@CON2025.pdf,760,"295  Entity Name  Programme  Name  Opinion    Summary of Key Findings  I noted that;  v)  There were e-GP system challenges like insufficient oversight support, lack of  electronic  submission  support,  duplication  of  entries,  insufficient  documentation, procurement planning gaps and others.",governance_and_controls,governance_and_controls|procurement_irregularities,2,Programme  Name  Opinion    Summary of Key Findings  I noted that;  v)  There were e-GP system chal,,,,False
2025,2025_AGRPT@CON2025.pdf,760,vi)  There were contract delays and insufficient contract management reports  under the contract implementation of the PBS technical team and knowledge  transfer.,contract_management,contract_management,1,,,,,False
2025,2025_AGRPT@CON2025.pdf,760,"xii) There were some weaknesses, which included the procurement process of an air  ticket out of e-GP system, the system lacked comprehensive procurement  reports and delayed procurements.",procurement_irregularities,procurement_irregularities,1,,,,,False
2025,2025_AGRPT@CON2025.pdf,760,"Uganda  Tourism  Board (UTB)  Tourism  development  Unqualified  i)  I noted that UTB’s procurement plan only reserved procurements worth  UGX.67.75Mn (1.3%) for registered associations, contrary to the expected 15%  provision of UGX.769.89Mn.",procurement_irregularities,procurement_irregularities,1,,,,,False
2025,2025_AGRPT@CON2025.pdf,760,"303  Entity Name  Programme  Name  Opinion    Summary of Key Findings  I noted that;  iii) Thirty eight (38) procurement requirements worth UGX1.041Bn, were split, yet  they could have been combined and procured under a single contract.",procurement_irregularities,procurement_irregularities,1,Programme  Name  Opinion    Summary of Key Findings  I noted that;  iii) Thirty eight (38) procurem,,,,False
2025,2025_AGRPT@CON2025.pdf,760,vii) Several procurements in the detailed procurement plan were not clearly defined.,procurement_irregularities,procurement_irregularities,1,,,,,False
2025,2025_AGRPT@CON2025.pdf,760,The failure to include specific procurement subjects defeats the purpose of  procurement planning.,procurement_irregularities,procurement_irregularities,1,,,,,False
2025,2025_AGRPT@CON2025.pdf,760,304  Entity Name  Programme  Name  Opinion    Summary of Key Findings  I noted that;  viii) Fifty (50) obsolete assets identified in the Board of Survey report for the prior  year 2023/2024 and recommended for disposal were not included in the  procurement and disposal plan for the financial year 2024/2025.,procurement_irregularities,procurement_irregularities,1,Programme  Name  Opinion    Summary of Key Findings  I noted that;  viii) Fifty (50) obsolete asset,,,,False
2025,2025_AGRPT@CON2025.pdf,760,"ix) The entity faced several challenges in the use of EGP including; lack of sufficient  access rights to view communication details among members of various  committees or officers involved in procurements, limited support for electronic  submission of bids, duplicate entries on the system, failure to generate  compliance reports and insufficiently detailed procurement plans.",procurement_irregularities,procurement_irregularities,1,,"limited support for electronic  submission of bids, duplicate entries on the system, fa",,,False
2025,2025_AGRPT@CON2025.pdf,760,"Mulago  National  Referral  Hospital  Human  Capital  Development  Unqualified  i)  The entity did not reserve any procurements for registered association for  women, youth and people with disabilities as required by the PPDA guidelines.",procurement_irregularities,procurement_irregularities,1,,,,,True
2025,2025_AGRPT@CON2025.pdf,760,iii) There were no contract management plans and contract management reports for  nine (9) contracts worth UGX.1.484Bn.,contract_management,contract_management,1,,,,,False
2025,2025_AGRPT@CON2025.pdf,760,xii) The Hospital paid domestic arrears worth UGX.1.027bn which were not budgeted  for.,delayed_payments,delayed_payments,1,,,,,True
2025,2025_AGRPT@CON2025.pdf,760,Mulago Specialized  Women & Neonatal  Hospital (MSWNH)  Human  Capital  Development  Unqualified  i)  There was a 11% increase in the Hospitals domestic arrears from UGX.3.862Bn  to UGX.4.293Bn.,delayed_payments,delayed_payments,1,,,,,True
2025,2025_AGRPT@CON2025.pdf,760,v)  The Hospital made payments for settlement of arrears worth UGX.0.29Bn beyond  the approved domestic arrears budget without seeking approvals of the PSST.,delayed_payments,delayed_payments,1,,,,,True
2025,2025_AGRPT@CON2025.pdf,760,"xii) Support supervision of Regional Referral Hospital mental health units was limited  by funding constraints, lack of transport, and critical staffing shortages.",contract_management,contract_management,1,,"limited  by funding constraints, lack of transport, and critical staffing shortages",,,True
2025,2025_AGRPT@CON2025.pdf,760,"viii) I noted non-compliance with the reservation scheme for women, youth, and  persons with disabilities, as the Airline’s published procurement plan did not  indicate procurements reserved for these groups, contrary to PPDA Guideline  No.",contract_management,contract_management|procurement_irregularities,2,,,,,False
2025,2025_AGRPT@CON2025.pdf,760,"ix) 1,086 obsolete stationery items identified in the 2023/24 stock take were not  included in the procurement and disposal plan for FY 2024/25.",procurement_irregularities,procurement_irregularities,1,,,,,False
2025,2025_AGRPT@CON2025.pdf,760,"vii) The Corporation did not comply with the 15% procurement reservation scheme  for registered associations of women, youth, and persons with disabilities, and  no contracts were awarded to these groups during the year.",procurement_irregularities,procurement_irregularities,1,,,Corporation did not comply with the 15% procurement reservation scheme  for registered asso,,False
2025,2025_AGRPT@CON2025.pdf,760,"viii) Out of planned procurements valued at UGX.213.467Bn, only UGX.18.834Bn  (9%) were awarded, indicating very low implementation of the approved  procurement plan.",procurement_irregularities,procurement_irregularities,1,,,,,False
2025,2025_AGRPT@CON2025.pdf,760,"x)  A contract for rehabilitation of passenger coaches valued at UGX.107.706Mn  experienced delays of 133 days without approved extensions, and liquidated  damages were not enforced, indicating weak contract management controls.",contract_management,contract_management,1,,,,,True
2025,2025_AGRPT@CON2025.pdf,760,"314  Entity Name  Programme  Name  Opinion    Summary of Key Findings  I noted that;  xv) Significant weaknesses were noted in safeguarding of assets valued at  approximately  UGX.3.438Tn  including  unsecured  land,  stone  quarries,  telecommunication masts, locomotives, railway lines, and uninsured assets  xvi) Weak internal controls were noted in the investigation of asset losses, including  theft of 46 rails at Jinja Goods Shed and 394 untraceable wagons under the  Nyahururu Virtual Station, increasing the risk of continued asset loss and  misappropriation.",governance_and_controls,governance_and_controls,1,Programme  Name  Opinion    Summary of Key Findings  I noted that;  xv) Significant weaknesses were,,,,True
2025,2025_AGRPT@CON2025.pdf,760,"iii) The Authority had one outstanding letter of credit valued at UGX.8.434Bn  relating to the procurement of ferries and dredging equipment for Lake Kyoga,  which remained partially performed as at 30th June 2025.",procurement_irregularities,procurement_irregularities,1,,,Authority had one outstanding letter of credit valued at UGX,,False
2025,2025_AGRPT@CON2025.pdf,760,"xiii) Of the sixty-one (61) road projects handed over to the Ministry at various stages  of implementation, thirty-four (34) were behind the planned level of physical  progress as at 30th June 2025, increasing the risk of delayed completion and  deterioration of earlier works.",delay_time_overrun,delay_time_overrun,1,,,"Ministry at various stages  of implementation, thirty-four (34) were behind the planned ",,True
2025,2025_AGRPT@CON2025.pdf,760,"xiv) Fourteen (14) transferred road projects valued at UGX.1,852Bn stalled after  handover to the Ministry of Works and Transport, while twelve (12) additional  projects for which no funds were released had not commenced, delaying  expected service delivery.",delay_time_overrun,delay_time_overrun,1,,,"Ministry of Works and Transport, while twelve (12) additional  projects for which no fun",,True
2025,2025_AGRPT@CON2025.pdf,760,"317  Entity Name  Programme  Name  Opinion    Summary of Key Findings  I noted that;  xvii) Government-funded road projects experienced widespread suspension or  reduction of works due to delayed payments of IPCs, including Masindi–Biiso– Kabale–Kiziranfumbi–Hohwa–Nyairongo–Butole,  Ntungamo–Kabale–Katuna,  Kabaale International Airport Access Road, Hoima–Busunju, Moroto–Lokitanyala,  Olwiyo–Pakwach, and selected town roads in Pallisa and Kumi.",delayed_payments,delayed_payments,1,Programme  Name  Opinion    Summary of Key Findings  I noted that;  xvii) Government-funded road pr,,,,True
2025,2025_AGRPT@CON2025.pdf,760,"4050026000001) in the names of OPM –  Disaster Resettlement Funds, earmarked for the procurement of land and  provision of cash transfers for resettlement of households affected by landslides  and mudslides in the Elgon sub-region.",land_and_right_of_way,land_and_right_of_way|procurement_irregularities,2,,,,,False
2025,2025_AGRPT@CON2025.pdf,760,"The unutilised funds were meant for  undertaking Stakeholder engagements and support supervision, payment of  contract staff salaries and other operational recurrent activities.",contract_management,contract_management,1,,,,,False
2025,2025_AGRPT@CON2025.pdf,760,"xi) Out of the 5 sampled procurements, one (1) procurement worth UGX.0.825Bn  had delays of three (3) months from the expected completion date.",procurement_irregularities,procurement_irregularities,1,,,,,False
2025,2025_AGRPT@CON2025.pdf,760,vi) Seven (7) contracts worth UGX.4.340Bn included in the Project’s procurement  plan were not executed.,procurement_irregularities,procurement_irregularities,1,Project’s procurement  plan were not executed,,,,False
2025,2025_AGRPT@CON2025.pdf,760,vii) The Project delayed to conclude 11 procurements worth UGX.13.746Bn by more  than ten (10) months from initiation to contract signing.,procurement_irregularities,procurement_irregularities,1,Project delayed to conclude 11 procurements worth UGX,,,,False
2025,2025_AGRPT@CON2025.pdf,760,Agriculture  Value  Chain Development  Project (AVCDP)  Agro- Industrialization  Unqualified  i)  The Project planned to execute procurements worth UGX.42.21Bn during the  financial year 2024/2025.,procurement_irregularities,procurement_irregularities,1,Project (AVCDP)  Agro- Industrialization  Unqualified  i)  The Project planned to execute procure,,,,False
2025,2025_AGRPT@CON2025.pdf,760,"xiii) Two (2) construction contracts worth UGX.16.91Bn were behind schedule, while  four (4) supplies worth UGX.3.03Bn procured and delivered to MAAIF and  NAGRC stores remained undistributed three (3) months after delivery.",delay_time_overrun,delay_time_overrun,1,,,,,True
2025,2025_AGRPT@CON2025.pdf,760,"ii)  Out of the Council’s approved budget of UGX.80.58Bn, only UGX.20.64Bn (26%)  was realized, leaving a UGX.59.94Bn (74%) shortfall that affected procurement  of the Mpoma perimeter wall contractor, acquisition of vehicles, and  establishment of a non-ionizing radiation laboratory.",procurement_irregularities,procurement_irregularities,1,,,,,True
2025,2025_AGRPT@CON2025.pdf,760,Medical  and  Environmental  Anthropology  for  East Africa in the  21st  Century  (AnthEM  Project)  (MUK)  for  the  Period  31st  Dec  2024  Human  Capital  Development  Unqualified  There were no reportable issues  Institutionalization  of  Advanced  Research Training in  Africa  -  iCARTA  Project (MUK) for  the Period ended  31st Dec 2024  Human  Capital  Development  Unqualified  There were no reportable issues  Makerere  Lung  Institute (MLI) 30th  June 2024  Human  Capital  Development  Unqualified  i)  I noted that no procurement plan was prepared contrary to the procurement  manual.,procurement_irregularities,procurement_irregularities,1,Project)  (MUK)  for  the  Period  31st  Dec  2024  Human  Capital  Development  Unqualified  The; Project (MUK) for  the Period ended  31st Dec 2024  Human  Capital  Development  Unqualified  The,,,,False
2025,2025_AGRPT@CON2025.pdf,760,"ii)  USD 6,000 was paid to a non-project staff under Voucher Numbers 64759 anof  undergoing through proper procurement procedures to outsource the  consultant.",procurement_irregularities,procurement_irregularities,1,project staff under Voucher Numbers 64759 anof  undergoing through proper procurement procedures ,,,,False
2025,2025_AGRPT@CON2025.pdf,760,"iv) The College does not have a full-time Procurement Officer however, the Ministry  of Agriculture, Animal Industries and Fisheries (MAAIF) assigned an officer to  support the College on a part time basis.",procurement_irregularities,procurement_irregularities,1,,,"Ministry  of Agriculture, Animal Industries and Fisheries (MAAIF) assigned an officer to",,False
2025,2025_AGRPT@CON2025.pdf,760,iii)  The University did not prepare multi-year procurement plans for 2  procurements worth UGX.2.579Bn.,procurement_irregularities,procurement_irregularities,1,,,,,False
2025,2025_AGRPT@CON2025.pdf,760,iv)  Fourty (40) obsolete assets were recommended for disposal but were not  included in the procurement and disposal plan for the financial year 24/25.,procurement_irregularities,procurement_irregularities,1,,,,,False
2025,2025_AGRPT@CON2025.pdf,760,"Climate Change and  Infectious Diseases  (One  Health  Approach”  -  CIDIMOH  Project  (MAK)  for  the  period ended 31st  December 2024  Human  Capital  Development  Unqualified  There were no reportable issues  Climate  Smart  Agriculture in Sub- Saharan  Africa  (CSA)  Project  (MUK)  for  the  period ended 31st  December 2024  Human  Capital  Development  Unqualified  There were no reportable issues  Energy Technology  Network  (Energynet) Project  Human  Capital  Development  Unqualified  There were no reportable issues    333  Entity Name  Programme  Name  Opinion    Summary of Key Findings  I noted that;  (MUK)  for  the  Period 1st Jan 2024  to 31st Dec 2024  Gender  and  Digitalization Across  Context  (GENDIG)  Project (MUK) for  period 1st Jan 2024  to 31st Dec 2024  Human  Capital  Development  Unqualified  There were no reportable issues  Enhanced Capacity  for  Aquatic  Resources in East  and  South  Africa  (ECARESA) Project  (MUK)  for  the  period 1st Jan 2024  to 31st Dec 2024  Human  Capital  Development  Unqualified  There were no reportable issues  Decolonizing  Epistemologies: The  Disciplines and the  University  in  relation  to  the  Society  and  the  World  Project  (MUK)  for  the  Period 1st Jan 2024  to 31st Dec 2024  Human  Capital  Development  Unqualified  There were no reportable issues    Co  -  Creating  Knowledge for Local  Adaptation  to  Climate Change in  LDCS  (COLOCAL)  Project (MUK) for  the period 1st Jan  2024 to 31st Dec  2024  Human  Capital  Development  Unqualified  There were no reportable issues    334  Entity Name  Programme  Name  Opinion    Summary of Key Findings  I noted that;  Competitiveness  and  Enterprise  Development  Project (CEDP-AF) –  MoFPED    Public  Sector  Transformation  &  Tourism  Development  Unqualified  i)  For procurements worth UGX.2.577Bn, the project shortlisted providers that  were not on its prequalified list of suppliers.",procurement_irregularities,procurement_irregularities,1,Project  (MAK)  for  the  period ended 31st  December 2024  Human  Capital  Development  Unqualif; Project  (MUK)  for  the  period ended 31st  December 2024  Human  Capital  Development  Unqualif,,,,True
2025,2025_AGRPT@CON2025.pdf,760,"Development  Response  to  Displacement  Impact Project for  seven  months’  period 1st July 2024  to 31st Jan 2025  (Closure Audit)      Governance  and  Security  Unqualified  i)  DRDIP recorded a net foreign exchange gain of USD.758,960 across the grant  and credit components at the close of the Project.",governance_and_controls,governance_and_controls,1,Project for  seven  months’  period 1st July 2024  to 31st Jan 2025  (Closure Audit)      Governa; Project,,,grant  and credit components at the close of the Project,False
2025,2025_AGRPT@CON2025.pdf,760,"xii) A review of the construction of community access roads from Labworoyeng,  Pawena, Laliya, Pawic, Lagot Anyara, to Beyogoya - Prelnor Junction point worth  UGX.1.50Bn revealed a number of gaps including; award of extra works without  approval by DIST and PIST, incomplete works including graveling of the road,  poor grading, lack of culverts at critical points of the road, and abandonment of  the site by the contractor.",delay_time_overrun,delay_time_overrun,1,,,,,True
2025,2025_AGRPT@CON2025.pdf,760,"ii)  Key functions such as Accounts, Internal Audit, ICT, Procurement and  Planning, are not on the NCIC staff structure.",procurement_irregularities,procurement_irregularities,1,,,,,False
2025,2025_AGRPT@CON2025.pdf,760,iii)  I reviewed DGAL’s published procurement plan and noted that the entity did  not indicate the procurements reserved for registered Associations as required  by the guidelines.,procurement_irregularities,procurement_irregularities,1,,,,,False
2025,2025_AGRPT@CON2025.pdf,760,"Economic  Policy  Research  Centre  (EPRC)  Human  Capital  Development  Unqualified  There were no material reportable issues    Education  Service  Commission (ESC)  Human  Capital  Development  Unqualified  i)  Although the Commission was required to reserve procurement of UGX.1.353  billion (15%) under the procurement reservation Scheme, only UGX.4.672  million (0.05%) was awarded.",procurement_irregularities,procurement_irregularities,1,,,Commission (ESC)  Human  Capital  Development  Unqualified  i)  Although the Commission wa,,False
2025,2025_AGRPT@CON2025.pdf,760,iii) Two motor vehicles recommended for disposal by the board of survey for FY  2023/2024 were not included in the 2024/2025 procurement and disposal plan.,procurement_irregularities,procurement_irregularities,1,,,,,False
2025,2025_AGRPT@CON2025.pdf,760,"viii) Three (3) years after the Presidential Directive to conclude a direct procurement  agreement for the construction of the Commission’s headquarters, the  Commission had not implemented the required agreement or contract.",procurement_irregularities,procurement_irregularities,1,,,"Commission’s headquarters, the  Commission had not implemented the required agreement or c",,True
2025,2025_AGRPT@CON2025.pdf,760,"iv) Procurements of UGX 713,428,056 were not in the procurement plan.",procurement_irregularities,procurement_irregularities,1,,,,,False
2025,2025_AGRPT@CON2025.pdf,760,The unimplemented plan procurements majorly relate to procurement of  Laboratory Equipment that were still ongoing as year end.,procurement_irregularities,procurement_irregularities,1,,,,,False
2025,2025_AGRPT@CON2025.pdf,760,xii) Procurements worth UGX.427.75Mn were undertaken during the year yet they  were not in the approved procurement plan.,procurement_irregularities,procurement_irregularities,1,,,,,False
2025,2025_AGRPT@CON2025.pdf,760,xiii) Procurements UGX.428.41Mn were undertaken without contract managers.,procurement_irregularities,procurement_irregularities,1,,,,,False
2025,2025_AGRPT@CON2025.pdf,760,"In  such circumstances, the programme is exposed to the risk of inadequate  supervision and oversight during contract implementation.",contract_management,contract_management|governance_and_controls,2,programme is exposed to the risk of inadequate  supervision and oversight during contract implement,,,,False
2025,2025_AGRPT@CON2025.pdf,760,viii) Procurements worth UGX.246.78Mn were undertaken during the year yet they  were not in the approved procurement plan.,procurement_irregularities,procurement_irregularities,1,,,,,False
2025,2025_AGRPT@CON2025.pdf,760,ix) Procurements totalling UGX.176.89Mn were undertaken without contract  managers.,procurement_irregularities,procurement_irregularities,1,,,,,False
2025,2025_AGRPT@CON2025.pdf,760,"In such circumstances, the programme is exposed to the risk of  inadequate supervision and oversight during contract implementation.",contract_management,contract_management|governance_and_controls,2,programme is exposed to the risk of  inadequate supervision and oversight during contract implement,,,,False
2025,2025_AGRPT@CON2025.pdf,760,"Grid Expansion and  Reinforcement  Project  (GERP)  - UETCL)  Energy  Development  Unqualified  i)  Despite project completion and loan closure, ongoing litigation and arbitration  cases involve potential claims of approximately UGX.2.8 Bn against the Company.",claims_and_disputes,claims_and_disputes,1,Project  (GERP)  - UETCL)  Energy  Development  Unqualified  i)  Despite project completion and l,Company,,"loan closure, ongoing litigation and arbitration  cases involve ",True
2025,2025_AGRPT@CON2025.pdf,760,Low absorption was due to procurement delays.,procurement_irregularities,procurement_irregularities,1,,,,,False
2025,2025_AGRPT@CON2025.pdf,760,iii) The procurement worth UGX 0.015 Bn was neither in the approved plan nor an  emergency in nature.,procurement_irregularities,procurement_irregularities,1,,,,,False
2025,2025_AGRPT@CON2025.pdf,760,"v) Eight (8) procurements undertaken during the year worth UGX 0.447 Bn did not  have evidence that all bidders received the best evaluated bidder (BEB) notice  prior to contract award, as required by the regulations.",procurement_irregularities,procurement_irregularities,1,,,,,False
2025,2025_AGRPT@CON2025.pdf,760,"xi) There were irregularities in the procurement process which included failure to  use framework contracts, repeated splitting of procurements into low-value  LPOs, and implementation of unplanned procurements.",procurement_irregularities,procurement_irregularities,1,,,,,False
2025,2025_AGRPT@CON2025.pdf,760,"In addition, the PDU  lacked adequate staffing, segregation of duties, limited internal audit coverage,  and did not consistently prepare procurement performance reports.",procurement_irregularities,procurement_irregularities,1,,"limited internal audit coverage,  and did not consistently prepare procurement performa",,,False
2025,2025_AGRPT@CON2025.pdf,760,iv) The entity did not indicate the procurements reserved for registered associations  of women and PwDs as required by the procurement guidelines.,procurement_irregularities,procurement_irregularities,1,,,,,False
2025,2025_AGRPT@CON2025.pdf,760,"Young Africa Works  Uganda  –  Enhancing  Firm  Public  Sector  Development  Unqualified  i)  Control lapses were identified in the management of advances, including  delayed accountability that resulted in expenditure incurred in 2020 and 2021  being recorded in 2022.",governance_and_controls,governance_and_controls,1,,,,,True
2025,2025_AGRPT@CON2025.pdf,760,"The procurement was never concluded, and the car supplier is yet  to refund the amount.",procurement_irregularities,procurement_irregularities,1,,,,,False
2025,2025_AGRPT@CON2025.pdf,760,iv) Project procurements worth UGX.30.504Bn conducted during the year did not  comply with the standard lead times prescribed in the regulations.,procurement_irregularities,procurement_irregularities,1,Project procurements worth UGX,,,,False
2025,2025_AGRPT@CON2025.pdf,760,"iii) There was delay in the implementation of procurements valued at UGX  18,735,535,016.",procurement_irregularities,procurement_irregularities,1,,,,,False
2025,2025_AGRPT@CON2025.pdf,760,ii)  Out of the total available funds of UGX.3.911Bn only UGX.0.011Bn (0.03%) was  spent resulting in unspent balance of UGX.3.900Bn owing to prolonged  procurement processes.,procurement_irregularities,procurement_irregularities,1,,,,,False
2025,2025_AGRPT@CON2025.pdf,760,"ii)  Out of the total available donor funds of UGX.15.17Bn only UGX.1.16Bn was  absorbed resulting in unspent balance of UGX.14.01Bn (7.6%), owing to delayed  procurement processes, e.g.",procurement_irregularities,procurement_irregularities,1,,,,,False
2025,2025_AGRPT@CON2025.pdf,760,"iii) One procurement of UGX.1.335Bn was initiated and approved without  confirming the availability of funds, which contravened the requirements of the  PPDA regulations.",procurement_irregularities,procurement_irregularities,1,,,,,False
2025,2025_AGRPT@CON2025.pdf,760,"vi) Some procurements in JSC’s detailed procurement plan were not clearly defined  as the plan included broadly defined activities such as staff training, welfare and  entertainment, workshops, meetings and seminars as subjects of procurement  instead of the actual goods or services to be procured.",procurement_irregularities,procurement_irregularities,1,,,,,False
2025,2025_AGRPT@CON2025.pdf,760,The failure to include  specific procurements defeats the purpose of procurement planning.,procurement_irregularities,procurement_irregularities,1,,,,,False
2025,2025_AGRPT@CON2025.pdf,760,"367  Entity Name  Programme  Name  Opinion    Summary of Key Findings  I noted that;  This undermines government efforts to promote transparency, accountability,  and efficiency in public procurement.",governance_and_controls,governance_and_controls|procurement_irregularities,2,Programme  Name  Opinion    Summary of Key Findings  I noted that;  This undermines government effo,,,,False
2025,2025_AGRPT@CON2025.pdf,760,v) Procurement and construction of two (2) merchant vessels and two (2) search  and rescue boats had progressed to 63.9% completion by August 2025.,procurement_irregularities,procurement_irregularities,1,,,,,True
2025,2025_AGRPT@CON2025.pdf,760,"370  Entity Name  Programme  Name  Opinion    Summary of Key Findings  I noted that;  iii) A procurement valued at UGX 106.3 million was initiated for implementation in  the next year, yet no multi-year procurement plan was prepared by the entity.",procurement_irregularities,procurement_irregularities,1,Programme  Name  Opinion    Summary of Key Findings  I noted that;  iii) A procurement valued at UG,,,,False
2025,2025_AGRPT@CON2025.pdf,760,vi) Two obsolete assets were recommended for disposal but not included in the  2024/2025 procurement and disposal plan.,procurement_irregularities,procurement_irregularities,1,,,,,False
2025,2025_AGRPT@CON2025.pdf,760,"The  Political  Economy of Food  System Governance  Around  Lake  Victoria  Project,  Implemented by the  Kabale  University  (KAB)  for  period  ended  31st  December 2024    Human  Capital  Development  Unqualified  i)  The Project received DDK.",governance_and_controls,governance_and_controls,1,"Project,  Implemented by the  Kabale  University  (KAB)  for  period  ended  31st  December 2024 ; Project received DDK",,,,False
2025,2025_AGRPT@CON2025.pdf,760,Greater  Kampala  Metropolitan  Area  Urban Development  Program  Agro- industrialization  Community  mobilization  and  mindset change    Unqualified  i)  The Procurement Plan for the entity on the e-GP public portal had a total  estimated amount of UGX.13.47Bn while the Procurement Plan on the EGP  oversight portal had a total estimated value of UGX.4.40Bn implying that the  plan on the oversight portal was not up to date.,governance_and_controls,governance_and_controls|procurement_irregularities,2,Program  Agro- industrialization  Community  mobilization  and  mindset change    Unqualified  i),,,,False
2025,2025_AGRPT@CON2025.pdf,760,"371  Entity Name  Programme  Name  Opinion    Summary of Key Findings  I noted that;  Development  plan  implementation  Digital  transformation  Human  capital  development  Integrated  transport  infrastructure  and  services  Natural  resources,  environment,  climate  change,  land and water  Public  sector  transformation  Tourism  development  Human  Capital  Development  ii)  Six (6) procurements worth UGX.1.08Bn were not carried out.",procurement_irregularities,procurement_irregularities,1,Programme  Name  Opinion    Summary of Key Findings  I noted that;  Development  plan  implementati,,,,True
2025,2025_AGRPT@CON2025.pdf,760,"vi) Four (4) procurements worth UGX.3.16Bn were executed outside the E-GP,  without justification for bypassing the system  vii) There were a number of challenges in the use of e-GP, including: inadequate  oversight, insufficient documentation, processing procurements out of the  system, inadequate documentation, missing details such as timelines,  recommended procurement methods among others.",governance_and_controls,governance_and_controls|procurement_irregularities,2,,,,,False
2025,2025_AGRPT@CON2025.pdf,760,"xvi) Several activities were partially implemented including disbursement of  Metropolitan Development Grant to implement entities for road upgrades,  Engineering designs for eight (8) Markets produced, developing a central GKMA  GIS system and developing a GKMA innovation hub, Preparation of an  Environmental Management System Manual for the GKMA and Preparation of a  GKMA air quality monitoring situational analysis report  xvii) I reviewed the procurement file, and other documentation for the Development  Regulation Management Information System (DRIMS) and noted that the  contractor was paid UGX.126.47Mn (100%) after production of only the  inception report yet the contract required (20%) to be paid on receipt of the  inception report, 40% upon completion of system logical design and  development, 20% on receipt of change management report while 20% was to  be paid on receipt of the completion report.",procurement_irregularities,procurement_irregularities,1,,,,"Grant to implement entities for road upgrades,  Engineering desig",True
2025,2025_AGRPT@CON2025.pdf,760,"xviii)  A number of gaps including delays in procurements, failure to revise project  timelines, unspent funds from the appropriated budget and foreign exchange  losses due to fluctuations were noted from the review of World Bank reports.",procurement_irregularities,procurement_irregularities,1,"project  timelines, unspent funds from the appropriated budget and foreign exchange  losses due t",,,World Bank reports,False
2025,2025_AGRPT@CON2025.pdf,760,"For example; Civil works  procurement was still under evaluation, the Corridor Development Plan and the  Livelihood Restoration Program had not commenced.",procurement_irregularities,procurement_irregularities,1,Program had not commenced,,,,True
2025,2025_AGRPT@CON2025.pdf,760,"ii)  Compensation to 63 Project-Affected Persons (PAPs), amounting to UGX 451.7  million, remained incomplete due to various issues including; documentation  gaps, court cases, and administrative delays.",claims_and_disputes,claims_and_disputes,1,"Project-Affected Persons (PAPs), amounting to UGX 451",,,,False
2025,2025_AGRPT@CON2025.pdf,760,375  Entity Name  Programme  Name  Opinion    Summary of Key Findings  I noted that;  Kawempe National  Referral  Hospital  (KNRH)  Human  Capital  Development  Unqualified  i)  The entity did not indicate the procurements reserved for registered  associations as required by the guidelines.,procurement_irregularities,procurement_irregularities,1,Programme  Name  Opinion    Summary of Key Findings  I noted that;  Kawempe National  Referral  Hos,,,,True
2025,2025_AGRPT@CON2025.pdf,760,ii)  The Hospital did not execute one procurement worth UGX.18.755Mn.,procurement_irregularities,procurement_irregularities,1,,,,,True
2025,2025_AGRPT@CON2025.pdf,760,vi) I compared the quantities of EMHS in the budget/procurement plan of Kayunga  RRH with their orders as submitted to NMS and noted variances.,procurement_irregularities,procurement_irregularities,1,,,,,False
2025,2025_AGRPT@CON2025.pdf,760,"vii) I noted that 104 items worth UGX.33.64Mn of EMHS were ordered above the  procurement requirement, while 102 items worth UGX.335.17Mn were ordered  below the procurement requirement.",procurement_irregularities,procurement_irregularities,1,,,,,False
2025,2025_AGRPT@CON2025.pdf,760,viii) I noted that 60 obsolete assets were recommended for disposal but were not  included in the procurement and disposal plan for the financial year 2025/26.,procurement_irregularities,procurement_irregularities,1,,,,,False
2025,2025_AGRPT@CON2025.pdf,760,"vi)  The hospital planned to execute procurements worth UGX.8.35Bn, however, the  total awarded contracts amounted to only UGX.578.46Bn (7%).",procurement_irregularities,procurement_irregularities,1,,,,,True
2025,2025_AGRPT@CON2025.pdf,760,"xiv) I extracted a sample of 53 EMHS from the procurement plan/budget and I  compared their price with the average prices in the delivery notes for a sample  of 3 cycles (4,5,6) and I noted that 10(19%) EMHS had been overpriced leading  to an excess cost of UGX.0.007Bn.",procurement_irregularities,procurement_irregularities,1,,,,,False
2025,2025_AGRPT@CON2025.pdf,760,vi)  59 obsolete assets were recommended for disposal but were not included in the  procurement and disposal plan for the financial year 24/25.,procurement_irregularities,procurement_irregularities,1,,,,,False
2025,2025_AGRPT@CON2025.pdf,760,"Kabale  Regional  Referral Hospital  Human  capital  development  Unqualified  i)  The statement of financial position reported an outstanding balance of  UGX.0.448Bn in respect of unpaid retention fees and other works on the interns’  hostel, and pension arrears of UGX.0.018Bn which remained unpaid.",delayed_payments,delayed_payments,1,,,,,True
2025,2025_AGRPT@CON2025.pdf,760,vii) Nine (9) obsolete assets were recommended for disposal but were not included  in the procurement and disposal plan for the financial year 2024/25.,procurement_irregularities,procurement_irregularities,1,,,,,False
2025,2025_AGRPT@CON2025.pdf,760,"vi) For 17 procurements of works worth UGX.174.27Mn under the micro  procurement method, the entity did not obtain at least three quotations for  comparison purposes as required.",procurement_irregularities,procurement_irregularities,1,,,,,True
2025,2025_AGRPT@CON2025.pdf,760,v)  The hospital did not indicate the procurements reserved for registered  associations as required by the guidelines.,procurement_irregularities,procurement_irregularities,1,,,,,True
2025,2025_AGRPT@CON2025.pdf,760,"vi)  I observed stalled construction of the surgical complex; which started in  financial year 2014/2015 at a cost of UGX.6Bn to house facilities like ICU,  casualty, operating theatres and wards.",delay_time_overrun,delay_time_overrun,1,,,,,True
2025,2025_AGRPT@CON2025.pdf,760,"v)  The Regional Referral Hospital did not indicate the procurements reserved for  registered associations as required by the guidelines and as such, no contract  awards were made to the registered associations.",procurement_irregularities,procurement_irregularities,1,,,,,True
2025,2025_AGRPT@CON2025.pdf,760,vi)  Twenty-One (21) obsolete assets were recommended for disposal but were not  included in the procurement and disposal plan for the financial year 2024/2025.,procurement_irregularities,procurement_irregularities,1,,,,,False
2025,2025_AGRPT@CON2025.pdf,760,viii) The entity did not prepare multi-year procurement plans for One (01)  procurement worth UGX.8.5Bn.,procurement_irregularities,procurement_irregularities,1,,,,,False
2025,2025_AGRPT@CON2025.pdf,760,ix)  I reviewed the procurement plan and noted that one (01) procurement worth  UGX.33.7Mn was not executed.,procurement_irregularities,procurement_irregularities,1,,,,,False
2025,2025_AGRPT@CON2025.pdf,760,x)  One (01) procurement worth UGX.23.4Mn was conducted using the direct  procurement method with no justification.,procurement_irregularities,procurement_irregularities,1,,,,,False
2025,2025_AGRPT@CON2025.pdf,760,"vii)  I reviewed the Board of survey report for the prior year 2023/2024 and noted  that 01 (one) obsolete asset (Ambulance UAN610N) was recommended for  disposal, but was not included in the procurement and disposal plan for the  financial year 2024/2025.",procurement_irregularities,procurement_irregularities,1,,,,,False
2025,2025_AGRPT@CON2025.pdf,760,iii) I reviewed the Board of Survey report for the prior year 2023/2024 and noted  that several obsolete and non-functional assets were not recommended for  disposal nor included in the procurement and disposal plan for the financial year  2024/2025.,procurement_irregularities,procurement_irregularities,1,,,,,False
2025,2025_AGRPT@CON2025.pdf,760,"v)  I noted that 8 items worth UGX.68Mn of EMHS were ordered above the  procurement requirement, while 1 item worth UGX.1Mn was ordered below the  procurement requirement.",procurement_irregularities,procurement_irregularities,1,,,,,False
2025,2025_AGRPT@CON2025.pdf,760,v)  Nine (9) obsolete assets were recommended for disposal but were not included  in the procurement and disposal plan for the financial year 2024/25.,procurement_irregularities,procurement_irregularities,1,,,,,False
2025,2025_AGRPT@CON2025.pdf,760,I further noted  that the contract was signed after the bid validity had expired.,procurement_irregularities,procurement_irregularities,1,,,,,False
2025,2025_AGRPT@CON2025.pdf,760,"Kiruddu National Referral  Hospital  Human Capital  Development  Unqualified  i)  Whereas the entity reported to have undertaken market assessments for five (5)  procurements worth UGX.1.67Bn, there were no market price assessment  reports to support this.",procurement_irregularities,procurement_irregularities,1,,,,,True
2025,2025_AGRPT@CON2025.pdf,760,"viii) I noted shortcomings that affect the hospital’s quality of services including;  delayed procurement of medical supplies, high costs of dialysis treatments,  inadequate funding by the government for the dialysis programme,  understaffing of critical units, inadequate medical equipment, and spells of  shortages of essential medicines and supplies.",procurement_irregularities,procurement_irregularities,1,"programme,  understaffing of critical units, inadequate medical equipment, and spells of  shortages",,,,True
2025,2025_AGRPT@CON2025.pdf,760,v) The University did not prepare a multi-year procurement plan for one (1)  procurement worth UGX 2.026 Bn.,procurement_irregularities,procurement_irregularities,1,,,,,False
2025,2025_AGRPT@CON2025.pdf,760,iii) Procurements worth UGX.68.10Mn (0.7%) out of UGX.10.034Bn were reserved  for special interest groups contrary to the guidelines that require a reservation of  at least 15% of the total annual procurement budget.,procurement_irregularities,procurement_irregularities,1,,,,,False
2025,2025_AGRPT@CON2025.pdf,760,vi) LDC repeatedly procured services for the repair of motor vehicles and meals for  staff in 16 sampled procurements worth UGX.0.52Bn through other procurement  methods rather than utilizing framework arrangements as provided for under the  Regulations.,procurement_irregularities,procurement_irregularities,1,,,,,False
2025,2025_AGRPT@CON2025.pdf,760,"However, these were not included in the  procurement and disposal plan for the FY 2024/25 and hence were not disposed  of.",procurement_irregularities,procurement_irregularities,1,,,,,False
2025,2025_AGRPT@CON2025.pdf,760,The affected activities included  resettlement house construction (99%) and compensation of PAPs (98.9%).,land_and_right_of_way,land_and_right_of_way,1,,,,,True
2025,2025_AGRPT@CON2025.pdf,760,The low donor disbursements were due to delayed  procurement of an EPC contractor.,procurement_irregularities,procurement_irregularities,1,,,,,True
2025,2025_AGRPT@CON2025.pdf,760,"v) Of the nine (9) planned activities, one (1) was partially achieved, while the eight  (8) remaining activity targets were not achieved, including; PAP compensation,  titling of the transmission line corridor, and construction of resettlement houses.",land_and_right_of_way,land_and_right_of_way,1,,,,,True
2025,2025_AGRPT@CON2025.pdf,760,Mutundwe-Entebbe  132  Kv  Double  Circuit Transmission  Line project for the  year  ended  30th  June 2024  Energy  Development  Unqualified  i)  There was no valid contract for provision of consultancy services between UETCL  and M/S GOPA Intec and yet there were defects liability period activities that  were supposed to be supervised.,contract_management,contract_management,1,project for the  year  ended  30th  June 2024  Energy  Development  Unqualified  i)  There was no,M/S GOPA Intec and yet there were defects liability period activities that  were su,,,True
2025,2025_AGRPT@CON2025.pdf,760,iv) The university did not prepare a multi-year procurement plan for the  construction of the Administration block which was awarded at a contract sum of  UGX 13.82Bn.,procurement_irregularities,procurement_irregularities,1,,,,,True
2025,2025_AGRPT@CON2025.pdf,760,The outstanding payables relate to  unpaid construction works and may attract litigation.,claims_and_disputes,claims_and_disputes,1,,,,,True
2025,2025_AGRPT@CON2025.pdf,760,"iii) Out of the planned procurements worth UGX.65m, all were not implemented,  indicating weaknesses in procurement execution and planning.",procurement_irregularities,procurement_irregularities,1,,,,,False
2025,2025_AGRPT@CON2025.pdf,760,ii)  Four (4) procurements worth UGX.0.299Bn were initiated in prior periods and  completed in the current year yet the entity did not prepare multi-year  procurement plans.,procurement_irregularities,procurement_irregularities,1,,,,,False
2025,2025_AGRPT@CON2025.pdf,760,ii)  Direct procurement method was used to procure printing materials worth  UGX.99.18Mn without necessary approvals and justification.,procurement_irregularities,procurement_irregularities,1,,,,,False
2025,2025_AGRPT@CON2025.pdf,760,Makerere University  Business  School  (MUBS)  Human  Capital  Development  Unqualified  i)  A sum of UGX.4.454 Bn was drawn from the current year’s budget to pay  domestic arrears that were not budgeted for.,delayed_payments,delayed_payments,1,,,,,True
2025,2025_AGRPT@CON2025.pdf,760,x) The School land at Kireeka Hill view Road measuring 2.24 acres and valued at  UGX.2.01Bn had been fully encroached on and developed by squatters.,land_and_right_of_way,land_and_right_of_way,1,,,,,True
2025,2025_AGRPT@CON2025.pdf,760,"iii) I noted variances between estimated costs and contract values in the  procurement of 3 pieces of Lesser Lenovo Think Center M70 desktop and 2 PH  lesser jet printers, due to failure to undertake market assessment.",procurement_irregularities,procurement_irregularities,1,,,,,False
2025,2025_AGRPT@CON2025.pdf,760,"iv) The construction of the MTAC Centre in Mbale had not been formally transferred  to Nakawa Vocational Training College, raising supervision concerns.",contract_management,contract_management,1,,,,,True
2025,2025_AGRPT@CON2025.pdf,760,"ii)  The stadium undertook a procurement worth UGX.0.604Bn which was neither  included in the approved plan, nor was it cleared by the Solicitor General.",procurement_irregularities,procurement_irregularities,1,,,,,True
2025,2025_AGRPT@CON2025.pdf,760,"iv) I noted procurement irregularities, among others including; Failure to prepare  multi-year procurement plans; Non-compliance with reservation schemes;  Failure to conduct market assessment and Splitting of procurements.",contract_management,contract_management|procurement_irregularities,2,,,,,False
2025,2025_AGRPT@CON2025.pdf,760,"ix) I noted E-GP System challenges like Oversight Support, Electronic Submission  Support, Reporting Challenges, Procurement Planning and Competition Support.",governance_and_controls,governance_and_controls|procurement_irregularities,2,,,,,False
2025,2025_AGRPT@CON2025.pdf,760,ii)  The project did not embrace the framework arrangement of procurements  despite repeated procurement items.,procurement_irregularities,procurement_irregularities,1,project did not embrace the framework arrangement of procurements  despite repeated procurement i,,,,False
2025,2025_AGRPT@CON2025.pdf,760,"vi) I  noted  that  the  project  planned  to  execute  procurements  worth  UGX.66,387,182,131 during the financial year 2024/25.",procurement_irregularities,procurement_irregularities,1,project  planned  to  execute  procurements  worth  UGX,,,,False
2025,2025_AGRPT@CON2025.pdf,760,iii)  I assessed the entity’s procurement plan against the implementation status  and noted that the entity planned to execute procurements worth  UGX.5.838Bn during the financial year 2024/25.,procurement_irregularities,procurement_irregularities,1,,,,,False
2025,2025_AGRPT@CON2025.pdf,760,"However, a review of the procurement plan revealed that 5 procurements  worth UGX.0.786Bn were not implemented.",procurement_irregularities,procurement_irregularities,1,,,,,False
2025,2025_AGRPT@CON2025.pdf,760,The  delayed payments negatively affect the social welfare of the beneficiaries.,delayed_payments,delayed_payments,1,,,,,False
2025,2025_AGRPT@CON2025.pdf,760,iii) Review of FY 2024/25 procurement files showed that three ongoing  procurements worth UGX.44.799Bn were initiated in prior periods without the  required multi-year procurement plans.,procurement_irregularities,procurement_irregularities,1,,,,,False
2025,2025_AGRPT@CON2025.pdf,760,"iv) The entity faced e-GP system challenges, which include: inadequate oversight,  processing procurement out of the system, inadequate documentation, missing  details such as timelines, recommended procurement methods, and contract  packaging, among others.",governance_and_controls,governance_and_controls|procurement_irregularities,2,,,,,False
2025,2025_AGRPT@CON2025.pdf,760,"Ministry of Lands,  Housing & Urban  Development  (MOLHUD)  Natural Resources,  Environment,  Climate  Change,  Land and Water &  Sustainable  Urbanisation  and  Housing  Unqualified  i)  The Ministry paid arrears of UGX.54.94Bn which was above the budgeted  amount of UGX.8.07Bn resulting into unauthorized expenditure of UGX.46.86Bn  ii)  Out of the approved staff structure of 912, only 603 (66%) are filled leaving 309  vacant positions.",delayed_payments,delayed_payments,1,,,"Ministry of Lands,  Housing & Urban  Development  (MOLHUD)  Natural Resources,  Environm; Ministry paid arrears of UGX",,True
2025,2025_AGRPT@CON2025.pdf,760,"420  Entity Name  Programme  Name  Opinion    Summary of Key Findings  I noted that;  Ministry  of  Local  Government  Agro- Industrialization  Development  Plan  Implementation  Governance  and  Security,  Human  Capital  Development  Legislation,  Oversight  and  Representation  Natural Resources,  Environment,  Climate  Change,  Land  and  Water  Public  Sector  Transformation  Regional  Balance  Development  Sustainable  Urbanisation  and  Housing  Unqualified  i)  The Ministry's arrears position stood at UGX.24.12Bn as at 30th June, 2025  however, only UGX.0.237Bn budget was availed for the settlement of the same.",delayed_payments,delayed_payments|governance_and_controls,2,Programme  Name  Opinion    Summary of Key Findings  I noted that;  Ministry  of  Local  Government,,Ministry  of  Local  Government  Agro- Industrialization  Development  Plan  Implementat; Ministry's arrears position stood at UGX,,True
2025,2025_AGRPT@CON2025.pdf,760,v)  The Ministry did not prepare multi-year procurement plans for procurements  worth UGX.53.94Bn.,procurement_irregularities,procurement_irregularities,1,,,Ministry did not prepare multi-year procurement plans for procurements  worth UGX,,False
2025,2025_AGRPT@CON2025.pdf,760,"423  Entity Name  Programme  Name  Opinion    Summary of Key Findings  I noted that;  x) MoPS uploaded a procurement plan that lacked sufficient details of the types of  goods, procurement methods and key milestones.",procurement_irregularities,procurement_irregularities,1,Programme  Name  Opinion    Summary of Key Findings  I noted that;  x) MoPS uploaded a procurement ,,,,False
2025,2025_AGRPT@CON2025.pdf,760,vii) The Ministry did not prepare multi-year procurement plans for seventeen (17)  procurements valued at UGX.9.57Bn that spanned more than one financial year.,procurement_irregularities,procurement_irregularities,1,,,Ministry did not prepare multi-year procurement plans for seventeen (17)  procurements v,,False
2025,2025_AGRPT@CON2025.pdf,760,"viii) Ten (10) procurements worth UGX.1.38Bn were not implemented as planned,  delaying delivery of goods, works, and services intended under the approved  procurement plan.",procurement_irregularities,procurement_irregularities,1,,,,,True
2025,2025_AGRPT@CON2025.pdf,760,"ix) Contract management controls were weak for three (3) contracts valued at  UGX.119.94Bn, as there was no evidence of formal appointment of contract  managers, contract management plans, monitoring reports, or complete  contract management files.",contract_management,contract_management,1,,,,,False
2025,2025_AGRPT@CON2025.pdf,760,"xi) Eleven (11) procurements worth UGX.4.82Bn were implemented outside the e- GP system, undermining Government efforts to promote transparency,  accountability, and efficiency in public procurement.",governance_and_controls,governance_and_controls|procurement_irregularities,2,,,,,False
2025,2025_AGRPT@CON2025.pdf,760,"xvi) Several key activities were partially implemented or not implemented due to  budget shortfalls, including compensation of PAPs on the Tororo–Gulu railway,  rehabilitation of the Tororo–Gulu line, procurement of Bailey bridges,  development of the Bridge Management System, and construction of tarmac  roads in town councils  xvii) The Ministry collected NTR of UGX.236.37Bn against a target of UGX.343.13Bn,  representing 69% performance.The shortfall of UGX.106.75Bn was attributed to  reduced boda boda licence fees, inadequate staffing, suspension of the Express  Penalty Scheme, and multiple taxes on passenger motor vehicles.",procurement_irregularities,procurement_irregularities,1,,,Ministry collected NTR of UGX,,True
2025,2025_AGRPT@CON2025.pdf,760,"xix) Major delayed projects included Kayunga–Nabuganyi and Nansana–Kireka–Bira  roads, Kafunta–Buwampa road, Kabaale International Airport, and the New  Kampala Port at Bukasa, mainly due to delayed payments, design changes,  scope changes, funding gaps, and weak contract management.",contract_management,contract_management|delayed_payments,2,,,,,True
2025,2025_AGRPT@CON2025.pdf,760,"xxiii)  Weak controls were noted in safeguarding non-current assets, including  thirty-nine (39) Government vehicles used for road supervision that still had  private number plates and were not recorded in the fixed assets register.",contract_management,contract_management,1,,,,,True
2025,2025_AGRPT@CON2025.pdf,760,"xxvii) Start-up works at for Bukasa project progressed to only 44.91% by  November 2025, despite expiry of the original loan period, due to delayed  procurement, land access challenges, and unresolved PAP issues.",procurement_irregularities,procurement_irregularities,1,project progressed to only 44,,,"loan period, due to delayed  procurement, land access challenges",True
2025,2025_AGRPT@CON2025.pdf,760,xxxii) Delayed payment of IPCs amounting to UGX.40.65Bn exposed the Ministry to  potential interest claims and affected contractors’ ability to deliver works on  time.,delayed_payments,delayed_payments,1,,,Ministry to  potential interest claims and affected contractors’ ability to deliver work,,True
2025,2025_AGRPT@CON2025.pdf,760,"v)  The project experienced delays in implementing key components such as the  Capacity Improvement and Signalisation Study for the Namungoona–Nansana– Wakiso–Kakiri Road, whose procurement was still under evaluation as at 30th  June 2025.",procurement_irregularities,procurement_irregularities,1,project experienced delays in implementing key components such as the  Capacity Improvement and S,,,,True
2025,2025_AGRPT@CON2025.pdf,760,vii) The supervision consultant had exhausted the contract amounts of USD 3.43Mn  and UGX.3.12Bn and scaled down services.,contract_management,contract_management,1,,,,,False
2025,2025_AGRPT@CON2025.pdf,760,Kapchorwa - Suam  Road-project  Integrated  transport  infrastructure  and  services  Unqualified  i)  The Commission did not reserve any procurements for registered associations  as required by the PPDA guidelines.,procurement_irregularities,procurement_irregularities,1,project  Integrated  transport  infrastructure  and  services  Unqualified  i)  The Commission di,,Commission did not reserve any procurements for registered associations  as required by th,,True
2025,2025_AGRPT@CON2025.pdf,760,"vi)  The special technical audit required by the ADB to explain cost overruns and  quantity increases on Lot 1 had not been undertaken as at September 2025,  following expiry of the technical auditor’s contract in June 2023.",cost_overrun,cost_overrun,1,,,,,False
2025,2025_AGRPT@CON2025.pdf,760,"ii)  DFID funding of GBP 8.9Mn was fully disbursed, while GoU counterpart funding  exceeded the approved amount by UGX.48.20Bn due to increased land  acquisition and price variation costs.",cost_overrun,cost_overrun,1,,,,DFID funding of GBP 8,True
2025,2025_AGRPT@CON2025.pdf,760,vi) Procurement worth UGX.0.072Bn was conducted using the direct method  without justification.,procurement_irregularities,procurement_irregularities,1,,,,,False
2025,2025_AGRPT@CON2025.pdf,760,vii) The University shortlisted two (2) bidders for procurement worth UGX.,procurement_irregularities,procurement_irregularities,1,,,,,False
2025,2025_AGRPT@CON2025.pdf,760,"iii)  Several key project activities were ongoing and had not been completed,  including civil works, construction supervision, supply of in-situ pollution  monitoring equipment, and compensation of PAPs, where 3,041 out of 3,162  PAPs (96.2%) had been paid UGX.28.80Bn out of UGX.30.23Bn submitted.",contract_management,contract_management,1,"project activities were ongoing and had not been completed,  including civil works, construction ",,,,True
2025,2025_AGRPT@CON2025.pdf,760,"v)  Six (6) project contracts, including the main civil works and supervision  contracts, had completion dates extending beyond the grant closing date of  31st December 2025.",contract_management,contract_management,1,"project contracts, including the main civil works and supervision  contracts, had completion date",,,grant closing date of  31st December 2025,True
2025,2025_AGRPT@CON2025.pdf,760,"iii)  The Board did not comply with the reservation scheme and thus no  procurement was reserved for women, youth, or PWD Associations.",procurement_irregularities,procurement_irregularities,1,,,,,False
2025,2025_AGRPT@CON2025.pdf,760,Naguru  National  Referral Hospital  Human  Capital  Development  Unqualified  i)  The Hospital had outstanding arrears amounting to UGX.434.418Bn out of  which UGX.415.486Bn (96%) arose during the year under review.,delayed_payments,delayed_payments,1,,,,,True
2025,2025_AGRPT@CON2025.pdf,760,"This  contravened section of 20(2) of the PFMA Cap.141  ii)  I noted several areas of non-compliance with the PPDA regulations, for  example there was non-involvement of user departments during procurement  planning, non-compliance with reservation schemes, splitting of procurements,  inadequate staffing of the PDU, and absence of training needs assessment.",contract_management,contract_management|procurement_irregularities,2,,,,,False
2025,2025_AGRPT@CON2025.pdf,760,iii)  The contract implementation period for five (5) procurements worth  UGX.5.61Bn went beyond the original contracting and implementation period.,procurement_irregularities,procurement_irregularities,1,,,,,False
2025,2025_AGRPT@CON2025.pdf,760,iv)  I inspected Njeru Government stock farm and noted that there is continued  loss of land of over 357 acres and destruction of farm infrastructure by the  encroachers which has led to insufficient feed for animals due to reduced  grazing land and increase in animal diseases as a result of congestion.,land_and_right_of_way,land_and_right_of_way,1,,,,,True
2025,2025_AGRPT@CON2025.pdf,760,"xii)  I noted that three (3) activities of procurement of breeding bulls for Maruzi  (10), Nshaara (10) and Ruhengyere (5) worth UGX.0.48Bn were fully  implemented, five (5) activities worth UGX.2.05Bn were partially implemented  while 76 activities worth UGX.13.93Bn were not implemented at all which  undermines the realization of the intended objectives.",procurement_irregularities,procurement_irregularities,1,,,,,False
2025,2025_AGRPT@CON2025.pdf,760,iv) I noted that the Corporation did not submit the required monthly procurement  reports to PPDA on time contrary to the PPDA law.,procurement_irregularities,procurement_irregularities,1,,,Corporation did not submit the required monthly procurement  reports to PPDA on time contra,,False
2025,2025_AGRPT@CON2025.pdf,760,444  Entity Name  Programme  Name  Opinion    Summary of Key Findings  I noted that;    National Enterprises  Corporation (NEC) -  Construction Works  and Engineering Ltd  Governance  and  Security  Unqualified  i)  NEC Construction Works and Engineering Limited closed the financial year with a  receivables balance of UGX.23.5Bn compared to UGX.20.36Bn of the previous  financial year 2023/2024.,governance_and_controls,governance_and_controls,1,Programme  Name  Opinion    Summary of Key Findings  I noted that;    National Enterprises  Corpora,Ltd  Governance  and  Security  Unqualified  i)  NEC Construction Works and Enginee; Limited closed the financial year with a  receivables balance of UGX,Corporation (NEC) -  Construction Works  and Engineering Ltd  Governance  and  Security  Un,,True
2025,2025_AGRPT@CON2025.pdf,760,ix)  I noted that NEC AGRO did not implement all the activities in the procurement  plan for FY 2024/2025  x)  I noted that the Company did not implement all the planned activities.,procurement_irregularities,procurement_irregularities,1,,Company did not implement all the planned activities,,,False
2025,2025_AGRPT@CON2025.pdf,760,iv)  I reviewed the entity’s published procurement plan and noted that the entity  did not indicate the procurements reserved for registered Associations as  required by the guidelines.,procurement_irregularities,procurement_irregularities,1,,,,,False
2025,2025_AGRPT@CON2025.pdf,760,"b) Insufficient funding: I noted that budget allocations for procurement  operations, including capacity building, market surveys, and contract  monitoring activities, were inadequate.",procurement_irregularities,procurement_irregularities,1,,,,,True
2025,2025_AGRPT@CON2025.pdf,760,"viii) I reviewed the entity’s published procurement plan and found it did not  indicate procurements reserved for registered associations, as required by the  guidelines.",procurement_irregularities,procurement_irregularities,1,,,,,False
2025,2025_AGRPT@CON2025.pdf,760,"As such, out of the consolidated procurement plan totalling  UGX.10.27Bn, no contract awards were made to the registered associations.",procurement_irregularities,procurement_irregularities,1,,,,,False
2025,2025_AGRPT@CON2025.pdf,760,"45.87Bn was spent by the entity, representing an absorption level of  98.6%    NITA-U  Uganda  Digital  Acceleration  Project-Govnet  (UDAP)  Digital  Transformation  Unqualified  i)  The entity planned to execute procurements worth USD.",procurement_irregularities,procurement_irregularities,1,Project-Govnet  (UDAP)  Digital  Transformation  Unqualified  i)  The entity planned to execute p,,,,False
2025,2025_AGRPT@CON2025.pdf,760,"iv)  Out of 26 procurements reviewed worth UGX.10.38Bn, 13 (54%) procurements  worth UGX.4.11Bn took an average of 15 months from initiation to final  contract signing, while four (4) contracts were yet to be signed.",procurement_irregularities,procurement_irregularities,1,,,,,False
2025,2025_AGRPT@CON2025.pdf,760,458  Entity Name  Programme  Name  Opinion    Summary of Key Findings  I noted that;  x)  There was a delay in the procurement of eight (8) Private Service Providers  (PSP) by two (2) months while a PSP for the Busoga region had not been  procured by the end of the financial year.,procurement_irregularities,procurement_irregularities,1,Programme  Name  Opinion    Summary of Key Findings  I noted that;  x)  There was a delay in the pr,,,,False
2025,2025_AGRPT@CON2025.pdf,760,"v)  Out of the Annual budget of UGX.17.3Bn for JST infrastructure improvements  project, actual funding was Nil impacting the implementation of the planned  project procurements.",procurement_irregularities,procurement_irregularities,1,"project, actual funding was Nil impacting the implementation of the planned  project procurements",,,,True
2025,2025_AGRPT@CON2025.pdf,760,"Deposit  Protection  Fund  Monetary  Policy  and  Financial  Stability  Unqualified  There were no reportable issues  National Water and  Sewerage  Cooperation  (NWSC)  Natural Resources,  Environment,  Climate  Change,  Water  and  Land  Management  Unqualified  There were no reportable issues  National  Women  Council  Human  Capital  Development  Unqualified  Domestic arrears increased from UGX.14.54Mn in prior year to UGX.168.42Mn in  current year an increase of (1,058%).",delayed_payments,delayed_payments,1,,,,,True
2025,2025_AGRPT@CON2025.pdf,760,"ii) The Company also accrued interest due to delayed payments to suppliers, as well  as fines and penalties on late payment of statutory obligations.",delayed_payments,delayed_payments,1,,"Company also accrued interest due to delayed payments to suppliers, as well  as fines a",,,False
2025,2025_AGRPT@CON2025.pdf,760,the  Operating margin though good had a slight dip of 2% from prior year to current  year’s; a Surplus of UGX.1.34Bn after tax in the year slightly down from prior  year’s UGX.1.36Bn; a Return on assets of only 0.73% which is below the  required 5% thus suboptimal and inefficient utilization of assets; a high liquidity  ratio of 8.1 implying that the Company is not efficiently using its current assets  or its short-term financing facilities coupled with delayed payment of dividends.,delayed_payments,delayed_payments,1,,Company is not efficiently using its current assets  or its short-term financing facili,,,False
2025,2025_AGRPT@CON2025.pdf,760,463  Entity Name  Programme  Name  Opinion    Summary of Key Findings  I noted that;  v) ODDP failed to reserve procurements for registered Associations in the  procurement plan as required by the guidelines published.,procurement_irregularities,procurement_irregularities,1,Programme  Name  Opinion    Summary of Key Findings  I noted that;  v) ODDP failed to reserve procu,,,,False
2025,2025_AGRPT@CON2025.pdf,760,"vii) The entity faced several challenges in the use or application of EGP portal  including insufficient access rights to view communication details among  members of various committees and officers involved in procurements, and  failure to include key details in the uploaded procurement plans.",procurement_irregularities,procurement_irregularities,1,,,,,False
2025,2025_AGRPT@CON2025.pdf,760,vi)  The entity’s published procurement plan did not include a procurement  reservation for registered Associations as required by the PPDA guidelines.,procurement_irregularities,procurement_irregularities,1,,,,,False
2025,2025_AGRPT@CON2025.pdf,760,viii) The procurement of motor vehicles worth UGX.15.59Bn comprising six (6) lots  was concluded outside the EGP.,procurement_irregularities,procurement_irregularities,1,,,,,False
2025,2025_AGRPT@CON2025.pdf,760,This affected acquisition of ICT software  and procurement of new vehicles.,procurement_irregularities,procurement_irregularities,1,,,,,False
2025,2025_AGRPT@CON2025.pdf,760,vii)  The contract for the construction of the new Parliamentary Chambers was  significantly behind schedule since only 49% of the work had been completed  compared to the planned target of 69% for the financial year 2024/25.,delay_time_overrun,delay_time_overrun,1,,,,,True
2025,2025_AGRPT@CON2025.pdf,760,viii) The Parliamentary Commission did not upload a comprehensive procurement  plan on the e-GP system.,procurement_irregularities,procurement_irregularities,1,,,Commission did not upload a comprehensive procurement  plan on the e-GP system,,False
2025,2025_AGRPT@CON2025.pdf,760,"Instead, the procurement plan on the platform  consisted only of a high-level consolidated summary of procurement items and  estimated amounts, which does not meet the required level of detail for proper  procurement planning.",procurement_irregularities,procurement_irregularities,1,,,,,False
2025,2025_AGRPT@CON2025.pdf,760,ix)  The Commission did not prepare multi-year procurement plan for the  procurement worth UGX.219.671Bn  x)  I noted that the Commission did not upload the approved disposal plan on the  e-GP platform.,procurement_irregularities,procurement_irregularities,1,,,Commission did not prepare multi-year procurement plan for the  procurement worth UGX; Commission did not upload the approved disposal plan on the  e-GP platform,,False
2025,2025_AGRPT@CON2025.pdf,760,"No evidence was provided to demonstrate that the plan had  been published or updated in accordance with the regulatory requirements  xi)  The oversight portal on the e-GP system lacked sufficient access rights to view  communication details among members of various committees or officers  involved in procurements  xii)  The e-GP system failed to generate reports in compliance with Regulation  15(1) of the Public Procurement and Disposal of Public Assets (Procuring and  Disposing Entities) Regulations, 2023.",governance_and_controls,governance_and_controls|procurement_irregularities,2,,,,,False
2025,2025_AGRPT@CON2025.pdf,760,"Consequently, PDU prepared reports  outside the system, which hinders adequate online assessment procurement  performance.",procurement_irregularities,procurement_irregularities,1,,,,,False
2025,2025_AGRPT@CON2025.pdf,760,xiii) Vote controllers lacked visibility into the procurement of common-use items  across departments in the e-GP system.,procurement_irregularities,procurement_irregularities,1,,,,,False
2025,2025_AGRPT@CON2025.pdf,760,"This resulted in procurement splitting,  inappropriate methods, and reliance on a limited pool of bidders.",procurement_irregularities,procurement_irregularities,1,,limited pool of bidders,,,False
2025,2025_AGRPT@CON2025.pdf,760,v)  Seven (7) procurements worth UGX.2.82Bn took over a year from initiation to  final contract signing which affected the timely implementation of the  company’s initiatives.,procurement_irregularities,procurement_irregularities,1,,company’s initiatives,,,False
2025,2025_AGRPT@CON2025.pdf,760,vi)  Contract management plans were not prepared which may lead to inadequate  monitoring and oversight of contract implementation.,contract_management,contract_management|governance_and_controls,2,,,,,False
2025,2025_AGRPT@CON2025.pdf,760,"Public Procurement  & Disposal of Public  Assets (PPDA)  Governance  and  security  Private  sector  development  Unqualified  i)  Out of the approved budget of UGX.20.46Bn, the total warrants for the year  amounted to UGX.20.46Bn.",governance_and_controls,governance_and_controls|procurement_irregularities,2,,,,,False
2025,2025_AGRPT@CON2025.pdf,760,"Public Procurement  & Disposal of Public  Assets  (PPDA)  Appeals Tribunal  Governance  and  security  Private  sector  development  Unqualified  i)  A comparison of the entity’s strategic plan, mandate and objectives indicated  that the entity achieved some of the planned interventions, while others were  not achieved.",governance_and_controls,governance_and_controls|procurement_irregularities,2,,,,,False
2025,2025_AGRPT@CON2025.pdf,760,"South-Western  Cluster Water and  Sanitation  Project  (NWSC) for the year  ended  30th  June  Natural Resources,  Environment,  Climate  Change,  Water  and  Land  Management  Unqualified  There were no reportable issues    474  Entity Name  Programme  Name  Opinion    Summary of Key Findings  I noted that;  2025  State House  Governance  and  security  Innovation,  technology  development  and  transfer  Unqualified  i)  Included in the total expenditure of UGX.1,058.67Tn is expenditure worth  UGX.683.4Bn, which relates to classified expenditure.",governance_and_controls,governance_and_controls,1,"Project  (NWSC) for the year  ended  30th  June  Natural Resources,  Environment,  Climate  Chang; Programme  Name  Opinion    Summary of Key Findings  I noted that;  2025  State House  Governance  ",,,,True
2025,2025_AGRPT@CON2025.pdf,760,"ii)  State House did not involve all user Departments during procurement planning,  as there was no evidence of department procurement plans submissions made  to the PDU.",procurement_irregularities,procurement_irregularities,1,,,,,False
2025,2025_AGRPT@CON2025.pdf,760,"v)  I reviewed the Board of Survey report for the prior year, 2023/24 and noted  that motor vehicles and other assorted obsolete assets that were  recommended for disposal by the Board of Survey were not included in the  procurement and disposal plan for the financial year 2024/25.",procurement_irregularities,procurement_irregularities,1,,,,,False
2025,2025_AGRPT@CON2025.pdf,760,"Strengthening  Adaptive  Capacity  and Resilience of  Communities  in  Natural Resources,  Environment,  Climate  Change,  Water  and  Land  Unqualified  i)  The project received UGX.15.07Bn (57%) out of the expected cumulative  disbursements of UGX26.43Bn owing to delayed payment for the hydro- meteorological stations equipment and delays in the procurement of works.",delayed_payments,delayed_payments|procurement_irregularities,2,project received UGX,,,,True
2025,2025_AGRPT@CON2025.pdf,760,"iii)  Three (3) procurement contracts valued at UGX.125.7Mn were awarded  without proper contract management structures, lacking formally appointed  contract managers, and management plans.",contract_management,contract_management|procurement_irregularities,2,,,,,False
2025,2025_AGRPT@CON2025.pdf,760,"iv)  Payments totaling UGX.76.2Mn for goods and services, including air tickets,  catering services, and personal protective equipment were made without the  required procurement files.",procurement_irregularities,procurement_irregularities,1,,,,,False
2025,2025_AGRPT@CON2025.pdf,760,"viii) I noted that 6 (six) procurement requirements worth UGX.70,348,000 for  supplies were split, yet they could have been combined and procured under a  single contract  ix)  I reviewed the tax disputes received and managed by the Tribunal in the  financial year 2024-2025 and noted that out of 410 cases, with a total amount  of UGX.656.22, only 72 cases were ruled, 105 cases were consented to, 27  cases were remitted back to URA, 62 cases were withdrawn, and 144 (35.1%)  cases remained outstanding.",procurement_irregularities,procurement_irregularities,1,,,,,False
2025,2025_AGRPT@CON2025.pdf,760,"Such  arears included failure to reserve procurements for registered associations,  unimplemented procurements and delayed disposal of motor vehicles.",procurement_irregularities,procurement_irregularities,1,,,,,False
2025,2025_AGRPT@CON2025.pdf,760,"iv)  CMA’s procurement plan did not reserve the mandatory procurements worth  UGX.0.37Bn (15%) for registered associations (women, youth and persons  with disabilities) and as such, no contract awards were made to the  associations.",procurement_irregularities,procurement_irregularities,1,,,,,False
2025,2025_AGRPT@CON2025.pdf,760,"However, the entity did not prepare multi-year  procurement plans for these procurements as required by the Act.",procurement_irregularities,procurement_irregularities,1,,,,,False
2025,2025_AGRPT@CON2025.pdf,760,"Contract  implementation delays affect service delivery, while failure to enforce liquidated  damages may encourage non-compliance and further delay service delivery.",contract_management,contract_management,1,,,,,True
2025,2025_AGRPT@CON2025.pdf,760,"iv)  I reviewed the Commission's published procurement plan for the financial year  and noted that the plan did not indicate any procurements reserved for  registered associations of women, youth, or PWDs as required by the  guidelines.",procurement_irregularities,procurement_irregularities,1,,,Commission's published procurement plan for the financial year  and noted that the plan di,,False
2025,2025_AGRPT@CON2025.pdf,760,"Many  critical  projects  remained  stuck  in  early  phases  (procurement/bidding) or are substantially incomplete, severely lagging their  timelines.",procurement_irregularities,procurement_irregularities,1,,,,,False
2025,2025_AGRPT@CON2025.pdf,760,"ii)  I noted areas of non-compliance with the PPDA regulations such as lack of  contract management plans and contract management reports, and  unimplemented procurements.",contract_management,contract_management|procurement_irregularities,2,,,,,False
2025,2025_AGRPT@CON2025.pdf,760,487  Entity Name  Programme  Name  Opinion    Summary of Key Findings  I noted that;  ix)  The budget for procurement of anticancer medicines was less than the  estimated needs by UGX.83.516Bn.,procurement_irregularities,procurement_irregularities,1,Programme  Name  Opinion    Summary of Key Findings  I noted that;  ix)  The budget for procurement,,,,False
2025,2025_AGRPT@CON2025.pdf,760,"xi)  There were significant contract management deficiencies regarding the  Construction of 350 Bed Hospital, Pediatrics Ward, Service Building, Reception  Building and Renovation of Six Level Building.",contract_management,contract_management,1,,,,,True
2025,2025_AGRPT@CON2025.pdf,760,"iv)  The Fuel Farm and Hydrant Line BOT project was implemented without  evidence of mandatory PPP feasibility studies, PPP Committee approval, or  independent verification of the reported investment cost of USD 31.11 million,  exposing the Authority to governance and long-term financial risks.",governance_and_controls,governance_and_controls,1,"project was implemented without  evidence of mandatory PPP feasibility studies, PPP Committee app",,Authority to governance and long-term financial risks,,False
2025,2025_AGRPT@CON2025.pdf,760,"viii) The Authority did not comply with the 15% reservation scheme for  procurement awards to registered associations of women, youth, and persons  with disabilities, resulting in no contracts awarded to these groups during the  year.",procurement_irregularities,procurement_irregularities,1,,,Authority did not comply with the 15% reservation scheme for  procurement awards to regis,,False
2025,2025_AGRPT@CON2025.pdf,760,"x)  Implementation of the e-GP system was constrained by inconsistencies with  PPDA-prescribed formats, limited oversight functionality, inability to generate  statutory reports, and incomplete procurement plans.",governance_and_controls,governance_and_controls|procurement_irregularities,2,,"limited oversight functionality, inability to generate  statutory reports, and incomple",,,False
2025,2025_AGRPT@CON2025.pdf,760,"Contract agreements for four (4)  projects had expired, while two (2) planned procurements were not concluded  by the end of the financial year.",procurement_irregularities,procurement_irregularities,1,,,,,False
2025,2025_AGRPT@CON2025.pdf,760,"iv)  I noted that the entity undertook ten (10) procurements valued at UGX.7Bn  and USD.779,124.54 without documented market price assessments to support  the estimated procurement values.",procurement_irregularities,procurement_irregularities,1,,,,,False
2025,2025_AGRPT@CON2025.pdf,760,"viii) Of the 79 investments for the Nalubaale-Kiira Hydro Power Plants approved  over three years, only 14 (18%) had been completed by the time of the audit,  with the majority still under the procurement process.",procurement_irregularities,procurement_irregularities,1,,,,,True
2025,2025_AGRPT@CON2025.pdf,760,"ix)  At Isimba Hydro Power Plant, the spillway structure is eroded, equipment and  parts at the intake gate are corroded, and the open intake pits show  deterioration, with defects remaining unresolved beyond the Defect Liability  Period.",contract_management,contract_management,1,,,,,True
2025,2025_AGRPT@CON2025.pdf,760,iv)  Prepayment of UGX.297Mn for procurement of the representation vehicle was  not supported with a bank or performance guarantee and it had not been  delivered at the time of Mission inspection.,procurement_irregularities,procurement_irregularities,1,,,,,False
2025,2025_AGRPT@CON2025.pdf,760,"87,794 were irregularly diverted from  the activities on which they were budgeted and spent on other activities  without seeking and obtaining the necessary approvals  vi)  I noted that an amount of USD.68,735.75 had not been accounted for by staff  by the time of reporting  vii)  I noted that, although the Mission compiled a procurement plan for the year  under review, procurements amounting to USD.108500 were not planned  viii) I noted that although the procurement plan for Rent had a budget of  UGX.1.127Bn, the actual rent expense in the trial balance for the year was  UGX.1.688Bn implying procurements worth UGX.0.561Bn above the planned.",procurement_irregularities,procurement_irregularities,1,,,,,False
2025,2025_AGRPT@CON2025.pdf,760,ix)  there were no procurement reports being prepared and submitted to PPDA as  required by the procurement regulations.,procurement_irregularities,procurement_irregularities,1,,,,,False
2025,2025_AGRPT@CON2025.pdf,760,"Uganda Embassy in  Ethiopia,  Addis  Ababa  Agro- industrialization  Development  plan  implementation  Governance  and  security  Unqualified  i)  Preparation and finalization of the designs, bid documents, inception report,  Comprehensive plan, feasibility planning report and the preliminary design  report for the construction of Chancery and Official Residence were not  concluded within the six months.",governance_and_controls,governance_and_controls|procurement_irregularities,2,,,,,True
2025,2025_AGRPT@CON2025.pdf,760,"504  Entity Name  Programme  Name  Opinion    Summary of Key Findings  I noted that;  iii)  The Embassy’s strategic plan had inadequacies such as; Improper alignment to  the strategic mission, exclusion of key program of Governance and security  and delayed approval of the plan.",governance_and_controls,governance_and_controls,1,Programme  Name  Opinion    Summary of Key Findings  I noted that;  iii)  The Embassy’s strategic p; program of Governance and security  and delayed approval of the plan,,,,False
2025,2025_AGRPT@CON2025.pdf,760,"v)  The Embassy sought goods and services totalling €177,811.33 (Approximately  UGX.713Mn) without following the prescribed procurement methods.",procurement_irregularities,procurement_irregularities,1,,,,,False
2025,2025_AGRPT@CON2025.pdf,760,"vi)  I noted that, contrary to Regulation 6 (3) of the PPDA (Rules and Methods for  procurement) Regulations, 2023, air tickets were being bought by staff who  subsequently requested refunds after purchase.",procurement_irregularities,procurement_irregularities,1,,,,,False
2025,2025_AGRPT@CON2025.pdf,760,"Uganda  Consulate  in  China,  Guangzhou  Agro- industrialization  Governance  and  security  Manufacturing  Mineral  development  Tourism  development  Unqualified  i)  The Mission paid UGX.0.386Bn to a construction company as a tax component  of an invoice, which was eligible for refund from the Government of China given  the mission’s tax exempt status, however the refund had not been done by the  time of the audit.",governance_and_controls,governance_and_controls,1,,"company as a tax component  of an invoice, which was eligible for refund from the Gover",,,True
2025,2025_AGRPT@CON2025.pdf,760,iv) Physical inspection of the Chancery and Official residence construction works  revealed works were behind schedule as the planned completion date was 30th  June 2025.,delay_time_overrun,delay_time_overrun,1,,,,,True
2025,2025_AGRPT@CON2025.pdf,760,"v)  The High Commission undertook procurements worth UGX.132,404,798 that  were not included in the approved procurement plan for the year.",procurement_irregularities,procurement_irregularities,1,,,Commission undertook procurements worth UGX,,False
2025,2025_AGRPT@CON2025.pdf,760,"508  Entity Name  Programme  Name  Opinion    Summary of Key Findings  I noted that;  Uganda Embassy in  Havana, Cuba  Community  mobilization  and  mindset change  Governance  and  security  Manufacturing  Tourism  development  Unqualified  i)  The mission recruited local contract staff with no approval in writing by the  Responsible Officer and without following any recruitment procedures.",governance_and_controls,governance_and_controls,1,"Programme  Name  Opinion    Summary of Key Findings  I noted that;  Uganda Embassy in  Havana, Cuba",,,,False
2025,2025_AGRPT@CON2025.pdf,760,ii) The Embassy local contract staff appointment letters lacked disciplinary  procedures to be followed in the event of non-compliance.,contract_management,contract_management,1,,,,,False
2025,2025_AGRPT@CON2025.pdf,760,"Uganda Embassy in  Somalia, Mogadishu  Governance  and  security  Manufacturing  Private  sector  development  Unqualified  i)  I noted that six (6) local contract staff had their contracts renewed without  approval by the Permanent Secretary of the Ministry of Foreign Affairs as  required by the Public Service Standing Orders.",governance_and_controls,governance_and_controls,1,,,Ministry of Foreign Affairs as  required by the Public Service Standing Orders,,False
2025,2025_AGRPT@CON2025.pdf,760,"iv)  I reviewed the entity’s published procurement plan and noted that it did not  indicate the procurements reserved for registered associations, as required by  the guidelines.",procurement_irregularities,procurement_irregularities,1,,,,,False
2025,2025_AGRPT@CON2025.pdf,760,The procurement process was completed and the contract awarded to  M/S Netcon Technologies India Private Ltd in 2025.,procurement_irregularities,procurement_irregularities,1,,M/S Netcon Technologies India Private Ltd in 2025,,,False
2025,2025_AGRPT@CON2025.pdf,760,xiii) The entity delayed to submit the Quarterly Performance Reports by an average  of 54 days hence weakening oversight and accountability functions.,governance_and_controls,governance_and_controls,1,,,,,False
2025,2025_AGRPT@CON2025.pdf,760,"iv)  The non-civil components, namely procurement of furniture and equipment,  consultancy services, project management staffing, and the project launch  workshop were largely implemented as planned.",procurement_irregularities,procurement_irregularities,1,"project management staffing, and the project launch  workshop were largely implemented as planned",,,,False
2025,2025_AGRPT@CON2025.pdf,760,"521  Entity Name  Programme  Name  Opinion    Summary of Key Findings  I noted that;  Uganda  High  Commission  in  Kenya, Nairobi  Agro- industrialization  Development  plan  implementation  Governance  and  security  Natural  resources,  environment,  climate  change,  land  and  water  Tourism  development  Unqualified  i)  The High Commission reported domestic arrears amounting to UGX.2.96Bn as  at the end of the financial year.",delayed_payments,delayed_payments|governance_and_controls,2,Programme  Name  Opinion    Summary of Key Findings  I noted that;  Uganda  High  Commission  in  K,,"Commission  in  Kenya, Nairobi  Agro- industrialization  Development  plan  implementation; Commission reported domestic arrears amounting to UGX",,False
2025,2025_AGRPT@CON2025.pdf,760,vi)  The High Commission urgently needs UGX.7.59Bn as capital development for  procurement of motor vehicles and the restoration of Uganda House.,procurement_irregularities,procurement_irregularities,1,,,Commission urgently needs UGX,,False
2025,2025_AGRPT@CON2025.pdf,760,"viii) There were a number of anomalies in the management of the contract for the  Chancery Project key among which include; un approved time extensions, un- approved cost revisions, unapproved additional works, execution of works without  valid contracts, conflict of interest between members of the Contract  Management Committee, irregular attendance  of Contract Management  Committee meetings by members of management who were not members of the  Contracts Management Committee, un-approved payments among others.",contract_management,contract_management,1,"Project key among which include; un approved time extensions, un- approved cost revisions, unappr",,,,True
2025,2025_AGRPT@CON2025.pdf,760,"ix) There were procurement anomalies noted which include lack of procurement  planning, and doubtful market assessments before procurements were  undertaken.",procurement_irregularities,procurement_irregularities,1,,,,,False
2025,2025_AGRPT@CON2025.pdf,760,527  Entity Name  Programme  Name  Opinion    Summary of Key Findings  I noted that;  iii) Several procurements in the UHRC’s detailed procurement plan were not clearly  defined.,procurement_irregularities,procurement_irregularities,1,Programme  Name  Opinion    Summary of Key Findings  I noted that;  iii) Several procurements in th,,,,False
2025,2025_AGRPT@CON2025.pdf,760,"vi) Contract management files for 11 contracts valued at UGX.1.72Bn lacked  evidence of contract management plans, periodic management reports, contract- related correspondences, site meeting minutes, monitoring reports, or a contract  register to track the progress of the awarded contracts.",contract_management,contract_management,1,,,,,False
2025,2025_AGRPT@CON2025.pdf,760,iii)  Nine procurement files totalling UGX.445.48Mn that were initiated on the e-GP  system but were not completed on the system.,procurement_irregularities,procurement_irregularities,1,,,,,False
2025,2025_AGRPT@CON2025.pdf,760,"Uganda  National  Council for Science  and  Technology  (UNSCT)  Innovation,  Technology Transfer  and Development  Unqualified  i)  UNCST had outstanding receivables of UGX.2.11Bn at the end of the financial  year  ii)  The Council did not indicate procurements reserved for registered Associations  in its procurement plan as required by the PPDA guidelines.",procurement_irregularities,procurement_irregularities,1,,,,,False
2025,2025_AGRPT@CON2025.pdf,760,"vi)  UNCST did not comply with the procurement evaluation criteria in six (6)  procurements worth UGX.1.12Bn  vii)  On average, there were contract performance delays of 98 days in two (2)  procurements worth UGX.85.49Mn.",procurement_irregularities,procurement_irregularities,1,,,,,False
2025,2025_AGRPT@CON2025.pdf,760,xiii) I undertook a follow up audit on the status of implementation of the Auditor  General’s recommendations for the value for money audit on procurement and  distribution of essential medicines and health supplies by the National Medical  Stores.,procurement_irregularities,procurement_irregularities,1,,,,,False
2025,2025_AGRPT@CON2025.pdf,760,"iii)  The School lacks a procurement unit, contrary to procurement regulations.",procurement_irregularities,procurement_irregularities,1,,,,,True
2025,2025_AGRPT@CON2025.pdf,760,iii)  The Institute initiated 2 procurements worth UGX.3.71Bn in the period under  review without preparing a multi-year procurement plan as required by the  Act.,procurement_irregularities,procurement_irregularities,1,,,,,False
2025,2025_AGRPT@CON2025.pdf,760,iii)  UPS did not indicate the procurements reserved for registered Associations as  required by the procurement guidelines.,procurement_irregularities,procurement_irregularities,1,,,,,False
2025,2025_AGRPT@CON2025.pdf,760,"541  Entity Name  Programme  Name  Opinion    Summary of Key Findings  I noted that;  Center for Disease  Control  and  Prevention  (CDC)  Project - UPS for  the year ended 30th  September 2024  Governance  and  security  Unqualified  i)  The US Administration implemented a funding freeze on foreign aid, including  PEPFAR funding, which supports the CDC project in Uganda Prisons Services.",governance_and_controls,governance_and_controls,1,Programme  Name  Opinion    Summary of Key Findings  I noted that;  Center for Disease  Control  an; Project - UPS for  the year ended 30th  September 2024  Governance  and  security  Unqualified  i,,,,False
2025,2025_AGRPT@CON2025.pdf,760,ii)  URSB did not indicate the procurements reserved for registered Associations in  the entity’s procurement plan as required by the guidelines.,procurement_irregularities,procurement_irregularities,1,,,,,False
2025,2025_AGRPT@CON2025.pdf,760,"v)  There were several e-GP system challenges including insufficient oversight  support, lack of electronic submission support, insufficient documentation,  reporting challenges, procurement planning gaps, insufficient competition  support and inconsistences in sequence numbers.",governance_and_controls,governance_and_controls|procurement_irregularities,2,,,,,False
2025,2025_AGRPT@CON2025.pdf,760,The low absorption was  primarily due to procurement delays.,procurement_irregularities,procurement_irregularities,1,,,,,False
2025,2025_AGRPT@CON2025.pdf,760,"viii) Nine (9) procurements worth UGX.10Bn experienced delays ranging from One  (1) month - 32 months, which may affect timely implementation of project  activities.",procurement_irregularities,procurement_irregularities,1,project  activities,,,,False
2025,2025_AGRPT@CON2025.pdf,760,"v)  The project planned to train at least 80 Energy Service Companies in Results- Based Financing at a cost of USD.28,169 but trained 78 companies at a cost of  USD.44,939, resulting in a budget overrun of USD.16,770.",cost_overrun,cost_overrun,1,project planned to train at least 80 Energy Service Companies in Results- Based Financing at a co,,,,True
2025,2025_AGRPT@CON2025.pdf,760,"548  Entity Name  Programme  Name  Opinion    Summary of Key Findings  I noted that;  ii)  The entity repeatedly procured common-use items such as laboratory  consumables, servicing and maintenance of equipment worth UGX.0.118Bn  through individual procurement processes rather than utilizing framework  arrangement contrary to PPDA regulations  iii)  The Institute’s PDU had no budget allocations for procurement operations,  including capacity building, market surveys, and contract monitoring activities  which hampers the PDU’s effectiveness.",procurement_irregularities,procurement_irregularities,1,Programme  Name  Opinion    Summary of Key Findings  I noted that;  ii)  The entity repeatedly proc,,,,True
2025,2025_AGRPT@CON2025.pdf,760,"ii) The project spent USD 17,360.23 against an approved budget of USD 6,258,  resulting in excess expenditure of USD 11,102.23 (277% performance) without a  supplementary budget.",cost_overrun,cost_overrun,1,"project spent USD 17,360",,,,False
2025,2025_AGRPT@CON2025.pdf,760,"The Evaluation of  Novel Tuberculosis  LAM Assays among  People Living With  Human  Capital  Development  Unqualified  The project spent USD.63,490 against an approved budget of USD.38,540, resulting  in excess expenditure of USD.24,950 (164.7% performance) without a supplementary  budget.",cost_overrun,cost_overrun,1,project spent USD,,,,False
2025,2025_AGRPT@CON2025.pdf,760,"566  Entity Name  Programme  Name  Opinion    Summary of Key Findings  I noted that;  Technology (MEEH)  for the Period 1st  January  2023  to  31st December 2024  Neutral  Tube  Defects  (NTDS)  Project  Implemented  by  the  Mbarara  University  Of  Science  and  Technology for the  period  1st  September  2023  To  31st  August  2024  Human  Capital  Development  Unqualified  There are no reportable matters            Nursing First Miles  Project of Mbarara  University  of  Science  and  Technology for the  period 1st January  2024  To  31st  December 2024  Human  Capital  Development  Unqualified  There are no reportable matters    The  Oncology  implemented by the  Mbarara University  of  Science  and  Technology  for the year ended  31st July 2018  Human  Capital  Development  Unqualified  Out of UGX.103,282,484 available funds, UGX.",contract_management,contract_management,1,Programme  Name  Opinion    Summary of Key Findings  I noted that;  Technology (MEEH)  for the Peri; Project  Implemented  by  the  Mbarara  University  Of  Science  and  Technology for the  period ,,,,False
