year,sentence,driver_label,project_name,contractor,statutory_body,funding_source
2018,83 Table 23: Procurement Anomalies ..............................................................................................,procurement_irregularities,,,,
2018,"63 vi ABBREVIATIONS AND ACRONYMS LIST OF ACRONYMS ACRONYM DESCRIPTION AG Auditor General AO Accounting Officer Bn Billion BoU Bank of Uganda CAs Contracting Authorities DLB District Land Board FY Financial Year GoU Government of Uganda IESBA International Ethics Standards Board for Accountants IMF International Monetary Fund KIS Kalangala Infrastructure Services MDAs Ministries ,Departments and Agencies MEMD Ministry of Energy and Mineral Development MOFPED Ministry of Finance, Planning, and Economic Development MoGLSD Ministry of Gender Labour and Social Development MoU Memoranda of Understanding MTEF Medium Term Expenditure Framework NAA National Audit Act NBI National Backbone Infrastructure NDP National Development Plan NDPII Second National Development Plan NEMA National Environment Management Authority NGO Non-Governmental Organisation NIN National Identification Number NPA National Planning Authority NWSC National Water and Sewerage Corporation OAG Office of the Auditor General vii PAPs Project Affected Persons PDMF Public Debt Management Framework PFMA Public Finance Management Act, 2015 PS/ST Permanent Secretary/Secretary to the Treasury PSST Permanent Secretary and Secretary to Treasury TAI Treasury Accounting Instructions, 2016 TIN Tax Identification Number TWGs Technical Working Groups UCF Uganda Consolidated Fund UGX Uganda Shillings USD United States of America Dollars USMID Uganda Support for Municipal Infrastructure Development WMD Wetlands Management Department YIGs Youth Interest Groups YLP Youth Livelihood Programme viii GLOSSARY OF TERMS Agronomy The scientific study of soil management and crop production, including irrigation and the use of herbicides, pesticides, and fertilizers.",other,Project Affected Persons PDMF Public Debt Management Framework PFMA Public Finance Management Act; Programme viii GLOSSARY OF TERMS Agronomy The scientific study of soil management and crop producti,,"Ministry of Energy and Mineral Development MOFPED Ministry of Finance, Planning, and Eco; Ministry of Gender Labour and Social Development MoU Memoranda of Understanding MTEF Med",
2018,"Domestic Arrears Domestic arrears refer to short-term debts incurred by governments against unpaid procurement invoices for supply of goods and services during the financial year External Debt Portion of a country's debt that was borrowed from foreign lenders including commercial banks, governments or international financial institutions.",procurement_irregularities,,,,
2018," Classified expenditure  Audit of all government investments  Procurement Audits  Audit of the treasury memoranda Under Article 163 (4) of the Constitution, I am also required to submit to Parliament annually a Report of the Accounts audited by me for the year immediately preceding.",procurement_irregularities,,,Parliament annually a Report of the Accounts audited by me for the year immediately preced,
2018,"The shortcomings include; sector delays to submit plans, lack of service delivery standards in all MDAs and LGs, delay in issuing of circular for NDP III by NPA, failure by NPA to undertake mid-term review assessment of the NPD II, failure by 40 entities to submit strategic plans, failure by 54% of MDAs in attaining satisfactory score on Certificate of Compliance (CoC).",other,,,,
2018,"Another project, Mbarara-Nkenda and Tororo-Lira transmission line has delayed for almost 8 years resulting into cancellation of the loan by the funder with an undisbursed loan amount of USD 6.5m.",other,"project, Mbarara-Nkenda and Tororo-Lira transmission line has delayed for almost 8 years resultin",,,loan by the funder with an undisbursed loan amount of USD 6
2018,Delay in revolving funds to other eligible groups undermines the ultimate goal of the program.,other,program,,,
2018,"1.4.13 Management of wetlands in Uganda by the wetlands management department, ministry of water and environment  The roadmap for cancellation of land titles in wetlands approved by Cabinet had not been funded by Ministry of Finance, Planning and Economic Development (MoFPED), and this hindered its implementation.",other,,,"ministry of water and environment  The roadmap for cancellation of land titles in wetla; Ministry of Finance, Planning and Economic Development (MoFPED), and this hindered its i",
2018,The least delay was experienced for applicants for replacement National Identity cards while the most delay was for new applicants.,other,,,,
2018," Budget performance Section 45 (3) of the Public Finance Management Act, 2015 states that “An Accounting Officer shall enter into an annual budget performance contract with the PS/Secretary to the Treasury which shall bind the Accounting Officer to deliver on the activities in the work plan of the vote for a Financial year, submitted under section 13 (15)” of the said Act.",other,,,,
2018,"In addition, regulation 10 of the NITA-U (E-government) regulations provides that all public bodies shall use the NBI and electronic government infrastructure as the primary vehicle for all government data, internet and voice services.",other,,,,
2018,"Interaction with NITA(U) revealed that their service to IFMS in the year under review had a 99% uptime, their coverage is countrywide and the current Rural Communication Infrastructure Project funded by the World Bank was to provide last mile connectivity to all major installations in the country.",other,Project funded by the World Bank was to provide last mile connectivity to all major installations,,,World Bank was to provide last mile connectivity to all major installa
2018,Management in their response stated that the National Backbone Infrastructure (NBI) that is provided by NITA (U) has been adopted as the main link in all the sites within Kampala.,other,,,,
2018," Conflict between Loan Agreement, Power Purchase Agreement and Generation and Sale License Article 3.1 and Appendix 1-A (11) of the loan agreements between GOU and the financing Bank for the construction of Isimba HPP and Karuma HPP requires UEGCL to enter into a power purchase agreement (PPA) with Uganda Electricity Transmission Company Ltd (UETCL) on a take or pay basis (also known as capacity payment).",other,,Company Ltd (UETCL) on a take or pay basis (also known as capacity payment),,"Loan Agreement, Power Purchase Agreement and Generation and Sale; loan agreements between GOU and the financing Bank for the const"
2018,"Part IV of the power purchase agreements signed between UEGCL and UETCL in relation to Karuma and Isimba respectively, and approved by EXIM Bank requires UETCL to make capacity payments to UEGCL.",other,,,,
2018,"The government of Uganda guaranteed the above agreement between UETCL and UEGCL, implying that in case UETCL fails to pay, Government of Uganda would bridge the gap.",other,,,,
2018,"Contrary to this arrangement, it was noted that clause 6 and Annex D (2) of the generation and sale licenses issued by the Electricity Regulatory Authority (ERA) to UEGCL in relation to Karuma and Isimba authorises UEGCL to only charge UETCL an Energy charge.",other,,,Authority (ERA) to UEGCL in relation to Karuma and Isimba authorises UEGCL to only charge,
2018,"Under the energy charge method, the purchaser is only required to pay for energy consumed, as measured by a meter.",other,,,,
2018,The purchaser is not required to pay for the available energy that it does not consume.,other,,,,
2018,UEGCL charging UETCL an energy charge and not requiring capacity payment implies flouting of the power purchase agreement and would require Government of Uganda through the Ministry of Finance to bridge the gap.,other,,,Ministry of Finance to bridge the gap,
2018,"According to the Accounting Officers, delayed repayment was mainly attributed to disintegration of groups and sharing of funds by members (45%), embezzlement of funds by group members (23%), failure of some projects especially agriculture 26 projects due to bad weather patterns (10%) and other reasons including lack of skills, Sensitization and insecurity (22%).",other,,,,
2018," Implementation of the Uganda Road Funds Section 45 (3) of the Public Finance Management Act, 2015 states that “ An Accounting Officer shall enter into an annual budget performance contract with the PS/Secretary to the Treasury which shall bind the Accounting Officer to deliver on the activities in the work plan of the vote for a Financial year, submitted under section 13 (15)” of the said Act.",other,,,,
2018,"During the overall office wide planning, I identified risks such as inadequate release of funds and failure to undertake budget monitoring and supervision that are likely to be the causes of failure to implement the planned activities under Uganda road fund.",contract_management,,,,
2018,The 27 focus was put on the planned major outputs under Uganda Road Fund which greatly impact on service delivery in the Local Governments Districts.,other,,,,
2018,"Based on the procedures performed, the following observations were made; a) Budget performance A total of UGX.55.1bn was budgeted to cater for routine manual maintenance, routine mechanised maintenance, periodic maintenance and emergency activities on several District roads using Road gangs and the force Account mechanism.",other,,,,
2018,"The Accounting Officers attributed this to heavy rains and floods, failure to attract road gangs, budget cuts and high unit cost per kilometre.",other,,,,
2018,The Accounting Officers attributed this to delayed access to the pension payroll.,other,,,,
2018,"According to the Accounting Officers, delayed repayment was mainly attributed to disintegration of groups and sharing of funds by members (45%), embezzlement of funds by group members (23%), failure of some projects especially agriculture projects due to bad weather patterns (10%) and other reasons including lack of skills, Sensitization and insecurity (22%).",other,,,,
2018," Implementation of the Uganda road Funds Section 45 (3) of the Public Finance Management Act, 2015 states that “ An Accounting Officer shall enter into an annual budget performance contract with the Secretary to the Treasury which shall bind the Accounting Officer to deliver on the activities in the work plan of the vote for a Financial year, submitted under section 13 (15)” of the said Act.",other,,,,
2018,"During the overall office wide planning, I identified risks such as inadequate release of funds and failure to undertake budget monitoring and supervision that are likely to be the causes of 35 failure to implement the planned activities under Uganda road fund.",contract_management,,,,
2018,The focus was put on the planned major outputs under Uganda Road Fund which greatly impact on service delivery in the Municipal Councils.,other,,,,
2018,"Based on the procedures performed, the following observations were made; a) Budget performance A total of UGX.24.4bn was budgeted to cater for routine manual maintenance, routine mechanised maintenance, periodic maintenance and emergency activities on several Municipal roads using Road gangs and the force Account mechanism.",other,,,,
2018,"The Accounting Officers attributed this to heavy rains, delayed access to read equipment from districts, failure to attract road gangs and high unit costs per Kilometerage in some areas.",other,,,,
2018,The Accounting Officers attributed this to delayed access to the pension payroll arising from delays in verifying pension and gratuity files by the Ministry of Public Service.,other,,,Ministry of Public Service,
2018,The shortcomings include;  1 out of 16 sectors delayed to submit sector plans.,other,,,,
2018, Delay in issuing of circular for NDP III by NPA.,other,,,,
2018,"According to Section 45 (3) of the same Act, the Accounting Officer shall enter into an annual performance contract with the Secretary to Treasury which shall bind the Accounting Officer to deliver on the activities in the work plan for the vote for the financial year.",other,,,,
2018,"However, I noted that some entities did not implement activities as planned citing non- release of funds, late release of funds, delayed procurement processes.",procurement_irregularities,,,,
2018,"The Accounting Officers attributed this to non-existent pensioners, delayed verifications and late releases of funds.",other,,,,
2018,A significant number of projects had delays in implementation with the Energy and Education sectors being the most affected.,other,,,,
2018,Unspent funds imply delayed or non-implementation of planned activities for service delivery.,other,,,,
2018,"The occurrence of these unspent balances was attributed by Accounting Officers to late release of funds from Ministry of Finance, Planning and Economic Development, inefficiencies in procurement units and incompetent contractors among others.",procurement_irregularities,,,"Ministry of Finance, Planning and Economic Development, inefficiencies in procurement un",
2018,I advised the Accounting Officers to liaise with MoFPED for timely release of funds and streamline procurement and contract management processes.,procurement_irregularities,,,,
2018, Payroll of June 2018 revealed that pensioners in various Votes were employed on contract terms but there was no evidence indicating that their job positions required special skills.,other,,,,
2018,"Table 3: Non-deduction and Non-remittance of taxes S/N Entity Non deducted taxes Non remitted taxes 1 Community Agricultural Infrastructure Improvement Programme – Project 3 (CAIIP – III) - 18,287,066,139 2 Urban Markets and Marketing Development of Agricultural Products Project - 6,184,417,820 3 District Commercial Services Support Project (DICOSS) 1,062,000 - 4 Soroti University - 141,733,220 5 ADB V Support to Higher Education, Science &Tecchhnology-1273 (USD.",other,"Programme – Project 3 (CAIIP – III) - 18,287,066,139 2 Urban Markets and Marketing Development of A; Project - 6,184,417,820 3 District Commercial Services Support Project (DICOSS) 1,062,000 - 4 Sor",,,
2018,I advised Accounting Officers to adhere to the contract arrangements with a view of avoiding such expenses.,other,,,,
2018,"Table 4: Wasteful/Nugatory Expenditure S/N Entity Particulars Amount 1 Ministry of Water and Environment and Urban Development Interest charges 803,111,726 2 Ministry of Education and Sports These include payment of interest on delayed payments, litigation costs for wrongful termination of contracts and refund of embezzled funds.",delayed_payments,,,"Ministry of Water and Environment and Urban Development Interest charges 803,111,726 2 M",
2018,"45 Table 5: Outstanding Receivables S/N Entity Summary Amount 1 Ministry of Justice & Constitutional Affairs 20,609,131,791 2 State House 590,200,000 3 Petroleum Fund 12,877,415,932 4 Water Supply And Sanitation Programme support (WSSP) I under JWESSP 32,064,486 5 Kyambogo University 4,684,030,407 6 Busitema University 246,527,500 7 Ministry of Education and Sports 21,609,448,397 8 Uganda Blood Transfusion Services 74,600,000 9 Jinja Regional Referral Hospital 109,663,453 Total 60,833,081,966 3.1.6 Staff Shortages I noted that out of the total Government staff establishment of 469,216 positions, only 311,987 positions had been filled leaving a gap of 157,229 representing 34% of vacant posts across MDAs/LGs.",other,"Programme support (WSSP) I under JWESSP 32,064,486 5 Kyambogo University 4,684,030,407 6 Busitema U",,"Ministry of Justice & Constitutional Affairs 20,609,131,791 2 State House 590,200,000 3 ; Ministry of Education and Sports 21,609,448,397 8 Uganda Blood Transfusion Services 74,6",
2018,"across the entire country) 3 Uganda Prisons Services Unaccounted for land at Luzira (106.692 acres), Untitled and Unsurveyed land, Land with encroachments, disputes and encumbrances at Arua, Namalu, Amita, Ngenge, Ragem, Kotido, Bukedea and Budaka--un surveyed and un titled land is equivalent to 89 pieces of varying sizes across the country 4 Ministry of Defence and Veterans Affairs Compensation of Land at Usuk, Ngariam Katakwi, JIE Block 4, Plot 21, Nakapirimor, Kotido District, Petero Bashaija (Estate of Maria Kakindu) Kabamba and Plot 20 Lugard Avenue, Entebbe (Total 7.675bn) 5 Ministry of Agriculture Animal Industry & Fisheries Untitled Land(VODP),Missing land title and loss of land to Government Departments (Bukalasa Agricultural college) 6 Ministry of Tourism, Wildlife and Antiquities 6 pieces of land where museums are located did not have titles 7 Ministry of Water and Environment Various water schemes built (construction cost over UGX50bn) across the country have no land titles 8 Public Universities (KYU, Soroti, Busitema, Muni, Gulu) Illegal encroachment, underutilised and untitled land 9 Jinja Referral Lack of Titles 10 Ministry of Science and Technology Lack of Land Titles for PIBID Land (land at Sanga approximately 50 acres and land where the water source is located at Kyamugambira approximately 4 acres).",procurement_irregularities,,,"Ministry of Defence and Veterans Affairs Compensation of Land at Usuk, Ngariam Katakwi, ; Ministry of Agriculture Animal Industry & Fisheries Untitled Land(VODP),Missing land tit",
2018,Notable among them were Ministry of Energy and Mineral Development and Makerere University as outlined in table below.,other,,,Ministry of Energy and Mineral Development and Makerere University as outlined in table ,
2018,"Table 7: Pending Legal Cases S/N Entity Estimated legal cost Remarks 1 Ministry of Energy and Mineral Development 389,800,000,000 several legal cases arising from land compensation claims for the Isimba and Karuma projects 2 Soroti University 1,025,265,000 3 Makerere University 5,634,291,157 4 Makerere University Business School 3,803,637,896 Total 400,263,194,053 Their eventual determination and/or payment could negatively effect on the cash flows and ability of the concerned entities to continue as going concerns.",land_and_right_of_way,,,"Ministry of Energy and Mineral Development 389,800,000,000 several legal cases arising f",
2018,"In addition, the ministry also agreed to settle electricity bills for some firms in the textile industry.",other,,,ministry also agreed to settle electricity bills for some firms in the textile industry,
2018,"The Accounting Officer explained that the Tax and Energy incentive was not backed by relevant resources, which created domestic arrears.",delayed_payments,,,,
2018,"3.3.2 Energy and mineral development sector  Funds withdrawn from the Petroleum Fund Section 58 of the Public Finance Management Act (PFMA), 2015, requires withdrawals from the Uganda Petroleum Fund (UPF) to the Uganda Consolidated Fund (UCF) to be made under authority granted by an Appropriation Act.",other,,,authority granted by an Appropriation Act,
2018,"In addition, section 59(3) requires that Petroleum revenues be used for financing infrastructure and development projects.",other,,,,
2018,"In the absence of guidance from the Appropriation Act, which would indicate the activities for which the funds have been budgeted, there is no assurance as to whether the funds were used to finance infrastructure and development projects of Government, as provided for under Section 59(3) of the PFMA.",other,,,,
2018," Delay to establish the Petroleum Investment Framework Section 62 and 63 of the PFMA 2015, requires that monies withdrawn from the Petroleum Fund to the Petroleum Revenue Investment Reserve (PRIR) shall be done with the approval of Parliament and warrant of the Auditor General.",other,,,Parliament and warrant of the Auditor General,
2018, Court cases relating to compensation of sub-surface rocks I observed that there are a number of on-going court cases arising from legal suits by Project Affected Persons (PAPs) against the Ministry of Energy and Mineral Development.,land_and_right_of_way,Project Affected Persons (PAPs) against the Ministry of Energy and Mineral Development,,Ministry of Energy and Mineral Development,
2018,An amount of UGX379.1 billion relates to compensation claims for land affected by the construction of Isimba HPP while UGX.,land_and_right_of_way,,,,
2018,10.75 billion relates to the construction of Karuma HPP.,other,,,,
2018,These court cases may result into the delays in the construction of the strategic dams thus resulting into increase of commitment fees and delay in achieving the intended objective of the project.,other,project,,,
2018, Delayed Completion of Projects due to Right of Way challenges I noted that a number of Projects under the Energy sector were not completed within the agreed contract periods.,land_and_right_of_way,,,,
2018,The delay to complete the projects ranged from 4months to 8 years and resulted into contract cost escalations in some projects.,other,,,,
2018,"For example the case of Mbarara-Nkenda transmission line which delayed for 8 years resulting into standby costs, additional supervising consultant’s costs and interest charges totalling USD 9,936,215.1 and UGX.5.1bn and Hoima-Nkenda transmission line which delayed by two years and has resulted into standby costs of USD982,295.",other,,,,
2018, Delayed signing of the Financing agreements by the Government of Uganda I advised projects management to streamline planning and procurement processes so as to reduce the inefficiencies which are affecting the project implementation.,procurement_irregularities,project implementation,,,
2018,"Due to lack of tenancy agreements, the tenants were neither paying the Universities tenancy fees nor utility fees for electricity and water consumed thus occasioning a financial loss to the Universities.",other,,,,
2018,"c) Status of stadia in the Country Despite the enormous success that Ugandan teams have shown in the recent past both on the local and international scene, especially in Athletics, Football, Netball, University Sport, Rugby; field inspections and review of the National Council Sports report on the status of stadia in the country revealed lack of; perimeter walls, water facilities, Lighting facilities, acceptable playing grounds, and functioning toilet facilities.",other,,,,
2018,Delay to settle the obligations have resulted into Government accumulating interest on the principal amounts.,other,,,,
2018," Development of New Kampala Port at Bukasa The Ministry of Works and Transport plans to contract a modern port at Bukasa on the shores of Lake Victoria as part of the development of the Central Corridor from Kampala across Lake Victoria to Mwanza, Musoma to Dar es Salaam on the Indian Ocean.",other,,,Ministry of Works and Transport plans to contract a modern port at Bukasa on the shores ,
2018,"The Central Corridor will provide an alternative route to the Northern corridor from Kampala to Mombasa hence promoting regional trade, increasing economic growth and integration, reducing heavy traffic on the Northern Corridor hence reducing road maintenance and cost of doing business.",other,,,,
2018,In addition the topographic survey was completed though the water lines are not yet complete.,other,,,,
2018,Procurement of consultancy services for construction of start-up infrastructure (Road and Fence) is in advanced stage.,procurement_irregularities,,,,
2018,"I noted that whereas the civil works executed were generally in accordance with the agreed designs and specifications, there were some issues I noted that should be addressed to ensure delivery of the hospital infrastructure is as per the approved designs.",other,,,,
2018,Delays in execution of works were mainly attributed to delayed handover of sections of the site due to delayed relocation of patients to Kawempe and Kiruddu hospitals.,other,,,,
2018,The final section of the site was handed over in October 2016 (22 months after the project commencement) and yet clause 2.1 of the general conditions of contract of the signed contract states that the contractor will be given full access to site before commencement of works.,other,project commencement) and yet clause 2,,,
2018,"Other reasons for delayed execution of works were; increased scope of works, late instructions and pending information from the consultant, delayed payment of VAT amounts, and delayed payment 62 of IPC no.13 by 69 days.",delayed_payments,,,,
2018,"Delayed execution of works resulted into additional costs of USD 380,000 incurred in extension of the supervising consultant’s contract.",other,,,,
2018,There is Lack of a maintenance plan for implemented Infrastructure.,other,,,,
2018,"There are a lot of sophisticated installations, being done by international experts, yet the Contract did not allow for maintenance costs in case of any unforeseen future failures.",other,,,,
2018,"It is evident that in case of future equipment failures, there will be either need for restoration by the same experts, or neglect which will mean non achievement of value for money on the implemented infrastructure.",other,,,,
2018,"Table 10: Un-Consolidated State Enterprises S/N Enterprise Government Shareholding Shareholders' Equity 1 National Social Security Fund 100% 9,936,291,648,000 2 Uganda Railways Corporation 100% 3,426,533,654,000 3 Uganda Electricity Generation Company Limited 100% 829,652,214,000 4 Uganda Electricity Transmission Company Limited 100% 379,189,000,000 5 National Housing and Construction Company Limited 51% 311,942,288,000 6 Uganda Property Holdings Limited 100% 229,950,802,062 7 Uganda Electricity Distribution Company Limited 100% 205,977,780,000 8 Nile Hotel International Limited 100% 193,584,509,164 9 Uganda Air Cargo Corporation 100% 76,361,088,653 1 Ownership interest with enough voting shares, that is over 50% 65 10 Post Bank Uganda 100% 64,205,605,803 11 Uganda Wildlife Conservation Education Centre 100% 13,233,498,966 12 Uganda Printing and Publishing Corporation 100% 11,370,013,230 13 Uganda Seeds Limited 100% 6,678,058,279 14 NEC Farm Katonga Limited 100% 5,050,688,396 15 NEC Construction Works & Engineering Limited 100% 2,047,012,597 16 NEC Tractor Project 100% 1,910,356,736 17 NEC Tractor Hire Scheme Limited 100% 1,572,895,139 18 NEC Uzima Limited 100% 1,507,223,000 19 Uganda National Oil Company Limited 100% 0 Shareholders' Total Equity 15,697,058,336,025 This implies that the consolidated summary statement of financial performance of the public corporations and state enterprises is incomplete and thus does not reflect the accurate government ownership.",other,"Project 100% 1,910,356,736 17 NEC Tractor Hire Scheme Limited 100% 1,572,895,139 18 NEC Uzima Lim","Company Limited 100% 829,652,214,000 4 Uganda Electricity Transmission Company Limited ; Company Limited 51% 311,942,288,000 6 Uganda Property Holdings Limited 100% 229,950,802","Corporation 100% 3,426,533,654,000 3 Uganda Electricity Generation Company Limited 100% 829; Corporation 100% 76,361,088,653 1 Ownership interest with enough voting shares, that is ove",
2018,"A computation and analyses of the profitability, liquidity and gearing parameters of these enterprises revealed the following; a) Profitability of Enterprises Fourteen (14) out of the 29 State Enterprises analysed made profits in the year under review, with Bank of Uganda (BoU), National Social Security Fund (NSSF) and National Water and Sewerage Corporation (NWSC) posting profits of UGX 424bn, 240bn and 51bn respectively as shown in the table below.",other,,,"Corporation (NWSC) posting profits of UGX 424bn, 240bn and 51bn respectively as shown in th",
2018,"Enterprise Profit After Tax - 2017/18 (UGX) Profit After Tax - 2016/17 (UGX) %age Change 1 Bank of Uganda 424,113,000,000 (95,982,000,000) (542) 2 National Social Security Fund 240,444,091,000 11,003,211,000 2,085 3 National Water and Sewerage Corporation 51,188,903,000 26,711,133,000 92 4 Pride Micro Finance 16,496,928,000 15,046,452,000 10 5 Post Bank Uganda Limited 6,204,064,468 5,061,961,867 23 6 New Vision Printing and Publishing Company Limited (Dividend is proposed not declared) 2,318,223,000 14,685,000 15,686 7 Nile Hotel International Limited 1,521,712,661 761,162,918 100 8 Uganda Air Cargo Corporation 1,511,953,445 2,598,256,138 (42) 9 NEC Construction Works & Engineering Limited 795,920,408 781,979,028 2 67 10 NEC Tractor Hire Scheme Limited 752,282,106 439,878,942 71 11 NEC Luwero Industries Limited 230,073,329 (854,360,481) (127) 12 Uganda Property Holding 125,315,766 553,504,151 (77) 13 Uganda Post Limited 100,495,000 (4,449,441,000) (102) 14 Uganda Wildlife Conservation education Centre 65,550,177 89,060,223 (26) 15 NEC Tractor Project (70,636,203) (31,875,591) 122 16 Uganda Seeds Limited (182,934,495) 48,162,092 (480) 17 Mandela National Stadium (238,902,339) (669,415,803) (64) 18 NEC Farm Katonga Limited (359,026,879) 38,464,862 (1,033) 19 NEC Uzima Limited (385,744,000) 57,668,000 (769) 20 Uganda Printing and Publishing Corporation (1,403,798,564) (616,572,195) 128 21 Kilembe Mines Limited (1,624,302,143) (440,930,080) 268 22 National Housing and Construction Company Limited (2,050,991,000) 12,863,781,000 (116) 23 Uganda Electricity Distribution Company Limited (6,682,561,000) (6,730,922,000) (1) 24 Uganda National Oil Company Limited (9,584,449,000) (3,421,297,000) 180 25 Uganda Electricity Generation Company (10,856,159,000) (13,483,005,000) (19) 26 Uganda Development Corporation (Group) (17,571,299,000) 13,691,981 (128,433) 27 Civil Aviation Authority (2016) (21,070,422,000) 11,922,770,000 (277) 28 Uganda Electricity Transmission Company Limited (prior year figure are for 6 months) (75,526,000,000) 62,254,000,000 (221) 29 Uganda Railways Corporation (93,036,050,000) (199,481,183,000) (53) The worst performing State Enterprises were Uganda Railways Corporation (URC), Uganda Electricity Transmission Company Limited (UETCL) and Civil Aviation Authority with losses of UGX93bn, UGX75.5bn and UGX21bn respectively.",other,"Project (70,636,203) (31,875,591) 122 16 Uganda Seeds Limited (182,934,495) 48,162,092 (480) 17 M","Limited 6,204,064,468 5,061,961,867 23 6 New Vision Printing and Publishing Company Lim; Limited 1,521,712,661 761,162,918 100 8 Uganda Air Cargo Corporation 1,511,953,445 2,59","Corporation 51,188,903,000 26,711,133,000 92 4 Pride Micro Finance 16,496,928,000 15,046,45; Corporation 1,511,953,445 2,598,256,138 (42) 9 NEC Construction Works & Engineering Limited",
2018,"NEC Tractor Hire Scheme Limited, NEC Construction Works & Engineering Limited and Pride Micro Finance recorded Return on Assets of 43%, 27% and 7% respectively.",other,,"Limited, NEC Construction Works & Engineering Limited and Pride Micro Finance recorded ",,
2018,"Entity Return on Assets 1 NEC Tractor Hire Scheme Limited 43.3 2 NEC Construction Works & Engineering Limited 26.8 3 Pride Micro Finance 6.7 4 National Water and Sewerage Corporation 3.2 5 National Social Security Fund 2.7 6 New Vision Printing and Publishing Company Limited (Dividend is proposed not declared) 2.7 7 Bank of Uganda 2.7 8 Post Bank Uganda Limited 1.8 9 Uganda Air Cargo Corporation 1.7 10 NEC Luwero Industries Limited 1.3 11 Nile Hotel International Limited 0.8 12 Uganda Wildlife Conservation education Centre 0.5 13 Uganda Electricity Distribution Company Limited 0.4 14 Uganda Post Limited 0.1 15 Uganda Property Holding 0.1 16 Mandela National Stadium -0.1 17 Uganda Electricity Generation Company -0.2 18 National Housing and Construction Company Limited -0.5 19 Civil Aviation Authority (2016) -2.4 20 Uganda Railways Corporation -2.6 21 Uganda Seeds Limited -2.7 69 22 Uganda Electricity Transmission Company Limited (prior year figure are for 6 months) -2.9 23 NEC Tractor Project -3.2 24 Kilembe Mines Limited -4.3 25 NEC Farm Katonga Limited -6.2 26 Uganda Printing and Publishing Corporation -9.8 27 NEC Uzima Limited -20.1 28 Uganda Development Corporation (Group) -24.9 29 Uganda National Oil Company Limited -178.5 c) Proposed Dividends Furthermore, I observed that, out of the 17 profit making enterprises, only New Vision Printing and Publishing Company Limited proposed a dividend pay-out amounting to UGX1,912,500,000.",other,Project -3,Limited 43; Limited 26,Corporation 3; Corporation 1,
2018,"70 Table 13: Liquidity of Enterprises S/N Entity Liquidity 2017/18 Liquidity 2016/17 %age Change 1 NEC Farm Katonga Limited 305.9:1 0.7:1 43,809% 2 Uganda Seeds Limited 135:1 114:1 18% 3 Uganda Development Corporation 62.1:1 50:1 24% 4 NEC Tractor Project 8.3:1 7.5:1 11% 5 Nile Hotel International Limited 7.8:1 8.6:1 -9% 6 Uganda Electricity Generation Company Limited 7.6:1 7.2:1 6% 7 Uganda Railways Corporation 5.4:1 2.9:1 84% 8 NEC Luwero Industries Limited 5.1:1 19.8:1 -74% 9 NEC Tractor Hire Scheme Limited 5:1 1.6:1 216% 10 Uganda Electricity Distribution Company Limited 4.5:1 3.7:1 22% 11 NEC Construction Works & Engineering Limited 3.9:1 1.6:1 135% 12 New Vision Printing and Publishing Company Limited 3.6:1 3.1:1 14% 13 Uganda Property Holdings Limited 3.5:1 1.8:1 97% 14 National Housing and Construction Company Limited 2.5:1 2.8:1 -11% 15 NEC Uzima Limited 2:1 2.4:1 -16% 16 Kilembe Mines Limited 2:1 3.1:1 -36% 17 Uganda National Oil Company Limited 2:1 1.6:1 28% 18 Uganda Air Cargo Corporation 1.8:1 0.1:1 1,643% 19 Uganda Electricity Transmission Company Limited 1.5:1 1.4:1 7% 20 National Water and Sewerage Corporation 1.3:1 1.4:1 -8% 21 Uganda Post Limited 1.1:1 1:1 6% 22 Uganda Printing and Publishing Corporation 0.6:1 0.9:1 -29% 23 Uganda Wildlife Conservation education Centre 0.5:1 0.7:1 -27% 24 Mandela National Stadium 0.4:1 0.3:1 58% 71 I advised the Accounting Officers to ensure Treasury/working capital management is strengthened by ensuring speedy collection of debts and reduction of liabilities not guaranteed by enough assets.",other,Project 8,Limited 305; Limited 135:1 114:1 18% 3 Uganda Development Corporation 62,Corporation 62; Corporation 5,
2018,"Another 8 enterprises, namely Uganda Development Corporation, National Housing and Construction Company Limited, Kilembe Mines Limited, New Vision Printing and Publishing Company Limited, NEC Luwero Industries Limited, Uganda Post Limited, Uganda Air Cargo Corporation and Uganda Railways Corporation had debt ratios of less than 50% implying that owners’ equity was sufficient to cover total debt.",other,,"Company Limited, Kilembe Mines Limited, New Vision Printing and Publishing Company Limi; Limited, Uganda Post Limited, Uganda Air Cargo Corporation and Uganda Railways Corporat","Corporation, National Housing and Construction Company Limited, Kilembe Mines Limited, New ; Corporation and Uganda Railways Corporation had debt ratios of less than 50% implying that ",
2018,"Entity Debt Ratio 2017/18 2016/17 1 Uganda Electricity Distribution Company Limited 87 86 2 Uganda Electricity Generation Company Limited 85 86 3 Uganda Electricity Transmission Company 84 74 4 National Water and Sewerage Corporation 63 59 5 Uganda Development Corporation 28 27 6 National Housing and Construction Company Limited 19 19 7 Kilembe Mines Limited 14 13 72 8 New Vision Printing and Publishing Company Limited 9 10 9 NEC Luwero Industries Limited 5 6 10 Uganda Post Limited 5 5 11 Uganda Air Cargo Corporation 3 3 12 Uganda Railways Corporation 1 2 13 NEC Construction Works & Engineering Limited 0 0 18 Uganda Printing and Publishing Corporation 0 0 19 Nile Hotel International Limited 0 0 20 NEC Uzima Limited 0 0 21 Pride Micro Finance 0 0 22 Post Bank Uganda Limited 0 0 23 Uganda Wildlife Conservation education Centre 0 0 24 Uganda Seeds Limited 0 0 25 NSSF 0 0 26 Uganda Property Holdings Limited 0 0 On a positive note though, some entities have reduced their debt-to-asset ratio in the year under review compared to 2016/17.",other,,Company Limited 87 86 2 Uganda Electricity Generation Company Limited 85 86 3 Uganda El; Company 84 74 4 National Water and Sewerage Corporation 63 59 5 Uganda Development Corp,Corporation 63 59 5 Uganda Development Corporation 28 27 6 National Housing and Constructio; Corporation 3 3 12 Uganda Railways Corporation 1 2 13 NEC Construction Works & Engineering ,
2018,"The three worst performing State enterprises in this aspect were, Uganda Electricity Transmission Company Limited, National Housing and Construction Company Limited, and Uganda Post Limited which may have challenges meeting their interest obligations.",other,,"Company Limited, National Housing and Construction Company Limited, and Uganda Post Lim",,
2018,"Entity Profit before Interest (Operating Profit) (UGX) Interest (Financing cost) (UGX) Number of Times 1 NEC Luwero Industries Limited 231,972,069 1,898,740 122.2 2 National Water and Sewerage Corporation 58,889,248,000 891,744,000 66.0 3 NEC Tractor Hire Scheme Limited 765,650,619 13,368,513 57.3 4 NEC Construction Works & Engineering Limited 810,468,628 14,548,220 55.7 5 NEC Tractor Project 69,353,628 1,282,575 54.1 6 Bank of Uganda 442,262,000,000 18,149,000,000 24.4 7 Uganda Property Holdings Limited 672,423,379 229,649,582 2.9 8 Uganda Post Limited 600,331,000 626,531,000 1.0 9 National Housing and Construction Company Limited (101,502,000) 1,949,498,000 -0.1 10 Uganda Electricity Transmission Company Limited (106,636,000,00 0) 588,000,000 -181.4 Through its oversight role, government should caution the management of these enterprises to limit the amounts of debt to manageable levels guaranteed by improved profitability.",governance_and_controls,"Project 69,353,628 1,282,575 54","Limited 231,972,069 1,898,740 122; Limited 765,650,619 13,368,513 57","Corporation 58,889,248,000 891,744,000 66",
2018,"Absence of a Board of Directors since January, 2008 3 Uganda Free Zones Authority Lack of an Internal Audit function 4 National Agricultural Advisory Services-NAADS legal mandate of NAADS (Irregular restructuring) 5 Management Training and Advisory Centre (MTAC) Lack of a governing council 6 National Drug Authority Board not fully constituted 7 National Medical Stores Failure to provide for position of Deputy General Manager 8 National Information Technology Authority -Uganda Board not fully constituted 9 Uganda Communication Commission Conflicting sections of the Law in Regard to the Position of the Executive Director also being a Board Member 10 Uganda Institute of Communication and Information Technology Unclear governance structure and legal status of the Institute 11 Uganda Posts Limited Expired Contracts for Members of the UPL Board 12 Uganda Human Rights Commission Only 3 of the 7 members were appointed 13 National Identification and Registration Authority (NIRA) Lack of a fully constituted Board 14 National Planning Authority Board not fully constituted 15 National Council for Disability Failure to Hold Annual General Meeting 16 Uganda National Cultural Centre Expiry of Board Tenure 17 Uganda National Children’s' Authority Lack of a governing board 18 Uganda Industrial Research Institute Absence of a Board of Directors 19 Uganda National Council for Science and Technology Absence of a fully constituted Governing Council, only 9 out of the 36 members are appointed 20 National Enterprise Corporation Absence of an Audit Committee 21 Uganda Veterans Assistance Board Failure to implement the mandate of Uganda Veterans Assistance Board 22 Uganda Wildlife Research and Training Institute Inappropriate composition of the Governing Council and absence of academic Board 76 23 Nile Hotel International Limited Continuous stay of the Board after the expiry of the two terms and override of managements responsibility by the board 24 Uganda National Meteorological Authority Lack of a Board of Directors 25 Uganda Road Fund Board misunderstandings.",governance_and_controls,,Limited Expired Contracts for Members of the UPL Board 12 Uganda Human Rights Commissio; Limited Continuous stay of the Board after the expiry of the two terms and override of ,Authority Lack of an Internal Audit function 4 National Agricultural Advisory Services-NA; Authority Board not fully constituted 7 National Medical Stores Failure to provide for po,
2018,"of cases outstanding Estimated legal cost-UGX Remark 1 National Agricultural Advisory Services- NAADS 15 18,000,000,000 Estimated costs for outstanding court cases 2 Kampala Sanitation Program (KSP) - National Water 1 1,395,856,789 Impending Legal Suits on Disputed Compensation Offers/claims 3 Kampala Capital City Authority N/A 39,818,479,736 For existing and potential legal claims 4 National Social Security Fund (NSSF) 1 42,200,000,000 Tax dispute with URA 5 Uganda National Roads Authority N/a 430,013,722,276 Contingent Liabilities Total 531,428,058,801 Their eventual determination and/or payment could negatively affect the cash flows and ability of the concerned entities to continue as going concerns.",land_and_right_of_way,"Program (KSP) - National Water 1 1,395,856,789 Impending Legal Suits on Disputed Compensation Off",,"Authority N/A 39,818,479,736 For existing and potential legal claims 4 National Social Se; Uganda National Roads Authority N/a 430,013,722,276 Contingent Liabilities Total 531,428,058,801 Their eventual",
2018,"78 Table 18: Wasteful/ Nugatory Expenditure SN Entity Particulars Amount (UGX) 1 National Agricultural Advisory Services- NAADS Delayed delivery and installation of milk coolers and pineapple juice processing equipment to the intended beneficiaries, Extension of LCs as a result of non-performance 93,159,046 2 Electricity Regulatory Authority (ERA) URA Penalty on under declared PAYE 108,389,948 3 Mbarara Nkenda- Tororo-Lira transmission line (UETCL) Delayed acquisition of right of way (ROW) resulting into Standby costs, Interest charges and additional supervision costs to the contractor (UGX.5,076,700,788 + USD 9,936,215.1) 43,668,960,236 4 Uganda Electricity Transmission Company Limited Surcharges for delayed payments to Bujagali Energy Limited (BEL) 391,752,610 5 Hoima-Nkenda Transmission Line Project (UETCL) Costs resulting from delay to handover site to KEC due to right of way challenges (USD 982,295.99) 3,815,237,625 6 Uganda Posts Limited Penalties and fines resulted from interest on late payments, breach of contracts and litigation costs 330,537,700 7 Kampala Capital City Authority Interest charged for delayed payment of civil works 714,318,282 8 National Enterprise Corporation – Tractor Project Nugatory interest paid to NSSF 21,761,163 9 National Information Technology Authority Uganda Unused bandwidth 663,398,278 10 Uganda National Roads Authority Interest on delayed payments 15,509,054,863 Total 65,316,569,751 Exchange rate used (1USD = UGX.3,884) The wasteful expenditures could have been avoided if management of the respective entities had acted prudently.",delayed_payments,"Project (UETCL) Costs resulting from delay to handover site to KEC due to right of way challenges; Project Nugatory interest paid to NSSF 21,761,163 9 National Information Technology Authority Uga","Company Limited Surcharges for delayed payments to Bujagali Energy Limited (BEL) 391,75; Limited Penalties and fines resulted from interest on late payments, breach of contract","Authority (ERA) URA Penalty on under declared PAYE 108,389,948 3 Mbarara Nkenda- Tororo-L; Authority Interest charged for delayed payment of civil works 714,318,282 8 National Ente",
2018,Table 19: Staff Shortages S/n Entity Established posts Filled posts Vacant posts %age of Gap 1 Financial Intelligence Authority 64 39 25 39% 2 National Population Council 84 49 35 42% 3 Public Procurement and Disposal of Public Assets Authority 132 101 31 23% 4 Uganda Retirement Benefits Regulatory Authority (URBRA) 58 30 28 48% 5 Dairy Development Authority 140 65 75 54% 6 National Agricultural Research Organization -NARO 994 881 113 11% 7 National Animal Genetics and Data Bank (NAGRIC) 313 142 171 55% 8 Higher Education Students Financing Board 36 21 15 42% 9 National Drug Authority 109 32 77 71% 10 Allied Health Professionals Council 69 45 24 35% 11 Uganda Cancer Institute 294 209 85 29% 12 Uganda Medical and Dental Practitioners Council 26 19 7 27% 13 National Information Technology Authority-Uganda 157 66 91 58% 14 Uganda Institute of Communications Technology (UICT) 107 44 63 59% 15 Uganda Registration Services Bureau - Operations 332 149 183 55% 16 Amnesty Commission 75 38 37 49% 17 National Identification and Registration Authority (NIRA) 864 206 658 76% 18 National Council for Disability 12 8 4 33% 19 National Women’s Council 8 6 2 25% 20 National Youth Council 14 9 5 36% 21 Uganda National Cultural Centre 57 38 19 33% 22 Uganda Industrial Research Institute 560 282 278 50% 80 23 Uganda National Bureau Of Standards 640 306 334 52% 24 Uganda Wildlife Conservation & Education Centre (UWEC) 59 39 20 34% Total 5204 2824 2380 Inadequate staffing affects the timely implementation of entity activities and may adversely impact on attainment of their strategic objectives.,procurement_irregularities,,,Authority 64 39 25 39% 2 National Population Council 84 49 35 42% 3 Public Procurement an; Authority 132 101 31 23% 4 Uganda Retirement Benefits Regulatory Authority (URBRA) 58 30 ,
2018,"Table 20: Outstanding Receivables S/N Entity Bal 2016/17 - UGX Bal 2017/18 - UGX %age change 1 Privatisation & Utility Sector Reform Project (Divestiture & Redundancy Accounts) 172,696,000,000 80,888,000,000 (53.16) 2 Uganda Revenue Authority - Revenue Collection Account 1,932,040,000,000 2,589,531,840,858 34 3 Custodian Board - 3,126,497,383 100.00 4 Capital Markets Authority 239,714,000 194,784,000 (18.74) 5 Financial Intelligence Authority 113,996,000 127,106,000 11.50 6 Insurance Regulatory Authority 49,355,357 64,957,554 31.61 7 Public Procurement and Disposal of Public Assets Authority 12,314,825 - (100.00) 8 Management Training and Advisory Centre (MTAC) 677,343,281 723,055,573 6.75 9 Hoima Nkenda transmission line - 140,272,966 100.00 10 Rural Electrification Agency 64,854,115,321 87,202,173,016 34.46 11 Uganda Energy Credit Capitalisation Company Limited 570,132,000 825,705,000 44.83 12 The Interconnection of Electrical Grids Of Nile - 981,333 100.00 81 Equatorial Lakes Countries (NELSAP) Uganda Part 13 Equal Opportunities Commission 239,749,390 211,105,359 (11.95) 14 Uganda National Cultural Centre 334,530,298 2,071,691,350 519.28 15 Joint Clinical Research Centre - 4,689,310,000 100.00 16 National Drug Authority 17,927,749,070 22,338,224,283 24.60 17 National Medical Stores 11,825,660,000 8,091,650,000 (31.58) 18 Uganda Aids Commission - 74,600,000 100.00 19 Rural Communications Development Fund 826,301,466 1,695,783,743 105.23 20 Uganda Broadcasting Corporation 13,011,508,074 25,038,763,268 92.44 21 Uganda Communications Commission (UCC) 21,300,000,000 26,170,253,357 22.87 22 Uganda Registration Services Bureau - Liquidation - 6,252,764,629 100.00 23 Kampala Capital City Authority 47,156,334,104 44,095,770,425 (6.49) 24 Uganda Industrial Research Institute - 78,138,376 100.00 25 Uganda National Council for Science and Technology 113,996,000 127,106,000 11.50 26 National Enterprise Corporation Construction Work and Engineering Ltd 519,194,053 505,324,165 (2.67) 27 National Enterprise Corporation 239,274,060 260,379,800 8.82 28 Uganda Hotel and Tourism Training Institute 207,034,396 124,268,897 (39.98) 39 National Environment Management Authority 20,863,895,193 15,307,218,000 (26.63) TOTAL 2,305,818,196,888 2,919,957,725,335 26.63 The outstanding receivables represent idle assets which constrain availability of cash for the entities’ operations.",procurement_irregularities,"Project (Divestiture & Redundancy Accounts) 172,696,000,000 80,888,000,000 (53","Company Limited 570,132,000 825,705,000 44; Ltd 519,194,053 505,324,165 (2","Authority - Revenue Collection Account 1,932,040,000,000 2,589,531,840,858 34 3 Custodian; Authority 239,714,000 194,784,000 (18",
2018,"Table 21: Noncompliance with statutory deductions S/ N Entity Non Deduction of Taxes Non Remittance of Statutory Deductions PAYE WHT VAT PAYE NSSF 1 Uganda Revenue Authority - Corporate Services 3,675,217,390 2 Uganda Posts Limited 3,281,864,010 1,035,638,150 3 National Agricultural Advisory Services- NAADS 442,536,000 4 Electoral Commission 20,052,000 5 National Library of Uganda 373, 510,209 6 National Youth Council 31,140,617 34,660,000 7 Uganda Export Promotion Board 28,515,000 8 Kampala Capital City Authority 676,696,602 20,745,588,266 9 Joint Clinical Research Centre 1,933,190,000 10 Uganda Medical and Dental 2,430,540 83 Practitioner s Council 11 Uganda Road Fund 55,602,000 Total 526,653,000 22,482,540 3,958,560,612 23,745,557,033 3,709,877,390 This could have been caused by inadequate funds to meet statutory obligations.",other,,"Limited 3,281,864,010 1,035,638,150 3 National Agricultural Advisory Services- NAADS 44","Authority - Corporate Services 3,675,217,390 2 Uganda Posts Limited 3,281,864,010 1,035,6; Commission 20,052,000 5 National Library of Uganda 373, 510,209 6 National Youth Council 3",
2018,"10 Hoima Nkenda transmission line Delays in land titling 11 Mbarara Nkenda transmission line Delays in land transfer and titling 84 12 Uganda National Oil Company Lack of Title for assets transferred to the Company 13 Uganda Posts Limited Lack of Land Titles for UPL Land - Plot 40 Margarita Road, Kasese; Plot 18-20 Gogonyo Road, Pallisa; Plot 76 Mawokota Block 92, Mpigi; Plot 6-10 Birch Avenue, Masaka; Plot 2-6 Mutekanga Road, Kamuli; Plot 1-11 Nsambya Road, Kampala 14 Law Development Centre • Untitled Land on plots 34, 89, 155, 159, 166, 170, 221, 222, 245, 450, 451, 464, 465, 466, 482, 481, 508-510, 613-615 • Untitled Land in Kyadodndo and Bukoto 15 Uganda Human Rights Commission Inadequate management of land assets 16 Parliamentary Commission Absence of land titles for 3 plots; 16-18 on Parliament Avenue 17 National Library of Uganda Forfeiture of land/Loss of land 18 NEC Head Quarter Undeveloped Plot in Namanve Industrial Park 19 NEC Farm Katonga Un-surveyed Land/untitled land blocks 274,378 and 386 20 National Water & Sewerage Corporation Absence of land titles for assets taken over 21 National Forestry Authority • Over 2m Hectares of Forest cover lost in last 10yrs  Loss of land in Buhungiro Central Forest Reserve in Kyegegwa District • Encroachment on Namanve Central Forest Reserve 22 Uganda National Road Authority  Delayed return of residual Titles to Project Affected Persons (PAPs) 23 Uganda Railway Corporation  Un-titled land of over 362 sq meters at Nalukolongo leading to encroachment of some plots I advised Management of the affected entities to process land titles and institute measures to recover land from the encroachers.",other,Project Affected Persons (PAPs) 23 Uganda Railway Corporation  Un-titled land of over 362 sq met,Company Lack of Title for assets transferred to the Company 13 Uganda Posts Limited Lac,Commission Inadequate management of land assets 16 Parliamentary Commission Absence of lan; Parliament Avenue 17 National Library of Uganda Forfeiture of land/Loss of land 18 NEC Hea,
2018,"4.3.9 Procurement Anomalies I noted in several instances that a number of commissions, statutory authorities and state enterprises did not comply with procurement guidelines during procurement and contract management.",procurement_irregularities,,,,
2018,"The anomalies included un-planned procurements, unjustified use of direct procurement, awards above market prices and un-documented procurements among others.",procurement_irregularities,,,,
2018,"85 Table 23: Procurement Anomalies S/n Entity Issues Amount - UGX 1 Financial Investment Authority Uncompetitive procurement of air tickets worth 162,261,990 2 Insurance Regulatory Authority Incomplete Procurements 210,684,500 3 National Drug Authority Non-delivery of items paid for during installation of Microbiology Laboratory 165,811,844 Contracts awarded above budgeted provision 82,222,500 Delay in execution of signed contracts 185,670,619 4 Uganda Aids Commission Direct Procurements 36,978,521 5 Uganda Blood Transfusion Services Un documented procurements under the regional blood banks 2,031,530,472 Un-justified use of direct procurement method 36,279,935 Failure to enter into framework contracts 6 Uganda Communications Commission Weaknesses in Contract Management 7 Uganda Free Zones Authority Procurement of air tickets by HR Department instead of PDU 8 Uganda Institute of Communication and Information Technology Direct Procurement 29,406,600 9 Uganda Heart Institute Contracts above estimated prices 694,476,276 10 Uganda Investment Authority Cancelled Procurements 2,417,186,147 Unplanned Procurements 412,125,972 Ineligible Revision of Contract Price by more than 15% 82,826,140 Irregular Contract Amendment for Additional Quantities 11 URA - Corporate Services Failure to advertise a call for bids to provide support and maintenance of Disaster recovery site firewall 618,866,009 12 Uganda Virus Research Institute Non-submission of final completion certificate for the contract for replacement of asbestos sheets 137,155,200 Total 7,303,482,725 The Procurements in a number of cases were not competitive and the entities may not have achieved value for money.",procurement_irregularities,,,"Authority Uncompetitive procurement of air tickets worth 162,261,990 2 Insurance Regulato; Authority Incomplete Procurements 210,684,500 3 National Drug Authority Non-delivery of i",
2018,86 I advised management to strengthen controls under procurement and always ensure compliance with the procurement laws.,procurement_irregularities,,,,
2018,"4.4 SECTORAL KEY FINDINGS 4.4.1 ICT Sector Redundant Resources NITA-U signed a contract for the supply of bulk internet bandwidth of 10Gbps at a total of USD.4,745,000 for 15 years.",other,,,,
2018,I observed that the contract locks NITA-U into paying for the entire internet bandwidth even when not consumed.,other,,,,
2018,"I noted that some of the properties are in prime locations of Kampala City, for example; Kampala road, Hannington road, Kololo hill drive, Clement Hill drive, Dewinton road, etc.",other,,,,
2018,4.4.4 Works and Transport Sector  Delayed return of Residual Titles to Project Affected Persons (PAPs) It is a requirement under the Land Act 1998 subsection (3) for an authorized undertaker executing public works on land to promptly pay compensation to any person having an interest in the land for any damage caused to crops or buildings and for the land and materials taken or used for the works.,land_and_right_of_way,Project Affected Persons (PAPs) It is a requirement under the Land Act 1998 subsection (3) for an,,,
2018,"89  Entebbe International Airport -Expansion Project Management On 8 October 2014, Civil Aviation Authority (CAA) and China Communications Construction Company (CCCC) entered into a contract for the upgrading and expansion of Entebbe International Airport (Phase 1).",other,"Project Management On 8 October 2014, Civil Aviation Authority (CAA) and China Communications Con",Company (CCCC) entered into a contract for the upgrading and expansion of Entebbe Inter,Authority (CAA) and China Communications Construction Company (CCCC) entered into a contr,
2018,The inconsistencies in the operationalisation of the agreements and the involved parties' deemed actions represent non- compliance/ breach of contract that could result in penalties and even cancellation of the facility.,other,,,,
2018,The initial contract signed between the contractor and CAA requires an independent consultant's verification report before the contract can be deemed to come into effect.,other,,,,
2018,"90 However, it was noted that the 2 subsequent addenda to this contract exclude this clause.",other,,,,
2018,"Given the complexity and the nature of the agreement, involving an independent consultant’s verification prior to and during construction would represent best practice and contribute to ensuring that the objective of value-for-money is achieved.",other,,,,
2018,"Table 24: Non-operational projects No Investment Amount spent in the FY 2017/2018 Accumulated Amount (UGX) 1 Soroti fruit Factory 2,563,768,000 13,353,129,943 2 Luwero fruit factory 0 367,142,000 4 Tea project 2,697,556,773 10,704,080,460 5 Kira Motor Corporation 3,509,089,000 7,156,734,353 6 Kira ashok 0 1,146,879,627 7 Sheet Glass 133,032,000 215,219,000 8 Uganda National Commodity Exchange 200,000,000 400,000,000 9 Zombo tea Factory 63,526,000 63,826,000 10 Atiak sugar factory 19,811,808,120 19,811,808,120 Sub-TOTAL 28,978,779,893 53,218,819,503 11 Kalangala Infrastructure Services (KIS) 0 16,867,500,000 Total 70,085,319,505 The only operational project of KIS with an investment of UGX 16.9bn and 45.7% shareholding by UDC has not declared any profits to UDC since 2012.",other,"project 2,697,556,773 10,704,080,460 5 Kira Motor Corporation 3,509,089,000 7,156,734,353 6 Kira ; project of KIS with an investment of UGX 16",,"Corporation 3,509,089,000 7,156,734,353 6 Kira ashok 0 1,146,879,627 7 Sheet Glass 133,032,",
2018, Delays in fund access by the Youth groups I noted that although all funds disbursed from the ministry were duly received by the districts; many districts had delayed to remit funds to the YIGs for more than three months.,other,,,ministry were duly received by the districts; many districts had delayed to remit funds ,
2018,"The was attributed to challenges of YIGs in obtaining TIN and supplier Numbers from URA and MOFPED, delays by YIGs opening bank accounts and failure by LGs to timely train the successful YIGs due to either lack of commitment or delayed release of operational funds.",other,,,,
2018,Delay in revolving funds to other eligible groups undermines the ultimate goal of the program.,other,program,,,
2018, Low absorption/Unspent Balances Section 45 (3) Public Finance Management Act (PFMA) 2015 provides that an Accounting Officer shall enter into an annual budget performance contract with the Secretary to the Treasury which shall bind the Accounting Officer to deliver on the activities in the work plan of the vote for a financial year submitted under section 13 (15).,other,,,,
2018,Management of wetlands in Uganda by the wetlands management department (WMD) under the ministry of water and environment (MWE) 3.,other,,,ministry of water and environment (MWE) 3,
2018,"Alignment of Policies, Budgets and Programmes to SDGs NPA undertook a preliminary assessment that put the level of NDPII alignment to the global targets of the SDGs at 69% (strategic level).However the road map developed was not clear on when and how the remaining 31% will be incorporated into the National development framework.",other,,,,
2018,However the delay by NPA in identification and integration of all SDG 108 targets into the national development plans presents a risk that the current revenue mobilisation efforts may not fully address the needs of the 2030 Agenda.,other,,,,
2018,"6.3.2 MANAGEMENT OF WETLANDS IN UGANDA BY THE WETLANDS MANAGEMENT DEPARTMENT (WMD) UNDER THE MINISTRY OF WATER AND ENVIRONMENT (MWE) The Wetlands Management Department (WMD) is charged with management and protection of wetlands in collaboration with NEMA, District Local Governments and other key players.",other,,,MINISTRY OF WATER AND ENVIRONMENT (MWE) The Wetlands Management Department (WMD) is char,
2018,Demarcation and Gazettement of Wetlands WMD’s delay to gazette wetlands and complete demarcation makes it difficult to identify wetland boundaries and encourages continued encroachment.,other,,,,
2018,"Coordination between WMD and NEMA There was poor coordination between WMD and NEMA, characterised by unclear delineation of roles, responsibilities and expected outputs between WMD and NEMA; failure by NEMA to delegate to WMD the power to enforce compliance; differing visions of management of wetlands; conflicting decisions; gaps in information-sharing; and absence of a dispute-resolution mechanism and hierarchy of authority to step in in case of conflicts or differing positions between WMD and NEMA.",other,,,authority to step in in case of conflicts or differing positions between WMD and NEMA,
2019,10 2.1.11 Duplication of investments in ICT infrastructure ................................................................................,other,,,,
2019,48 3.3.1 Limited use of the NBI/EG infrastructure ..........................................................................................,other,,Limited use of the NBI/EG infrastructure ,,
2019,54 3.7 Management of Uganda Road Fund in Local Governments.................................................................,other,,,,
2019,54 3.7.1 Funding and expenditure of road fund activities ................................................................................,other,,,,
2019,61 3.11 Management of Water for Consumption and Production in Local Governments ...................................,other,,,,
2019,67 4.4 Value for Money Audit on licensing and enforcement of standards in downstream petroleum operations by Ministry of Energy and Mineral Development ...........................................................................................,other,,,Ministry of Energy and Mineral Development ,
2019,74 4.9 Regulation and promotion of safe and reliable maritime services in the Water Transport Sub-Sector ....,other,,,,
2019,76 4.10 Implementation of Kalangala Infrastructure Services Project (KIS) .....................................................,other,Project (KIS) ,,,
2019,81 4.13 Value for Money audit of the Uganda Support to Municipal Infrastructure Development –Additional Funding (USMID-AF) programme for the financial year 2017/18 ...................................................................,other,programme for the financial year 2017/18 ,,,
2019,84 5.0 Audit of infrastructure projects during the financial year 2018-2019 implemented by Ministries Departments and Agencies .........................................................................................................................,other,,,,
2019,86 5.2 Engineering Audit of a selected sample of road and bridge Projects implemented by Ministry of Works and Transport during the financial year 2018/19 ..........................................................................................,other,,,Ministry of Works and Transport during the financial year 2018/19 ,
2019,"94 5.4 Engineering Audit of a selected sample of road development, bridge, rehabilitation and maintenance projects implemented by Uganda National Roads Authority (UNRA) during the year .......................................",other,,,Uganda National Roads Authority (UNRA) during the year ,
2019,"97 5.5 Technical/Engineering Audit of the construction of staff houses in selected health facilities in seven districts of Karamoja Region I.E Kaabong, Kotido, Abim, Moroto, Napak, Amudat and Nakapiripirit under the Karamoja Region Staff Housing Project (KRSHP) ........................................................................................",other,Project (KRSHP) ,,,
2019,107 6.5 Energy Sector ...............................................................................................................................,other,,,,
2019,56 Table 26: Showing Non-Functional water facilities ........................................................................................,other,,,,
2019,87 Table 29: Showing findings from inspection of road works............................................................................,other,,,,
2019,99 Table 36: Showing delayed Payments to contractors ....................................................................................,delayed_payments,,,,
2019,100 Table 40: Showing Overpayments on the project for construction of staff houses in selected health facilities .,other,project for construction of staff houses in selected health facilities ,,,
2019,"53 ix ABBREVIATIONS AND ACRONYMS ACRONYM DESCRIPTION AG Auditor General AO Accounting Officer Bn Billion Tn Trillion BoU Bank of Uganda CAs Contracting Authorities DLB District Land Board FY Financial Year GoU Government of Uganda IESBA International Ethics Standards Board for Accountants IMF International Monetary Fund KIS Kalangala Infrastructure Services LGs Local Governments MDAs Ministries, Departments and Agencies MDALGs Ministries, Departments, Agencies & Local Governments MEMD Ministry of Energy and Mineral Development MOFPED Ministry of Finance, Planning, and Economic Development MoGLSD Ministry of Gender Labour and Social Development MoU Memoranda of Understanding MTEF Medium Term Expenditure Framework NAA National Audit Act NBI National Backbone Infrastructure NDP National Development Plan NDPII Second National Development Plan NEMA National Environment Management Authority NGO Non-Governmental Organisation NIN National Identification Number NPA National Planning Authority NWSC National Water and Sewerage Corporation OAG Office of the Auditor General PAPs Project Affected Persons PDMF Public Debt Management Framework PFMA Public Finance Management Act, 2015 PSAs Production Sharing Agreements PS/ST Permanent Secretary/Secretary to the Treasury PSST Permanent Secretary and Secretary to Treasury SORA Shared Over All Risk Assessment TI Treasury Instructions, 2017 TIN Tax Identification Number TWGs Technical Working Groups UCF Uganda Consolidated Fund x UGX Uganda Shillings USD United States of America Dollars USMID Uganda Support for Municipal Infrastructure Development WMD Wetlands Management Department YIGs Youth Interest Groups YLP Youth Livelihood Programme xi GLOSSARY OF TERMS Term Meaning Classified Expenditure The expenses and commitments incurred by an authorised agency for the collection and dissemination of information related to national security interests Contingent Liability A potential liability that may occur depending on the outcome of an uncertain future event.",claims_and_liabilities,Project Affected Persons PDMF Public Debt Management Framework PFMA Public Finance Management Act; Programme xi GLOSSARY OF TERMS Term Meaning Classified Expenditure The expenses and commitments inc,,"Ministry of Energy and Mineral Development MOFPED Ministry of Finance, Planning, and Eco; Ministry of Gender Labour and Social Development MoU Memoranda of Understanding MTEF Med",
2019,"Domestic Arrears Domestic arrears refer to short-term debts incurred by Governments against unpaid procurement invoices for supply of goods and services during the financial year External Debt Portion of a country's debt that was borrowed from foreign lenders including commercial banks, Governments or international financial institutions.",procurement_irregularities,,,,
2019,"Table 1: Status of Audit performance for audit year 2019 Type of Audit Type of Entity Planned Audits for the audit year 2019 Actual Performance as at 31st December, 2019 Variance Financial Audits MDAs 114 108 6* Commissions, Statutory Authorities and State Enterprises 120 114 6* Projects 196 97 99* Districts 127 127 0 Municipal Councils 41 41 0 Town Councils 2016/2017 and 2017/2018 459 459 0 Divisions 2016/2017 and 2017/2018 248 248 0 Sub Counties 2015/2016, 2016/2017 and 2017/2018 3,681 2,922 759 Schools/Tertiary institutions 355 91 264 Compliance Audit Various entities (Themes) 4 4 0 PSAs 4 4 0 Forensics/Special Audits Various entities 56 36 20 VFM Studies Various entities 10 11 (1) Engineering Audits Various entities 10 7 3** IT Audits Various entities 6 5 1 5,431 4,274 1,157 * 4 missions (Ankara, Canberra, Kuala Lumpur, Abuja), Contingency Fund, Soroti University, UHPC, UNHRO, ULI, ACF, Uganda Seeds, Enterprise Uganda, 75 MUK projects, 17 MUST projects, ARSDP works, Kaphcorwa-Swam road, QUISP, DICOSS, Opuyo- Moroto Interconnection, Mirama-Kabale Transmission, ADB V HEST.",other,,,,
2019,"According to Section 45 (3) of the same Act, the Accounting Officer shall enter into an annual performance contract with the Secretary to Treasury which shall bind the Accounting Officer to deliver on the activities in the work plan for the vote for the financial year.",other,,,,
2019,The under absorption on development expenditure could also be as a result of weaknesses in the procurement planning in which the procurement processes are started late.,procurement_irregularities,,,,
2019,A number of Accounting Officers stated that the current procurement law does not allow them to initiate a procurement before receiving funds I advised the PS/ST to only release Pension funds for verified pensioners.,procurement_irregularities,,,,
2019,"In addition, the procurement law can be revisited to move the requirement to confirm funds availability just before committing Government.",procurement_irregularities,,,,
2019,"11 2.1.11 Duplication of investments in ICT infrastructure Section 4(b) of the NITAU Act 2009 stipulates that the authority should promote standardization in the planning, acquisition, implementation, delivery, support and maintenance of information technology equipment and services, to ensure uniformity in quality, adequacy and reliability of information technology usage throughout Uganda.",other,,,"authority should promote standardization in the planning, acquisition, implementation, de",
2019,I further noted that UETCL (another Government agency) had also invested heavily in the ICT infrastructure.,other,,,agency) had also invested heavily in the ICT infrastructure,
2019,"A review of the harmonization map of the optical fibre network in the country revealed that NITA and UETCL were building identical infrastructure on the same routes, such as in Kampala, Malaba, Mbarara, Kasese, Tororo and Karuma.",other,,,,
2019,"Whereas the two companies are serving different mandates for the use of the infrastructure, there was a need for the two Government agencies to cooperate to avoid duplication of the infrastructure, double funding for the same actives and further increasing the debt burden of the Country.",other,,,,
2019,"Multiple Government agencies investing in the OFC network will lead to underutilization, increased borrowing by the agencies to fund the infrastructure, increase in maintenance costs borne by the Government of the network.",other,,,,
2019,"The above duplications within the ICT sector, especially amongst MDAs, would have been avoided if a deliberate policy to have telecommunication players share infrastructure or sub- let from the existing NBI/EGI network was implemented.",other,,,,
2019,"b) Procurement of an Enterprise Resource Planning (ERP) system by Uganda Revenue Authority – UGX.32,079,727,632 Section 5 of the National Information Technology Authority NITA (U) Act 2009 mandates NITA(U) to identify and advise Government on all matters of information technology development, utilization, usability, accessibility and deployment including networking, systems development, information technology security, training and support.",procurement_irregularities,,,Authority – UGX; Authority NITA (U) Act 2009 mandates NITA(U) to identify and advise Government on all mat,
2019,"Procurement of cocktail of solutions, and iv.",procurement_irregularities,,,,
2019,"I advised the PS/ST to introduce stricter controls at the budgeting stage to minimize such duplications, especially in the ICT infrastructure.",other,,,,
2019,There is no evidence that the PS/ST approved the salary structures as required by the standing orders; despite the absence of such approval the PS/ST has continued to provide contract staff salaries to these staff in the budget.,other,,,,
2019,The PS/ST was advised to consider stopping the release of funds for unapproved contract staff salaries.,other,,,,
2019,"2.2.4.2 Absorption of Released Funds Section 15 (1) of the Public Finance and Management Act, 2007 states that after approval of the annual budget by Parliament, the Secretary to Treasury shall issue the annual cash flow plan of Government, based on the procurement plans, work plans and recruitment plans approved by Parliament.",procurement_irregularities,,,"Parliament, the Secretary to Treasury shall issue the annual cash flow plan of Government,; Parliament",
2019,This was mainly attributed to delayed access to the pension payroll.,other,,,,
2019,"2.3.2.2 Absorption of funds Section 15 (1) of the Public Finance Management Act, 2015 states that after approval of the annual budget by Parliament, the Secretary to Treasury shall issue the annual cash flow plan of Government, based on the procurement plans, work plans and recruitment plans approved by Parliament.",procurement_irregularities,,,"Parliament, the Secretary to Treasury shall issue the annual cash flow plan of Government,; Parliament",
2019,"2.3.7 Failure to consolidate all the Municipal Councils A review of the consolidated financial statements of local Governments revealed that three (3) Municipal Councils of Arua, Mubende and Ntungamo with total budget and actual expenditure of over UGX.18 billion were not consolidated as shown below; Table 13: Showing Un-consolidated Municipalities Entity Approved/revised Budget - UGX Actual Expenditure - UGX Arua Municipal Council 8,938,115,260 8,378,526,033 Mubende Municipal Council 7,044,556,795 6,683,920,226 Ntungamo Municipal Council 3,775,541,705 3,338,906,042 Total 19,758,213,760 18,401,352,301 32 This was attributed to delay in submission of financial statements by the respective entities for consolidation.",other,,,,
2019,3 Amber House 4 Uganda Energy Credit Capitalization Co.,other,,,,
2019,"In addition, entities such as Uganda Railways Corporation, Uganda Printing and Publishing Corporation, Uganda Seeds Limited, National Housing and Construction Company Limited and Enterprise Uganda were not sampled for assessment because they had not submitted audited accounts at the time of concluding this review.",other,,"Limited, National Housing and Construction Company Limited and Enterprise Uganda were n","Corporation, Uganda Printing and Publishing Corporation, Uganda Seeds Limited, National Hou",
2019,"As a result, I computed these ratios for further analysis of performance of entities using audited financial statements and noted the following: a) Profitability of Enterprises I noted that Nineteen (18) out of the 26 State Enterprises analysed made profits in the year under review, with National Water and Sewerage Corporation (NWSC), Uganda Electricity Transmission Company Limited (UETCL) and Civil Aviation Authority (CAA) posting profits of UGX 85.7bn, UGX 64.6bn and UGX 45.5bn respectively.",other,,Company Limited (UETCL) and Civil Aviation Authority (CAA) posting profits of UGX 85,"Corporation (NWSC), Uganda Electricity Transmission Company Limited (UETCL) and Civil Aviat; Authority (CAA) posting profits of UGX 85",
2019,"Enterprise Profit After Tax (UGX) 2018/19 2017/18 1 National Water and Sewerage Corporation 85,700,275,000 51,188,903,000 2 Uganda Electricity Transmission Company Limited 64,639,000,000 (75,526,000,000) 3 Civil Aviation Authority (June 2019) 45,508,158,000 3,718,584,000 4 Uganda Electricity Generation Company 24,783,518,000 (10,856,159,000) 5 Pride Micro Finance (Dec 2018) 15,111,855,000 16,496,928,000 6 Uganda Development Bank (Dec 2018) 9,486,394,000 8,306,247,000 7 New Vision Printing and Publishing Company Limited 3,909,242,000 4,620,769,000 8 Post Bank Uganda Limited (Dec 2018) 3,498,702,610 6,204,064,468 9 Nile Hotel International Limited 1,228,312,941 1,521,712,660 10 Uganda Property Holding 1,223,239,694 125,315,766 11 NEC Construction Works & Engineering Limited 1,187,509,276 795,920,408 12 NEC Tractor Hire Scheme Limited 1,052,806,406 752,282,106 13 NEC Luwero Industries Limited 367,940,424 230,073,329 14 Uganda Wildlife Conservation education Centre 285,709,550 65,550,176 15 Uganda Post Limited 188,856,000 100,495,000 16 Mandela National Stadium 137,505,004 238,902,339 17 NEC Uzima Limited 57,922,292 (385,744,000) 18 NEC Farm Katonga Limited 29,730,502 (359,026,879) 19 Capital markets Authority (43,833,000) 1,330,205,000 20 NEC Tractor Project (389,305,722) (70,636,203) 21 Kilembe Mines Limited (2,321,001,684) (1,624,302,143) 37 No.",other,"Project (389,305,722) (70,636,203) 21 Kilembe Mines Limited (2,321,001,684) (1,624,302,143) 37 No","Company Limited 64,639,000,000 (75,526,000,000) 3 Civil Aviation Authority (June 2019) ; Company 24,783,518,000 (10,856,159,000) 5 Pride Micro Finance (Dec 2018) 15,111,855,000","Corporation 85,700,275,000 51,188,903,000 2 Uganda Electricity Transmission Company Limited; Authority (June 2019) 45,508,158,000 3,718,584,000 4 Uganda Electricity Generation Compan",
2019,"Enterprise Profit After Tax (UGX) 2018/19 2017/18 22 Uganda Air Cargo Corporation (3,726,108,262) 1,511,953,454 23 Uganda Broadcasting Corporation (6,790,341,186) (379,729,597) 24 Uganda Electricity Distribution Company Limited (9,596,178,000) (6,305,106,000) 25 Uganda Development Corporation (Group) (17,571,299,000) 383,820,000 26 Bank of Uganda (855,582,000,000) 424,113,000,000 The worst performing State Enterprises were Bank of Uganda (BoU), Uganda Development Corporation (UDC) and Uganda Electricity Distribution Company Limited (UEDCL) with losses of UGX.855.6bn, UGX.17.6bn and UGX.9.6bn, respectively.",other,,"Company Limited (9,596,178,000) (6,305,106,000) 25 Uganda Development Corporation (Grou; Company Limited (UEDCL) with losses of UGX","Corporation (3,726,108,262) 1,511,953,454 23 Uganda Broadcasting Corporation (6,790,341,186; Corporation (Group) (17,571,299,000) 383,820,000 26 Bank of Uganda (855,582,000,000) 424,11",
2019,"In comparison to the previous year, 13 enterprises posted improved (increased profits or reduced loss) performance, with Uganda Electricity Generation Company, Uganda Property Holding and Civil Aviation Authority registering over 300% percentage increase.",other,,"Company, Uganda Property Holding and Civil Aviation Authority registering over 300% per",Authority registering over 300% percentage increase,
2019,"NEC Tractor Hire Scheme Limited, NEC Construction Works & Engineering Limited and Pride Micro Finance have persistently recorded impressive performance posting Return on Assets of 40.5%, 9.5% and 5.7%, respectively.",other,,"Limited, NEC Construction Works & Engineering Limited and Pride Micro Finance have pers",,
2019,Entity Return on Assets (%) 2018/19 2017/18 1 NEC Tractor Hire Scheme Limited 40.53 43.3 2 NEC Construction Works & Engineering Limited 9.48 26.8 3 Pride Micro Finance (Dec 2018) 5.67 6.7 4 New Vision Printing and Publishing Company Limited 4.42 2.7 5 Civil Aviation Authority June 2019 3.79 0.32 6 National Water and Sewerage Corporation 3.53 3.2 7 Uganda Development Bank (Dec 2018) 2.84 2.79 8 NEC Uzima Limited 2.78 (20.1) 9 Uganda Wildlife Conservation education Centre 2.07 0.5 10 Uganda Electricity Transmission Company Limited 1.94 (2.9) 11 NEC Luwero Industries Limited 1.83 1.3 12 Post Bank Uganda Limited (Dec 2018) 0.92 1.8 38 No.,other,,Limited 40; Limited 9,Authority June 2019 3; Corporation 3,
2019,"Entity Return on Assets (%) 13 Nile Hotel International Limited 0.58 0.8 14 NEC Farm Katonga Limited 0.57 (6.2) 15 Uganda Property Holding 0.49 0.1 16 Uganda Electricity Generation Company 0.40 (0.2) 17 Uganda Post Limited 0.20 (4.6) 18 Mandela National Stadium 0.08 (0.1) 19 Capital markets Authority (0.57) 17.05 20 Uganda Electricity Distribution Company Limited (0.58) 0.4 21 Uganda Broadcasting Corporation (2.30) (0.13) 22 Uganda Air Cargo Corporation (4.21) 1.7 23 Bank of Uganda (5.26) 3.2 24 Kilembe Mines Limited (5.81) (4.3) 25 Uganda Development Corporation (Group) (14.54) (4.9) 26 NEC Tractor Project (18.99) 3.2 c) Dividends I observed that, out of the 18 profit making enterprises, only Uganda Property Holding proposed a dividend pay-out of UGX.100,000,000.",other,Project (18,Limited 0; Limited 0,Authority (0; Corporation (2,
2019,Entity Current Ratio 2018/19 2017/18 1 NEC Farm Katonga Limited 938.09 305.92 2 NEC Tractor Hire Scheme Limited 15.86 4.96 3 Uganda Development Corporation (Group) 14.68 62.07 4 NEC Tractor Project 14.16 8.32 5 Uganda Electricity Generation Company 12.74 7.62 6 Capital markets Authority 11.58 11.91 7 Nile Hotel International Limited 10.60 7.82 8 Uganda Electricity Distribution Company Limited 9.37 4.65 9 NEC Luwero Industries Limited 5.04 5.07 10 New Vision Printing and Publishing Company Limited 4.21 3.60 11 Uganda Property Holding 3.34 4.05 12 Civil Aviation Authority June 2019 3.09 1.89 13 Uganda Electricity Transmission Company Limited 1.80 1.47 14 National Water and Sewerage Corporation 1.80 1.31 15 Kilembe Mines Limited 1.66 2.00 16 Uganda Air Cargo Corporation 1.29 1.76 17 NEC Construction Works & Engineering Limited 1.15 3.85 18 Uganda Post Limited 1.13 1.09 19 Uganda Broadcasting Corporation 0.54 0.54 20 Mandela National Stadium 0.54 0.43 21 Uganda Wildlife Conservation education Centre 0.41 0.49 22 NEC Uzima Limited 0.33 2.04 I advised Government to ensure management of these entities strengthen their Treasury/working capital management strategies to ensure speedy collection of debts and reduction of liabilities.,other,Project 14,Limited 938; Limited 15,Corporation (Group) 14; Authority 11,
2019,"These included; UEDCL, UETCL, UEGCL, NEC Construction Works, Post Bank Uganda, Bank of Uganda, Pride Micro Finance and NWSC.",other,,,,
2019,"Entity Debt Ratio (%) 2018/19 2017/18 1 Uganda Electricity Distribution Company Limited 88.12 86.97 2 Uganda Electricity Transmission Company Limited 87.79 87.48 3 Uganda Electricity Generation Company 87.28 85.44 4 NEC Construction Works & Engineering Limited 86.73 25.83 5 Post Bank Uganda Limited (Dec 2018) 81.33 82.40 6 Bank of Uganda 80.97 75.50 7 Pride Micro Finance (Dec 2018) 58.55 58.70 8 National Water and Sewerage Corporation 58.30 68.20 9 Civil Aviation Authority June 2019 48.88 49.51 10 NEC Uzima Limited 44.21 9.83 11 Uganda Development Bank (Dec 2018) 31.48 31.27 12 Uganda Post Limited 21.12 19.69 13 Uganda Development Corporation (Group) 20.38 29.43 14 New Vision Printing and Publishing Company Limited 19.89 20.05 15 Uganda Broadcasting Corporation 17.81 17.72 16 Uganda Air Cargo Corporation 16.70 15.17 17 Kilembe Mines Limited 13.71 15.61 18 Capital markets Authority 8.44 8.24 19 NEC Tractor Project 7.04 11.98 20 NEC Luwero Industries Limited 6.74 10.67 21 NEC Tractor Hire Scheme Limited 5.42 16.78 22 Uganda Wildlife Conservation education Centre 2.81 3.61 23 Mandela National Stadium 2.53 2.28 24 Uganda Property Holding 0.63 0.62 25 Nile Hotel International Limited 0.25 0.37 26 NEC Farm Katonga Limited 0.02 0.04 In comparison to the previous year, NEC construction works increased its gearing from 25.8% to 86.7%, NEC Uzima also increased from 9.8% to 44.2% while NEC Tractor project, NEC Luwero industries and NEC Tractor hire scheme had reduced gearing by over 30% from the previous year.",other,"Project 7; project, NEC Luwero industries and NEC Tractor hire scheme had reduced gearing by over 30% from t",Company Limited 88; Company Limited 87,Corporation 58; Authority June 2019 48,
2019,"of times) 1 NEC Luwero Industries Limited 1,605,446,322 2,898,800 553.8 2 Uganda Property Holding 2,295,266,559 18,139,200 126.5 3 NEC Construction Works & Engineering Limited 1,174,872,802 12,636,474 93.0 4 NEC Tractor Hire Scheme Limited 1,031,670,365 21,136,041 48.8 5 NEC Farm Katonga Limited 28,230,596 1,499,906 18.8 6 National Water and Sewerage Corporation 55,246,011,000 5,993,271,000 9.2 7 Uganda Development Bank (Dec 2018) 15,810,821,000 2,217,024,000 7.1 8 Uganda Post Limited 307,786,000 54,711,000 5.6 9 Pride Micro Finance (Dec 2018) 28,944,865,000 7,666,079,000 3.8 10 Uganda Electricity Generation Company 23,922,515,000 8,256,418,000 2.9 11 Civil Aviation Authority June 2019 48,737,266,000 20,574,758,000 2.4 12 Post Bank Uganda Limited (Dec 2018) 14,004,100,319 8,465,096,709 1.7 13 Bank of Uganda (727,747,000,000) 127,835,000,000 -5.7 14 Uganda Broadcasting Corporation (6,790,341,186) 34,468,397 -197.0 15 NEC Tractor Project (390,592,922) 1,287,200 -303.4 Through its oversight role, Government should caution the management of these enterprises to limit the amounts of debt to manageable levels guaranteed by improved profitability.",governance_and_controls,"Project (390,592,922) 1,287,200 -303","Limited 1,605,446,322 2,898,800 553; Limited 1,174,872,802 12,636,474 93","Corporation 55,246,011,000 5,993,271,000 9; Authority June 2019 48,737,266,000 20,574,758,000 2",
2019,"The theme for the budget was “Industrialization for job creation and shared prosperity” The focus was productivity improvement, infrastructure development, improvement in the delivery of services, investment promotion and private sector growth, harnessing tourism potential, improving governance and pay reform and public debt management.",governance_and_controls,,,,
2019,"This was majorly attributed to delays in approving work plans, long procurement processes, delays in signing of contracts and slow execution of works among others.",procurement_irregularities,,,,
2019,"As a result, there were partial or non-implemented planned activities, interest charges on unwithdrawn funds of UGX.90.6bn, increased project administration costs as a result of project extensions, and delayed service delivery to the beneficiary communities.",other,"project administration costs as a result of project extensions, and delayed service delivery to t",,,
2019,"The partial and non-implementation of activities/outputs was attributed to unrealistic targets that are not based on past experience, inadequate funding, poor contract management practices, burden of settling domestic arrears, change of priorities without corresponding availability of resources and garnishee orders on Government accounts.",delayed_payments,,,,
2019,"Consequently, planned activities funded by development partners such as immunisation, HIV, malaria treatment and construction of primary schools were not implemented.",other,,,,
2019,Under absorption was attributed to mainly unpaid salaries due to delayed recruitment of staff and hybrid procurement procedures under the UgIFT programme.,procurement_irregularities,programme,,,
2019,"I inspected a sample of 358 projects and sub projects under UgIFT, NUSAF3, URF, Water, YLP and UWEP programmes in 43 LGs representing (26%) of the 168 LGs audited to establish the status of implementation.",other,,,,
2019,The Accounting Officers attributed the partially and non-implemented projects and subprojects mainly to budget cuts and the hybrid procurement procedures.,procurement_irregularities,,,,
2019,"I advised the Local Governments to engage relevant Ministries to address the hybrid procurement challenges and also, to engage the Accountant General for the required guidance on the preparation of the statement of performance.",procurement_irregularities,,,,
2019,"3.2 Compensations of Project Affected Persons (PAPS) and Acquisition of Right of Way The National Development plan II for 2015/16-2019/20 and the Energy Sector Development Plan for the same period, target enhancement of power generation capacity through construction of Hydropower Power Plants and expansion of electricity transmission lines in different areas of the Country.",land_and_right_of_way,Project Affected Persons (PAPS) and Acquisition of Right of Way The National Development plan II ,,,
2019,"I selected 4 projects with a compensation value of UGX.96.785 billion and observed the following key matters: a) There were significant delays in undertaking Resettlement Action Plan (RAP) Studies and Social Impact Assessment with a time lag of 3 to 5 years which led to delayed commencement of projects after the loan effective dates, and as a result Government paid a sum UGX.37.37 billion and UGX.0.815 billion in commitment fees on loans acquired for the industrial park and Mbarara-Nkenda projects.",land_and_right_of_way,,,,"loan effective dates, and as a result Government paid a sum UGX"
2019,"e) Despite the availability of funds for compensation by Government, PAPs delayed to be paid.",land_and_right_of_way,,,,
2019,"As a result of the delay, 37 legal suits were made against UETCL amounting to UGX.42.9 billion.",other,,,,
2019,"Increasing compensation costs of over UGX.28.54 billion due to delayed commencement of compensation, registration of new claims, non-standardised application of valuation rates and payment for land held in trust for Ugandans; ii.",land_and_right_of_way,,,,
2019,"Extension of the activity beyond the planned timeframe, due to grievances by PAPs and delayed feedback from coordinating agencies; and iv.",other,,,,
2019,"In addition, regulation 10 of the NITA-U (E-Government) regulations provides that all public bodies shall use the NBI and electronic Government infrastructure as the primary vehicle for all Government data, internet and voice services.",other,,,,
2019,49 The NBI/EGI project is an important intervention by GOU to address the challenge of internet connectivity and ICT infrastructure to enhance e-Government services across Government entities in the whole country; which is in line with the NDP priorities and Vision 2040.,other,project is an important intervention by GOU to address the challenge of internet connectivity and,,,
2019,"A review of the operations of the NBI/EGI revealed the following: 3.3.1 Limited use of the NBI/EG infrastructure I noted that a total of 445 sites out of the envisaged 20,000 are connected to the NBI and of these 369 are using the related services.",other,,Limited use of the NBI/EG infrastructure I noted that a total of 445 sites out of the e,,
2019,The UGX.1.047bn spent on last-mile connection infrastructure to the 76 sites which are not using the NBI services may be wasted if the investment is not put to proper use and the equipment may become obsolete before usage.,other,,,,
2019,This cost can be driven downwards if Government makes a deliberate effort to increase uptake by users and also implement a policy for shared infrastructure services to lower maintenance costs.,other,,,,
2019,The transfers to the Consolidated Fund are supposed to support the national budget on infrastructure development while those to the PRIR are for future investment.,other,,,,
2019,"However, there was no explicit disclosure of the infrastructure and development projects that 53 would be funded from the petroleum revenues and I therefore could not confirm whether the amount was used to finance infrastructure development of Government.",other,,,,
2019,3.7 Management of Uganda Road Fund in Local Governments Uganda Road Fund (URF) is a Government of Uganda programme with an overall purpose of ensuring that all public roads are maintained at all times through the provision of adequate and stable financing for routine and periodic maintenance undertaken by designated agencies.,other,programme with an overall purpose of ensuring that all public roads are maintained at all times thr,,,
2019,Road maintenance is essential in order to: preserve the roads in good condition for the social and economic welfare of the communities.,other,,,,
2019,"A sample of 84 (50%) out of the 168 Local Governments were selected for the audit and the following observations were made: 3.7.1 Funding and expenditure of road fund activities A total of UGX 85,118,798,101 was budgeted to cater for routine manual maintenance, routine mechanised maintenance, periodic maintenance, mechanical imprest, administration and emergency activities in 84 Local Governments using Road gangs and the Force on Account mechanism.",other,,,,
2019,This affected the implementation of some the planned road works.,other,,,,
2019,"Field inspections on 50 of the sampled Local Governments revealed that despite of the URF intervention, the road network was not in a very good state characterised by; Incomplete works on roads, culverts lacking head walls, poor drainage, potholes and gullies on several roads, roads in immotorable state and narrowed carriage way.",other,,,,
2019,"Construction of seed secondary schools Government budgeted for UGX.31,029,864,314 in respect of construction of 48 seed secondary schools in 48 Local Governments.",other,,,,
2019,I further noted that the construction of the seed secondary schools were multi- year contracts to be implemented over a three year period and therefore constructions were on phased approach.,other,,,,
2019,"Upgrade of Health Centers IIs to III Similarly, Government budgeted for UGX.17,581,095,191 in respect of construction for upgrading 37 Health centers II to III in 30 Local Governments.",other,,,,
2019,The Accounting Officers attributed the under absorption to delays in the Hybrid procurement system adopted by the line Ministries of Education and Health which took long to be concluded and the administrative reviews occasioned by PPDA.,procurement_irregularities,,,,
2019,"Besides, procurements were in lots whereby a contractor had several contracts which were beyond the contactors capacity thereby delaying contract works.",procurement_irregularities,,,,
2019,"Consequently, projects whose construction had started stalled as a result of these disputes.",other,,,,
2019,The hybrid procurement process I reviewed the hybrid procurement system and noted as follows: ➢ There was no evidence that PPDA approved the hybrid procurement guidelines.,procurement_irregularities,,,,
2019,"➢ Task and Guidance No.5 of the above procedures require that procurement of contractors be made in clusters of 5 LGs to attract competent, experienced contractors to enable the benefits of economies of scale.",procurement_irregularities,,,,
2019,"➢ I observed that, although the Ministry of Education had guided that the construction of the seed school would be phased in 3 financial years; they did not set the minimum expected coverage for each phase and scope of works to be done, therefore making it difficult to measure the impact of each release of funds.",other,,,Ministry of Education had guided that the construction of the seed school would be phase,
2019,"3.9.2 VFM report on UgIFT for the financial year 2017/18 As part of this program, the Office of the Auditor General undertook a Baseline Value for money Audit for the 2017/2018 Financial Year expenditures in both Health and Education sectors for a sample of selected primary schools and health Units together with the infrastructure projects implemented by 30 Local Governments.",other,"program, the Office of the Auditor General undertook a Baseline Value for money Audit for the 201",,,
2019,"30 Local Governments (LGs) comprising 22 districts and 8 Municipalities were selected for the assessment and assessed along three thematic areas namely; Utilisation of funds, Delivery of Infrastructure and Delivery of services.",other,,,,
2019,"Further there were time overruns, non-adherence to procurement and the standard allocation of UPE funds per pupil per annum of UGX.10,000 was not adhered to with the minimum allocated amount of all LGs was UGX.3,770, the maximum was UGX.36,222.",procurement_irregularities,,,,
2019,60 b) Delivery of Infrastructure I noted that the detailed engineer’s estimates were prepared for only 31 (19%) of the 165 construction projects in 8 LGs Assessed and certified works in most LGs were not supported with measurement sheets.,other,,,,
2019,"Further the average cost of teaching per pupil per term across all schools was UGX.57,217, the average number of classrooms is 1:88 below the national standard of 1:55 and the availability of other vital infrastructure such as toilet stances, text book per pupil ratio among others was far below the national standards.",other,,,,
2019,"I advised the Ministries of Education and Health to enhance the capacity of procurement and engineering functions, liaise with the Ministry of Works to develop standard guideline for costing infrastructural works, enhance Quality control and quality assurance of works during construction.",procurement_irregularities,,,"Ministry of Works to develop standard guideline for costing infrastructural works, enhan",
2019,3.11 Management of Water for Consumption and Production in Local Governments The Rural Water Supply and Sanitation Department (RWSSD) under the Directorate of Water Development in the Ministry of Water and Environment is responsible for the provision of safe water and sanitation services in rural areas across the country.,other,,,Ministry of Water and Environment is responsible for the provision of safe water and san,
2019,"According to Water and sanitation Joint sector review 2018, the development partners noted the modest progress made in many of the undertakings, but also the challenges encountered in monitoring of the key performance indicators.",other,,,,
2019,It is upon this background that an audit on operation and maintenance of water was carried out and the following observations were noted: a) Non-functional Water facilities A review of the quarterly reports and interview with the District Water Engineers in a sample of 29 (22%) Districts out of 134 revealed that some of the water sources like bore holes and springs were no longer functioning as shown below: Table 26: Showing Non-Functional water facilities Item Description Total in the 29 sampled District Functional Non- functional % of Non- functional Water for Use (Rural water facilities) No.,other,,,,
2019,"of protected springs 4,362 3,625 737 17% Water for Use (Rural water facilities) No.",other,,,,
2019,"of shallow wells with pumps 4,923 3,413 1,510 31% Water for Use (Rural water facilities) Number of deep boreholes with hand pump 9,914 8,345 1,569 16% Further analysis of the water situation in districts revealed that shallow wells with pumps had the most non-function water points with 31% average rate followed by protected springs with a 17% average non-functional rate across districts.",other,,,,
2019,Lack of functional water facilities makes water access to some of the communities a challenge which is against the millennium goals of free and easy access to water for all.,other,,,,
2019,The Accounting Officers attributed the shortcoming to facilities that had over-lived their life span and require major rehabilitation and inadequate budget for water infrastructure maintenance.,other,,,,
2019,I advised the Local Governments to ensure that strategies are laid to ensure functionality of the water facilities.,other,,,,
2019,The following key observations were noted; a) Significant delay on the commencement of the project after approval of the loan by the World Bank.,other,project after approval of the loan by the World Bank,,,loan by the World Bank
2019,"c) Delayed release of funds, whereby SDF had only received 43.3% (USD.9,428,842) of its five-year budget and had utilized 84.3% of this amount as at 30th June 2019.",other,,,,
2019,This was caused by the delayed award of grants whereby it took between 5 and 12 months to complete an award process.,other,,,,
2019,"68 4.4 Value for Money Audit on licensing and enforcement of standards in downstream petroleum operations by Ministry of Energy and Mineral Development The Department of Petroleum Supply (DPS) together with the Technical Petroleum Committee (TPC), under the Ministry of Energy and Mineral Development supervises and monitors the importation, exportation, transportation, processing, supply, storage, distribution and marketing of petroleum products.",other,,,"Ministry of Energy and Mineral Development The Department of Petroleum Supply (DPS) toge; Ministry of Energy and Mineral Development supervises and monitors the importation, expo",
2019,"I carried out a VFM audit to assess licensing and enforcement of standards in downstream petroleum operations by Ministry of Energy and Mineral Development, and noted the following key matters: a) Compliance with the set facility standards, regulations and guidelines Out of a total of 1695 fuel stations inspected over a period of 3 years 1503 (89%) had fuel pumps properly located, 1095 (65%) had the right plot size, 1088 (54%) had appropriate fire emergency preparedness mechanism, 850 (50%) had well maintained office blocks and canopies.",other,,,"Ministry of Energy and Mineral Development, and noted the following key matters: a) Comp",
2019,"Of the 984 fuel stations in the MEMD database, 363 fuel stations did not possess EIAs, 205 fuel stations did not possess construction permits and 698 fuel stations did not possess construction completion certificates, yet they were licensed.",other,,,,
2019,"In the year under review, the major planned activities of the sector included; revival of the National Airlines (MoWT), Development of Bukasa Port (MoWT), upgrading and expansion of the Entebbe International Airport (CAA) and construction of various major national roads such as the Northern bypass (UNRA) and the Kampala flyover (UNRA), improving the Kampala-Mukono passenger railway line (URC) and release of road maintenance funds to designated agencies (URF).",other,,,,
2019,d) Timeliness of the procurement process A lot of time was lost between initiation of procurement and contract signing.,procurement_irregularities,,,,
2019,I noted procurement delays beyond the recommended 60 days with some procurements ranging between 30 days to 4 years.,procurement_irregularities,,,,
2019,"f) Procurement delays I noted that unutilised amounts relate to funds earmarked for construction projects, procurement of specialized medical equipment, among others.",procurement_irregularities,,,,
2019,The failure to absorb funds was attributed to procurement delays.,procurement_irregularities,,,,
2019,"4.7 Value for Money Audit on compensation of Project Affected Persons under the Karuma and Isimba Hydropower Projects and associated transmission lines In a bid to increase electricity supply countrywide, GoU decided to construct Karuma and Isimba Hydropower projects, as well as their associated transmission lines, namely Karuma- Kawanda, Karuma-Lira, Karuma-Olwiyo and Isimba-Bujagali.",procurement_irregularities,Project Affected Persons under the Karuma and Isimba Hydropower Projects and associated transmiss,,,
2019,"Acquisition of project land and compensation of persons affected by these projects was supposed to be undertaken by Ministry of Energy and Mineral Development (MEMD) and 73 Uganda Electricity Transmission Company Limited (UETCL) but delays in this process and potential increments in land acquisition costs were reported owing to rejection of compensation rates offered, as well as demands for compensation for rock deposits thus affecting timely completion of the electricity projects.",land_and_right_of_way,project land and compensation of persons affected by these projects was supposed to be undertaken,Company Limited (UETCL) but delays in this process and potential increments in land acq,Ministry of Energy and Mineral Development (MEMD) and 73 Uganda Electricity Transmission,
2019,"Regarding resettlement, by 16th December 2019 (over six years after construction works were launched), MEMD had not built resettlement houses for the 119 vulnerable PAPs displaced by Karuma dam while UETCL had, on the other hand, constructed and handed over 34 out of 50 planned resettlement houses to vulnerable PAPs affected by the transmission lines under their charge.",other,,,,
2019,Delayed compensation necessitated increase in disturbance allowance for Karuma from 15% to 30% resulting in extra payment of about UGX.555.7 million that could otherwise have been avoided.,land_and_right_of_way,,,,
2019,"c) Although the Ministry of Health (MoH) recommends that mothers should attend their first ANC within the first 3 months of pregnancy, cases of delayed attendance of the first ANC were noted with more mothers in the Eastern region attending their first ANC very late in their pregnancy compared to the Western region.",other,,,Ministry of Health (MoH) recommends that mothers should attend their first ANC within th,
2019,76 4.9 Regulation and promotion of safe and reliable maritime services in the Water Transport Sub-Sector Maritime transport is defined as the transportation of passengers and cargo via waterways.,other,,,,
2019,"The Marine Administration Department under the Ministry of Works and Transport (MoWT) is entrusted with surveying, registration, licensing, conducting regular inspections of all water vessels used for inland water transport, enforcement, setting up and maintaining of aids to navigation, and implementation of maritime training and adherence to safety standards on all lakes and rivers.",other,,,"Ministry of Works and Transport (MoWT) is entrusted with surveying, registration, licens",
2019,"Owing to public concerns about accidents on Uganda’s inland water transport, inadequate regulation, as well as gaps in the enforcement and monitoring of the prevailing legal framework, I undertook a Value for Money audit whose objective was to assess whether the established water transport mechanisms were sufficient to effectively increase safety of the water transport.",other,,,,
2019,"Key findings a) I noted that the Maritime Administration Department had made several strides in its operations which included acceding to selected International and Regional Maritime Organisation Conventions, prepared the Inland Water Transport Bill, completed the National Transport and Logistics Policy and Strategy and drafted the Seafarers Identification and Records Books (SIRBs) Statutory Instrument.",other,,,,
2019,b) The Act requires the Department to maintain registers of water vessels but there is no accurate statistical data on the number of water vessels operating on the water bodies in Uganda.,other,,,,
2019,"The department has however commenced collection of the vessel statistics, starting with Lake Victoria since it is the largest inland water body.",other,,,,
2019,"Considering that the water vessels are currently estimated at 20,000 and registration fee of UGX.800,000 per vessel (for first time registration), Government lost an estimated UGX.9.44 Billion due to non-registration.",other,,,,
2019,"This implied that the compliance to building standards, licensing and registration of water vessels was not done.",other,,,,
2019,g) The Inland Water Transport Bill was yet to be passed into law.,other,,,,
2019,"In absence of an updated maritime law, the water transport subsector remained inadequately regulated.",other,,,,
2019,"To enhance safe and reliable transport in the water subsector, it is important that the enactment of the Inland Water Transport Bill into law is fast tracked, and an enabling working/operational environment is put in place.",other,,,,
2019,"4.10 Implementation of Kalangala Infrastructure Services Project (KIS) In fulfilment of the MoU signed between GoU and BIDCO in April 2003, the Government of Uganda (GoU) entered a Memorandum of Understanding with InfraCo Limited (“InfraCo”) in September 2005 to develop, expand and maintain key infrastructure services on Bugala Island in Lake Victoria for the benefit of BIDCO Oil Company, Kalangala district residents, and businesses.",procurement_irregularities,"Project (KIS) In fulfilment of the MoU signed between GoU and BIDCO in April 2003, the Government","Limited (“InfraCo”) in September 2005 to develop, expand and maintain key infrastructur; Company, Kalangala district residents, and businesses",,
2019,InfraCo formed Kalangala Infrastructure Services Limited (KIS) as an integrated multi sectoral utility limited liability company registered in Uganda to be the implementing agency/vehicle for the Kalangala Infrastructure Services Project (KISP).,other,Project (KISP),Limited (KIS) as an integrated multi sectoral utility limited liability company registe,agency/vehicle for the Kalangala Infrastructure Services Project (KISP),
2019,"KIS was designed as a PPP to achieve the economies of scale necessary to attain project finance, operate efficiently and serve the island residents with improved access to safe water, safer transportation and more reliable solar-powered electricity.",other,"project finance, operate efficiently and serve the island residents with improved access to safe ",,,
2019,The total project investment was estimated at USD.49.56 million and GoU was required to pay in advance the annual and quarterly support payments to KIS for ferry and road services respectively.,other,project investment was estimated at USD,,,
2019,The objective of this audit was to evaluate the implementation and performance of Kalangala Infrastructure Services Project (KIS) in the delivery of expected outputs.,other,Project (KIS) in the delivery of expected outputs,,,
2019,GoU did not undertake its own independent assessment of the infrastructure services gaps on Bugala Island so as to evaluate the best possible service delivery options as a basis for the investment decision.,other,,,,
2019,KIS was directly sourced by MoFPED without consideration of alternative providers to compare the costs and benefits and establish the best option as required by the procurement regulations.,procurement_irregularities,,,,
2019,"MoFPED could not therefore confirm that the infrastructure investment option chosen for Kalangala was the most economical, efficient and effective for both GoU and the citizens of the island.",other,,,,
2019,78 b) Delivery of expected outputs under KIS The construction phase of the project commenced in 2011 with the ferry component and concluded in June 2016 upon final completion of the road works.,other,project commenced in 2011 with the ferry component and concluded in June 2016 upon final completi,,,
2019,Road Component The road construction works for the upgrade of Luuku – Kalangala – Mulabana (65.6 km) road from Class “C” to Class “B” gravel standards that were expected to be executed within a period of twelve (12) months were completed after three years in March 2016 resulting in a two years delay with no provisions for remedies/ penalties for delayed completion of the road construction works by the implementation agreement.,other,,,,
2019,"During the construction phase of the project, GoU had paid UGX.40.85 billion in form of road support payments against a total of UGX.40.16 billion reported to have been incurred by KIS as actual road development costs upon completion of the road construction works.",other,"project, GoU had paid UGX",,,
2019,"In addition, with the road support payments spread over 13 years, projections show that GoU will spend a total of UGX.120.25 billion which is considered costly given that KIS is not responsible for maintaining the road.",other,,,,
2019,"The Agreement, however, did not provide for penalties for delayed payment of annual ferry operating fees.",delayed_payments,,,,
2019,"Water Component The water performance agreement signed between GOU and KIS did not specify the required water system designs, capacity, target population, and timelines to be met by KIS.",other,,,,
2019,"The annual plans and performance reports for the water components showed that KIS had constructed five of the eight agreed water systems on Bugala Island which were operational with installed capacity of 21,500 cubic meters of water production per month.",other,,,,
2019,"Power Component The company had constructed a power plant with a capacity of 1.6MW (per hour) which was operational in Bukuzindu, Kalangala district, with transmission and distribution lines serving the major settlements on Bugala Island.",other,,company had constructed a power plant with a capacity of 1,,
2019,"The power performance reports for KIS revealed that the company had attained the customer connection target set at three thousand (3,000) customers by year 4 (2018) as set out in the power license agreement.",other,,"company had attained the customer connection target set at three thousand (3,000) custo",,
2019,"80 4.11 Follow-up report on the Value for Money Audit on implementation of National Content in the oil and gas sector In March 2015, the Auditor General published a report on Implementation of National Content in Uganda’s oil and gas sector by the Ministry of Energy and Mineral Development.",other,,,Ministry of Energy and Mineral Development,
2019,"Four years since this audit was undertaken, Field Development and Construction of the East African Crude Oil Pipeline (EACOP) are set to commence.",other,,,,
2019,"These are the most cost and labour- intensive stages of the project, with numerous opportunities to optimise procurement of local goods and services from locals, as well as provision of up to 13,000 jobs.",procurement_irregularities,"project, with numerous opportunities to optimise procurement of local goods and services from loc",,,
2019,"Whereas Ministry of Energy and Mineral Development (MEMD) was responsible for coordinating and enforcing national content implementation in the oil and gas sector up to 2015, the responsibility was shifted to the Petroleum Authority of Uganda (PAU) starting in 2016.",other,,,Ministry of Energy and Mineral Development (MEMD) was responsible for coordinating and e; Authority of Uganda (PAU) starting in 2016,
2019,"b) Issuance of The Petroleum (Exploration, Production and Development) (National Content) Regulations, 2016, with National content provisions and targets in procurement, employment and training of/ from Ugandans.",procurement_irregularities,,,,
2019,"I was required to undertake a value for money audit in the first year (2017/18) expenditures (as a baseline) and second study for the F/Y 2020/21 expenditures (end term) in health and education sectors in the participating Local Governments with the objective of assessing the economy, efficiency and effectiveness with which Local Governments have utilized their investments in the delivery of infrastructure and services in the education and health sectors during the Financial Year (FY) 2017/18.",other,,,,
2019,"22 Districts and 8 Municipalities were selected for the assessment and assessed along three thematic areas comprising of utilisation of funds, delivery of infrastructure and delivery of services and the following key findings were noted: a) Utilisation of funds I noted that out of sampled schools, 93.6% was utilised and absorbed as intended.",other,,,,
2019,"Further there were time overruns, non-adherence to procurement and the standard allocation of UPE funds per pupil per annum of UGX.10,000 was not adhered to with the minimum allocated amount of all LGs was UGX.3,770, the maximum was UGX.36,222.",procurement_irregularities,,,,
2019,82 b) Delivery of Infrastructure I noted that the detailed engineer’s estimates were prepared for only 31 (19%) of the 165 construction projects in 8 LGs Assessed and certified works in most LGs were not supported with measurement sheets.,other,,,,
2019,"Further the average cost of teaching per pupil per term across all schools was UGX.57,217, the average number of classrooms is 1:88 below the national standard of 1:55 and the availability of other vital infrastructure such as toilet stances, text book per pupil ratio among others was far below the national standards.",other,,,,
2019,"I advised the Ministries of Education and Health to enhance the capacity of procurement and engineering functions, liaise with the Ministry of Works to develop standard guideline for costing infrastructural works, ensure that all infrastructure projects are subjected to Environmental and social Impact Assessment, enhance Quality control and quality assurance of works during construction, prioritise repair and maintenance, ensure user needs analysis is properly undertaken to guide the selection 83 of the facilities to be constructed and continue with the efforts to secure funding for the provision of vital infrastructure.",procurement_irregularities,,,"Ministry of Works to develop standard guideline for costing infrastructural works, ensur",
2019,4.13 Value for Money audit of the Uganda Support to Municipal Infrastructure Development –Additional Funding (USMID-AF) programme for the financial year 2017/18 The main objective of the audit was to undertake a Value for Money assessment of the delivery of urban infrastructure undertaken by the Municipal Councils participating in USMID- AF.,other,programme for the financial year 2017/18 The main objective of the audit was to undertake a Value f,,,
2019,"The scope of the assessment covered all USMID funded infrastructure and a selected number of non-USMID financed infrastructure projects executed by municipalities and financed by Uganda Road Fund (URF) (force account), Schools Facilitation Grant (SFG), Discretional Development Equalisation Grant (DDEG) projects and Local revenue financed Projects in the FYs 2016/2017 and 2017/2018.",other,,,,"Grant (SFG), Discretional Development Equalisation Grant (DDEG) p"
2019,The necessary control measures need to be enforced to achieve the expected quality and functionality of the constructed infrastructure.,other,,,,
2019,5.0 Audit of infrastructure projects during the financial year 2018-2019 implemented by Ministries Departments and Agencies During the financial year I under took an audit of projects implemented in the following MDAs as shown in the table below; Table 27: Showing Summary of Engineering Audits undertaken S/No Sector Entity Projects assessed No of Projects 1.,other,,,,
2019,"Health Ministry of Health Rehabilitation and Expansion of Kayunga Hospital under KAYUP project 1 Rehabilitation and Expansion of Yumbe Hospital Under KAYUP project 1 Construction of Staff Houses in Selected Health Facilities In Seven Districts Of Karamoja Region i.e Kaabong, Kotido, Abim, Moroto, Napak, Amudat And Nakapiripirit Under The Karamoja Region Staff Housing Project (KRSHP) 1 2.",other,project 1 Rehabilitation and Expansion of Yumbe Hospital Under KAYUP project 1 Construction of St; Project (KRSHP) 1 2,,Ministry of Health Rehabilitation and Expansion of Kayunga Hospital under KAYUP project ,
2019,Works Ministry of Works and Transport 14 selected road and bridge projects.,other,,,Ministry of Works and Transport 14 selected road and bridge projects,
2019,14 Uganda National Roads Authority 13 selected road and bridge projects.,other,,,Uganda National Roads Authority 13 selected road and bridge projects,
2019,"1 3 Lands Ministry of Lands and Urban Development USMID-AF audit of infrastructure implemented by 22 Municipalities for the Financial year, 2016/17 (92 projects) and 2018/19 (100 projects).",other,,,Ministry of Lands and Urban Development USMID-AF audit of infrastructure implemented by ,
2019,"The report has been presented in the VFM section 192 USMID- AF Selected infrastructure projects in Four (4) municipalities for FY 2017/18 Ntungamo, Apac, Busia and Lugazi Municipalities.",other,,,,
2019,"The report has been presented in the VFM section 4 Total 228 5.1 Technical/Engineering Audit of the rehabilitation and expansion of Kayunga and Yumbe hospitals In the financial year 2018/19, Ministry of Health implemented infrastructure projects worth USD.16,670,711 for Kayunga Hospital and USD.18,601,958 for Yumbe Hospital.",other,,,Ministry of Health implemented infrastructure projects worth USD,
2019,"Key audit findings resulting from the engineering audit and corresponding recommendations resulting from the engineering audit for the Kayunga and Yumbe Hospital rehabilitation projects are presented below, detailed findings, quality results, quantity verification and pictures of defective works are presented in a separate report which has been issued on infrastructure component.",contract_management,,,,
2019,"5.1.1 Kayunga hospital The rehabilitation and construction works of Kayunga hospital were contracted to Arab Contractors Osman Ahmed Osman at a contract price of USD.16,670,711 and supervised by Dar Engineering in association with Joadah Consult Ltd at a supervision cost of USD.1,433,803.",contract_management,,Ltd at a supervision cost of USD,,
2019,I observed the following: a) Delayed handover of land for lagoon construction Handover of the land for rehabilitation and expansion of the lagoon was delayed causing delay in the commencement of works in this area of the project.,other,project,,,
2019,"e) I also noted that the supervising consultant’s monthly progress reports lacked key information such as graphical representation of financial progress against program based on the approved contract schedules, details of impediments to the works and proposals for overcoming these, contractor’s labour and minutes of site meetings as laid down in the terms of reference that would inform the client’s decision making and cost control.",other,"program based on the approved contract schedules, details of impediments to the works and proposa",,,
2019,"86 5.1.2 Yumbe hospital The rehabilitation and construction works of Yumbe hospital were contracted to Sadeem Al- Kuwait General Trading and Contracting Company at a contract price of USD.18,601,958.21 and supervised by Dar Engineering in association with Joadah Consult Ltd at a supervision cost of USD 1,433,803.",contract_management,,"Company at a contract price of USD; Ltd at a supervision cost of USD 1,433,803",,
2019,b) The design phase was scheduled to take a period of six (06) months from the date of contract but took 11 months implying a delay of five (05) months which led to the delayed procurement of the works contractor.,procurement_irregularities,,,,
2019,c) Review of Interim Payment Certificates (IPCs) revealed that payments for the IPC’s foreign components were made on time whereas payments from the GoU component in all the IPCs were delayed beyond the 90 days from approval date by the engineer and these may attract interest on delayed payments.,delayed_payments,,,,
2019,"b) I also noted that USD.34,629 was paid to the contractor for water for works contrary to the requirements stipulated in section 1.36 of the technical specifications which requires the Contractor to provide water for the works at his own risk and cost.",other,,,,
2019,"There was also absence of warning tapes, signage/barricades, non-use of Personal Protective Equipment (PPE’s) by the contractor’s employees, poor management of storm water drainage and the site environment and exposed electrical wires.",other,,,,
2019,"5.2 Engineering Audit of a selected sample of road and bridge Projects implemented by Ministry of Works and Transport during the financial year 2018/19 During the financial year 2018/19, Ministry of Works and Transport (MoWT) implemented 155 public works projects whose contracts amounted to UGX.1,652,739,749,464.",other,,,Ministry of Works and Transport during the financial year 2018/19 During the financial y; Ministry of Works and Transport (MoWT) implemented 155 public works projects whose contr,
2019,"The projects consisted of eleven road construction/rehabilitation projects, of which six were under the road interconnectivity program, one from the urban roads sealing program while four were under the Low Cost Sealing (LCS) program.",other,"program, one from the urban roads sealing program while four were under the Low Cost Sealing (LCS; program",,,
2019,"In addition, three bridge projects of which one is a swamp crossing were assessed.",other,,,,
2019,"a) Inadequate Feasibility Studies It was observed that on two selected projects of upgrading of the access road to Busoga College Mwiri and rehabilitation of Bulucheke-Muchomo-Nyende Road, there was a substantial increase in the quantities of some of the items implemented as shown in the table below; Table 28: Showing Projects without adequate feasibility studies S/No Project Item % Increase 1 Rehabilitation/Upgrading of the Access Road(3.1km) to Busoga College Mwiri in Jinja and Paving the Parking Area at Central Materials Laboratory in Kireka Kampala Cut to Spoil 561% Imported Subgrade Fill 163.2% Stone Pitching 31.2% 2 Rehabilitation of Bulucheke-Muchomo- Nyende Road Common excavation or cut to spoil of soft material 161% Rock excavation or cut to spoil in rock 2,456% Fill as instructed by the engineer 197% It was further observed that for the construction of Kisaigi Bridge in Kakumiro District, the design of the project was changed majorly from 15m to 17m span due to the 88 widening of the river banks.",other,Project Item % Increase 1 Rehabilitation/Upgrading of the Access Road(3; project was changed majorly from 15m to 17m span due to the 88 widening of the river banks,,,
2019,"b) Omission of Essential Work Items Essential items such as speed control infrastructure, stone pitching and river training were noted to have been omitted on the low cost sealing projects for Kisozi – Nawanyago Road Sections A and B while Left Hand Side (LHS) road edge protection, and guard rails were not provided for in the contract for rehabilitation of the Access Road to Busoga College Mwiri.",other,,,,
2019,"I advised the Accounting Officer to ensure that the omitted work items are executed and for future projects, detailed planning should be undertaken to ensure that all items are catered for in the contract.",other,,,,
2019,"c) Preparation of BoQ’s for Low Cost Sealing Projects Review of the BoQs prepared for the low cost sealing projects indicated that a number of items included within the BoQ were not aligned to the specifications with regards to the numbering and units of measurement for example; clearing and grubbing, preparation of the road bed whose units were linear meters instead of cubic meters.",other,,,,
2019,"d) Progress of Works Of the fourteen (14) projects assessed, five (5) projects were found to have been completed within the contractual timelines, seven (7) had been delayed; one (1) was still on-going within the extended period but was lagging behind schedule while works for one (1) had been suspended.",other,,,,
2019,"However, it is the opinion of audit that the extension of time granted was unjustified due to failure to use the procedures set out in section 1229 of the general specifications for road and bridge works when computing the extension time and lack of authenticated rainfall data provided by the contractor.",other,,,,
2019,"These included; road bleeding, stripping, silted and cracked access culvert, damaged stone pitching and end structures, pothole development, Gullies on carriageway, Collapsed gabion, Extensive Honey combing and poor workmanship among others.",other,,,,
2019,"h) Implementation of Road Safety, Environmental and Social Safeguards During the physical site inspection of the works, I further observed poor adherence to road safety, environmental and social safeguards for some projects such as Kasaigi Bridge that had been opened to traffic despite the fact that guard/hand rails had not yet been installed, constructed diversion washed away at Kabindula swamp necessitating use of broken timber pieces for crossing, lack of traffic signage or diversions despite damping of gravel in different sections of Nyaruzigati-Kyapa-Kitabu Road in Kasese District, failure to undertake restoration of borrow pits for two projects, poor disposal of equipment fuel/oil at the yard of the contractor responsible for the construction of Kasaigi Bridge and construction of a sanitary facility beside the river at Kabindula swamp crossing.",other,,,,
2019,"I advised the Accounting Officer to ensure that road safety, environmental and social safeguard measures are enforced on all projects.",other,,,,
2019,"These are summarized below: Table 29: Showing findings from inspection of road works S/No Road Project Observations 1 Rehabilitation/Upgrading of the Access Road(3.1km) to Busoga College Mwiri in Jinja Bleeding, stripping, cracked access culvert, damaged stone pitching and end structures, pothole development 2 Rehabilitation of Runga-Waaki- Butiaba road in Hoima District (19.2km) Silted culverts, under scoured culvert apron, unconstructed end structures, washed off culvert backfill 3 Rehabilitation of Bulucheke- Muchomo-Nyende Road in Bududa District Gullies on carriageway, uninstalled culverts at water crossing points 4 Rehabilitation of Roads in Rubanda District Gullies, road edge breaks, washed off culvert backfill, unconstructed end structures, uninstalled culverts at water crossing points 5 Rehabilitation of Roads in Kasese Municipality Cracked culverts, washed off culvert backfill, poorly constructed end structures 6 Rehabilitation of Roads in Alebtong District Cracked culverts, broken end structures, washed off culvert backfill, silted culverts 7 Rehabilitation of Roads in Lira South Silted culverts, broken/cracked end structures, 8 Low Cost Sealing of Selected District Roads; Lot 1: in Kasese District Cracked culverts, culvert with exposed mesh, broken end structures 9 Low Cost Sealing of Selected District Roads; Lot 2: in Kasese District Broken culverts, damaged sub-base, silted culverts 10 Low Cost Sealing of Selected District Roads; Lot 6: In Kamuli District.",other,Project Observations 1 Rehabilitation/Upgrading of the Access Road(3,,,
2019,"Bleeding, broken end structures, broken and scoured aprons, Stripped capping layer along road carriageway, silted culverts 11 Low Cost Sealing of Selected District Roads; Lot 6: in Kamuli District Silted culverts, damaged culvert bases, washed off culvert backfill, damaged road base, damaged end structures 12 Construction of Gem Farm Bailey Bridge in Atiak, Amuru District Collapsed gabion at Abutment 2 RHS, Inadequate backfill at approach to the bridge (LHS) in the corner, Need for river training 13 Construction of Kisaigi Bridge in Kakumiro District Lot 1 Honey combs, collapsing backfill, Crack at Abutment wall, Formwork left within the bridge structure at different locations 14 Construction of Kabindula Swamp Crossing in Kyankwanzi District Lot 20 Extensive Honey combing, poor workmanship on concrete works The Accounting Officer indicated that contractors had been instructed to address the identified defects prior to issue of the practical completion certificate.",contract_management,,,,
2019,"Table 30: Showing results of assessment of quality of works S/No Road Project Test Failed Parameters 1 Upgrading of Busoga College Mwiri Road DCP CBR - there are some weak points in the base layer on the right-hand side of the road 2 Construction of Kasaigi Bridge Rebound Hammer Test Concrete Compressive Strength of Wing Walls Kagadi Side LHS & RHS 3 Construction of Kabindula Swamp crossing Concrete compressive strength of Headwall (RHS), Headwall (LHS), Headwall (LHS), Wing wall (LHS), Headwall (RHS), Headwall (RHS), Headwall (LHS) at 0+170, 0+170, 0+255, 0+255, 0+215, 0+200, 0+200 respectively The Accounting Officer indicated that further investigations shall be undertaken and in the event of failure, appropriate remedies shall be undertaken.",other,Project Test Failed Parameters 1 Upgrading of Busoga College Mwiri Road DCP CBR - there are some ,,,
2019,"5.3 Technical/ Engineering Audit of the two projects implemented by Uganda Civil Aviation Authority (UCAA) In the financial year 2018/19, UCAA implemented the 2 infrastructure projects namely; Modification of the Passenger Terminal Building at Entebbe International Airport project worth UGX.42,695,026,700 and the Design and Build of Entebbe International Airport upgrading and expansion project worth USD.200,000,000.",other,project worth UGX; project worth USD,,"Authority (UCAA) In the financial year 2018/19, UCAA implemented the 2 infrastructure pro",
2019,b) Lack of review of feasibility study report from CCCC during procurement of works Review of documents revealed that the EPC Contractor CCCC pre-financed the feasibility study for the Design and Build of the Upgrading and Expansion of Entebbe International Airport Project.,procurement_irregularities,Project,,,
2019,"The feasibility study report (technical proposal) submitted to CAA in December 2013 costed Phase 1 of the project at USD 200,000,000 which later culminated in a contract between CAA and CCCC on October 2014 for USD.200,000,000.",other,"project at USD 200,000,000 which later culminated in a contract between CAA and CCCC on October 2",,,
2019,It was however noted that there was no independent review of the feasibility estimates by CAA during procurement stage which would have informed Government on the reasonableness and accuracy of the cost estimates prior to agreeing to CCCC securing the funds from Exim bank of China.,procurement_irregularities,,,,
2019,"Accordingly the CAA contracts committee approved the project cost in the feasibility study on 23rd September 2014 without undertaking an independent evaluation of these costs but rather sought for PPDAs clearance of the contract on 2nd October 2014, contrary to sec 3 PPDA regulations 2014.",procurement_irregularities,project cost in the feasibility study on 23rd September 2014 without undertaking an independent e,,,
2019,"d) Unexplained varying of employers requirement for construction of ground car park The feasibility study report (Technical proposal) submitted to CAA in December 2013 by CCCC ref Page 71/73, included a table summarising the works to be included under phase I of the project, and in this technical proposal which was costed at USD.200,000,000, construction of a Ground car park was included.",other,"project, and in this technical proposal which was costed at USD",,,
2019,It was noted that construction of the Ground car park had not been included in the signed contract agreement.,other,,,,
2019,e) Delayed implementation of works Review of the works contract and progress reports showed that the works which commenced on 8th October 2016 are expected to achieve 100% completion on 9th May 93 2021.,other,,,,
2019,The progress report for June 2019 shows that the works had achieved only 43.01% physical progress against an elapsed project time of 60.14% which translates into 10 months of delay.,other,project time of 60,,,
2019,This is however is on the critical path of commencement of construction of the Passenger Terminal Building (PTB) which was expected to start on 3rd Dec 2018 with the demolition of existing cargo building; this activity had not started at the time of audit and may affect the completion time of the project.,other,project,,,
2019,g) Delayed payment of Interim payment certificates (IPCs) Clause 14.7 of Addendum No.1 of the works contract page 28 /29 of the particular conditions of contract state that payments right from the Interim payment certificate and the final payment certificate shall be made within 56 days upon receipt of the relevant certificates by the Employer.,delayed_payments,,,,
2019,"A review of payments to the contractor revealed delayed payment of 22 IPCs (IPCs No 11,12,13,14,15 to No 22) with an invoice value of USD.23,130,646.",delayed_payments,,,,
2019,Delayed payment of IPCs causes delays in the progress of works and may result in the contractor charging interest.,delayed_payments,,,,
2019,i) Delayed Procurement of Supervision Consultants It was noted that the consultant commenced services 10 months after the works commenced.,procurement_irregularities,,,,
2019,5.3.2 Modification of the Passenger Terminal Building at Entebbe International Airport The Contract for the Modification of the Passenger Terminal Building (PTB) at Entebbe International Airport (EIA) is being executed by Seyani Brothers & Co.,other,,,,
2019,"(U) Limited at a contract value UGX.42,695,026,700 tax inclusive with Ssentoogo & Partners Limited as the supervising consultants at a supervision cost of UGX.1,183,821,789, tax inclusive.",contract_management,,Limited at a contract value UGX; Limited as the supervising consultants at a supervision cost of UGX,,
2019,"This delay in commencement as well as other contract management issues like Design update, change of scope, resulted in several extensions of time totalling to 24.5 months.",contract_management,,,,
2019,"e) Unjustified Claim The contractor claimed for UGX.11,473,452,129 as price adjustment contrary to clause SCC 47.1 of the contract agreement which states that “This contract is not subject to price adjustment”.",other,,,,
2019,f) Delivery of only one floor at contract expiry CAA signed a contract with Seyani Brothers for a project to be delivered fully functional within 17 months.,other,project to be delivered fully functional within 17 months,,,
2019,"i) Execution of Steel works without Bar Bending Schedules It is required that after structural design, construction drawings are detailed, and a bar bending schedule that details reinforcement cutting and bending length is generated, and issued to the contractor to help in bending, and placement of bars.",other,,,,
2019,"5.4 Engineering Audit of a selected sample of road development, bridge, rehabilitation and maintenance projects implemented by Uganda National Roads Authority (UNRA) during the year For the financial year 2018/19, a total of 74 projects (Development and rehabilitation projects) of total contract sum UGX.24,611,235,821,987 were being implemented by UNRA.",other,,,"Uganda National Roads Authority (UNRA) during the year For the financial year 2018/19, a total of 74 projects (",
2019,"These included (11) development and rehabilitation projects worth UGX.1,358,928,735,218.8 and Euro.106,480,753.07 as shown in table below: Table 31: Development and rehabilitation of projects S/No Contract road name/Contractor Contractor Contract Price (UGX) Euro 1 Soroti - Katakwi - Akisim road CCCC 304,000,000,000 2 Bumbobi - Lwakhakha road China State Engineering Ltd 140,724,000,000 3 Nakalama - Tirinyi - Mbale road Dott Services 135,370,000,000 4 Musita - Lumino / Busia - Majanji road China Railway 18th Bureau (Group) Co.",other,,"Ltd 140,724,000,000 3 Nakalama - Tirinyi - Mbale road Dott Services 135,370,000,000",,
2019,"Ltd 206,784,423,053 5 Kampala Northern bypass - Phase 2 M/s Mota Engil Engeharia E Construcao 0 106,480,753.07 6 Ishaka - Katunguru road M/s Mota Engil Engeharia E Construcao Africa, S.A 103,852,641,242 7 Kyenjojo - Fort Portal road/ China Wu Yi Co ltd 71,435,766,901 8 Hoima - Butiaba - Wanseko road Chongqing International Construction Corporation 337,440,000,000 9 Kabong bridge Terrain Services 13,321,891,188 10 Lopei bridge Terrain Services 12,468,2.82,364 11 Waiga bridge, Ruzairwe bridge, Nsongi bridge, Mpondwe bridge Armpass 46,000,000,000 TOTAL 1,358,928,735,218.8 106,480,753.07 The sample also included two maintenance projects are shown in tables below: 97 Table 32: Showing maintenance projects at Jinja Station S/N Project name Contractor Contract Price (UGX) 1 Mechanized Maintenance of Selected Unpaved Roads under Framework Contracts for 3 Years Totaling to 487.2Km.",other,Project name Contractor Contract Price (UGX) 1 Mechanized Maintenance of Selected Unpaved Roads u,"Ltd 206,784,423,053 5 Kampala Northern bypass - Phase 2 M/s Mota Engil Engeharia E ; M/s Mota Engil Engeharia E Construcao Africa, S","Corporation 337,440,000,000 9 Kabong bridge Terrain Services 13,321,891,188 10 Lopei bridge",
2019,"Rock trust contractors (U) Limited 33,860,159,881 Total 33,860,159,88 1 Table 33: Showing Maintenance projects at Hoima station S/N Contract name Contractor Contract Price (UGX) 1 Bukomero-Dwaniro-Kyankwanzi (68.2Km), Kabwoya-Kituti (42Km), Kiziranfumbi-Kabaale (25.7Km) ,Buseruka-Tonya (29.5Km) Lusa Construction & Engineering Co.",other,,"Limited 33,860,159,881 Total 33,860,159,88 1 Table 33: Showing Maintenance projects at ",,
2019,"Hoima-Butiaba-Wanseko contract amount rose by USD 12,095,257.87 for increase in quantities (over 800% for excavating in soft material, 138% for rock excavation, 338% for excavation in swamps and 1300% for top soiling among others) ii.",other,,,,
2019,"Soroti-Katakwi-Akisim had several quantities rose by over 1000% (for example removal of trees of girth between 1-2m, common excavation to spoil for earthworks, excavations to spoil for structures, rock fill for structures and new box culverts) even though the contract sum was not exceeded.",other,,,,
2019,"Musiita-Lumino-Majanji had quantities rise by over 200% for stone pitching, vehicular kerbs, removal of top soil and 1200mm diameter pipe culverts among others even though the contract sum was not exceeded.",other,,,,
2019,"Bumbobi-Lwakhakha had several quantities rise by over 200% (for example excavation in soft material for drainage, concrete kerbs, fill using rock among others), though the contract sum was not exceeded.",other,,,,
2019,"c) Inclusion of unnecessary items in contracts leading to increase in contract amounts Unnecessary items were included in contracts for 5 projects which led to increased the contract prices by UGX.6,710,431,291 (VAT exclusive) as shown in below; This was attributed to failure to undertake due diligence on the procurement (bid preparation) and contracting process.",procurement_irregularities,,,,
2019,"Table 34: Showing Unnecessary items in BOQs SN Project name Unnecessary items Cost (UGX) 1 Lopei bridge Contingency, relocation of services, special tests by Engineer, excess material 1,255,802,100 2 Lopei Bridge Guardrails (higher rate) 779,200,000 3 Kaabong bridge Contingency 1,077,123,580 4 Mpondwe, Nsongi, Ruzairwe and Mpanga 6 Contingency 3,373,105,611 5 Mpondwe, Nsongi, Ruzairwe and Mpanga 6 Seismic restraints 225,200,000 Total 6,710,431,291 d) Delayed handover of the sites to the contractor Several sites were not handed over to the Contractor in time which led to failure to deliver on project milestones as contractually agreed at contract signing.",other,"Project name Unnecessary items Cost (UGX) 1 Lopei bridge Contingency, relocation of services, spe; project milestones as contractually agreed at contract signing",,,
2019,Delayed hand over of sites resulted into extension of time leading to additional time-related costs for example Bumbobi-Lwakhakha where the time related costs have exceeded the initial budget by over UGX.500 million.,other,,,,
2019,The same contracts allow the contractor to charge interest for delayed payment of the advance payment by the client (UNRA).,delayed_payments,,,,
2019,"Table 35: Showing Avoidable Interest on advance payments SN Project Interest (UGX) Interest (USD) 1 Bumbobi- Lwakhakha 178,504,035 172,534.16 2 Kyenjojo- FortPortal 245,530,973 16,435.74 Total 424,035,008 188,969.9 f) Delayed payments to the contractors It was observed that the contractors’ payments were delayed in all cases resulting in interest claims on the delayed payments.",delayed_payments,"Project Interest (UGX) Interest (USD) 1 Bumbobi- Lwakhakha 178,504,035 172,534",,,
2019,"For the two projects shown in table below, a total of UGX.2,157,730,017.39 and USD 691,479.07 had been claimed and will be paid as interest on delayed payments.",delayed_payments,,,,
2019,"Table 36: Showing delayed Payments to contractors SN Project Interest (UGX) Interest (USD) 1 Soroti- Katakwi- Akisim 407,287,185 64,255.07 2 Musiita- Lumino- Majanji 1,750,442,832.39 627,224 Total 2,157,730,017.39 691,479.07 g) Increase in project costs due to payments in foreign currencies It was observed that the fluctuation of the Ugandan shilling against the foreign currencies resulted in an increase of the project cost by over UGX 10 billion on only four projects (Table as shown below).",delayed_payments,"Project Interest (UGX) Interest (USD) 1 Soroti- Katakwi- Akisim 407,287,185 64,255; project costs due to payments in foreign currencies It was observed that the fluctuation of the U",,,
2019,"Table 37: Showing increase in project costs due to payments in foreign currencies SN Project name Net increase due to FX 1 Bumbobi - Lwakhakha road 1,554,429,739.13 2 Kyenjojo-FortPortal 8,270,932,974.582 3 Lopei Bridge 157,278,932.41 4 Kaabong bridge 94,585,172 Total 10,077,226,818.122 h) Overpayments on excess quantities Several overpayments were noted on 4 projects resulting from certification of more quantities than had been executed by the Contractors.",other,project costs due to payments in foreign currencies SN Project name Net increase due to FX 1 Bumb,,,
2019,"This led to an overpayment of UGX.144,809,402.26 as summarized in Table 12 below: 100 Table 38: Showing overpayments on excess quantities SN Project name Overpayment - UGX 1 Musiita-Lumino-Majanji 44,353,281 2 Bumbobi - Lwakhakha road 3,072,021.26 3 Kaabong bridge 8,521,500 4 Waiga bridge, Ruzairwe bridge, Nsongi bridge, Mpondwe bridge 88,862,600 Total 144,809,402.26 i) Site inspections The sites were inspected between 28th October 2019 and 30th November 2019 and were found at different levels of progress.",other,"Project name Overpayment - UGX 1 Musiita-Lumino-Majanji 44,353,281 2 Bumbobi - Lwakhakha road 3,0",,,
2019,"The Contractors working on Kaabong, Lopei and Ruzairwe bridge locations had demobilized.",other,,,,
2019,"They however had outstanding snags to be rectified as detailed in the report and summarized in table below; Table 39: Showing Outstanding defects S/No Contract road name Defects noted 1 Soroti - Katakwi - Akisim road Stripping at various sections, scouring of embankment, no rounding on terminal end of walkways, eroded and silted stone pitching works, spot honey combs at box and culvert wing walls, full flow for culverts, vandalism of reflectors and hazard signs, missing bolts on guard rails and omission anti-theft protection on bolts and nuts on some guard rails.",contract_management,,,,
2019,"2 Bumbobi - Lwakhakha road Damage to the road, bleeding, stripping, cracks in box culverts, honey combing in box culverts, different levels between invert of access culverts and side drains, siltation of culverts, and damage at stone pitched sections 3 Hoima - Butiaba - Wanseko road Dirty and untidy surface and surrounding waiting to receive apron concrete, Honeycombs on the box culvert wall 4 Musita - Lumino / Busia - Majanji road Bleeding, eroded access edge, scouring and failed stone pitching works, silted channels, eroded embankment, uneven spacing of U cover drains, honey combs on culvert walls, blocked culverts, irregular alignment of guard rails and poor overlap of road marking 5 Kyenjojo - Fort Portal road Vandalism of reflector plates on guard rails, Honey combing at the bottom of concrete lined drains, vegetation overgrowth on some sections of stone pitched sections, heavy siltation at some locations for temporary access by residents 6 Ishaka - Katunguru road Spot locations of silting in the stone pitched drains and culverts, Erosion of slopes at some locations, Vegetation growth at some stone pitching and culvert locations, Damaged stone pitching works in some sections.",other,,,,
2019,"7 Lopei bridge Camber loss on the road surface, spot pot holes, missing bolts, rusting of some bolts, The lower end of the embankment that is lower than the flood level 8 Kaabong bridge Failed gabion/protection works- U/S of Kapedo side, Cracks in stone pitching mortar, Eroded approach Embankment on Kapedo side, Pothole on the approach slab area 101 S/No Contract road name Defects noted 9 Waiga bridge, Ruzairwe bridge, Nsongi bridge, Mpondwe bridge Ruzairwe; Guardrail end details not as per drawing, Rusted guardrail posts and bolts, Missing hazard sign plate on Pacwa side, Hazard sign installed in wrong location; Mpondwe; Hairline cracks on walkway slab, Short and inadequate gabion works on both downstream of Uganda and DR Congo side: Nsongi; Hairline cracks on walkway slab, Eroded banks at mitre drain location; 10 Kaitabawala- Kisozi-Busota (58.2Km).",contract_management,,,,
2019,"Slippery sections, damaged sections, deep potholes, need for culverts at some low locations 11 Bukomero- Dwaniro- Kyankwanzi (68.2Km), Kabwoya-Kituti (42Km), Kiziranfumbi- Kabaale (25.7Km) ,Buseruka- Tonya (29.5Km) Buseruka-Tonya: Eroded road sections, vegetation overgrowth in side drains I advised the Accounting Officer to pursue the recommendations as indicated in the individual reports.",other,,,,
2019,"5.5 Technical/Engineering Audit of the construction of staff houses in selected health facilities in seven districts of Karamoja Region I.E Kaabong, Kotido, Abim, Moroto, Napak, Amudat and Nakapiripirit under the Karamoja Region Staff Housing Project (KRSHP) In the financial year 2018/19, Ministry of Health implemented the above infrastructure project worth USD.5,592,885.18 (18% VAT Inclusive).",other,"Project (KRSHP) In the financial year 2018/19, Ministry of Health implemented the above infrastru; project worth USD",,Ministry of Health implemented the above infrastructure project worth USD,
2019,"Key audit findings resulting from the engineering audit and corresponding recommendations are presented below; a) Delayed Grant disbursements before project completion period The Government of Uganda signed a Grant Financing Agreement amounting to Euro.4,200,200 with the Government of the Italian Republic on 23rd December 2010, to be disbursed in three instalments over a three-year period with a purpose of giving financial support to the Health systems strengthening for Karamoja Region.",other,project completion period The Government of Uganda signed a Grant Financing Agreement amounting t,,,Grant disbursements before project completion period The Governme; Grant Financing Agreement amounting to Euro
2019,"I noted that that the financing agreement subsequently expired and resulted in delay to dispatch the second and third instalments of Euro.1,400,000 each from Government of Italy impacting on execution of the works.",other,,,,
2019,"A second financing agreement was agreed and subsequently the second instalment was disbursed and received on 22nd December 2017, after expiry of the contract.",other,,,,
2019,"b) Delayed Commencement of works by the contractor As a result of delayed grant disbursements, there was delayed commencement of works by the contractor by over 119 days (over 3months).",other,,,,"grant disbursements, there was delayed commencement of works by t"
2019,c) Delayed procurement of the Consultant The contractor for the civil works was procured on 8th February 2016 while the commencement date of the project was 20th June 2016.,procurement_irregularities,project was 20th June 2016,,,
2019,"However, the consultancy contract was signed on 14th September 2016 implying that the consultant had been procured after works had commenced (delay of 86 days (over 2.8 months) and so the consultant was on site without a legal contract.",other,,,,
2019,d) Delayed Implementation of works The works commenced on 20th June 2016 and were to be completed by 19th December 2017.,other,,,,
2019,The review of the annual report - progress of works (2017/2018) showed that the works had achieved 61.60% physical progress by the time the contract expired.,other,,,,
2019,"A Letter dated 27th November,2017 indicated that the progress of works was affected by delay in payments to the contractor which led to two stoppages with the second stoppage starting on 6th November, 2017 till the contract expired.",other,,,,
2019,"The contract of the contractor expired on 19th December 2017 and by the time of contract expiry; only USD.268,330.75 of the USD.1,118,577.03 advanced to the contractor had been recovered in IPC No.6.",other,,,,
2019,"Since the advance payment guarantee also expired, this puts the Government at a risk of losing USD.850,246 if the contractor doesn’t get a new contract to execute the remaining works.",other,,,,
2019,"g) Delayed payment of IPCs A review of the payment certificates revealed that all the IPCs were not paid within the stipulated time period as provided for in the contract with h IPC No 7 submitted on 10th November 2017 yet to be paid, 103 Delays in payments to the contractor lead to disruptions of contractor cash flow and affects ability of the contractor to execute works efficiently.",delayed_payments,,,,
2019,"Table 40: Showing Overpayments on the project for construction of staff houses in selected health facilities S No District Amount Overpaid (USD) 1 Amudat and Moroto 11,408.38 2 Kotido 32,430.53 3 Napak 28,038.30 4 Abim 20,268.80 Total 92,146.01 i) Insufficient site supervision The project was formulated with 25 sites in very distant locations in the Karamoja region.",contract_management,project for construction of staff houses in selected health facilities S No District Amount Overp; project was formulated with 25 sites in very distant locations in the Karamoja region,,,
2019,"6.0 KEY SECTORAL FINDINGS AND SUMMARY OF CROSS CUTTING ISSUES 6.1 Agriculture Sector 6.1.1 Government project to raise on-farm productivity, production, and marketable volumes of selected agricultural commodities The project contracted United Bank of Africa (UBA) as the Electronic Voucher Management Agency (EVMA) at a contract price of UGX.5,999,911,250.",other,"project to raise on-farm productivity, production, and marketable volumes of selected agricultura; project contracted United Bank of Africa (UBA) as the Electronic Voucher Management Agency (EVMA)",,Agency (EVMA) at a contract price of UGX,
2019,Delays in the procurement of the consultant who was supposed to guide the implementing team in the critical activity of planning and actions needed to ensure successful launch of the E-Voucher in the pilot districts.,procurement_irregularities,,,,
2019,"Failure to clear case backlog at Judiciary Emanating from the above, I noted a rising trend of case backlogs under the Judiciary, which had increased by 10.7% overall, with the Magistrate Grade I and Chief Magistrates Court registering the highest growth rate of over 16% The rising trend of case backlogs was attributed to the delayed implementation of the approved Organisation structure and inadequate wage budget to recruit Judicial Officers.",other,,,,
2019,Government needs to address the staffing and infrastructure challenges faced in the JLOS sector.,other,,,,
2019,6.3 Public Administration Sector 6.3.1 Road map to 2021 General Election The Electoral Commission requires UGX.796.88 bn for the organization of presidential and general parliamentary & local council elections 2020/2021.,other,,,Commission requires UGX,
2019,"Activities critical to the roadmap that should have been implemented include; demarcation of electoral areas, re-organization of polling stations, specialised training (ICT, biometrics and due diligences of ICT procurement), voter education, acquisition of biometric voter verification system, developing election document management system, digitizing election documents and setting up an election digital archive among others.",procurement_irregularities,,,,
2019,I observed that the financing of the road map to 2021 General Elections is behind schedule.,other,,,,
2019,"Under the new arrangement, the current non-contributory pension scheme would be converted to a new contributory defined benefit pension plan based on payroll contributions covering the teaching, traditional, police, prisons, local Government service employees and employees on contract.",other,,,,
2019,6.5 Energy Sector 6.5.1 Energy Losses The power purchase agreement between Uganda Electricity Transmission Company Limited (UETCL) and the Generation Company (GENCO) requires that energy sold and purchased shall be delivered by to UETCL at a delivery point.,other,,Company Limited (UETCL) and the Generation Company (GENCO) requires that energy sold an,,
2019,"The Power sale Agreement states that UETCL shall own, operate and maintain the transmission system used for transmitting electricity above 33kv and which may be connected to UEDCL distribution system.",other,,,,
2019,"During my audit of the electricity sub- sector, I noted the following in regard to the Energy losses: i.",other,,,,
2019,"In the FY 2018/19, UEDCL disclosed payables of UGX 9.5 billion towards bulk power purchase, of this amount UGX 5billion was due to power evacuation losses from Nkusi hydro power plants (HPP) in Hoima district.",other,,,,
2019,"In addition, Kilembe Investment Limited and Pader-Abim Cooperative Multipurpose Society lost revenue amounting to 377.3 million, 141.7 million and UGX 32.7million, respectively resulting from power losses.",other,,Limited and Pader-Abim Cooperative Multipurpose Society lost revenue amounting to 377,,
2019,"Significant increases in energy losses was noted in the Mid-West, North East and North West service territories with losses of 31%, 37% and 47%, respectively which were over and above the allowable losses (25.68%) by the Regulator.",other,,,,
2019,The major cause of the energy losses was due to the evacuation of high voltage power onto low and medium voltage distribution lines which resulted into significant energy losses where the company did not generate economic value.,other,,company did not generate economic value,,
2019,This was attributed to delayed construction of power evacuation lines and substations.,other,,,,
2019,Analysis of outage schedules of 4 out of 6 distribution companies (mini grids) revealed that a number of outages and the associated energy and revenue lost stemmed from the unreliability of the network infrastructures of Umeme and UETCL as per the 2018 and part of 2019 reporting schedules by the distribution companies.,other,,,,
2019,A number of distributing companies are faced with the challenge of Energy losses.,other,,,,
2019,The energy loss translates into revenue losses which negatively impact on the reliability of electricity supply in the different service territories operated by the companies.,other,,,,
2019,"In addition, excessive power losses lead to increased power tariffs paid by consumers.",other,,,,
2019,"Government should devise measures of improving the efficient evacuation, transmission and distribution of electricity.",other,,,,
2019,"In addition, strategies of resolving challenges leading to energy losses in the electricity sub-sector should be developed.",other,,,,
2020,"36 Page 5 strategic report List of Acronyms AFROSAI African Organisation of Supreme Audit Institutions AFROSAI-E African Organisation of English Speaking Supreme Audit Institutions AG Auditor General AU African Union Bn Billion CAM Compliance Audit Methodology CG1 Central Government one CG2 Central Government two COSASE Committee on Commissions, Statutory Authorities and State Enterprises CSO Civil Society Organisation CSR Corporate Social Responsibility DPP Directorate of Public Prosecution EAC East African Community EU European Union FAM Financial Audit Methodology FIA Financial Intelligence Authority FIIT Forensic Investigations and Information Technology Audit FINMAP Financial Management and Accountability Programme FY Financial Year GAAP Generally Accepted Accounting Principles GAPR Government Annual Performance Report GDP Gross Domestic Product GIZ Deutsche Gesellschaft für Internationale Zusammenarbeit GOU Government of Uganda HLG Higher Local Government IFMS Integrated Financial Management System ICBF Institutional Capacity Building Framework ICPAU Institute of Certiﬁed Public Accountants Uganda ICT Information and Communication Technology IG Inspectorate of Government IGFs Internally Generated Funds IMF International Monetary Fund IMIS Integrated Management Information System INTOSAI International Organisational of Supreme Audit Institutions ISA International Standards on Auditing ISSAIs International Standards of Supreme Audit Institutions IT Information Technology KfW Kreditanstalt für Wiederaufbau (German Development Bank) LG Local Government Page 6 strategic report LGA Local Government Authorities LLG Lower Local Government LGDPAC Local Government District Public Accounts Committee LGPAC Local Government Public Accounts Committee M&E Monitoring and Evaluation MDA Ministries, Departments and Agencies Mn Million MoFPED Ministry of Finance, Planning and Economic Development MoGLSD Ministry of Gender, Labour and Social Development MoU Memorandum of Understanding MTEF Medium Term Expenditure Framework NAA National Audit Act NDP National Development Plan NITA-U National Information Technology Authority - Uganda NPA National Planning Authority OAG Oﬃce of the Auditor General OPM Oﬃce of the Prime Minister PAC Public Accounts Committee PBB Program Based Budgeting PFM Public Financial Management PPDA Public Procurement and Disposal of Public Assets Authority PSA Production Sharing Agreements QAAD Quality Assurance and Audit Development Quality Assurance Committee QAC Quality Assurance Committee REAP Resource Enhancement and Accountability Program SAI Supreme Audit Institution SDGs Sustainable Development Goals SORA Shared Overall Risk Assessment SWOT Strength, Weakness, Opportunities and Threats TAAC Transparency, Accountability, and Anti-Corruption UGX Uganda Shillings UN United Nations USAID United States Agency for International Development USMID Uganda Support to Municipal Infrastructure Development Program VFM Value for Money VFM&SA Value for Money and Specialised Audits WGEA INTOSAI Working Group on Environment Audit WGEI INTOSAI Working Group on Audit of Extractive Industries Page 7 strategic report FOREWORD The Office of the Auditor General (OAG) as a body corporate has the statutory function to conduct financial, Value for Money, specialized, forensic investigations, and other audits as provided for by the National Audit Act, 2008.",procurement_irregularities,Programme FY Financial Year GAAP Generally Accepted Accounting Principles GAPR Government Annual Pe; Program Based Budgeting PFM Public Financial Management PPDA Public Procurement and Disposal of P,,"Authority FIIT Forensic Investigations and Information Technology Audit FINMAP Financial ; Ministry of Finance, Planning and Economic Development MoGLSD Ministry of Gender, Labour",EU European Union FAM Financial Audit Methodology FIA Financia; KfW Kreditanstalt für Wiederaufbau (German Development Bank) LG
2020,"Geographical Coverage of the Office of the Auditor General The functions and powers of the Auditor General as specified in Part III of the National Audit Act 2008 and the Public Financial Management Act 2015 include: The headquarters of the OAG are located at Audit House, Plot 2C Apollo Kagwa road, Kampala and it also accommodates Kampala branch office.",other,,,,
2020,"E X T E R N A L E N V I R O N M E N T E X T E R N A L E N V I R O N M E N T INPUTS LEGAL FRAMEWORK RESOURCES SUPPORT STRUCTURES QUALITY ASSURANCE COMMUNICATION AND STAKEHOLDER MANAGEMENT OAG VALUE CREATION AND SYSTEMS OAG OUTPUTS VALUE AND BENEFITS GOVERNANCE AUDIT QUALITY AND REPORTING Constitution of the Republic of Uganda,1995,as ammended Public Finance and Management Act,2015 Local Government Act, 1997 Other Acts of Parliament National Audit Act,2008 Application of ISSAIs, financial, Compliance & performance Audits OAG Audit Manuals SORA Process and Annual Overall Audit Plan Integrated Audit Approach Application of INTOSAI Principles, Guidelines Financial Resources Infrastructure Time Human Resource Human Resources Information Technology Procurement Legal Finance & Administration Internal Audit Executive Support Monitoring & Evaluation Financial / Compliance Audit Reports Value For Money & Specialised Audits IT Audit Reports Production Sharing Agreements Audits Special Audit Reports Forensic Investigations Other Reports produced by OAG Governance structure and systems Corporate Strategy Risk Management Mission, Vision and Values Outcomes and Impact resulting from Audit work Page 15 strategic report Accountability and Reporting The Office plays a vital role in the National Accountability Value Chain in providing assurance on the use of funds appropriated by Parliament and management of other resources by the Executive in the delivery of public services An illustration of the accountability cycle, which shows Auditor General’s relationship with Parliament and the Executive.",procurement_irregularities,,,"Parliament National Audit Act,2008 Application of ISSAIs, financial, Compliance & performa; Parliament and management of other resources by the Executive in the delivery of public se",
2020,"To improve efficiency and effectiveness, the Office secured funding and completed the procurement process for an Integrated Management Information System.",procurement_irregularities,,,,
2020,Acquired engineering material testing tools to support infrastructure audits with support from FINMAP.,other,,,,
2020,Reduce carbon emission by reducing paperwork through the digitalization of all Office business processes as well as introducing environment-friendly lighting systems to reduce energy consumption.,other,,,,
2020,Proposals are being considered to introduce sensor-controlled water dispersers.,other,,,,
2020,"Increased Government investment in infrastructure for production The country’s investment in infrastructure development such as the construction of roads and bridges, dams, and standard gauge railway among others has been growing over time.",other,,,,
2020,2 Background to the budget Fiscal Year 2018/19 3 Annual report of the Auditor General for FY2017/18 4 Uganda Oil and Gas brochure April 2019 Uganda’s Oil and Gas sector has transitioned from exploration to preparation of discovered oil fields for production (development) and putting in place infrastructure for commercial production of the discovered 6 Billion barrels of oil and gas resources and facilitating developments in the sector4.,other,,,,
2020,"Furthermore, as noted above the sector has evolved and requires enhanced skills to undertake audits in exploration, infrastructure development, production, and sales.",other,,,,
2020,Infrastructure development remains an area of focus in NDP III as it plays an important role in contributing to a higher rate of economic growth leading to improvement of the country’s standard of living.,other,,,,
2020,The increase in infrastructure investments requires enhanced OAG capacity to deliver the assurance required.,other,,,,
2020,The process of adopting new methods will take a while hence slowing down the current productivity of staff as well as increasing the use and cost of ICT infrastructure.,other,,,,
2020,"Figure 7: Year-by-Year budgetary allocation to the OAG Support from Development partners OAG received support from FINMAP and REAP equivalent to UGX11.794 Bn for improving institutional capacity and operational independence by constructing and equipping Hoima, Moroto, and Arua branch offices as well as supporting the procurement of an Integrated Management Information System (IMIS), among others.",procurement_irregularities,,,,
2020,European Union supported the Office with UGX9Bn to undertake infrastructure and LLG backlog audits and to build staff capacity in various disciplines.,other,,,,
2020,"extractives, infrastructure projects, revenue, PFM reforms, ICT, etc.) 2.0 Enhance institutional capacity to effectively and efficiently deliver the mandate 2.1 To improve internal governance for enhanced compliance and robust risk management.",governance_and_controls,,,,
2020,"2.3.1 Enhance transparency and efficacy of planning, budgeting, and performance reporting 2.3.2 Efficient Financial management and reporting 2.3.3 Improve efficiency and effectiveness of procurement and disposal processes to enhance compliance, value for money, and transparency 2.3.4 Effective, efficient, and sustainable construction and maintenance of all OAG premises 2.3.5 Efficient acquisition and management of inventory, fleet and security 2.4 Improve IT as a business enabler through greater collaboration, resource optimization, and innovation.",procurement_irregularities,,,,
2020,"The Office is currently supported by Development Partners in undertaking high-cost audits, infrastructure projects, capacity building, and some downward accountability stakeholder initiatives.",governance_and_controls,,,,
2020,"Innovations: In response to government priorities, specifically implementing E-governance, Extractive industries initiatives, and increasing investment in infrastructure, the Office has planned for activities to enhance its capacity through innovation by acquiring appropriate technologies and equipping staff with the necessary skills to undertake audits in the above priority areas.",governance_and_controls,,,,
2020,"To date, project governance structures have been established, change management initiatives are ongoing and related procurement processes have been undertaken.",procurement_irregularities,"project governance structures have been established, change management initiatives are ongoing an",,,
2020,The contract was signed in September 2020 and its implementation is expected to start in October 2020.,other,,,,
2020,"The contract value is UGX 32,750,664,205.32 (VAT inclusive).",other,,,,
2020,"The Government continues to invest heavily in infrastructure developments, e-governance, and extractives.",governance_and_controls,,,,
2020,Procurement Management Process: To assist the OAG in archieving streamlined supplier management and the effective procurement processes in order to ensure compliance to legislation and regulation Asset and Inventory Management: To obtain a system of record that can help the OAG in managing the assets and inventory so as to utilize the resources more efficiently and thus improve on the delivery of services to staff in both divisions.,procurement_irregularities,,,,
2020,"Governance, Risk and Compliance: Ensure the effective management of the OAG’s risk profile and mitigation strategies across all areas of the OAG and its business Project Perfomance Management: Key need to provide the office with a closed loop control system which deploys policy and strategy for all projects and programmers ran by the OAG IT Infrastructure Management: Need to replace all the equipment in the OAG Data Center as all existing equipment is End-Of-Life Integration of OAG into the National Data Centre and Disaster Recovery site Business Intelligence and Reporting: Requirement to collect complete and comprehensive data for analyzing, in order to help the OAG management team make better strategic and operational business decisions Electronic Document Management: Improving process efficiency in document management and retrieval Key requirements for access control to records and audit trail capability EDMS system should have native ERP & Project systems Page 62 strategic report Project Cost and Implementation Period The project is estimated to cost UGX 28.5 Bn and will be implemented over three years.",governance_and_controls,Project Perfomance Management: Key need to provide the office with a closed loop control system w; Project systems Page 62 strategic report Project Cost and Implementation Period The project is es,,,
2020,"STAKEHOLDER(S) INTERESTS AND EXPECTATIONS OPPORTUNITIES FOR OAG 19 Suppliers (Audit firms and other service providers) • Transparency procurement processes • Fair business opportunities • Profile improvement of service providers • Capacity building through attachments and conducting joint audits with international firms • Support private sector by building capacity for audit firms to deliver high-quality audits and services • Better services rendered 20 PPDA • OAG Compliance to procurement laws, regulations, and guidelines • Collaboration and Knowledge sharing on procurement audits • Enhance collaboration and improve capacity to audit procurements and place reliance on audits performed by PPDA hence harnessing synergies and improve efficiency • Improved procurement processes 21 Internal Audit • Timely audit reports (Clear and user friendly ) • Establish a collaboration mechanism and improve capacity to undertake audits and place reliance on audits performed by Internal Audit hence harnessing synergies and improve efficiency 22 Attorney General/Solicitor General • Compliance with legal requirements • Consultations on governance-related legal matters Page 68 strategic report 2.",procurement_irregularities,,,,
2020,Manager Quality Assurance Auditor General Assistant Auditor General (Audit) Assistant Auditor General (Corporate) Director of Audit CG 1 Dir - Director Ass - Assistant Page 69 strategic report Structure of Audit Division Auditor General Assistant Auditor General (Audit) Director of Audit CG1 Director of Audit LG Director of Audit CG2 Director of Forensic InvesƟgaƟons and IT Audits Director of VFM & Specialized Audits Assistant Director of Audit Assistant Director of Audit Assistant Director of Audit Assistant Director of Forensic and IT Audit Assistant Director of VFM & Specialized Audit Auditor Auditor Auditor Specialist / Auditor Specialist / Auditor Senior Auditor Senior Auditor Senior Auditor Senior Specialist / Auditor Senior Specialist / Auditor Principal Auditor Principal Auditor Principal Auditor Principal Specialist / Auditor Principal Specialist / Auditor Senior Principal Auditor Senior Principal Auditor Senior Principal Auditor Senior Principal Specialist / Auditor Senior Principal Specialist / Auditor Page 70 strategic report Structure of Techinical Support Division Figure 9 QAAD- Quality Assurance and Audit Development M&E- Monitoring and Evaluation Auditor General Assistant Auditor General (Corporate) Director Technical Support Assistant Director Legal Assistant Director QAAD Assistant Director Stakeholder Engagement Manager Communications Senior Communications Officer Communications Officer M&E Officer Planning Officer Officer Stakeholder Engagement Officer International Relations Officer Parliamentary Liaison Officer Quality Assurance Officer Audit Development Receptionist Senior M&E Officer Senior Planner Senior Officer Stakeholder Engagement Senior Officer International Relations Senior Officer Parliamentary Liaison Senior Officer Quality Assurance Senior Officer Audit Development Senior Legal Officer Manager Planning and M&E Manager Stakeholder Engagement Manager Quality Assurance Assistant Manager Parliamentary Liaison Assistant Manager Quality Assurance Assistant Manager Audit Development Assistant Manager Legal Manager Parliamentary Liaison Page 71 strategic report Structure of Corporate Support Division Figure 10 Auditor General Assistant Auditor General (Corporate) Director Corporate Support Assistant Director Finance & Administration Principal Accountant Manager Finance Assistant Manager Procurement Assistant Manager systems Administration Assistant Manager Administration Assistant Manager Estates Assistant Manager HR-General Assistant Manager HR Training & Dev’t Assistant Manager Legal Assistant Manager Systems Administration Assistant Director HRMD Manager HRMD Manager IT Integrity Manager Manager Risk & Internal Audit Assistant Director IT Assistant Director Legal 3.,procurement_irregularities,,,,
2020,"extractives, infrastructure projects, revenue, PFM reforms, ICT, etc.) 1.2.3.1.",other,,,,
2020,"Enhance staff capacity to undertake audits in emerging areas (extractives, revenue, infrastructure projects, Natural disasters, etc).",other,,,,
2020,"Improve on coordination and alignment of functional strategies to the OAG overall strategic plan(overall multi-year audit strategy, IT, HR, Communication and stakeholder, energy sector, LG, engineering audit, VFM, FIIT) Head Planning AAG-C and Director of Corporate Support 0 10 10 10 10 40 GOU 2.3.1.4.",other,,,,
2020,"Develop and implement an asset management policy and strategy Head Finance and Admin AAG-C and Director of Corporate Support 0 45 45 0 0 90 GOU 2.3.3 Improve efficiency and effectiveness of procurement and disposal processes to enhance compliance, value for money, and transparency 2.3.3.1.",procurement_irregularities,,,,
2020,"Analyze procurement and outsourcing processes to identify non-compliance areas, gaps, and delays in processes to improve efficiency Head Procurement and Disposal Unit, secretary outsourcing AAG-C, Outsourcing Committee and Director Corporate Support 132 153.5 132 153.5 132 703 GOU 2.3.3.2.",procurement_irregularities,,,,
2020,"Head Procurement and Disposal Unit AAG-C and Director Corporate Support 0 45 0 0 45 90 GOU Page 90 strategic report Intervention Activities Responsible centre To be consulted Implementation period FY(2020/21, 2021/22, 2022/23, 2023/24, 2024/25) Indicative Budget UGX (“000,000”) Source of Funding 1 2 3 4 5 2.3.3.3.",procurement_irregularities,,,,
2020,Design a mechanism to monitor the progress of awarded contracts against set deliverables and timelines Head Procurement and Disposal Unit AAG-C and Director Corporate Support 0 0 0 0 0 0 GOU 2.3.3.4.,procurement_irregularities,,,,
2020,"Create awareness to promote compliance with procurement laws and regulations Head Procurement and Disposal Unit AAG-C and Director Corporate Support 21.7 21.7 21.7 21.7 21.7 108.5 GOU 2.3.4 Effective, efficient and sustainable construction and maintenance of OAG premises.",procurement_irregularities,,,,
2020,Remodeling and re-construction of Soroti and Masaka branches.,other,,,,
2020,"conduct water usage studies Head Estates AAG-C and Director Corporate Support 0 50 0 0 0 50 GOU 2.3.4.5.carry out energy studies Head Estates AAG-C and Director Corporate Support 0 50 0 0 0 50 GOU Page 91 strategic report Intervention Activities Responsible centre To be consulted Implementation period FY(2020/21, 2021/22, 2022/23, 2023/24, 2024/25) Indicative Budget UGX (“000,000”) Source of Funding 1 2 3 4 5 2.3.4.6 Installation of a third elevator in Audit House Head Estates AAG-C and Director of Corporate Support 0 0 0 500 0 500 GOU 2.3.5 Efficient acquisition and management of inventory, fleet and security 2.3.5.1.",other,,,,
2020,Streamline acquisition and maintenance of IT infrastructure to establish interoperability and effective utilization of IT resources Head IT AAG-C and Director of Corporate Support 700 2000 2000 2500 2500 9700 GOU 2.4.3.2.,other,,,,
2020,Maximize the value of technology through government-wide procurement and licenses Head IT AAG-C and Director of Corporate Support 0 0 0 0 0 0 GOU 2.4.4.,procurement_irregularities,,,,
2020,Number of lots of PPE procured and distributed 2 0.1Bn 2 0.1Bn 1 0.05Bn 1 0.05Bn 1 0.05Bn Procurement and distribu­ tion of soft­ ware licenses for mobile and remote operating IT solutions to enable business continuity.,procurement_irregularities,,,,
2020,Objectives Result Indicators Baseline Overall target Annualized Targets Means of Verification % of forensic and special audits requests undertaken 21.7 % 11 45% 25% 30% 35% 40% 45% Annual Auditor General report Number of Cost Recovery/PSA audits planned and executed 13 51 16 11 9 8 7 Annual Auditors General report Number of Infrastructure projects audited 7 80 12 14 16 18 20 Annual Auditor General report Number of EITI information audits undertaken 0 4 0 1 1 1 1 Annual Auditor General’s report Intervention 1.2.3: Enhance institutional capacity and undertake audits in emerging areas including government priorities.,other,,,,
2020,"extractives, infrastructure projects, revenue, PFM reforms, VFM PPP, ICT etc.) Audits in emerging areas undertaken Average % Level of implementation of emerging area Audit strategies NA 80 % 40 % 50 % 60 % 70 % 80 % QA reports 2024-25 2024-25 2024-25 2024-25 2024-25 Page 109 strategic report Objectives Result Indicators Baseline Overall target Annualized Targets Means of Verification Strategic objective 2: Enhance institutional capacity to effectively and efficiently deliver our mandate Outcomes: Improved efficiency and effectiveness of institution operations Indicator 1: Percentage of audit coverage Baseline: 14.21% Target: 40% Indicator 3: Government Annual Performance Rating Baseline(FY 2018/2019): 50% Target:90% Indicator 4: Annual NPA compliance rating Baseline:51.4% Target:85% Indicator 5: External Auditors opinion Baseline(FY 2018/19): Unqualified opinion Target: Unqualified opinion Specific Objective 2.1: To improve internal governance for enhanced compliance and robust risk management Improved internal governance structures % level of staff satisfaction NA 80 % 70 % 80 % Internal perception survey Intervention 2.1.1: Strengthen OAG legal framework and compliance for effective corporate governance Enhanced OAG legal framework Number of legal litigation cases against AG and OAG 5 3 5 4 4 3 3 Performance reports 2024-25 2024-25 2024-25 2024-25 2024-25 Page 110 strategic report Objectives Result Indicators Baseline Overall target Annualized Targets Means of Verification Intervention 2.1.2: Strengthen internal controls and mitigation of risks for improved governance and compliance Strong control environment % level of internal audit recommenda­ tions imple­ mented 100 % 100 % 100 % 100 % 100 % 100 % 100 % Internal audit reports Intervention 2.1.3: Improve performance management through robust Monitoring and Evaluation processes Enhanced performance % of planned strategic activities implemented NA 98 % 80 % 85 % 90 % 95 % 98 % Performance reports Number of Impact Evaluation reports 1 7 1 1 1 2 2 Impact assessment reports Specific objective 2.2: Attract, develop and manage human resources to improve performance Improved human resource capacity to deliver % of staff satisfaction NA 70 % 60 % 70 % Perception survey Intervention 2.2.1: Implement performance management system and instil a culture of excellence.",procurement_irregularities,,,,
2020,"Improved office performance % increase of staff with satisfactory performance NA 90% 70% 75% 80% 90% Staff performance report 2024-25 2024-25 2024-25 2024-25 2024-25 Page 111 strategic report Objectives Result Indicators Baseline Overall target Annualized Targets Means of Verification Intervention 2.2.3: Attract, retain and manage talent to strengthen office capacity in a dynamic environment Effective Human resource management % level of staff satisfaction NA 70 % 60 % 70 % Staff satisfaction survey report Intervention 2.2.4: Implement appropriate Human Resources policies and structures to effectively manage staff Effective policies and structures developed and implemented % level of staff satisfaction with implementation of policies NA 100 % 100 % 100 % 100 % 100 % 100 % Staff satisfaction survey report Intervention 2.2.5: Establish a system that enables the highest ethical and professional standards in all our work Enhanced integrity of staff Improved internal integrity rating NA 100 % 60 % 70 % 80 % 90 % 95 % Internal Integrity survey reports Specific Objective 2.3: Enhance financial management and operational efficiency Improved financial management and operational efficiency Budget performance rating 81.34 % 95 % 85 % 90 % 95 % 95 % 95 % Ministerial policy statement, Annual Financial statements Intervention 2.3.1: Enhance transparency and efficacy of planning, budgeting and performance reporting Timely and accurate prioritized plans and budget performance reports Level of compliance with the budget timelines and performance reporting framework 100 % 100 % 100 % 100 % 100 % 100 % 100 % Budget framework paper, Ministerial Policy statement, Performance reports 2024-25 2024-25 2024-25 2024-25 2024-25 Page 112 strategic report Objectives Result Indicators Baseline Overall target Annualized Targets Means of Verification Intervention 2.3.2: Efficient Financial management and timely reporting Timely and accurate financial statements % of unqualified opinions 100% 100% 100% 100% 100% 100% 100% External Audit reports Average % level of implementation of external Audit recommendations 100% 100% 100% 100% 100% 100% 100% External Audit report, Sub Committee on Finance and Budget minute extracts Interven­ tion2.3.3: Improve efficiency and effectiveness of procurement and disposal processes to enhance com­ pliance, value for money and transparency efficient and effective procurement and disposal processes Average % of supplier satisfaction(in­ cluding audit firms) NA 90% 65% 70% 75% 80% 90% Perception survey Intervention 2.3.4: Effective, efficient and sustainable construction and maintenance of all OAG premises Suitable office accommoda­ tion Staff perception NA 85% 85% 85% Perception survey Intervention 2.3.5: Efficient acquisition and management of inventory, fleet and security Cost effective fleet and inventory % reduction of fleet average maintenance and inventory cost NA 10% 2% 4% 6% 8% 10% Periodic financial reports Office properties secured % level of staff satisfaction NA 90% 80% 90% Perception survey 2024-25 2024-25 2024-25 2024-25 2024-25 Page 113 strategic report 2024-25 2024-25 2024-25 2024-25 2024-25 Objectives Result Indicators Baseline Overall target Annualized Targets Means of Verification Specific Objective 2.4: Improve IT as a business enabler through greater collaboration, resource optimization and innovation.",procurement_irregularities,,,,
2020,Improved support and automation of OAG business processes % level of user satisfaction NA 90% 75% 75% 80% 85% 90% Perception survey Intervention 2.4.1: Enhance information security and privacy to mitigate cyber risks Secured IT information and infrastructure % of security incidences resolved NA 95% 60% 70% 80% 90% 95% IT security reports Intervention 2.4.2: Improve information management and analytics to support robust decision making.,other,,,,
2020,"Revised and approved SORA policy Timing of the approval of SORA policy NA Q4 Document review Once DA responsible for SORA AAG/A SORA policy, Top man­ agement minute extract Delays in Top man­ agement approval %-age Level of compliance with the policy NA 70% 80% 90% 100% Document review Annual DA responsible for SORA AAG/A Perfor­ mance reports None 1.1.1.4: Develop the annual overall audit plan in accordance with the OAG Budget provisions Annual Audit Plan developed Timing of develop­ ment and approval of the plan NA Q3 Q3 Q3 Q3 Q3 Document review Annual Chair-SORA Committee AAG/A and AAG/C Ap­ proved Annual Audit Plan Delayed Top Man­ agement approval, None align­ ment of audit year with Finan­ cial year % Level of alignment of the plan to the OAG Budget provisions NA 80% 90% 100% 100% 100% Document review Annual Chair-SORA Committee AG, AAG/A and AAG/C Ap­ proved Annual Audit plan None alignment of audit year with Financial year Page 118 strategic report Activities Output Indicator Base­ line FY 2019/20 Target (2020/21, 2021/22, 2022/23, 2023/24, 2024/25) Data col­ lection method Fre­ quency Responsi­ ble centre To be Consult­ ed Means of veri­ fication Associated risks 1 2 3 4 5 %-age of planned audit activities undertaken NA 80% 90% 100% 100% 100% Document review Annual Chair-SORA committee AAG/A Annual report of Auditor General Inadequate funding 1.1.1.5: Es­ tablish and continuous­ ly update a Central­ ized Audit population database Centralized Audit population database developed Timing of database updates NA Q3 Q3 Q3 Q3 Q3 Document review Annual Director responsible for SORA All Das and Head QAAD Cen­ tralized Audit popu­ lation database None 1.1.1.6: Assess the performance of public financial management process­ es along the whole budget cycle using a customized Best practice reporting framework Custom­ ized Public Financial Manage­ ment reporting framework Timing of customiza­ tion and roll out NA Q2 Document review Once All DA AAG/A, respon­ sible DAs and Head QAAD Cus­ tomized AFRO­ SIA-E Public Financial Manage­ ment reporting frame­ work Capacity gaps Page 119 strategic report Activities Output Indicator Base­ line FY 2019/20 Target (2020/21, 2021/22, 2022/23, 2023/24, 2024/25) Data col­ lection method Fre­ quency Responsi­ ble centre To be Consult­ ed Means of veri­ fication Associated risks 1 2 3 4 5 Number of assess­ ments NA 1 Document review Once Directors of Audit AAG/A, respon­ sible DAs and Head QAAD Assess­ ment report Capacity gaps Number of staff trained NA 25 60 Document review Two years HRMD AAG/A, respon­ sible DAs and Head QAAD Training reports and training certifi­ cate None %-age level of adop­ tion of the recommen­ dations NA 80% Document review Once All responsible DAs AAG/A, respon­ sible DAs and Head QAAD Assess­ ment report None 1.1.1.7: Amend the outsourcing policy Amend­ ment and implemen­ tation of the out sourcing policy Timing of approval of the policy NA Q4 Document review Once Chair- Outsourcing committee AAG/A, Head PDU and Head Legal Unit Out sourcing policy Capacity gaps",other,,,,
2021,"12 2.1 BANK OF UGANDA ........................................................................................................................12 2.2 UGANDA DEVELOPMENT BANK LIMITED ........................................................................................13 2.2.1 Funding of Uganda Development Bank Limited ...............................................................................13 2.2.2 European Union (EU) Tourism Grant ..............................................................................................13 2.2.3 UTILISATION OF AVAILED FUNDS BY UDB .....................................................................................13 2.3 UGANDA MICROFINANCE SUPPORT CENTRE LTD ...........................................................................16 2.3.1 Funding for EMYOOGA (specialised groups) and conventional on-lending ...........................17 2.3.2 Under absorption of funds – UGX.33,344,903,888 ............................................................17 2.3.3 Failure to obtain Operational Licences by Emyooga SACCOs ..............................................18 2.3.4 Absence of MoUs between the MSC and the Beneficiary SACCOs .......................................19 2.3.5 Field Inspection of SACCOS .............................................................................................19 2.3.6 Disbursements of on-lending funds –UGX.56.89Bn ...........................................................24 2.4 AUDIT OF DOMESTIC ARREARS ....................................................................................................29 2.4.1 Classified expenditure UGX:218.87Bn ..............................................................................30 2.4.2 Funds Used to pay international organisations ..................................................................30 2.4.3 Unspent funds /under Absorption ....................................................................................31 2.4.4 Unsupported Domestic arrears payments .........................................................................32 2.4.5 Payments in respect of contested and rejected arrears .....................................................32 ii 2.4.6 Diversion of funds meant for settlement of domestic arrears .............................................32 2.5 UGANDA DEVELOPMENT CORPORATION .......................................................................................33 2.6 MINISTRY OF HEALTH ..................................................................................................................41 2.7 MINISTRY OF ENERGY ..................................................................................................................53 2.8 MINISTRY OF SCIENCE, TECHNOLOGY, AND INNOVATION (MOSTI) ...............................................54 2.8.1 Release of Funds to the Ministry ......................................................................................54 2.8.2 Review of project operations ...........................................................................................54 2.9 UGANDA INVESTMENT AUTHORITY ...............................................................................................61 2.9.1 Development of infrastructure at Kampala Industrial And Business Park, Namanve (KIBP) 61 2.10 UGANDA ROAD FUND ...................................................................................................................62 2.11 UGANDA INDUSTRIAL RESEARCH INSTITUTE ................................................................................63 2.11.1 Face Mask Production .....................................................................................................63 2.12 MINISTRY OF GENDER, LABOUR & SOCIAL DEVELOPMENT ............................................................65 2.12.1 Uganda Women Entrepreneurship Programme (UWEP) .....................................................65 2.12.2 Social Assistance Grant for Empowerment (SAGE) ............................................................67 APPENDIX 1: DETAILS OF APPROVED AND SUPPLEMENTARY FUNDING .................................................",delayed_payments,project operations ; Programme (UWEP) ,LIMITED ; Limited ,CORPORATION ; MINISTRY OF HEALTH ,EU) Tourism Grant ; Grant for Empowerment (SAGE) 
2021,160 UGANDA ROAD FUND .........................................................................................................................,other,,,,
2021,"e) A total of UGX.31.033Bn was disbursed to the Ministry of Science, Technology and Innovation to support 23 selected projects of scientists and innovators engaged in COVID- I9 scientific research, including the procurement of specialized machinery and equipment, vii development of vaccines, drug diagnostics, and other operational costs.",procurement_irregularities,,,"Ministry of Science, Technology and Innovation to support 23 selected projects of scient",
2021,"There was a delay in the installation of intensive care equipment in Gulu, Mbarara, Bombo, and Lacor hospitals due to building inadequacies.",other,,,,
2021,"2 Textiles, clothing, leather and footwear Clothes, leather products, printing and other writing papers, box files 3 Packaging, publishing and publishing Stationery, books, printing and other writing paper, box files 4 Chemical and industrial products Detergents, fertilizers and agro-inputs, farm inputs, plastic containers household appliances and products, sanitizers, plastic products, industrial supplies, equipment, gases, machinery, bicycles, paint foam products, cosmetics, and personal care products, mineral processing 5 Timer, woodworks and furniture manufacturing Rubber, household furniture, beds, kitchen fittings 6 Construction materials Steel and aluminum products, roofing and floor tiles, marble, cement, fabrication 7 Pharmaceutical products human and animal drugs manufacture Human drugs, livestock drugs, personal protective equipment 8 Electricals Electricals, electronics, energy efficient and solar products I made the following observations;  I noted a total of UGX.234.64Bn (44%) had been disbursed to clients between August 2020 and June 2021 as indicated in the table below.",other,,,,
2021,"Further, some customers delay fulfilling conditions precedent.",other,,,,
2021,"A total of UGX.337.72Bn had been transferred from the Ministry of Finance to Uganda Microfinance Support Centre Ltd as at 31st March 2021 as detailed below; Table 8: Showing MSC budget performance Item Approved budget (UGX)-Bn Supplementary (UGX)-Bn Revised budget (UGX)-Bn Amounts received (UGX-Bn) Emyooga (specialised groups) 100 160 260 260 Conventional lending 27.72 50 77.72 77.72 Total 127.72 210 337.72 337.72 2.3.2 Under absorption of funds – UGX.33,344,903,888 Section 45 (3) of the Public Finance Management Act, 2015 states that an Accounting Officer shall enter into an annual budget performance contract with the Secretary to the Treasury which shall bind the Accounting Officer to deliver on the activities in the work plan of the vote for a Financial year, submitted under Section 13 (15)” of the said Act.",other,,Ltd as at 31st March 2021 as detailed below; Table 8: Showing MSC budget performanc,Ministry of Finance to Uganda Microfinance Support Centre Ltd as at 31st March 2021 as d,
2021,The delayed disbursement of funds denies the intended beneficiaries the opportunity to start up the businesses and also undertake the requisite business recovery interventions that were envisioned.,other,,,,
2021,The delay in the access of the funds was attributed to;  un readiness of the Associations with in the SACCOS  Pending training from MSC Zonal office on the utilization and access of the funds  restrictions on movement due to the COVID 19 pandemic Management stated that Emyooga champions across the various regional offices to follow up on the SACCOs have been created.,other,,,,
2021,This leads to a delay in the distribution of the seed grant capital to the various associations hence causing a delay in the access of funds in the revolving fund.,other,,,,grant capital to the various associations hence causing a delay i
2021,"31 Table 13: Showing Payments to international Organisations Item Amount - UGX MDA GOU annual contributions to African Minerals and Geosciences Centre 72,045,163 Ministry of Energy and Mineral Development World Meteorological Organization Trust Fund; Annual Subscription for 2021 30,497,174 Uganda National Meteorological Authority World Meteorological Organization Trust Fund; Annual Subscription (AMCOMET Trust Fund) for 2021 37,408,800 Uganda National Meteorological Authority Contribution to ISESCO 566,132,850 Ministry of Education and sports International Fund for Agricultural Dev't (Payment For Outstanding Arrears As At 30th June 2020 747,066,710 Minister of Finance, Planning and Economic Development African Capacity Building Foundation (ACBF) Arrears Payments Towards SMTP III, 1,186,056,923 Minister of Finance, Planning and Economic Development ACP Secretariat (Payment of outstanding Arrears and interest 182,293,356 Minister of Finance, Planning and Economic Development Trade and Development Bank 1,307,363,782 Minister of Finance, Planning and Economic Development USAID Trust Fund 29,736,962,130 Minister of Finance, Planning and Economic Development TOTAL 33,865,826,888 2.4.3 Unspent funds /under Absorption Section 45 (1a and 3) of the PFMA 2015, requires the Accounting Officer to control the regularity and proper use of the money appropriated to the vote.",delayed_payments,,,Ministry of Energy and Mineral Development World Meteorological Organization Trust Fund;; Authority World Meteorological Organization Trust Fund; Annual Subscription (AMCOMET Trus,
2021,"Accordingly, the Accounting Officer enters into an annual performance contract which binds him/her to deliver on the agreed-upon activities/outputs contained in the approved work plan for the vote for the financial year Also According to paragraph 24 of the Budget execution Circular for Financial Year 2020/2021 issued on 9th July 2020, referenced BPD 86/107/02; resources were provided in the Budget for FY 2020/2021 to clear outstanding domestic arrears in a phased manner and all Accounting Officers were advised to pay off all arrears as verified and budgeted for since most of these are funds owed to members of the private sector.",delayed_payments,,,,
2021,"By 30/6/2021, UGX.11.765Bn had been disbursed to the enterprise as indicated in the table below; Table 20: Showing disbursements to M/s Bukona Agro-processors limited Date Voucher Number Purpose Amount (UGX) 03/03/2021 293643 Settlement of Bank loans acquired in Baroda 5,880,312,856 30/03/2021 293644 Settlement of Bank loans acquired in Baroda 2,135,402,583 21/05/2021 293753 Working capital and procurement of machinery for the company 3,750,000,000 TOTAL 11,765,715,439 I noted, however, that though, clause 1.9 (f) of the UDC Investment Policy dated October 2020 states the criteria for investing in any project to be after considerations of commercial, technical, financial and economic viability and social impact; Funds were released to the enterprise before the assessment was done.",procurement_irregularities,"project to be after considerations of commercial, technical, financial and economic viability and","M/s Bukona Agro-processors limited Date Voucher Number Purpose Amount (UGX) 03/03/2; company 3,750,000,000 TOTAL 11,765,715,439 I noted, however, that though, clause 1",,
2021,"37 2.5.3 Delayed valuation of Investment property- M/S Kaaro Koffi Ltd for the acquisition of shares of UGX.3,068,181,820 UDC and M/S Kaaro Agric signed a Master Investment Agreement on 17th March 2021 for the creation of an SPV- Kaaro Koffi Limited in which the two parties are the shareholders.",other,,M/S Kaaro Koffi Ltd for the acquisition of shares of UGX; M/S Kaaro Agric signed a Master Investment Agreement on 17th March 2021 for the cre,,
2021,2.5.4 Delayed implementation of M/s Moroto Cement and Marble Factory A total of UGX.3.2Bn was provided for in the approved budget estimates and in the work plan that was approved by the UDC Board to cater for the purchase of equipment for M/s Moroto Cement plant.,other,,M/s Moroto Cement and Marble Factory A total of UGX; M/s Moroto Cement plant,,
2021,"By the time of the audit, several activities were still ongoing including; grading of the 14Km road to the material site in Loyoro-Kaabong; fencing of site stood at 90%, and detailed drilling to establish actual quantities and quality of the limestone/marble available in the mining area.",other,,,,
2021,Delayed implementation curtails the achievement of desired project objectives.,other,project objectives,,,
2021,Management explained that several works were still ongoing and management was to actualise construction and installation of equipment after completion of the exploration activities.,other,,,,
2021,"No of shares Share price - UGX Investment - UGX Remarks None 1,200,000 5,000 6,000,000,000 Certificate not issued 1914 524,000 5,000 2,620,000,000 Certificate issued 1913 1,000,000 5,000 5,000,000,000 Certificate issued Total 2,724,000 5,000 13,620,000,000 The following were identified;  There was delayed approval of the investment valuation report by the Chief Government valuer  UDC received project funds for Mabale Tea factory which did not cover the entire amounts demanded from creditors as well as cover the operations of the factory  The company is still highly geared as most of its funds are channeled to payment of creditors and less to operations and business growth.",other,project funds for Mabale Tea factory which did not cover the entire amounts demanded from credito,company is still highly geared as most of its funds are channeled to payment of credito,,
2021,"The principal business activity of the company is the procurement of cotton from farmers, processing of cotton, processing cooking oil using sunflower, and 40 cotton ginning.",procurement_irregularities,,"company is the procurement of cotton from farmers, processing of cotton, processing coo",,
2021,"206.90 46.70 253.60 253.60 42 According to the Ministry of Finance schedule, a total of UGX.253,596,115,200 was released to the Ministry of Health over the FY 2020/21 for medical supplies, testing kits, establishing of isolation or treatment centres, face masks, and procurement of vaccines.",procurement_irregularities,,,"Ministry of Finance schedule, a total of UGX; Ministry of Health over the FY 2020/21 for medical supplies, testing kits, establishing ",
2021,"084902 211102 Contract Salaries 3,000,000,000 4.",other,,,,
2021,"082072 312104 Other structures 6,000,000,000 12 Vehicles 23,900,000,000 Sub 223,596,115,200 MoH Contingencies Fund – For procurement and deployment of COVID-19 Vaccines in Uganda 30,000,000,000 Grand 253,596,115,200 Notwithstanding the emergency aspect that was faced by the Ministry, the allocation in the table above did not entail detailed activities that were to be undertaken under each program.",procurement_irregularities,program,,"Ministry, the allocation in the table above did not entail detailed activities that were",
2021,b) Procurement and distribution of masks Guidance from PPDA approved the use of direct procurement of masks and engaging suppliers under framework contracts provided they submit evidence of approval of quality by UNBS.,procurement_irregularities,,,,
2021,"44 During the FY 2020/21, the Ministry allocated a total of UGX.90,578,115,200 towards the procurement of non-medical masks.",procurement_irregularities,,,Ministry allocated a total of UGX,
2021,"Accordingly, the Ministry, under a framework arrangement, initiated the procurement of re-usable/non-medical face masks for mass use by both learners and communities of Uganda.",procurement_irregularities,,,"Ministry, under a framework arrangement, initiated the procurement of re-usable/non-medi",
2021,"All call-off orders were issued under one contract, as summarised in the table below; Table 24; Showing summary of masks procured Number of masks as per call off order Number of Masks paid for Recomputed amount - UGX Gross amount Paid (Incl.",other,,,,
2021,"Tax) - UGX TOTAL 39,142,136 37,587,136 90,209,126,400 90,209,126,402 The following observations were noted;  The approval to use direct procurement was contingent upon clearance by UNBS.",procurement_irregularities,,,,
2021,"Management explained that the procurement, supply and delivery/distribution of masks was an emergency operation to fight COVID – 19, which needed to be handled quickly to enable lifting of the lockdown, the opening of schools, and later enable safe 45 community participation in the January 2021 Presidential and Parliamentary as well as local council elections.",procurement_irregularities,,,,
2021,"46 d) Special Meals – UGX.5,771,284,000 The Ministry of Health on 21st February 2019 signed a contract with a company, to provide canteen and catering services under a 2-year framework contract vide procurement Ref: MoH/SRVCS/2018-19/00001.",procurement_irregularities,,"company, to provide canteen and catering services under a 2-year framework contract vid","Ministry of Health on 21st February 2019 signed a contract with a company, to provide ca",
2021,"The following observations were noted;  Un-timely delivery of the project The contract period was for 7 months, starting 18th June 2020, to 4th December 2020.",other,"project The contract period was for 7 months, starting 18th June 2020, to 4th December 2020",,,
2021,The audit established that the contract was extended for 17days to 20th January 2021 and later to 31st Dec.,other,,,,
2021,"However, the following snags were noted;  Installation of ICU equipment at Gulu RRH did not happen due to lack of adequate infrastructure.",other,,,,
2021,The delay was due to global demand and subsequent shortages caused by the pandemic.,other,,,,
2021,The delay in installing all the supplied equipment has been because of lack of funds to construct new ICU buildings and remodel the old ones.,other,,,,
2021,"In addition, there is a need to ensure constant procurement and supply of medical consumables required as well as deployment of Critical Care Specialists where needed.",procurement_irregularities,,,,
2021,"Construction of Modular houses at six border Points of Entry (POE) Due to the increasing number of truck drivers that had tested positive to COVID-19, and the many outbreaks that occurred in neighbouring countries, the Government of Uganda, through the Ministry of Health planned to construct border points screening posts at Malaba, Busia, Mutukula, Mirama Hills, Katuna and Mpondwe points of entries.",other,,,"Ministry of Health planned to construct border points screening posts at Malaba, Busia, ",
2021,"Entebbe (originally Mutukula)  Construction commenced in June 2020, and overall progress is at 90% - at finishing, 4.",other,,,,
2021,Mirama Hills  Works have not yet started due to lack of land for construction.,other,,,,
2021,A private company was directly procured with a justification that it was the only company in Uganda currently doing modular construction in reinforced concrete.,other,,company was directly procured with a justification that it was the only company in Ugan,,
2021,"An addendum no.1 Variation of Emergency Construction of an Oxygen Plant House at Mulago National Referral Hospital of UGX.568,548,330 (VAT inclusive) was made, hence raising the total contract price to UGX.8,127,182,009.",other,,,,
2021,Construction using pre-cast panels was justified by the fact that it would take a short time.,other,,,,
2021,"When the procurement was completed and the Lands at Malaba, Busia and Elegu were handed over to the contractor, the contractor could not access the sites as all the sites had encroachers and subsequent land wrangles.",procurement_irregularities,,,,
2021," Thirdly, there was a delay in execution due to a change in the work-plan.",other,,,,
2021,"In addition to that, the Ministry has written to the contractor requesting him to take the necessary actions to ensure that the works are completed within the revised contract period.",other,,,Ministry has written to the contractor requesting him to take the necessary actions to e,
2021,"However, the administrative arrangement between the MoH and the supported agencies was that they would spend the money and submit accountabilities to the Ministry for review and clearance; Of the total disbursement, UGX.3,127,119,679 (26%) was advanced to referral hospitals for construction of new ICUs and remodeling of old units as shown below: 50 Table 27; Showing transfers to regional referral hospitals Facility Description Amount (UGX) Mbale RRH Funds for remodeling of Intensive Care Unit (ICU) Building in response to COVID 19 Emergency 1,350,000,000 Masaka RRH Funds for remodelling of Maternity complex for an ICU in response to COVID 19 Emergency 1,000,000,000 Mbarara RRH Support the completion of COVID 19 Isolation and Treatment facility 450,000,000 Gulu RRH Funds for repair and re-purposing of the Antenatal care building to cater for ICU and renovation of the old private wing.",other,,,"Ministry for review and clearance; Of the total disbursement, UGX",
2021,"g) Procurement of 282 double cabin pickup vehicles – UGX.23,900,000,000 As part of the Supplementary Funding, the Ministry contracted Toyota Uganda Limited for the supply of 282 double cabin pickup vehicles at a contract sum of UGX.24,660,988,830 taxes exclusive.",procurement_irregularities,,Limited for the supply of 282 double cabin pickup vehicles at a contract sum of UGX,Ministry contracted Toyota Uganda Limited for the supply of 282 double cabin pickup vehi,
2021,The contract was signed on 18th March 2021.,other,,,,
2021,I advised the Accounting Officer to avoid making payments to suppliers of self- accounting votes with whom the entity has no contract.,other,,,,
2021,"i) Purchase of Vaccines The first GoU allocation for procurement of vaccines was UGX.18,500,000,000, which was transferred to National Medical Stores on 29th March 2021 via invoice number R656/MAR21/01 for the procurement of COVID-19 vaccines on behalf of MoH.",procurement_irregularities,,,,
2021,"Later, the Government of Uganda decided to procure vaccines through the COVAX Funding Facility, whose Procurement Agency in Uganda is UNICEF.",procurement_irregularities,,,Agency in Uganda is UNICEF,
2021,"52 Vaccines from contingencies’ funds Parliament approved a Contingency Fund allocation to the Ministry and over the FY 2020/21, an additional UGX.30,000,000,000 was released from the contingencies fund to cater for the procurement and distribution of additional COVID-19 vaccines.",procurement_irregularities,,,"Parliament approved a Contingency Fund allocation to the Ministry and over the FY 2020/21,",
2021,"This brings the government funding towards procurement of vaccines to UGX.42,773,047,986 including UGX.18,500,000,000 referred to above.",procurement_irregularities,,,,
2021,The Accounting Officer was advised to closely follow up on the procurement of the vaccines.,procurement_irregularities,,,,
2021,"2.7 MINISTRY OF ENERGY EXPENDITURE ON SUBSTATIONS IN INDUSTRIAL PARKS a) Utilization of Funds for Substations under Industrial Parks According to Sections 15 (1), 15 (3), 18 (1) (c) and 18(2) (b) of the Public Finance Management Act, 2015 (as amended), it is stipulated that after approval of the annual budget by Parliament, the Secretary to Treasury shall issue the annual cash flow plan of Government, based on the procurement plans, work plans and recruitment plans approved by Parliament.",procurement_irregularities,,,"MINISTRY OF ENERGY EXPENDITURE ON SUBSTATIONS IN INDUSTRIAL PARKS a) Utilization of Fund; Parliament, the Secretary to Treasury shall issue the annual cash flow plan of Government,",
2021,"I further noted that Loan Financing for the Industrial Park Phase 2 was not yet approved, therefore funding under the Contract for Procurement of Plant, Design, Supply, Installation, and Commissioning of the substations has not been availed.",procurement_irregularities,,,,Loan Financing for the Industrial Park Phase 2 was not yet appro
2021,There is a risk of delayed implementation of the Industrial Park phase 2 Project.,other,Project,,,
2021,"b) Delayed Disbursement of Operational Funds Despite the supplementary budget being passed in September 2020 as an emergency intervention, several projects received their first tranche of operational funds in December 2020.",other,,,,
2021,Delays in completion of activities were majorly attributed to late disbursement of funds and delayed delivery of Equipment.,other,,,,
2021,Management explained that the delay in disbursing funds resulted from the need to meet specific requirements before disbursing funds to the projects.,other,,,,
2021,Management further attributed the unsatisfactory status on the delayed delivery of Equipment.,other,,,,
2021,I advise management to expedite the procurement and delivery of required equipment for the projects and to always promptly disburse funds to the projects.,procurement_irregularities,,,,
2021,g) Lack of a Memorandum of Understanding on management of Equipment A total of UGX.15.787Bn was applied to the procurement of equipment to support the scientists in their operations.,procurement_irregularities,,,,
2021,"I advised management to ensure that signed engagement contracts specifying terms and conditions as well as their remunerations and allowances, should be put in place without further delay.",other,,,,
2021,"However, I noted that several projects purchased reagents, consumables, and other supplies from operational funds worth UGX.1.489Bn without following the required procurement procedures.",procurement_irregularities,,,,
2021,"Management regretted the omissions and committed to ensuring that projects follow the procurement laws, regulations, guidelines and procedures, going forward.",procurement_irregularities,,,,
2021,"I advised management to prevail over the participating institutions to follow the procurement laws, procedures, guidelines, and regulations.",procurement_irregularities,,,,
2021,"61 2.9 UGANDA INVESTMENT AUTHORITY 2.9.1 Development of infrastructure at Kampala Industrial And Business Park, Namanve (KIBP) Background of KIBP Namanve Project A contract for the development of infrastructure (design and build) at Kampala Industrial and Business Park, Namanve (KIBP) dated 24th September, 2018 was signed between Lagan Dott Namanve Ltd (the contractor) and the Republic of Uganda represented by Uganda Investment Authority (the employer).",other,Project A contract for the development of infrastructure (design and build) at Kampala Industrial,Ltd (the contractor) and the Republic of Uganda represented by Uganda Investment Au,AUTHORITY 2; Authority (the employer),
2021,"Uganda Investment Authority, representing Government of Uganda, on 19th-August, 2019 contracted M/s Roughton International Ltd (Owners’ Engineer) for consultancy services to supervise the development of infrastructure at KIBP under Ref; UIA/SRVCS/2018-2019/00056.",other,,M/s Roughton International Ltd (Owners’ Engineer) for consultancy services to super,"Authority, representing Government of Uganda, on 19th-August, 2019 contracted M/s Roughto",
2021,"As per the contract signed between Government of Uganda represented by Ministry of Finance, Planning and Economic Development (the borrower) and UK Export Finance as the direct lender, all proceeds of the loan are to be directly credited to the contractor (Lagan Dott Namanve) by the lender (UK Export Finance facility) upon performance of the contract.",other,,,"Ministry of Finance, Planning and Economic Development (the borrower) and UK Export Fina",loan are to be directly credited to the contractor (Lagan Dott N
2021,"I noted that out of the budgeted funds for the KIBP of UGX.155,552,402,000, for the financial year for the development of infrastructure (design and build) at Kampala Industrial and Business Park, Namanve (KIBP) the contractor (M/s LaganDott Namanve) was paid UGX.61,345,298,583.57 from the funder (UK Government) for the work done so far.",other,,M/s LaganDott Namanve) was paid UGX,,
2021,Management did not provide an explanation for the delay in implementing this project.,other,project,,,
2021,62 I advised management to closely supervise the contract to avoid unnecessary delays and absorb all funds budgeted for.,other,,,,
2021,2.10 UGANDA ROAD FUND  Appropriation and allocation of funds to URF I noted that there was no Memorandum of Understanding (MOU) between MoFPED and URF on the UGX.130 billion which was released as part of their approved budget estimates prepared for 2020/21.,other,,,,
2021," Achievement of planned output by the different entities By end of the Financial Year 20/21 URF had achieved 89% of the works to be done, that is out of the 68,369.8 kms of road that were to be worked on, 28,361.0 km had been worked on leaving a balance of 40,008.7kms.",other,,,,
2021," Failure to undertake road works Audit noted that six districts received a total of UGX.740,191,314 for the road works but did not undertake any of the works in the FY 2020/21.",other,,,,
2021,"The table below provides the budget for the planned production; Table 35; Showing budget for planned production of Masks UIRI S/N Equipment ESTIMATED COST - UGX 1 Textile testing equipment 1,019,707,500 2 Textile processing equipment (Garment Manufacturing) and consumables 2,973,349,000 3 Raw Materials for reusable fabric manufacturing 4,406,503,300 4 Casual workers’ welfare and allowance 800,000,000 5 Packaging materials for reusable Masks 100,000,000 Total 9,299,559,800 A review of the operations of the Institute relating to the production of face masks revealed the following; a) Redundant /idle stock of 1.7 million masks I noted that 3.2 million masks were tested, treated, and packaged, but the contract for the distribution of the reusable face masks was terminated after only 1.5 million masks had been consumed.",other,,,,
2021,Management explained that the marketing and communication department is looking for alternative market sources 64 b) Failure to commission/ operationalize face mask making Machinery Audit noted that a number of machinery at the UIRI Namanve campus had been procured ahead of the proposed contract on mask production in the textile section.,other,,,commission/ operationalize face mask making Machinery Audit noted that a number of machine,
2021,"It further provides that a casual employee engaged continuously for four months shall be entitled to a written contract and shall cease to be a casual employee, and all rights and benefits enjoyed by other employees shall apply to him or her.",other,,,,
2021,"Uganda Road Fund 130,000,000,000 130,000,000,000 Expanding labour intensive public works in urban and peri-urban areas 7.",other,,,,
2021,"Ministry of Energy and Mineral Development 156,850,000,000 156,850,000,000 Substations in industrial parks 13.",other,,,"Ministry of Energy and Mineral Development 156,850,000,000 156,850,000,000 Substations i",
2022,19 2.8 CANCELLATION OF THE LOAN FOR CONSTRUCTION OF MUZIZI HYDROPOWER PLANT ..................,other,,,,LOAN FOR CONSTRUCTION OF MUZIZI HYDROPOWER PLANT 
2022,20 2.9 REVIEW OF JINJA EXPRESS HIGHWAY PROJECT ...........................................................................,other,PROJECT ,,,
2022,21 iii 2.10 COMMERCIAL CONTRACT FOR THE REFURBISHMENT OF THE METER GAUGE RAILWAY LINE KAMPALA - MALABA (250KM) ......................................................................................................................,other,,,,
2022,22 2.12 FINANCING AGREEMENT FOR SUPPLY OF SOLAR PUMPING SYSTEMS IN THE MINISTRY OF WATER AND ENVIRONMENT (EURO.95.8MN EQUIVALENT TO UGX.381BN) ................................................,other,,,MINISTRY OF WATER AND ENVIRONMENT (EURO,
2022,70 3.12.2 Delayed Implementation of Subprojects for the FY 2021/22 ...........................................................,other,,,,
2022,74 3.12.7 Procurement Irregularities ............................................................................................................,procurement_irregularities,,,,
2022,82 3.15.3 Delayed Implementation Of The Approved City Structure ...............................................................,other,,,,
2022,85 3.16.2 Delayed Progress Of Works/Constructions .....................................................................................,other,,,,
2022,85 v 3.16.3 Payments To UPDF Engineers Brigade For Construction Works .......................................................,other,,,,
2022,86 3.16.4 Uganda Support To Municipal Infrastructure Development Program (USMID-AF) – REFUGEE Hosting Districts.......................................................................................................................................,other,Program (USMID-AF) – REFUGEE Hosting Districts,,,
2022,87 3.17 UGANDA SUPPORT TO MUNICIPAL INFRASTRUCTURE DEVELOPMENT IN CITIES AND MUNICIPAL COUNCILS ...................................................................................................................................,other,,,,
2022,96 3.20 IMPLEMENTATION OF UGANDA ROAD FUND (URF) .......................................................................,other,,,,
2022,96 3.20.2 Status Of Implementation Of Road Activities .................................................................................,other,,,,
2022,Delayed Realignment Of The Comprehensive National Development Framework (CNDPF) to the Program Planning Approach .....................................................................................................................,other,Program Planning Approach ,,,
2022,123 D) Assessment Of Road Map For Mass Registration And Renewal Of National IDS ..............................,other,,,,
2022,124 G) Delayed Settlement Of Court Awards As At The 30th Of June 2022 ................................................,other,,,,
2022,127 E) Delayed Completion Of The National E-Commerce Platform ..........................................................,other,,,,
2022,135 I) Cancellation Of Loan For Construction Of Muzizi Hydropower Plant ...............................................,other,,,,Loan For Construction Of Muzizi Hydropower Plant 
2022,ENERGY SECTOR .......................................................................................................................,other,,,,
2022,138 A) Rampant Vandalism Of The Electricity Infrastructure ....................................................................,other,,,,
2022,138 B) Operation And Maintenance Of Isimba Hydro Power Plant (HPP) ..................................................,other,,,,
2022,143 A) Delayed Finalisation Of Education Policies And Other Frameworks ................................................,other,,,,
2022,143 B) Delayed Review of the Education Curricula for the Different Education Institutions ........................,other,,,,
2022,147 D) Delayed Completion Of The Consultancy for the Unit Cost Study for Road Construction And Maintenance in Uganda .................................................................................................................................,other,,,,
2022,147 E) Maintenance Of District and Zonal Road Equipment .....................................................................,other,,,,
2022,159 4.1.1 Audit Of Grid Extension Projects Implemented By The Rural Electrification Agency Currently Under The Ministry Of Energy And Mineral Development For The Period 2009 – 2017 ....................................,other,,,Agency Currently Under The Ministry Of Energy And Mineral Development For The Period 2,
2022,Implementation of Small-Mini-Independent Power Producers Under The Getfit Scheme In Uganda .,other,,,,
2022,Effectiveness Of Mechanisms Established For Management Of Road Equipment By The Ministry Of Works And Transport ...........................................................................................................................,other,,,Ministry Of Works And Transport ,
2022,201 4.3.6 A Value For Money Audit Report on the Regulation And Promotion Of Safe And Reliable Public Road Transport System by the Ministry of Works And Transport ...........................................................,other,,,Ministry of Works And Transport ,
2022,203 4.3.7 Value For Money Audit Of Grid Extension Projects Implemented by the Rural Electrification Agency Currently under the Ministry Of Energy And Mineral Development for the Period 2009 – 2017 ........,other,,,Agency Currently under the Ministry Of Energy And Mineral Development for the Period 2,
2022,209 4.3.9 A Value For Money Audit Draft Report On The Management Of Electricity Connections Under Rural Electrification Programme (MEMD) ..............................................................................................,other,Programme (MEMD) ,,,
2022,Follow-Up Report on the Status Of Implementation of Audit Recommendations on the Value For Money Audit on the Regulation of the Construction Sector by the Ministry of Works and Transport ...........,other,,,Ministry of Works and Transport ,
2022,Value For Money Audit Report On Management Of Piped Water Systems In Rural Areas Of Uganda by Ministry of Water And Environment .............................................................................................,other,,,Ministry of Water And Environment ,
2022,238 B) TREASURY MEMORANDUM REPORT ON THE VALUE FOR MONEY AUDIT OF THE UGANDA SUPPORT TO MUNICIPAL INFRASTRUCTURE DEVELOPMENT (USMID) PROGRAM FOR 2015/16 ....................,other,PROGRAM FOR 2015/16 ,,,
2022,239 APPENDIX 1 I: DELAYED ACCESS AND REMOVAL ......................................................................................,other,,,,
2022,96 Table 44: Status of implementation of road activities ........................................................................................,other,,,,
2022,"240 xiii LIST OF ACRONYMS ACRONYM DESCRIPTION AG Auditor General AO Accounting Officer Bn Billion BoU Bank of Uganda CAs Contracting Authorities CFR Central Forest Reserve DGAL Directorate of Government Analytical Laboratory DLB District Land Board FY Financial Year GDP Gross Domestic Product GoU Government of Uganda ICT Information Communication Technology IDA International Development Association IESBA International Ethics Standards Board for Accountants IFMS Integrated Financial Management System IMF International Monetary Fund KIS Kalangala Infrastructure Services MAAIF Ministry of Agriculture Animal Industry and Fisheries MDAs Ministries, Departments and Agencies MEMD Ministry of Energy and Mineral Development MOFPED Ministry of Finance, Planning, and Economic Development MoGLSD Ministry of Gender Labour and Social Development MoU Memoranda of Understanding MTEF Medium Term Expenditure Framework NAA National Audit Act NBI National Backbone Infrastructure NDP National Development Plan NDPII Second National Development Plan NEF National Environment Fund NEMA National Environment Management Authority NFA National Forestry Authority NGO Non-Governmental Organisation NIN National Identification Number NIRA National Identification Registration Authority NPA National Planning Authority NWSC National Water and Sewerage Corporation OAG Office of the Auditor General PAPs Project Affected Persons PDMF Public Debt Management Framework PFMA Public Finance Management Act, 2015 PS/ST Permanent Secretary/Secretary to the Treasury PSST Permanent Secretary and Secretary to Treasury TAI Treasury Accounting Instructions, 2016 TIN Tax Identification Number Tn Trillion TWGs Technical Working Groups UCC Uganda Communications Commission UCF Uganda Consolidated Fund UDC Uganda Development Corporation UETCL Uganda Electricity Transmission Company Limited UGX Uganda Shillings xiv ACRONYM DESCRIPTION URA Uganda Revenue Authority USD United States Dollars USMID Uganda Support for Municipal Infrastructure Development WMD Wetlands Management Department YIGs Youth Interest Groups YLP Youth Livelihood Programme xv GLOSSARY OF TERMS Term Definition Classified Expenditure The expenses and commitments incurred by an authorised agency for the collection and dissemination of information related to national security interests Contingent Liability A potential liability that may occur depending on the outcome of an uncertain future event.",claims_and_liabilities,Project Affected Persons PDMF Public Debt Management Framework PFMA Public Finance Management Act; Programme xv GLOSSARY OF TERMS Term Definition Classified Expenditure The expenses and commitments ,Company Limited UGX Uganda Shillings xiv ACRONYM DESCRIPTION URA Uganda Revenue Authori,"Ministry of Agriculture Animal Industry and Fisheries MDAs Ministries, Departments and A; Ministry of Energy and Mineral Development MOFPED Ministry of Finance, Planning, and Eco",
2022,"Domestic Arrears Domestic arrears refer to short-term debts incurred by Governments against unpaid procurement invoices for supply of goods and services during the financial year External Debt Portion of a country's debt that was borrowed from foreign lenders including commercial banks, Governments or international financial institutions.",procurement_irregularities,,,,
2022,"Section 13 (b) of the National Audit Act, 2008 further requires me to conduct the following audits:  Financial audits  Value for money  Engineering  Information Systems  Special/Forensic Audits  Gender and Environment and any other audits in respect of any project or activity involving public funds  Classified expenditure  Government investments  Procurement audits, and  Treasury Memoranda Under Article 163 (4) of the Constitution, I am also required to submit to Parliament annually a report of the accounts audited by me for the year immediately preceding.",procurement_irregularities,project or activity involving public funds  Classified expenditure  Government investments  Pr,,Parliament annually a report of the accounts audited by me for the year immediately preced,
2022,"1.3 Un-funded Approved Budget The PFMA, 2015 Section 15 (1) and (2) requires that after approval of the annual budget by Parliament, the Secretary to the Treasury shall issue the annual cash flow plan of Government, based on the procurement plans, work plans, and recruitment plans approved by parliament.",procurement_irregularities,,,"Parliament, the Secretary to the Treasury shall issue the annual cash flow plan of Governm; parliament",
2022,2.7.8 Use of Non-concessional loans for Budget support – UGX.4.5Tn The Government Medium Term Debt Strategy has for the past five financial years restricted non concessional/commercial loans to financing infrastructure and self - financing projects through on-lent agreements that have the capacity of generating non tax revenue to enable debt repayment.,other,,,,
2022,"However, I obtained and reviewed the external debt stock and noted that the Government obtained four (4) non-concessional loans amounting to UGX.4.5Tn for budget support which was not directed to infrastructure development.",other,,,,
2022,"2.8 CANCELLATION OF THE LOAN FOR CONSTRUCTION OF MUZIZI HYDROPOWER PLANT In the year 2016, the GoU signed financing agreements with the ADF and KFW to fund the construction of a hydropower plant in Muzizi the project was for the construction of a 45 MW Muzizi hydropower plant in western Uganda with the aim of improving the electricity supply to the growing economy and the households.",other,project was for the construction of a 45 MW Muzizi hydropower plant in western Uganda with the ai,,,LOAN FOR CONSTRUCTION OF MUZIZI HYDROPOWER PLANT In the year 201; KFW to fund the construction of a hydropower plant in Muzizi th
2022,"The table shows the details of the loans; Table 14: Showing cancelled loans SN Loan particulars Loan Amount (Euro Mn) Date of signing 1 Construction of Muzizi Hydropower Plant 40 25 November 2016 2 Construction of Muzizi Hydropower Plant 45 09 December 2016 3 KfW Grant Finance (Euros) 5.36 22 September 2015 TOTAL 90.36 I noted that by the time of cancellation of the loan, no disbursement had been made.",other,,,,Loan particulars Loan Amount (Euro Mn) Date of signing 1 Constru; KfW Grant Finance (Euros) 5
2022,21 2.9 REVIEW OF JINJA EXPRESS HIGHWAY PROJECT Kampala-Jinja Expressway Project Phase 1 agreement was entered into between the GOU and the African Development Bank for a total amount of USD.229.5Mn (equivalent to UGX.0.863Tn).,other,PROJECT Kampala-Jinja Expressway Project Phase 1 agreement was entered into between the GOU and t,,,
2022,The loan was secured to finance Phase 1 of the construction of 77Km Kampala- Jinja expressway project.,other,project,,,loan was secured to finance Phase 1 of the construction of 77Km 
2022,Management explained that the project execution has delayed because of protracted procurement processes by UNRA.,procurement_irregularities,project execution has delayed because of protracted procurement processes by UNRA,,,
2022,"In future, such scenarios will be addressed through advance procurement processes to ensure that projects are implemented as planned as soon as Financing Agreements are signed.",procurement_irregularities,,,,
2022,2.10 COMMERCIAL CONTRACT FOR THE REFURBISHMENT OF THE METER GAUGE RAILWAY LINE KAMPALA - MALABA (250KM) The GoU entered into a facility agreement with the Italian Government for a financial facility of Euro.16.9Mn (equivalent to UGX.67Bn) as a commercial contract for the refurbishment of the Meter Gauge Railway line Kampala - Malaba (250KM).,other,,,,
2022,The contract provided that the drawdown deadline for the facility was to be Sixty months from coming into effect of the 22 agreement with option to extend to 30 days before expiry of the date.,other,,,,
2022,"I further noted that in light of the fact that the loan became effective on 20th September 2021, the GOU had an obligation to utilize the funds or continue to pay commission fees for the loan and risk a delay or failure of the project.",other,project,,commission fees for the loan and risk a delay or failure of the project,"loan became effective on 20th September 2021, the GOU had an obl; loan and risk a delay or failure of the project"
2022,The delay in withdrawing the said funds by the GOU continues to accrue unnecessary charges of commissions to government.,other,,,,
2022,2.12 FINANCING AGREEMENT FOR SUPPLY OF SOLAR PUMPING SYSTEMS IN THE MINISTRY OF WATER AND ENVIRONMENT (EURO.95.8Mn equivalent to UGX.381Bn) A financing agreement between Government of Uganda (GoU) and the Export Credits Guarantee Department of UK (UKEF) was signed on 12th February 2021 to support the project.,other,project,,MINISTRY OF WATER AND ENVIRONMENT (EURO,
2022,"A commercial Contract, for Design, Supply and Installation of Solar Powered Water Supply and Irrigation Systems was signed between GoU and a contractor on 3rd July 2020.",other,,,,
2022,"By end of June 2022, the contractor had received Euros.14Mn (14%) of the Contract Sum, while the Consultant had received 27% of the contract Sum (UGX.11.6Bn).",other,,,,
2022,"I reviewed the contract implementation and noted the following;  Contrary to article 65.1 of the grant agreement, GOU defaulted on their contribution to payment of the contractor.",other,,,,"grant agreement, GOU defaulted on their contribution to payment o"
2022,This resulted into termination of the contract by the contractor.,other,,,,
2022,The maximum amount shall be 10% of the contract price.,other,,,,
2022," In a letter dated 24th June 2022 and referenced UG/T-G-R/SOGETF/FIN/06-22/052, the Contractor, informed GOU of their notice of termination of the contract.",other,,,,
2022,This followed the contractor’s notice of suspension of works due to delayed payment.,delayed_payments,,,,
2022,"The contractor indicates that by the time of contract termination, the outstanding un-paid amount was totalling to Euros.0.7Mn (Equivalent to UGX.2.5Bn) in respect to the government portion.",other,,,,
2022," In addition, I noted that after termination of the contract by the contractor, the contractor never handed over the demolished materials that were supposed to be used for reconstruction of the railway line, besides, evidence from supervising consultant indicated that 136,416 railway items equivalent to Euro 3.08 Mn had been stolen.",other,,,,
2022,"Similarly, although the Contracting Authority had made 30% advance payment to the contractor amounting to Euro 11.8 Mn by the time of termination of the contract only Euro 2.95Mn had been recovered with the balance Euro 8.85Mn not yet recovered.",other,,,Authority had made 30% advance payment to the contractor amounting to Euro 11,
2022,Delayed reconciliation with the contractor may lead to loss of public resources.,other,,,,
2022,The Accounting Officer explained that this is an issue that is being handled following procedures of closure of Contract at Termination.,other,,,,
2022,"The procedures undertaken covered: planning and budgeting; procurement, utilization, maintenance and disposal of IT systems; governance, and financial reporting.",procurement_irregularities,,,,
2022,"I reviewed a sample of 68 MDAs with IT budgets of UGX.968Bn, for the three years in respect of acquisition and implementation of IT systems and equipment of which UGX.894Bn was warranted, as summarised in the table 19 below; Table 19: Showing budget allocations for IT Systems and Equipment Financial Year Budget (UGX Bn) Warrants/Release (UGX Bn) Variance (UGX Bn) 2021/2022 331.754 312.233 19.521 2020/2021 357.098 331.691 25.407 2019/2020 279.017 249.989 29.028 967.869 893.913 73.956 A review of ICT activities implemented revealed the following; Table 20: Showing findings from review of Implementation of IT Activities No Observation Recommendation 1.0 Procurement/Development and Use of Software/Licenses (IT Systems) and Equipment The ICT Systems Development Lifecycle (SDLC) requires a systematic approach which includes; initiation, planning and execution.",procurement_irregularities,,,,
2022,"Non-compliance may lead to duplication of acquisition, procurement of non-compatible solutions and equipment; and general deviation from Government’s efforts to rationalize resources for better service delivery.",procurement_irregularities,,,,
2022,Delayed disposal of IT assets leads to a further diminution in value and loss to the government.,other,,,,
2022,"The procurement methods used by six (6) entities in the acquisition of 1,666.016 hectares costing UGX.62.83Bn were not approved by their Contracts Committees.",procurement_irregularities,,,,
2022,I advised the Government to ensure that appropriate procurement methods are adhered to in regards to land acquisitions.,procurement_irregularities,,,,
2022,"Delayed valuation of Land by the CGV may result into increase in project costs, delayed commencement of infrastructure projects which affects loan absorption rates, and increases commitment charges arising from undisbursed loans from multilateral and bilateral lenders.",other,"project costs, delayed commencement of infrastructure projects which affects loan absorption rate",,,"loan absorption rates, and increases commitment charges arising "
2022,"39 SN Observation Recommendation attributed to release of funds beyond the requirement, and delayed validation of pensioners.",other,,,,
2022," Delay in submission of requirements for access to pension and gratuity payroll, and inconsistency in the bio-data between the IPPS and NIRA.",other,,,,
2022,"3.1.6 Access and deletion from the payroll a) Delayed access of newly recruited or transferred staff to the payroll Section B-a (11) of the Uganda Public Standing Orders, 2021 states that the Accounting Officer shall ensure that the Public officer accesses the payroll within four (4) weeks from the date of assumption of duty.",other,,,,
2022,"I noted that 4,341 newly recruited/ transferred employees delayed to access payroll with the worst delays ranging from 5 to 12 months.",other,,,,
2022,"During my interaction with MoPS, the PS attributed the delay to recruitments outside the approved structure that necessitates verification and subsequent clearance.",other,,,,
2022,b) Delayed access to the pension payroll Paragraph 5.1 of establishment notice no.,other,,,,
2022,"I however noted that 1,019 new pensioners/beneficiaries in 65 LGs delayed to access pension payroll, with some delays ranging from 50 to 110 months.",other,,,,
2022,"c) Delayed removal of staff from payroll Section B-a (12) of the Uganda Public Standing Orders, 2021 provides that payment of a salary to a public officer shall be stopped immediately the officer ceases to render services to Government under whatever circumstances including death.",other,,,,
2022,Delayed removal of staff from payroll resulted into financial loss to government.,other,,,,
2022,"47 SN Observation Recommendation Pension and gratuity 870 8,603,983,314 Total 4,796 13,502,944,430 The Accounting Officers explained these were eligible employees and pensioners/ beneficiaries and attributed the payments off the IPPS to continuous drop off from the payroll, and delayed access to the payroll by new employees and pensioners/ beneficiaries.",other,,,,
2022,"Inadequate budgeting for land acquisition may lead to mischarges, diversions, interest costs arising from delayed payments and accumulation of Domestic arrears while under absorption and failure to acquire the planned size of land affects the entities abilities to achieve the intended objectives for Land acquisition.",delayed_payments,,,,
2022,"My interaction with the PSST, revealed that the change from sector to programmatic approach led to delayed issuance of the NDP III implementation plan by NPA to LGs thus affecting the preparation and approval of the strategic plans.",other,,,,
2022, Funding of some gazetted PDM SACCOs and the recruitment of parish chiefs  URF road activities under routine mechanised and periodic maintenance.,other,,,,
2022,"Table 25: Unutilised funds in Local Governments No Activity Amount-Unspent (UGX) 1 Salary, pension and gratuity payment 176,355,014,007 2 USMID AF in refugee hosting districts 41,830,160,377 3 Micro scale irrigation 28,315,288,149 4 DRDIP funding subprojects 12,412,158,314 5 USMID construction of roads 31,425,512,796 6 Others 413,327,040,296 Total 703,665,173,939 Source: LG work plans, budgets and performance reports The failure to utilise funds led to either partial or non-implementation of the following activities;  8,347 staff and pensioners/beneficiaries in 115 LGs were under paid.",other,,,,
2022, 4 LGs did not implement 25 infrastructure projects under USMID AF.,other,,,,
2022, Delay by MoES to approve the recruitment plans for secondary school teachers.,other,,,,
2022,2 USMID AF in refugee hosting districts  Delayed dissemination of the approved project designs and implementation guidelines by the USMID secretariat in MoLHUD.,other,project designs and implementation guidelines by the USMID secretariat in MoLHUD,,,
2022,The Accounting Officers explained that the transfer was based on the advice from the PS MoH to transfer the construction funds to the Health Centres.,other,,,,
2022,The Accounting Officers further explained that the funds for other construction projects were meant for committed contracts that were still ongoing and that the process of re-voting the funds swept back always delays or may not be successful.,other,,,,
2022,I further noted that there is always either a delay to re-vote the funds or the funds are not re-voted thus affecting the implementation of service delivery activities.,other,,,,
2022,Uganda Support to Municipal Infrastructure Development Program (USMID-AF) – Refugee Hosting Districts 8.,other,Program (USMID-AF) – Refugee Hosting Districts 8,,,
2022,The Uganda Support to Municipal Infrastructure Development in Cities and Municipal Councils 9.,other,,,,
2022,Uganda Road Fund 3.11 Parish Development Model The Government of Uganda over the years has implemented development programs geared towards improvement of incomes and welfare of all Ugandans and achieved some intended objectives.,other,,,,
2022,The unaccounted for funds are likely to be mismanaged due to delayed accountability and there is risk that the funds may not have been utilised for the intended purposes.,governance_and_controls,,,,
2022,70 The Accounting Officers attributed the failure to account to the ongoing program activities and delayed submission of accountabilities by the respective staff.,other,program activities and delayed submission of accountabilities by the respective staff,,,
2022,"Despite the achievements of the programme, such as increased earnings of vulnerable communities, improved infrastructures and provision of alternative energy sources among others, the overall implementation of the project has been slow with notable challenges.",other,"programme, such as increased earnings of vulnerable communities, improved infrastructures and provi; project has been slow with notable challenges",,,
2022,"71 Table 31: Funding and absorption of 7.2 Development Response to Displacement Impacts Project SN Purpose Budgeted amount - UGX Released amount by OPM - UGX Utilised amount by the DLGs - UGX Unutilised funds - UGX 1 Social and Economic Services Infrastructure 195,564,238,35 3 154,667,673,38 9 142,866,878,89 1 11,800,794,498 2 Sustainable Environmental Management 40,033,537,720 19,558,580,728 18,689,049,164 869,531,564 3 Livelihoods Program 39,530,477,364 30,230,194,334 29,784,194,334 446,000,000 4 DRDIP Operations 10,012,115,709 7,526,860,833 7,216,183,732 310,677,101 Total 285,140,369,146 211,983,309,284 198,556,306,12 1 13,427,003,163 Out of the total receipts of UGX.211,983,309,284, only UGX.198,556,306,121 (94%) was spent, resulting in an unspent balance of UGX.13,427,003,163 (6%).",other,"Project SN Purpose Budgeted amount - UGX Released amount by OPM - UGX Utilised amount by the DLGs; Program 39,530,477,364 30,230,194,334 29,784,194,334 446,000,000 4 DRDIP Operations 10,012,115,70",,,
2022,"3.12.2 Delayed Implementation of subprojects for the FY 2021/22 I reviewed the DRDIP approved work plans, performance reports and undertook audit inspections to ascertain the status of implementation of the subprojects and compliance with the project guidelines.",other,project guidelines,,,
2022,"I made the following observations and the details are in appendix 6 b to d; a) Infrastructure subprojects UGX.142,866,878,891 was released by OPM and subsequently disbursed by the respective districts to 192 subprojects for construction, rehabilitation or expansion of basic social services such as education, human health facilities; and economic infrastructure such as roads and market structures.",other,,,,
2022,"A review of the progress reports and interviews with the DRDIP liaison officer revealed the following;  182 subprojects that received UGX.135,411,714,542 in 15 districts had not commenced construction activities for which they were funded by the end of the financial year.",other,,,,
2022,"The Accounting Officers attributed the delayed implementation of infrastructure subprojects to late release of funds, with most of the funds being received in the last quarter of the financial year.",other,,,,
2022,"The Accounting Officers attributed the delayed implementation of infrastructure subprojects to late release of funds, with most of the funds being received in the last quarter of the financial year.",other,,,,
2022,"Due to the delayed commencement of the subprojects and suspension of sustainable environment management subprojects, UGX.161,993,299,642 was lying idle on the subprojects’/ subgroups’ bank accounts as at 30th June 2022.",other,,,,
2022, 85 infrastructure and sustainable environment subprojects were completed and were operational while 39 livelihood subgroups were ongoing at the time of audit.,other,,,,
2022," Of the 85 infrastructure and sustainable environment subprojects, 32 infrastructure subprojects worth UGX.11,447,182,034 had not been put to use by the communities, by the time of inspection.",other,,,,
2022,"These subprojects included; Morta bridge in Yumbe had no access road, Out-Patients Departments, maternity wards, among others.",other,,,,
2022,"Failure to put in use completed infrastructure subprojects, delays in implementation of subprojects and subgroups, and failure to complete the infrastructure subprojects was attributed to none appointment of contract managers.",other,,,,
2022,"Indeed, I noted that 3 LGs did not appoint contract managers to aid in the implementation of the UGX.21,860,851,866 sub projects.",other,,,,
2022,"Similarly, the failure to put in use completed infrastructure subprojects, delays in implementation of subprojects and subgroups, and failure to complete the infrastructure subprojects was attributed to failure to undertake monitoring and supervision of the subprojects by the LGs and OPM.",contract_management,,,,
2022,"3.12.5 Idle funds on completed subproject accounts I reviewed the implementation of infrastructure subprojects funded in the FYs 2018/19, 2019/20 and 2020/21, and noted UGX.2,751,804,956 in 66 subprojects in 3 districts remained unutilised after completion of the planned subproject activities.",other,,,,
2022,Construction of Community Centre and Fencing at Palabek Gem Zone one Block 1.,other,,,,
2022,Design and construction of Sludge Drying Beds for Management of Feacal Matter plus 1km Access Road for Palabek Refugee settlement in Palabek Ogili Sub County.,other,,,,
2022,"Construction of Dormitory at Paludah S.S.S, 1 block for boys and 1 block for girls and School fencing in Palabek Ogili Sub County.",other,,,,
2022,"Total 2,777,500,000 75 Funding of unapproved projects, led to the misappropriation of funds in the Construction of Community Centre and Fencing at Palabek Gem Zone one Block 1 subproject.",other,,,,
2022,The Accounting Officer promised to institute an investigation into the transfer of funds for the design and construction of sludge drying beds at Palabek Refugee settlement in Palabek Ogili Sub County and construction of dormitory at Paludah S.S.S.,other,,,,
2022,The Accounting Officer further explained that the funding of the construction of community centre and fencing at Palabek Gem Zone one Block 1 is under investigation by IGG.,other,,,,
2022,"3.12.7 Procurement irregularities I noted a number of procurement irregularities in the implementation of DRDIP program which are illustrated below;  99 procurements in the districts of Arua, Terego and Obongi worth UGX.4,646,434,329 were not cleared by the subproject Community Project Management Committees and Community Procurement Committees.",procurement_irregularities,"program which are illustrated below;  99 procurements in the districts of Arua, Terego and Obong; Project Management Committees and Community Procurement Committees",,,
2022," 1 procurement worth UGX.250,000,000 in Yumbe DLG was awarded to a contractor who lacked capacity as required by the procurement selection criteria.",procurement_irregularities,,,,
2022,The Accounting Officers explained that the procurement of the service providers were undertaken by OPM without the involvement of the communities.,procurement_irregularities,,,,
2022,I advised OPM to harmonise the DRDIP guidelines with the procurement laws to guide the process of procuring contractors.,procurement_irregularities,,,,
2022,"Refer to the table below: Table 34: Slow Program implementation Item Revised budget - UGX Warrants/ Release - UGX Total expenditure - UGX Unspent - UGX % absorpti on Capital Development (micro scale irrigation equipment) (75%) 37,690,186,415 36,501,761,177 9,662,606,574 26,839,154,603 26 Complementary services (25%) 12,391,603,036 12,536,857,015 11,060,723,469 1,476,133,546 88 Total 50,081,789,451 49,038,618,192 20,723,330,043 28,315,288,149 42 77 I reviewed the status of implementation of the Micro-Scale Irrigation-Development under Production and Marketing and noted slow progress as indicated below and in appendix 7 b and 7 c;  10 LGs did not utilise any of the funds warranted for procurement of irrigation equipment of UGX.9,778,756,031.",procurement_irregularities,Program implementation Item Revised budget - UGX Warrants/ Release - UGX Total expenditure - UGX ,,,
2022,I also noted that 16 LGs did not plan to sensitise farmers despite allocating funds for procurement irrigation equipment.,procurement_irregularities,,,,
2022,"3.13.3 Inspections of service delivery I carried out inspections in 28 LGs where irrigation equipment worth UGX.8,171,521,507 to 479 farmers was procured and delivered to ascertain whether the irrigation equipment was in use and observed that a number of equipment were not operational because of the following:  The concrete stands to hold the tanks were incomplete and therefore the water tanks that support the irrigation equipment could not be installed.",other,,,,
2022, The water sources were shallow and therefore the water pump could not pump adequate water need for the gardens.,other,,,,
2022, The water tank stands were not of the required height to enable adequate flow of water.,other,,,,
2022,"78  The contractor had delivered under capacity tanks than required 10,000 litre water tanks and therefore underutilising the irrigation equipment.",other,,,,
2022, The drag hose pipes were not yet been fitted to enable the flow of water to the garden hence making the equipment idle.,other,,,,
2022,The Accounting Officers explained that the Indicative Planning Figures are issued by MoFPED for which they had no control while under absorption was attributed to delay in release of funds by MoFPED.,other,,,,
2022,"Delayed disbursement of funds Guideline 11.2 (e and f) of the Grants to support Household Income Enhancement Projects under Special Programmes, 2020 requires the district to disburse/transfer funds to the respective beneficiary groups/institution and ensure proper and timely accountability of Programme funds released to the beneficiary groups.",governance_and_controls,Programme funds released to the beneficiary groups,,,
2022,I noted that OPM delayed to disburse funds to the 20 LGs.,other,,,,
2022,"As a result, the LGs also delayed to disburse UGX.836,470,000 to the 168 groups with delays of up to 9 months.",other,,,,
2022,"As a result of the delayed disbursement, the activity implementation at the group level had not started thus the program objective of enhancing household incomes was not achieved.",other,program objective of enhancing household incomes was not achieved,,,
2022,The Accounting Officers explained that the most of the unabsorbed funds were for USMID project which were affected by delay in design reviews by the consultants hired by the USMID secretariat in the Ministry of Lands Housing and Urban Development.,other,project which were affected by delay in design reviews by the consultants hired by the USMID secr,,Ministry of Lands Housing and Urban Development,
2022,"3.15.3 Delayed implementation of the approved City structure According to the Guidelines for the implementation of the City structures, the Cabinet under minute 21 (CT 2022) approved the recommended mandate, strategic objectives, functions, staff structures and proposed wage requirements for the new Cities.",other,,,,
2022,Delayed settlement of these obligations will lead to litigation thus a loss to Government through court fines.,other,,,,
2022,"3.16 Implementation of Uganda Intergovernmental Fiscal Transfers (UGIFT) During the Financial years 2018/2019, 2019/2020, and 2020/2021 Government released UGX.81,640,150,547 and contracted firms to construction Seed school and Health centres in 43 HLGs.",other,,,,
2022,I further noted there were delays in procurement processes in 40 HLGs which delayed the commencement of works.,procurement_irregularities,,,,
2022,The Accounting Officer explained that there was delayed procurement of the contractors as well as delayed release of funds.,procurement_irregularities,,,,
2022,"3.16.2 Delayed progress of works/constructions I noted slow progress and non-commencement of works in 29 projects with budget costs UGX.21,617,416,824 in 24 HLGs.",other,,,,
2022,"Of the delayed 29 projects, there were 2 abandoned projects in 2 HLGs.",other,,,,
2022,"86 The Accounting Officers attributed delayed completion of works to weaknesses in contract supervision, limited capacity of contractors in terms of equipment, finance and human resources as well as the effects of Covid-19 restrictions that curtailed mobilisation of equipment, materials and manpower.",contract_management,,"limited capacity of contractors in terms of equipment, finance and human resources as w",,
2022,"3.16.3 Payments to UPDF Engineers Brigade for Construction Works The MoH and MoLG signed a MoU on 5th November, 2021 with the Ministry of Defence & Veterans Affairs (MoDVA) to undertake construction of Health facilities using the UPDF Engineers Brigade.",other,,,Ministry of Defence & Veterans Affairs (MoDVA) to undertake construction of Health facil,
2022,"During my audit, I noted the following; a) Funds advanced 88 projects in the LGs worth UGX.14,901,441,747 were awarded to the Engineers Brigade, of which UGX.12,168,409,694 (82%) had been advanced by year end, contrary to the requirement of advancing 30% of the contract sum.",other,,,,
2022,The Accounting Officers attributed it to the guidance by the PS MoH to release all funds meant for the construction of UgIFT projects to avoid funds being returned to the consolidated fund.,other,,,,
2022,Delays in utilization of advanced funds led to delayed completion of projects thus affecting timely delivery service to the communities.,other,,,,
2022,Accounting Officers attributed the delayed commencement of construction works to lack of capacity by the Engineers Brigade to implement all LG projects.,other,,,,
2022,"3.16.4 Uganda Support to Municipal Infrastructure Development Program (USMID-AF) – Refugee Hosting Districts The Uganda Support to Municipal Infrastructure Development Program (USMID-AF) is a 5 year program being implemented by the Government of Uganda, through the Ministry of Lands, Housing and Urban Development (MoLHUD), with the aim of enhancing service delivery through improved local infrastructure in 11 Local Governments (LGs) hosting refugees effective Financial Year 2018/2019.",other,"Program (USMID-AF) – Refugee Hosting Districts The Uganda Support to Municipal Infrastructure Dev; Program (USMID-AF) is a 5 year program being implemented by the Government of Uganda, through the",,"Ministry of Lands, Housing and Urban Development (MoLHUD), with the aim of enhancing ser",
2022,"With the Financial Year 2021/22 being its fourth year of implementation, there has been a notable delay in the commencement of the infrastructure projects in the beneficiary Districts.",other,,,,
2022,"Table 37: Funding and absorption of USMID-AF SN Purpose Budgeted amount - UGX Released amount - UGX Underfundi ng - UGX Utilised Warrants - UGX Unutilised Warrants - UGX 1 Rehabilitation & Construction of infrastructure investments 51,181,725,732 47,483,614,440 3,698,111,2 92 7,387,708,067 40,095,906,37 3 2 USMID-AF Operations 3,072,686,937 2,635,883,013 436,803,924 901,629,009 1,734,254,004 Total 54,254,412,669 50,119,497,453 4,134,915,2 16 8,289,337,076 41,830,160,37 7 As a result of the shortfalls in releases, funds available for implementation of USMID- AF activities were not sufficient to meet the originally planned activity targets.",other,,,,
2022,The Accounting Officers also attributed the under absorption of funds to the delayed procurement processes owing to the delayed dissemination of approved project designs by the USMID-AF Secretariat at the MoLHUD.,procurement_irregularities,project designs by the USMID-AF Secretariat at the MoLHUD,,,
2022,"Delayed Implementation of Infrastructure Investments I reviewed the USMID-AF approved work plans, performance reports and carried out physical inspections to ascertain the status of implementation of the funded projects and made the following observations;  During F/Y 2020/2021, 8 Districts did not implement 46 infrastructure projects funded at a total of UGX.60,611,012,948 Appendix 11 b refers.",other,,,,
2022," During F/Y 2021/22, 7 Districts partially implemented 22 infrastructure projects funded at a total of UGX.26,126,296,470.",other,,,,
2022,"Further, 4 Districts did not implement 25 infrastructure projects despite receiving funding totalling UGX.21,387,083,470.",other,,,,
2022,The Accounting Officers attributed this to the delay by the USMID-AF Secretariat/ MoLHUD to avail the districts with approved infrastructure project designs and implementation guidelines.,other,project designs and implementation guidelines,,,
2022,The unspent balances were returned to the Consolidated Fund and thus the program objective of ensuring enhanced service delivery through improved local infrastructure was not achieved.,other,program objective of ensuring enhanced service delivery through improved local infrastructure was,,,
2022,I advised Government through the MoLHUD to ensure that infrastructure project designs and implementation guidelines are issued to Accounting Officers timely to ensure the implementation of planned activities.,other,project designs and implementation guidelines are issued to Accounting Officers timely to ensure ,,,
2022,"Mismatch between USMID work plans and activities implemented Article 4 (a) of the Program Participating Agreement requires the Accounting Officer to prepare work plans and budgets as required under the Local Governments Act (LGA) Cap 243, Public Finance Management Act (PFMA), 2015, Public Procurement and Disposal of Public Assets (PPDA), 2006, and other applicable laws and regulations.",procurement_irregularities,Program Participating Agreement requires the Accounting Officer to prepare work plans and budgets,,,
2022,"UGX.50,119,497,453 meant for the implementation of 47 infrastructure projects in 11 LGs were included under Discretionary Development Equalization Grants and not directly linked to the program, contrary to Article 4 (a) of the Program Participating Agreement.",other,"program, contrary to Article 4 (a) of the Program Participating Agreement",,,
2022,"3.17 The Uganda Support to Municipal Infrastructure Development in Cities and Municipal Councils The Ministry of Lands, Housing and Urban Development (MoLHUD) is implementing the Uganda Support to Municipal Infrastructure Development (USMID) Program with the aim of improving urban service delivery in 7 Cities and four Municipal Councils.",other,Program with the aim of improving urban service delivery in 7 Cities and four Municipal Councils,,"Ministry of Lands, Housing and Urban Development (MoLHUD) is implementing the Uganda Sup",
2022,"For example, 8 infrastructure projects worth UGX.12,832,857,565 in Hoima City were not completed.",other,,,,
2022,"The Accounting Officers attributed this to delayed procurement of contractors by Ministry of lands, Housing and Urban Development as well as delays in design review by the contractor.",procurement_irregularities,,,"Ministry of lands, Housing and Urban Development as well as delays in design review by t",
2022,"Furthermore, Section 17 (2) of the same Act stipulates that ""A vote that does not expend money that was appropriated to the vote for the financial year shall at the close of the financial year repay the money to the Consolidated Fund."" Section 17(3) of the same Act states that, “A vote that repays money under subsection (2) shall revise its annual work plan, procurement plan and recruitment plan to take into account the unexpended money and submit them as part of the Budget for the preceding year"".",procurement_irregularities,,,,
2022,The funds were meant for implementation of the infrastructure development activities that were not fully implemented in the FY 2020/2021.,other,,,,
2022,"Below is a summary of my 94 findings, details of which are included in individual reports that have been issued separately; 3.19.1 Allocation of funds among program activities Paragraph 1.4 Table 5 (as hereunder) of the DDEG guidelines 2021/2022 provides the maximum thresholds for which a District can use to implement a wide range of infrastructure within their mandate and according to their local priorities and needs.",other,program activities Paragraph 1,,,
2022,"Table 40: allocation of funds among program activities Main Expenditure Items Threshold Infrastructure Projects, including Physical Planning and land titling Minimum 80% Investment Servicing and Monitoring Maximum 10% Performance Improvement Maximum 10% I observed that 7 LGs did not allocate funds in accordance with the required thresholds.",other,"program activities Main Expenditure Items Threshold Infrastructure Projects, including Physical P",,,
2022,"For instance, in 7 LGs, infrastructure projects funds were allocated below minimum requirement of 80% whereas the investment servicing and performance improvement were allocated above the maximum of 10% as indicated in the table below and in appendix 13 a.",other,,,,
2022,"Main Expenditure items Threshold Allocation Amount - UGX 1 Infrastructure Projects, including Physical Planning and land titling Minimum 80% 70% 1,871,695,608 2 Performance Improvement Maximum 10% 13% 299,789,983 3 Investment Servicing and Monitoring Maximum 10% 17% 483,628,600 TOTAL 2,655,114,191 The diversion of funds hindered the achievement of intended outcomes of the grant of equalizing development of LGs and therefore affecting equitable distribution of resources and delivery of services.",other,,,,grant of equalizing development of LGs and therefore affecting eq
2022,"95 Table 42: Funding and absorption SN Cost centre Approved Budget - UGX Amount Released - UGX % fundin g Expenditur e - UGX Amount not absorbed - UGX % Absorpti on 1 Infrastructure Projects, including Physical Planning and land titling 8,164,927,374 8,153,926,373 100% 7,682,602,7 04 471,323,669 94% 2 Performance Improvement 843,710,153 843,710,153 100% 853,914,340 -10,204,187 101% 3 Investment Servicing and Monitoring 1,111,423,280 1,075,179,930 97% 1,063,687,3 38 11,492,592 99% 4 Transfer of LRDP funds to LLGs 15,506,893,697 15,504,103,696 100% 15,514,093, 696 -9,990,000 100% TOTAL 25,626,954,504 25,576,920,152 100% 25,114,298, 078 462,622,074 98% I observed that Investment servicing and monitoring was the most affected where LGs did not receive UGX.50,034,352.",other,,,,
2022,The Accounting Officers explained that the Indicative Planning Figures are issued by MoFPED for which they had no control while under absorption was attributed to delayed completion of the infrastructure projects by the contractors and bottlenecks in the procurement process.,procurement_irregularities,,,,
2022,"3.19.3 Implementation of LRDP activities From the review of the status of implementation of infrastructure projects, performance improvement activities and investment servicing activities, I observed the following, details of which are in appendix in 13 b.",other,,,,
2022, 18 LGs planned to undertake 109 activities under infrastructure projects.,other,,,,
2022,The Accounting Officers attributed the non-implementation to the delays in procurement processes and the phased approach of the infrastructure projects.,procurement_irregularities,,,,
2022,"3.20 Implementation of Uganda Road Fund (URF) 3.20.1 Funding I noted that 96 LGs budgeted to receive UGX.51,950,654,755 to cater for District/City/Municipal Council roads activities using road gangs and the force account mechanism.",other,,,,
2022,"However, UGX.32,552,444,851 was received from Uganda Road Fund.",other,,,,
2022,"The failure to fully fund the road activities hindered access to service delivery centres like Schools, Hospitals and Markets.",other,,,,
2022,I advised URF to ensure funding is secured for planned road activities.,other,,,,
2022,"3.20.2 Status of implementation of road activities I noted that 96 LGs planned to rehabilitate 23,632 km of roads using routine manual, routine mechanized and periodic maintenance at a cost of UGX.32,564,110,678.",other,,,,
2022,"97 Table 44: Status of implementation of road activities Category Planned Length (KM) Planned Annual Expenditure - UGX Actual length (KM) Actual Expenditure - UGX Routine Manual Maintenance 16,067 8,494,132,458 7,385 4,089,157,242 Routine Mechanized Maintenance 6,720 15,394,408,459 4,924 10,306,553,352 Periodic Maintenance 845 8,675,569,761 378 4,376,557,279 Total distance 23,632 32,564,110,678 12,687 18,772,267,873 Source: URF work plan and quarterly performance reports According to my inspection carried and progressive performance reports, I have observed the following;  89 LGs planned to maintain 16,067 km under routine manual maintenance at a cost of UGX.",other,,,,
2022,The Accounting Officer attributed this to late release of funds and inadequate and unmaintained road construction equipment.,other,,,,
2022,I advised the MoFPED timely release appropriated funds for the implementation of planned road activities.,other,,,,
2022,Section 43 (3) requires an Accounting Officer to enter into an annual budget performance contract with the Secretary to the Treasury which shall bind the Accounting Officer to deliver on the activities in the work plan of the vote for a financial year.,other,,,,
2022,"I further noted that four (4) entities were not included in the consolidated summary statement submitted by the Accountant General, The Tables below refer; Table 45: Entities not consolidated S/N Entity Name 1 Uganda Energy Credit Capitalization Company Limited (UECCCL) 2 Nile Hotel International Limited 3 Uganda Hotel and Tourism Training Institute 4 National Pipeline Company (NPC) 103 Table 46: Entities which did not submit summary statements S/N Enterprise 1.",other,,Company Limited (UECCCL) 2 Nile Hotel International Limited 3 Uganda Hotel and Tourism ; Company (NPC) 103 Table 46: Entities which did not submit summary statements S/N Enterp,,
2023,70 3.2.2 INTEGRATED TRANSPORT INFRASTRUCTURE AND SERVICES PROGRAM ........................,other,PROGRAM ,,,
2023,"98 3.2.10 CLIMATE CHANGE, NATURAL RESOURCES, ENVIRONMENT AND WATER MANAGEMENT PROGRAMME ................................................................................................................",other,PROGRAMME ,,,
2023,"99 3.2.11 DEVELOPMENT PLAN IMPLEMENTATION PROGRAMME ..................................................102 3.2.12 PRIVATE SECTOR DEVELOPMENT PROGRAMME ............................................................103 3.2.13 INNOVATION, TECHNOLOGY DEVELOPMENTS AND TRANSFER PROGRAMMES ...............109 3.2.14 TOURISM DEVELOPMENT PROGRAMME ........................................................................110 3.2.15 DIGITAL TRANSFORMATION PROGRAMME ...................................................................112 3.2.16 SUSTAINABLE URBANISATION AND HOUSING PROGRAMME ..........................................113 3.2.17 LEGISLATION, OVERSIGHT AND REPRESENTATION PROGRAMME ..................................113 3.2.18 SUSTAINABLE DEVELOPMENT OF PETROLEUM RESOURCES ..........................................113 3.2.19 MANUFACTURING PROGRAMME ...................................................................................113 3.2.20 SUSTAINABLE ENERGY DEVELOPMENT PROGRAMME ....................................................115 PART 4: VALUE FOR MONEY, PFM ASSESSMENT AND ENGINEERING AUDITS ...............................145 iv 4.1 VALUE FOR MONEY AUDITS .........................................................................................145 4.1.1 MANAGEMENT OF HEALTH PROFFESSIONALS IN SPCIALISED, NATIONAL AND REGIONAL REFERRAL HOSPITALS BY MINISTRY OF HEALTH (MOH) ...............................................145 4.1.2 VALUE FOR MONEY AUDIT REPORT ON THE MEASURES PUT IN PLACE BY THE DEPARTMENT OF PHARMACY AND NATURAL MEDICINES UNDER MINISTRY OF HEALTH IN PROVISION OF PHARMACEUTICAL SERVICES IN UGANDA ....................................................................147 4.1.3 VALUE FOR MONEY AUDIT ON EFFECTIVENESS OF MEASURES TO SUPPORT COOPERATIVES BY THE DEPARTMENT OF COOPERATIVES DEVELOPMENT IN THE MINISTRY OF TRADE, INDUSTRY AND COOPERATIVES (MTIC) .......................................................................151 4.1.4 VALUE FOR MONEY AUDIT ON PROVISION OF PREVENTIVE, CURATIVE AND PALLIATIVE CARDIOVASCULAR SERVICES BY THE UGANDA HEART INSTITUTE ................................153 4.1.5 VALUE FOR MONEY AUDIT ON THE PROVISION OF FERRY SERVICES BY MINISTRY OF WORKS AND TRANSPORT, UGANDA NATIONAL ROADS AUTHORITY AND UGANDA RAILWAYS CORPORATION ............................................................................................................155 4.1.6 FOLLOW-UP REPORT ON THE STATUS OF IMPLEMENTATION OF AUDIT RECOMMENDATIONS OF THE VALUE FOR MONEY AUDIT ON THE UGANDA REPRODUCTIVE MATERNAL AND CHILD HEALTH SERVICES IMPROVEMENT PROJECT [URMCHIP] BY THE MINISTRY OF HEALTH .................................................................................................159 4.1.7 VALUE FOR MONEY AUDIT REPORT ON THE IMPLEMENTATION OF THE TAXPAYER REGISTER EXPANSION PROGRAMME (TREP) FOR ENHANCEMENT OF REVENUE COLLECTIONS BY UGANDA REVENUE AUTHORITY (URA) AND OTHER COLLABORATING AGENCIES ...................................................................................................................160 4.1.8 VALUE FOR MONEY AUDIT REPORT ON THE MANAGEMENT OF TAX INCENTIVES AND EXPENDITURE IN UGANDA BY THE MINISTRY OF FINANCE PLANNING AND ECONOMIC DEVELOPMENT ............................................................................................................164 4.1.9 VALUE FOR MONEY AUDIT ON INSPECTION OF SCHOOLS BY THE DIRECTORATE OF EDUCATION STANDARDS IN THE MINISTRY OF EDUCATION AND SPORTS ....................166 4.1.10 VALUE FOR MONEY AUDIT TO ASSESS THE EFFECTIVENESS OF THE DIRECTORATE OF FISHERIES RESOURCES (DIFRS) IN REGULATING THE FISHING EFFORT IN UGANDA .....169 4.1.11 VALUE FOR MONEY AUDIT ON THE OPERATIONAL EFFICIENCY OF CUSTOMS CENTRES /STATIONS IN THE UGANDA REVENUE AUTHORITY ......................................................173 4.1.12 VALUE FOR MONEY AUDIT ON GOVERNMENT OF UGANDA’S EFFORTS AND PROGRESS TOWARDS ATTAINING FOOD SECURITY THROUGH ADAPTATION OF CLIMATE-RESILIENCE STRATEGIES IN THE AGRICULTURAL SECTOR IN LINE WITH NATIONALLY AGREED SDG TARGETS 2.3 AND 2.4 .................................................................................................176 4.1.13 VALUE FOR MONEY AUDIT REPORT ON THE DELIVERY OF UNIVERSAL PRIMARY EDUCATION IN UGANDA .................................................................................................................182 v 4.1.14 VALUE FOR MONEY AUDIT REPORT ON THE OPERATION AND MAINTENANCE OF ELECTRICITY INFRASTRUCTURE UGANDA ELECTRICITY TRANSMISSION COMPANY LIMITED ..................................................................................................................................185 4.1.15 VALUE FOR MONEY AUDIT TO ASSESS THE GOVERNMENT OF UGANDA’S PROGRESS IN PROVIDING EQUITABLE AND AFFORDABLE ACCESS TO EDUCATION SERVICES FOR LEARNERS WITH SPECIAL NEEDS, IN ACCORDANCE WITH SDG TARGET 4.5” ................187 4.1.16 VALUE FOR MONEY AUDIT ON FACILITATION OF CLIMATE CHANGE MAINSTREAMING IN SELECTED SECTORS AND LOCAL GOVERNMENTS BY THE MINISTRY OF WATER AND ENVIRONMENT’S CLIMATE CHANGE DEPARTMENT ........................................................190 4.1.17 VALUE FOR MONEY AUDIT ON ASSESSMENT OF THE CONTRIBUTION OF ANIMAL BREEDING INTERVENTIONS BY NATIONAL ANIMAL GENETIC RESOURCES CENTRE AND DATA BANK (NAGRC&DB) TOWARDS SUSTAINABLE LIVESTOCK PRODUCTIVITY AND CONSERVATION.",governance_and_controls,PROGRAMME ; PROGRAMME ,COMPANY LIMITED ,MINISTRY OF HEALTH (MOH) ; MINISTRY OF HEALTH IN PROVISION OF PHARMACEUTICAL SERVICES IN UGANDA ,
2023,".........................................................................................................195 4.1.18 GLOBAL FUND TUBERCLOSIS-GRANT PROGRAMMATIC AUDIT REPORT FOR THE PERIOD JANUARY-DECEMBER, 2022..........................................................................................199 4.1.19 VALUE FOR MONEY AUDIT ON THE EFFECTIVENESS OF INTERVENTIONS BY THE UGANDA NATIONAL BUREAU OF STANDARDS TO REGULATE THE QUALITY OF LOCALLY MANUFACTURED GOODS .............................................................................................203 4.1.20 VALUE FOR MONEY AUDIT ON THE IMPLEMENTATION OF THE NEW LOWER SECONDARY CURRICULUM BY NATIONAL CURRICULUM DEVELOPMENT CENTRE ...............................206 4.1.21 VALUE FOR MONEY AUDIT REPORT ON THE PROVISION OF AGRICULTURAL EXTENSION SERVICES TO FARMERS IN UGANDA .............................................................................212 4.1.22 A VALUE FOR MONEY AUDIT REPORT ON THE PROVISION OF SUPER SPECIALISED ONCOLOGY SERVICES BY UGANDA CANCER INSTITUTE ................................................216 4.1.23 A VALUE FOR MONEY AUDIT ON THE IMPLEMENTATION OF THE MOUNT RWENZORI TOURISM INFRASTRUCTURE DEVELOPMENT PROJECT (MRTIDP) ..................................218 4.1.24 CONSOLIDATED BASELINE VALUE FOR MONEY AUDIT AND ASSESSMENT REPORT OF THE UGANDA INTERGOVERNMENTAL FISCAL TRANSFERS PROGRAM (UGIFT) IN WATER AND ENVIRONMENT, PRODUCTION AND MARKETING SECTORS, AND PREVAILING CONDITIONS IN REFUGEE HOSTING DISTRICTS FOR THE FINANCIAL YEAR 2019/2020 ......................221 4.1.25 VALUE FOR MONEY AUDIT REPORT ON INITIATIVES TO ADDRESS THE STREET CHILDREN PHENOMENON IN UGANDA BY THE MINISTRY OF GENDER, LABOUR AND SOCIAL DEVELOPMENT ............................................................................................................231 4.2 A REPORT OF THE AUDITOR GENERAL ON THE GOVERNMENT OF UGANDA PUBLIC FINANCIAL MANAGEMENT SYSTEM FOR THE FINANCIAL YEAR ENDED 30TH JUNE 2023 ..236 4.3 ENGINEERING/PUBLIC WORKS AUDITS ........................................................................245 vi 4.3.1 ENGINEERING AUDIT ON A SELECTED SAMPLE OF INFRASTRUCTURE PROJECTS IMPLEMENTED BY THE MINISTRY OF AGRICULTURE ANIMAL INDUSTRY AND FISHERIES (MAAIF) UNDER THE AGRICULTURE CLUSTER DEVELOPMENT PROJECT (ACDP) .............246 4.3.2 ENGINEERING AUDIT ON A SELECTED SAMPLE OF INFRASTRUCTURE PROJECTS IMPLEMENTED BY THE OFFICE OF THE PRIME MINISTER (OPM) IN FINANCIAL YEARS 2020/2021 AND 2022/2023 ..........................................................................................256 4.3.3 SPECIAL AUDIT ON ALLEGED MISMANAGEMENT OF FUNDS FOR KANARA WATER SUPPLY PROJECT IN KITAGWENDA DISTRICT (PHASE II &III) AND KIKAZI-NTARA ROAD ...........266 4.3.4 ENGINEERING AUDIT ON SELECTED URBAN INFRASTRUCTURE PROJECTS IMPLEMENTED BY THE UGANDA SUPPORT TO MUNICIPAL INFRASTRUCTURE DEVELOPMENT ADDITIONAL FINANCING PROGRAM (USMID-AF) PARTICIPATING MUNICIPAL COUNCILS AND CITIES 271 4.3.5 ENGINEERING AUDIT AND ASSESSMENT OF INFRASTRUCTURE PROJECTS IMPLEMENTED BY 73 LOCAL GOVERNMENTS UNDER THE UGIFT PROGRAM FOR CONSTRUCTION OF SEED SCHOOLS AND HEALTH FACILITIES IN THE EDUCATION AND HEALTH SECTORS ...........274 PART 5: INFORMATION SYSTEMS (IS), FORENSIC AND SPECIAL AUDITS .....................................276 5.1 INFORMATION SYSTEMS (IS) AUDITS ..........................................................................276 5.1.1.",other,"PROJECT (MRTIDP) ; PROGRAM (UGIFT) IN WATER AND ENVIRONMENT, PRODUCTION AND MARKETING SECTORS, AND PREVAILING CONDIT",,"MINISTRY OF GENDER, LABOUR AND SOCIAL DEVELOPMENT ; MINISTRY OF AGRICULTURE ANIMAL INDUSTRY AND FISHERIES (MAAIF) UNDER THE AGRICULTURE CLUS","GRANT PROGRAMMATIC AUDIT REPORT FOR THE PERIOD JANUARY-DECEMBER, "
2023,"VERIFICATION REPORT FOR INFORMATION SYSTEMS AUDIT OF THE AGRICULTURE CLUSTER DEVELOPMENT PROJECT ELECTRONIC VOUCHER MANAGEMENT SYSTEM (E- VOUCHER) AT THE MINISTRY OF AGRICULTURE, ANIMAL INDUSTRY AND FISHERIES (MAAIF) ......................................................................................................................279 5.2 FORENSIC AUDITS ......................................................................................................280 5.2.1 INVESTIGATION REPORT ON COVID-19 EXPENDITURE BY THE UGANDA DEVELOPMENT CORPORATION FOR THE FINANCIAL YEAR 2020/21 ......................................................280 5.2.2 FORENSIC INVESTIGATION REPORT INTO THE ALLEGED CORRUPTION AND ABUSE OF OFFICE AT THE UGANDA LAND COMMISSION ...............................................................281 5.2.3 THE FORENSIC INVESTIGATION REPORT INTO THE BENEFICIARIES OF THE COVID-19 RELIEF FUNDS AT THE MINISTRY OF GENDER, LABOUR AND SOCIAL DEVELOPMENT IN JULY AND AUGUST 2021 ......................................................................................................282 vii 5.3 SPECIAL AUDITS .........................................................................................................283 5.3.1 SPECIAL AUDIT REPORT ON UPDATE/RECONFIRMATION OF LIABILITIES OF BUSOGA UNIVERSITY ................................................................................................................283 5.3.2 SPECIAL AUDIT REPORT ON VERIFICATION OF AMOUNT PAYABLE TO M/S STEAM INVESTMENTS LTD BY UGANDA ELECTRICITY TRANSMISSION COMPANY LIMITED ........284 5.3.3 SPECIAL AUDIT ON THE VERIFICATION OF ASSETS AND LIABILITIES OF MOUNTAINS OF THE MOON UNIVERSITY ..............................................................................................284 5.3.4 SPECIAL AUDIT REPORT ON EIGHT GRID EXTENSION PROJECTS IMPLEMENTED BY RURAL ELECTRIFICATION AGENCY UNDER MINISTRY OF ENERGY AND MINERAL DEVELOPMENT.",other,"PROJECT ELECTRONIC VOUCHER MANAGEMENT SYSTEM (E- VOUCHER) AT THE MINISTRY OF AGRICULTURE, ANIMAL ",M/S STEAM INVESTMENTS LTD BY UGANDA ELECTRICITY TRANSMISSION COMPANY LIMITED ,"MINISTRY OF AGRICULTURE, ANIMAL INDUSTRY AND FISHERIES (MAAIF) ; CORPORATION FOR THE FINANCIAL YEAR 2020/21 ",
2023,"...........................................................................................................285 5.3.5 SPECIAL AUDIT ON THE CONSTRUCTION OF SELECTED COURTS UNDER THE JUDICIARY ..................................................................................................................286 5.3.6 SPECIAL AUDIT REPORT ON ALLEGED MISMANAGEMENT OF FUNDS FOR KANARA WATER SUPPLY PROJECT IN KITAGWENDA DISTRICT (PHASE II &III) AND KIKAZI-NTARA ROAD ..........................................................................................................................287 5.3.7 FORENSIC INVESTIGATION REPORT INTO COVID-19 RESPONSE FUNDS IN MINISTRY OF GENDER, LABOUR AND SOCIAL DEVELOPMENT (MOGLSD) ............................................288 5.3.8 OTHER SPECIAL AUDITS ON VALUATIONS AND VERIFICATIONS ...................................288 PART 6: HIGHLIGHTS FROM LOCAL GOVERNMENT AUDITS .........................................................290 6.1.",other,PROJECT IN KITAGWENDA DISTRICT (PHASE II &III) AND KIKAZI-NTARA ROAD ,,"MINISTRY OF GENDER, LABOUR AND SOCIAL DEVELOPMENT (MOGLSD) ",
2023,TRANSITIONAL ROAD REHABILITATION GRANT ...........................................................300 6.6.,other,,,,GRANT 
2023,UGIFT INFRASTRUCTURE PROJECTS IMPLEMENTED ON UNTITLED LAND ......................304 6.8.,other,,,,
2023,IMPLEMENTATION OF UGANDA ROAD FUND ................................................................305 6.9.,other,,,,
2023,"UGANDA SUPPORT TO MUNICIPAL INFRASTRUCTURE DEVELOPMENT, ADDITIONAL FINANCING (USMID-AF)...............................................................................................306 6.10.",other,,,,
2023,DISTRICT RURAL WATER SUPPLY AND SANITATION CONDITIONAL GRANT (DWSSCG) ..309 viii LIST OF TABLES Table 1: Summary of Performance .................................................................................................,other,,,,GRANT (DWSSCG) 
2023,247 Table 44: Table showing delayed completion of works on ten projects .........................................,other,,,,
2023,248 Table 45: Table showing delayed contractor payments attracting interest ....................................,other,,,,
2023,251 Table 52: Table showing contracts with omissions in the designs which could compromise the performance and safety of the constructed infrastructure ................................................,other,,,,
2023,276 Table 62: Schedule of implement various infrastructure projects UGX.6.499Bn .............................,other,,,,
2023,296 x Table 64: completed infrastructure worth UGX.12.041Bn not in use by the communities due to lack of medical equipment ........................................................................................................,other,,,,
2023,"310 xi LIST OF ACRONYMS ACRONYM MEANING ACU Anti-Corruption Unit of State House AG Auditor General AO Accounting Officer BFPs Budget Framework Paper Bn Billion BoU Bank of Uganda CAs Contracting Authorities CFR Central Forest Reserve CGV Chief Government Valuer DGAL Directorate of Government Analytical Laboratory DLB District Land Board E-LogRev Electronic Local Government Revenue Collection System ENT Ear Nose Throat FY Financial Year GDP Gross Domestic Product GoU Government of Uganda HSC Health Service Commission ICS Infra Consulting Services ICT Information Communication Technology IDA International Development Association IESBA International Ethics Standards Board for Accountants IFMS Integrated Financial Management System IMF International Monetary Fund KIS Kalangala Infrastructure Services MAAIF Ministry of Agriculture Animal Industry and Fisheries MDAs Ministries, Departments and Agencies MEMD Ministry of Energy and Mineral Development MOFPED Ministry of Finance, Planning, and Economic Development MoGLSD Ministry of Gender Labour and Social Development MoH Ministry of Health MoU Memoranda of Understanding MTEF Medium Term Expenditure Framework NAA National Audit Act NBI National Backbone Infrastructure NDP National Development Plan NDPII Second National Development Plan NEF National Environment Fund NEMA National Environment Management Authority NFA National Forestry Authority NGO Non-Governmental Organisation NIN National Identification Number NIRA National Identification Registration Authority NPA National Planning Authority NSACARJA Nsambya Carpentry, Joinery, Craft and Training Agency NWSC National Water and Sewerage Corporation OAG Office of the Auditor General PAPs Project Affected Persons PDMF Public Debt Management Framework PFMA Public Finance Management Act, 2015 PS/ST Permanent Secretary/Secretary to the Treasury PSST Permanent Secretary and Secretary to Treasury xii ACRONYM MEANING TAI Treasury Accounting Instructions, 2016 TIN Tax Identification Number Tn Trillion TWGs Technical Working Groups UCC Uganda Communications Commission UCF Uganda Consolidated Fund UDC Uganda Development Corporation UETCL Uganda Electricity Transmission Company Limited UGX Uganda Shillings UNRA Uganda National Roads Authority URA Uganda Revenue Authority URMCHSIP Uganda Reproductive Maternal and Child Health Service Improvement Project USD United States Dollars USMID Uganda Support for Municipal Infrastructure Development WMD Wetlands Management Department YIGs Youth Interest Groups YLP Youth Livelihood Programme ToTs Trainer of Trainers HLG Higher Local Government iHRIS Integrated Human Resource Information System DiFRs Directorrate of Fisheries and Resources BoQs Bill of Quantities xiii GLOSSARY OF TERMS Term Definition Classified Expenditure The expenses and commitments incurred by an authorised agency for the collection and dissemination of information related to national security interests Contingent Liability A potential liability that may occur depending on the outcome of an uncertain future event.",claims_and_liabilities,Project Affected Persons PDMF Public Debt Management Framework PFMA Public Finance Management Act; Project USD United States Dollars USMID Uganda Support for Municipal Infrastructure Development W,Company Limited UGX Uganda Shillings UNRA Uganda National Roads Authority URA Uganda Re,"Commission ICS Infra Consulting Services ICT Information Communication Technology IDA Inte; Ministry of Agriculture Animal Industry and Fisheries MDAs Ministries, Departments and A",
2023,"Domestic Arrears Domestic arrears refer to short-term debts incurred by Governments against unpaid procurement invoices for supply of goods and services during the financial year External Debt Portion of a country's debt that was borrowed from foreign lenders including commercial banks, Governments or international financial institutions.",procurement_irregularities,,,,
2023,"These included: 386 special audits and investigations, 25 value for money audits, and seven (07) engineering audits (Construction civil works).",other,,,,
2023,"Section 13 (b) of the National Audit Act 2008 requires me to conduct Financial, Value for money, Engineering, Information Systems, Special, Government investments Procurement audits, Treasury Memoranda and Gender and Environment and any other audits in respect of any project or activity involving public funds, Classified expenditure audits.",procurement_irregularities,"project or activity involving public funds, Classified expenditure audits",,,
2023,"Engineering audits – these include 124 reports issued covering roads, bridges, buildings and water projects with a total contract/value of works of UGX.2.17Tn.",other,,,,
2023,"1.4 Un-funded approved budget The PFMA, 2015 Section 15 (1) and (2) requires that after approval of the annual budget by Parliament, the Secretary to the Treasury shall issue the annual cash flow plan of Government, based on the procurement plans, work plans, and recruitment plans approved by parliament.",procurement_irregularities,,,"Parliament, the Secretary to the Treasury shall issue the annual cash flow plan of Governm; parliament",
2023,10 No Observation Recommendation from H.E the President on Peace and security; Roads; Electricity; Investing in the people of Uganda; Prioritizing money earning projects; Management of natural disasters; and International commitments.,other,,,,
2023,The other six pillars which support the primary pillar include: Infrastructure and Economic Services; Financial Inclusion (FI); Social Services; Community Mobilization and Mind-set Change; 15 Parish Development Management Information System (PDMIS); and Governance and Administration.,governance_and_controls,,,,
2023,"Consequently, there was delayed disbursement to SACCO beneficiaries which affected the intended timely transformation of the subsistence households into the money economy.",other,,,,
2023,I informed the Accounting Officers that the matter of delayed disbursement would be brought to the attention of MoFPED.,other,,,,
2023, Delayed training in the application of the lending tool (PDMIS).,other,,,,
2023,"31  Most of the projects which incurred commitment fees over and above UGX.3Bn in the year included the Grid Rural Electrification, Opuya Moroto 132kv and the Upgrade Rwenjuye Apac–Lira Road under the IDB loans.",other,,,,
2023,"He further highlighted that Payment of commitment fees was undesirable and where it occurred, it was attributed to the key constraints identified in project implementation such as design challenges, right of way, delayed procurements, unreadiness of projects at loan/grant contracting stage, delays in fulfilling both disbursement and effectiveness conditions, poor project management, absence of counterpart funds, and slow land acquisition.",procurement_irregularities,"project implementation such as design challenges, right of way, delayed procurements, unreadiness; project management, absence of counterpart funds, and slow land acquisition",,,"loan/grant contracting stage, delays in fulfilling both disburse"
2023,2.1.8.9 Review of loan Agreements Review of different loans entered into between the Gou and different funders was conducted and the following observations made; 2.1.8.9.1 Review of interest rate swap agreements The Government of Uganda entered into a loan agreement with Stanbic Bank and Standard Chartered Bank to facilitate the payments of a loan acquired for the construction of the Karuma Dam.,other,,,,loan Agreements Review of different loans entered into between t; loan agreement with Stanbic Bank and Standard Chartered Bank to 
2023,These agreements were to run from FY 2018/19 across the duration of the contract.,other,,,,
2023,LOAN NUMBER LOAN NAME DONOR AMOUNT PAID (UGX) 20875000 331858 Muzizi hydropower plant-Cancellation KFW 0.931 20876000 CUG 1054 Muzizi Hydro Power- cancellation & Commitment fees AFD 4.633 Total 5.564 Failure to satisfy loan obligations leads to loss of public funds and negatively impacts on the image of the Government on the international scene.,other,,,,LOAN NUMBER LOAN NAME DONOR AMOUNT PAID (UGX) 20875000 331858 Mu; KFW 0
2023,This is further highlighted in the Medium Term Debt Strategy which restricts non concessional/commercial loans to financing infrastructure and self - financing projects through on-lent agreements that have the capacity of generating non tax revenue to enable debt repayment.,other,,,,
2023,"However, I obtained and reviewed the external debt stock and noted that the Government obtained two (2) non-concessional loans for FY 22/23 amounting to USD.739,812,180 which was intended for budget support instead of infrastructure development.",other,,,,
2023,"The Accounting Officer explained that in line with the Public Debt Management Framework and the Medium-Term Debt Strategy, highly non-concessional and commercial borrowing including Budget Support had been restricted to financing infrastructure projects that are within the annual budget.",other,,,,
2023,"Details of analysis are shown in the Table below; Table 20: Table Showing Analysis of Domestic arrears for the last five financial years (Amounts in UGX Tn) Liabilities 2018/2019 2019/2020 2020/2021 2021/2022 2022/2023 Borrowings 46.408 56.884 69.602 77.967 86.078 Payables 3.335 3.839 4.652 7.578 10.502 Pension liabilities 0.292 0.274 0.162 0.471 0.316 Deposits 0.200 0.225 0.703 0.824 0.603 Total liabilities 50.235 61.222 75.119 86.840 97.499 %movement 0 22% 19% 13% 12.27% It was further noted there is a persistent Growth of domestic arrears in number of votes with 100% increase from the previous financial year as indicated in the table below; Table 21: Table Showing Growth in Domestic Arrears from Previous Financial year SN Ministry/Department F/Y 2021/2022 UGX -Bn F/Y 2022/2023 UGX-Bn %age Increase 1 Treasury Operations 4,583.011 5,989740 31 36 SN Ministry/Department F/Y 2021/2022 UGX -Bn F/Y 2022/2023 UGX-Bn %age Increase 2 Ministry of Finance, Planning and Economic 473.154 976.498 106 3 Uganda National Roads Authority 471.827 621.496 32 4 Ministry Of Defence 235.821 425.570 80 5 Ministry Of Works And Transport 75.367 215,418 186 6 Ministry Of Water & Environment 93.048 196.027 111 7 Prisons 81.658 182.356 123 8 Ministry Of Education And Sports 77.427 127.208 64 9 Police 77.318 108.971 41 10 KCCA 9.238 103.858 1024 11 NITA-U 21.847 40.196 84 This further supports the declining control system of Government Debt, and the need to rethink the current control measures being applied.",delayed_payments,,,Ministry/Department F/Y 2021/2022 UGX -Bn F/Y 2022/2023 UGX-Bn %age Increase 1 Treasury ; Ministry/Department F/Y 2021/2022 UGX -Bn F/Y 2022/2023 UGX-Bn %age Increase 2 Ministry ,
2023,"Therefore, since the PFM processes build on each other and are interrelated involving several Government entities, I undertook a PFM audit on six (06) selected Government entities namely: Ministry of Finance, Planning and Economic Development(MoFPED), Uganda Revenue Authority(URA), Parliament, Ministry of Works and Transport(MoWT), Ministry of Water and Environment (MoWE) and Ministry of Health (MoH); to identify any systemic performance problems and their underlying root causes to facilitate making evidence based recommendations for corrective action.",other,,,"Ministry of Finance, Planning and Economic Development(MoFPED), Uganda Revenue Authority; Parliament, Ministry of Works and Transport(MoWT), Ministry of Water and Environment (MoWE",
2023,2 Enterprise Uganda Limited Company Limited by Guarantee 3 Uganda Energy Credit Capitalization Co.,other,,Limited Company Limited by Guarantee 3 Uganda Energy Credit Capitalization Co,,
2023,"Reason for non-consolidation not Availed 6 Production Enterprises Corporation Limited Reason for non-consolidation not Availed 7 Kampala Industries and Business Park Limited Reason for non-consolidation not Availed 8 Science and Technology Equipment Production (Unit) Ltd Reason for non-consolidation not Availed 9 Housing Finance Investments Reason for non-consolidation not Availed 10 Bujagali Energy Limited Concession 11 Dairy Corporation Limited Reason for non-consolidation not Availed Entities not disclosed in the summary Statement 12 Uganda Fisheries Enterprises Limited Reason for non-consolidation not Availed 13 Insurance Training college Reason for non-consolidation not Availed 14 Uganda Telecommunications Corporation Limited(UTCL) Reason for non-consolidation not Availed 15 Uganda Hotel and Tourism Training Institute Reason for non-consolidation not Availed I also noted that whereas eleven (11) Companies were stated as not consolidated in the consolidated summary statement of financial performance of public corporations and state enterprises due to their management not being traceable or dormant, the listing of the eleven (11) companies was not disclosed in the summary statement.",other,,Limited Reason for non-consolidation not Availed 7 Kampala Industries and Business Park; Limited Reason for non-consolidation not Availed 8 Science and Technology Equipment Pro,Corporation Limited Reason for non-consolidation not Availed 7 Kampala Industries and Busin; Corporation Limited Reason for non-consolidation not Availed Entities not disclosed in the ,
2023,"From the financial performance analysis undertaken, I noted the following; 45 c) Profitability of Enterprises I analysed profitability of twenty (23) public corporations and state enterprises and noted that only fourteen (14) made profits/surplus in the year under review, with Uganda Electricity Transmission Company Limited (UETCL), National Water and Sewerage Corporation (NWSC), Civil Aviation Authority (CAA) Uganda Electricity Generation Company (UEGCL) and National Housing and Construction Company Limited posting profits of UGX.95Bn, UGX.41Bn, UGX.40Bn, UGX.34Bn and UGX.33Bn, respectively.",other,,"Company Limited (UETCL), National Water and Sewerage Corporation (NWSC), Civil Aviation; Company (UEGCL) and National Housing and Construction Company Limited posting profits o","Corporation (NWSC), Civil Aviation Authority (CAA) Uganda Electricity Generation Company (U",
2023,"In comparison with the previous year, a number of state enterprises and corporations including; Uganda Electricity Distribution Company, Uganda Printing and Publishing Corporation, New Vision Printing and Publishing Company Limited, Uganda Air Cargo Corporation, Uganda Railways Corporation and Uganda National Airlines Company registered an increment in losses.",other,,"Company, Uganda Printing and Publishing Corporation, New Vision Printing and Publishing; Company Limited, Uganda Air Cargo Corporation, Uganda Railways Corporation and Uganda N","Corporation, New Vision Printing and Publishing Company Limited, Uganda Air Cargo Corporati; Corporation and Uganda National Airlines Company registered an increment in losses",
2023,"Entity 2022/2 023 (UGX Bn) 2021/2 022 (UGX Bn) % Increase /Decreas e Response 1 Uganda Electricity Transmission Company 95 37.70 152 The increase was majorly due to a foreign exchange gain of UGX.60.16Bn recognised during the year and increase in energy sales by UGX.35.298,000,0 from UGX 1,350,394,000 in the previous year.",other,,Company 95 37,,
2023,2 National Water and Sewerage Corporation 41 -38.87 205 Profitability of the Corporation has substantially improved through efficiency gains and business growth.,other,,,Corporation 41 -38; Corporation has substantially improved through efficiency gains and business growth,
2023,"4 Uganda Electricity Generation Company 34 27.86 22 No Management response 5 National Housing and Construction Company Limited 33 15.38 115 Management attributed the profits improvement in the FY 20/21 and 22/23 to fair value gains on investment property, while the low profits registered in 46 No .",other,,Company 34 27; Company Limited 33 15,,
2023,"Entity 2022/2 023 (UGX Bn) 2021/2 022 (UGX Bn) % Increase /Decreas e Response FY 21/22 was a result of the low sale of housing stock 6 NEC Luwero Industries Limited 8 7.88 2 No Management response 7 NEC Construction Works & Engineering Limited 5 4.35 15 No Management response 8 NEC AGRO SMC Limited 4 1.64 144 No Management response 9 Mandela National Stadium 2 78.79 -98 The Accounting Officer explained that stadium was under renovation and upgrade by the UPDF Engineering Brigade and the surplus would improve once the facilities are fully rehabilitated and the company resumes normal operation 10 Insurance Training College 2 1.99 0.5 Management has put in place strategies to enhance revenue growth as well as manage costs to increase the surplus 11 Uganda Posts Limited 0.905 0.805 12 No Management response 12 Insurance Regulatory Authority 0.44 3.66 -88 No Management response 13 Soroti Fruits Limited 0.824 -5.50 115 Management is continuously improving its efficiency, and innovation in production, marketing and quality to increase revenue generation.",other,,Limited 8 7; Limited 5 4,Authority 0,
2023,"Management is also lobbying for funding from the Government to help in implementing various marketing activities such as advertising, promotions, procurement of distribution infrastructure and putting in place international certifications such as FSSC 220000.",procurement_irregularities,,,,
2023,"17 Uganda Electricity Distribution Company -2 -0.09 2122 The net deficit was attributed to unclaimed depreciation charge disallowed by ERA is order to keep the tariff low 18 Uganda Printing and Publishing Corporation -3 1.20 -350 No Management response 19 New Vision Printing and Publishing Company Limited -5 0.99 -605 No Management response 20 Uganda Air Cargo Corporation -10 -9.04 11 No Management response 21 Uganda Development corporation -24.8 -6.4 287 No Management response 22 Uganda Railways Corporation -35.17 -32.33 9 This is attributed to sharp increase in the administrative expenses which included contract staff salaries, legal expenses, consultancy services and consultancy and engineering design studies which increased from UGX 19.286Bn last year (2021/22) to 31.208 in the current year (2022/23).",other,,Company -2 -0; Company Limited -5 0,Corporation -3 1; Corporation -10 -9,
2023,"d) Operating Margin I analysed the Operating margin of fifteen (15) public corporations and state enterprises to measures the extent to which they were able to meet their operating costs, while remaining profitable and I noted that only Uganda Electricity Generation Company (22.5%) and Uganda Electricity Distribution Company (16.8%) had operating margin higher than 15% which was considered good however these also declined from the previous year from 31.4% and 24.9% respectively.",other,,Company (22; Company (16,,
2023,"I further noted that despite having operating margin lower than 15%, the operating margins of; Civil Aviation Authority, Uganda Electricity Transmission Company, Uganda Posts Limited, New Vision Printing and Publishing Company Limited, National Water and Sewerage Corporation had improved from the prior year.",other,,"Company, Uganda Posts Limited, New Vision Printing and Publishing Company Limited, Nati","Authority, Uganda Electricity Transmission Company, Uganda Posts Limited, New Vision Prin; Corporation had improved from the prior year",
2023,"Additionally, despite having operating margin lower than 15%, the operating margins of; NEC Construction Works & Engineering Limited, NEC Uzima Limited, NEC AGRO SMC No Entity 2022/202 3 (UGX Bn) 2021/2022 (UGX Bn) % Increase /Decreas e Response 1 Bank of Uganda 231.2 502.9 -54.03 No management response 2 Housing Finance Bank 58.5 40.9 43.03 No management response 3 Uganda Development Bank Ltd 42.5 38.8 9.54 No management response 4 Post Bank Limited 15.1 12.2 23.77 No management response 5 Microfinance Support Centre Ltd 3.61 11.1 -67.48 No management response 49 Limited, Insurance Regulatory Authority, Insurance Training College, Uganda National Airlines Company Limited, NEC Farm Katonga Limited, Uganda Railways Corporation had further declined from the previous year.",other,,"Limited, NEC Uzima Limited, NEC AGRO SMC No Entity 2022/202 3 (UGX Bn) 2021/2022 (UGX B; Ltd 42","Authority, Insurance Training College, Uganda National Airlines Company Limited, NEC Farm; Corporation had further declined from the previous year",
2023,Uganda Electricity Generation Company 22.50 31.40 -8.90 This was attributed to increased administration costs arising from the takeover of Nalubaale- Kiira dam 2.,other,,Company 22,,
2023,Uganda Electricity Distribution Company 16.80 24.9 -8.1 The performance decline was attributed to rising costs of sales and staff and administrative expenses.,other,,Company 16,,
2023,"Uganda Electricity Transmissio n Company 9.00 4.00 5.00 This increase can be primarily attributed to a decline in the Company’s total expenses, indicating an increased proportion of revenues available to cover operational costs, thereby facilitating profit generation 50 S n Entity Operating Margin (%) Increase/Decrea se Reason 2022/2023 2021/2022 5.",other,,"Company 9; Company’s total expenses, indicating an increased proportion of revenues available to c",,
2023,National Water and Sewerage Corporation 5.90 -0.26 6.16 The profitability of the Corporation has substantially improved through efficiency gains and business growth.,other,,,Corporation 5; Corporation has substantially improved through efficiency gains and business growth,
2023,NEC Constructio n Works & Engineering Limited 5.9 8.8 -2.90 This was attributed to persistent global price increases in the foreign exchange rate and construction materials.,other,,Limited 5,,
2023,"The worst performing enterprises were; Uganda Development Corporation, New Vision Printing and Publishing Company Limited, Uganda Printing and Publishing Corporation, Uganda Railways Corporation, NEC Farm Katonga Limited and Uganda Electricity Distribution Company among others.",other,,"Company Limited, Uganda Printing and Publishing Corporation, Uganda Railways Corporatio; Limited and Uganda Electricity Distribution Company among others","Corporation, New Vision Printing and Publishing Company Limited, Uganda Printing and Publis; Corporation, Uganda Railways Corporation, NEC Farm Katonga Limited and Uganda Electricity D",
2023,"For the electricity sub-sector, the low ROAs were attributed to delayed project completion, ineffective asset management, increased technical and commercial costs.",other,"project completion, ineffective asset management, increased technical and commercial costs",,,
2023,2 NEC Luwero Industries Limited 14.90 17 The Accounting Officer explained that the slight reduction in profitability attributed to an increase in salaries and the cost of construction of a new landfill during the year.,other,,Limited 14,,
2023,4 National Water and Sewerage Corporation 0.8 -0.03 This ratio greatly improved due to heavy investment on income generating infrastructure coupled with efficiency gains.,other,,,Corporation 0,
2023,"5 National Housing and Construction Company Limited (F/Ss June 2020) 4.80 0.10 The Accounting Officer explained that the Company asset portfolio and classification, are largely in form of investment properties such as land for future project development, properties and construction equipment.",other,"project development, properties and construction equipment","Company Limited (F/Ss June 2020) 4; Company asset portfolio and classification, are largely in form of investment propertie",,
2023,"These have been largely held for NHCCL project use 6 NEC Construction Works & Engineering Limited 4.40 7.50 Performance was attributed persistent global price increases in construction materials after costing the projects and contracts prices had been drawn and signed 7 Uganda Electricity Transmission Company 2.28 1.06 The inadequacy of the ROA can be attributed to the presence of several on-going projects that are still under Work in Progress (WIP) status, currently not generating revenue.",other,project use 6 NEC Construction Works & Engineering Limited 4,Limited 4; Company 2,,
2023,"9 Uganda Electricity Generation Company 1.04 0.93 This was attributed to operational inefficiencies such as; increased operating costs, delays in project completion, particularly the on- going Karuma Hydropower Project (HPP).",other,"project completion, particularly the on- going Karuma Hydropower Project (HPP)",Company 1,,
2023,"12 Uganda Posts Limited 0.8 0.9 No Management response 13 Insurance Regulatory Authority 0.6 5.3 No Management response 14 Nile Hotel International limited 0.4 0.4 No Management response 15 Insurance Training College 0.14 0.12 No Management response 16 Soroti Fruits Limited 0.016 -0.12 The asset base was reported to also have increased slightly from UGX.45.035 billion in the prior year to UGX.51.303 billion as at 30th June 2023 17 Uganda Electricity Distribution Company -0.11 -0.004 This decline in ROA could be attributed to various factors, such as; ineffective asset management, increased operational costs, increased technical and commercial losses or a decline in revenue generation relative to the asset base.",other,,Limited 0; limited 0,Authority 0,
2023,"Examples included; UETCL, National Water and Sewerage Corporation, National Housing and Construction Company Limited, UEGCL, NEC Luwero Industries Limited, and NEC Construction Works & Engineering Limited, Uganda Development Bank Ltd, Post Bank Limited among others The enterprises attributed the non-payment of dividends to retention of funds to fund planned investments/projects.",other,,"Company Limited, UEGCL, NEC Luwero Industries Limited, and NEC Construction Works & Eng; Limited, Uganda Development Bank Ltd, Post Bank Limited among others The enterprises at","Corporation, National Housing and Construction Company Limited, UEGCL, NEC Luwero Industrie",
2023,"Eight (8) entities had ratios below 1.5 and may have a challenge of paying their obligations as and when they fall due, these included; Uganda Printing and Publishing Corporation, Nile Hotel international limited, NEC Construction Works & Engineering Limited, New Vision Printing and Publishing Company Limited, Uganda Railways Corporation, Uganda posts limited, Uganda National Airlines Company Limited and Uganda Electricity Generation Company.",other,,"limited, NEC Construction Works & Engineering Limited, New Vision Printing and Publishi; Company Limited, Uganda Railways Corporation, Uganda posts limited, Uganda National Air","Corporation, Nile Hotel international limited, NEC Construction Works & Engineering Limited; Corporation, Uganda posts limited, Uganda National Airlines Company Limited and Uganda Elec",
2023,Table 28: Liquidity Assessment No Entity Current Ratio Remarks 2022/2023 2021/2022 1 Uganda Development corporation 56.4 46.3 No management response 2 Mandela National Stadium 45.70 30.03 The decline in revenue generated during the year under review was attributed to the fact that the Company did not receive the balance of UGX.17.764Bn government support to complete the renovation works for phase one 3 NEC Farm Katonga Limited 39.20 0.00 No management response 4 NEC Luwero Industries Limited 23.20 20.30 No management response 5 Uganda Electricity Distribution Company 12.50 10.50 This performance was attributed to an increase in the Company’s current asset during the year under review 6 Soroti Fruits Limited 9.60 4.90 This performance was attributed to an abrupt increase in current assets from UGX.3.317 Bn in the previous year to UGX.,other,,Company did not receive the balance of UGX; Limited 39,corporation 56,
2023,"11.178 Bn in the current year 56 No Entity Current Ratio Remarks 2022/2023 2021/2022 7 Civil Aviation Authority 4.47 4.00 No management response 8 Insurance Training College 3.90 2.40 This performance may be attributable to the decrease in payables and accrued expenses 9 NEC AGRO SMC Limited 3.80 10.71 The company’s high current ratio is attributed to the nature of business the company is engaged which requires it to keep cash available to settle suppliers 10 Uganda Air Cargo Corporation 3.30 3.60 debtors contribute 69.2% of total near cash assets (current assets) and that it shall endeavour to have the outstanding debts collected in order to realize the cash collected 11 NEC Uzima Limited 2.40 2.20 The Accounting Officer explained that as the company increases its operations, more supplies in form of raw materials, consumables and other supplies also increase 12 National Water and Sewerage Corporation 2.08 1.74 The ration shows improvement.",other,,Limited 3; company’s high current ratio is attributed to the nature of business the company is eng,Authority 4; Corporation 3,
2023,13 Uganda Electricity Transmission Company 2.02 2.05 The registered performance during the period could be attributed to a slight decline of 4.33% in the current assets such as cash and bank balances and trade and other receivables 14 Insurance Regulatory Authority 1.6 2.0 No management response 15 Uganda Printing and Publishing Corporation 1.40 2.80 UPPC is also prioritizing paying its suppliers to improve its working capital.,other,,Company 2,Authority 1; Corporation 1,
2023,16 Nile Hotel international limited 1.1 27 No management response 17 NEC Construction Works & Engineering Limited 1.10 1.30 Accounting Officer explained that a deeper analysis will be undertaken to determine what is affecting the liquidity position of the company.,other,,limited 1; Limited 1,,
2023,"18 New Vision Printing and Publishing Company Limited 1.00 1.56 No management response 19 Uganda Railways Corporation 0.99 2.78 This is majorly attributable to the reclassification of Other Receivables (28Bn due from UNRA relating to 57 No Entity Current Ratio Remarks 2022/2023 2021/2022 flyover and 69Bn due from MoFPED, relating to Nsambya Land Compensation) to Contingent assets 20 Uganda posts limited 0.9 0.8 No management response 21 Uganda National Airlines Company Limited 0.82 1.40 No management response 22 Uganda Electricity Generation Company 0.24 0.27 This was attributed to inclusion of current liabilities from the Isimba loan, recognition of only energy sold, rather than the capacity of the HPP as outlined in the Power Purchasing Agreements which results in a disproportionate increase in short-term obligations compared to current assets.",land_and_right_of_way,,Company Limited 1; limited 0,Corporation 0,"loan, recognition of only energy sold, rather than the capacity "
2023,"Entity Debt Ratio (%) Reason 2022/2023 2021/2022 1 Uganda Electricity Generation Company 88.00 88.00 The energy billing approach has hindered the company’s ability to efficiently service the loan due to lower revenues, despite MoFPED advising UEGCL to make payments within its capacity, given that the loans are government-guaranteed.",other,,"Company 88; company’s ability to efficiently service the loan due to lower revenues, despite MoFPED",,"loan due to lower revenues, despite MoFPED advising UEGCL to mak"
2023,2 NEC Construction Works & Engineering Limited 86.30 66.60 Accounting Officer explained that a deeper analysis will be undertaken to determine what is affecting the liquidity position of the company.,other,,Limited 86; company,,
2023,3 Uganda Electricity Distribution Company 82.55 10.31 The Company debt primarily arises from the financial liability on the buy- out amount of UMEME 4 National Water and Sewerage Corporation 66.95 64.95 The Corporation is implementing a number of water projects across the country.,other,,Company 82; Company debt primarily arises from the financial liability on the buy- out amount of UM,Corporation 66; Corporation is implementing a number of water projects across the country,
2023,"5 Uganda Electricity Transmission Company 66.09 67.40 The high debt ratio can be attributed to various factors, including; the company’s financial decisions, capital structure, and borrowing activities during the period.",other,,"Company 66; company’s financial decisions, capital structure, and borrowing activities during the p",,
2023,"11 Uganda Air Cargo Corporation 7.20 7.67 Management shall strive to enter into Partnerships and Joint ventures with potential partners with the sole intention of increasing revenue generation, hence return the Corporation to a profit-making path 12 Nile Hotel international limited 2.8 0.2 No Management response 13 Uganda Railways Corporation 1.69 3.07 No Management response 14 NEC Luwero Industries Limited 1.30 2.50 No Management response 15 Soroti Fruits Limited 0.23 0.01 The observed gearing level was attributed to a KOICA grant of UGX.10.555 billion which increased the Company’s debt portfolio in the current year 16 Uganda Post Limited 0.2 0.3 No Management response 17 National Housing and Construction Company Limited (F/Ss June 2020) 0.14 0.00 The Accounting Officer explained that it is the company’s deliberate action to maintain low company gearing ratios on account of financing costs having a significant cost effect on housing unit pricing.",other,,limited 2; Limited 1,Corporation 7; Corporation to a profit-making path 12 Nile Hotel international limited 2,grant of UGX
2023,"Government is organized in 20 programmes as listed in the table below; Table 31: Showing the 20 programmes No Programme Lead Entity 1 Agro-Industrialization Programme Ministry of Agriculture 2 Governance and Security Programme Office of the President 3 Public Sector Transformation Programme Ministry of Public Service 4 Regional Development Programme Ministry of Local Government 5 Administration of Justice Judiciary 6 Legislation, Oversight and Representation Parliamentary Commission 7 Mineral Development Programme Ministry of Energy 8 Sustainable Development of Petroleum Resources Ministry of Energy 9 Climate Change, Natural Resources , Environment and Water Management Development Programme Ministry of Water 10 Sustainable Energy Development Programme Ministry of Water 11 Sustainable Urbanization and Housing Ministry of Lands 12 Human Capital Development Programme Ministry of Education 13 Community Mobilization and Mindset Change Programme Ministry of Gender 14 Tourism Development Programme Ministry of Tourism 15 Private Sector Development Programme Ministry of Finance 16 Manufacturing Programme Ministry of Trade 17 Digital Transformation Programme Ministry of ICT 18 Innovation, Technology Development and Transfer Ministry of Science 19 Development Plan Implementation Programme Ministry of Finance 20 Integrated Transport Infrastructure and Services Ministry of Works Planning and budgeting for the financial year 2022/2023 was done following the programmatic approach, and efforts were made to align the implementation and reporting of performance to the same.",governance_and_controls,Programme Lead Entity 1 Agro-Industrialization Programme Ministry of Agriculture 2 Governance and S; Programme Office of the President 3 Public Sector Transformation Programme Ministry of Public Servi,,Ministry of Agriculture 2 Governance and Security Programme Office of the President 3 Pu; Ministry of Public Service 4 Regional Development Programme Ministry of Local Government,
2023,"At programme/entity level a) Performance of Programme warrants I compared the revised budgets and warrants for each of the programmes and observed that 19 of the 20 programmes were underfunded by UGX.2.646Tn (5.8%) as shown in the table below; Table 32: Performance of warrants by programmes No Program Name Sum of Revised Budget (UGX) Tn Sum of Total Warrants (UGX) Tn Variance (UGX) Tn 1 Agro-Industrialization 1.012 0.906 0.106 2 Mineral Development 0.024 0.016 0.009 3 Sustainable Petroleum Development 0.881 0.835 0.047 4 Manufacturing 0.586 0.519 0.067 5 Tourism Development 0.205 0.113 0.092 6 Natural Resources, Environment, Climate Change, Land And Water 0.423 0.369 0.055 7 Private Sector Development 1.598 1.571 0.027 8 Sustainable Energy Development 0.651 0.482 0.169 9 Integrated Transport Infrastructure And Services 3.373 2.899 0.475 10 Sustainable Urbanisation And Housing 0.108 0.091 0.018 11 Digital Transformation 0.249 0.212 0.037 12 Human Capital Development 7.828 7.362 0.467 13 Innovation, Technology Development And Transfer 0.250 0.214 0.036 14 Public Sector Transformation 0.873 0.841 0.031 15 Community Mobilization And Mindset Change 0.116 0.101 0.015 16 Governance And Security 8.146 7.902 0.244 17 Regional Balanced Development 0.072 0.053 0.019 18 Development Plan Implementation 18.055 17.333 0.722 19 Administration Of Justice 0.403 0.391 0.012 20 Legislation, Oversight And Representation 0.915 0.915 - Total* 45.771 43.124 2.646 66 *The revised budget of UGX.45.771Tn is different from the revised GoU budget of UGX.52.548Tn by UGX.6.777Tn which relates to project financing and local revenue which could not be broken down by programmes.",governance_and_controls,programme/entity level a) Performance of Programme warrants I compared the revised budgets and warr; Program Name Sum of Revised Budget (UGX) Tn Sum of Total Warrants (UGX) Tn Variance (UGX) Tn 1 Ag,,,
2023,"Table 33: Utilization of warrants by Programmes No Program Name Sum of Total Warrants (UGX) Tn Sum of Total payments (UGX) Tn Variance (UGX) Tn 1 Agro-Industrialization 0.906 0.830 0.076 2 Mineral Development 0.016 0.015 0.000 3 Sustainable Petroleum Development 0.835 0.831 0.004 4 Manufacturing 0.519 0.508 0.011 5 Tourism Development 0.113 0.109 0.004 6 Natural Resources, Environment, Climate Change, Land And Water 0.369 0.345 0.024 7 Private Sector Development 1.571 1.563 0.008 8 Sustainable Energy Development 0.482 0.471 0.011 9 Integrated Transport Infrastructure And Services 2.899 2.837 0.062 10 Sustainable Urbanisation And Housing 0.091 0.090 0.001 11 Digital Transformation 0.212 0.208 0.005 12 Human Capital Development 7.362 6.910 0.451 13 Innovation, Technology Development And Transfer 0.214 0.214 0.000 14 Public Sector Transformation 0.841 0.746 0.095 15 Community Mobilization And Mindset Change 0.101 0.098 0.003 16 Governance And Security 7.902 7.811 0.092 67 No Program Name Sum of Total Warrants (UGX) Tn Sum of Total payments (UGX) Tn Variance (UGX) Tn 17 Regional Balanced Development 0.053 0.049 0.004 18 Development Plan Implementation 17.333 14.543 2.790 19 Administration Of Justice 0.391 0.365 0.026 20 Legislation, Oversight And Representation 0.915 0.906 0.009 Total* 43.124 39.449 3.676 *The warrants of UGX.43.124Tn are different from the total GoU warrants of UGX.49.226Tn by UGX.6.102Tn which relates to project financing and local revenue.",governance_and_controls,Program Name Sum of Total Warrants (UGX) Tn Sum of Total payments (UGX) Tn Variance (UGX) Tn 1 Ag; Program Name Sum of Total Warrants (UGX) Tn Sum of Total payments (UGX) Tn Variance (UGX) Tn 17 R,,,
2023,"Underutilization of warrants was caused by; the late release of funds, delays in undertaking procurements, delayed completion of works, delayed compensation of project affected persons (PAPs), staffing gaps and delayed recruitment of staff.",procurement_irregularities,"project affected persons (PAPs), staffing gaps and delayed recruitment of staff",,,
2023,"I advised the PS/ST to empower the programme heads to ensure that Accounting Officers of the contributing entities undertake procurements in a timely manner, strengthen contract supervision and ensure that the staffing gaps are filled.",procurement_irregularities,programme heads to ensure that Accounting Officers of the contributing entities undertake procureme,,,
2023,Consultations with the PS MOH revealed that the procurement of the COVID was done based on speculation since the pandemic was still around.,procurement_irregularities,,,,
2023,"In addition, the deliveries were not following the cycles which meant delayed deliveries that caused disruptions in patient treatment.",other,,,,
2023,c) Delayed recruitment of Health workers The First Budget Call Circulars on preparation of BFPs require the recruitment to be concluded by 31st December.,other,,,,
2023,"Additionally, delayed recruitments have led to increase of temporary staff in health facilities which staff are locally appointed without following the stipulated recruitment procedures.",other,,,,
2023,This means that the funds for the procurement of EHMS are budgeted for under NMS.,procurement_irregularities,,,,
2023,This equipment needed repair All hospitals had functional but idle equipment not in use especially the ICU Equipment procurement by Ministry of Health.,procurement_irregularities,,,Ministry of Health,
2023,"3.2.2 INTEGRATED TRANSPORT INFRASTRUCTURE AND SERVICES PROGRAM a) Commitment charges incurred due to delayed absorption of loans from development partners I reviewed the total cumulative disbursements for three (3) donor funded road projects implemented by UNRA which included; North Eastern Road-Corridor Asset Management Project (NERAMP), Kabale-Lake Bunyonyi/ Kisoro-Mgahinga Roads Upgrading Project and Kampala-Jinja Expressway (KJE) Project and noted a total of Undisbursed loan funds as at 30th June 2023 of USD 458.759Mn.",other,"PROGRAM a) Commitment charges incurred due to delayed absorption of loans from development partne; Project (NERAMP), Kabale-Lake Bunyonyi/ Kisoro-Mgahinga Roads Upgrading Project and Kampala-Jinja",,,loan funds as at 30th June 2023 of USD 458
2023,This was majorly caused by delays in procurement processes and instances of lengthy approvals of project activities by the development partners.,procurement_irregularities,project activities by the development partners,,,
2023,I advised the Accounting Officer to engage development partners and other stakeholders to come up with measures to reduce delays in procurement process of contractors for civil works as well as the lengthy approvals of project activities.,procurement_irregularities,project activities,,,
2023,75 b) Interest charges on delayed payment to contractors I reviewed the financial statements of UNRA and MOWT and noted that outstanding payments/payables amount to UGX.804.26bn (UGX.588.77bn for UNRA and UGX.215.49bn for MOWT) as at 30th June 2023.,delayed_payments,,,,
2023,Long outstanding payables is an indication of poor budgeting and causes a risk of litigation and payment of penalties (Interest) for delayed payments.,delayed_payments,,,,
2023,"d) Delayed construction of SGR SGR project Construction for Malaba-Kampala route (273km) first phase which was expected to cover only 15.8% of the total proposed project length of 1,724km has not yet commenced.",other,"project Construction for Malaba-Kampala route (273km) first phase which was expected to cover onl; project length of 1,724km has not yet commenced",,,
2023,b) Failure to Disburse Royalties to Land Owners and Eligible Local Governments Review of the royalties sharing fund account at the Ministry of Energy and Mineral Development revealed that that the account had accumulated a total of UGX.,other,,,Ministry of Energy and Mineral Development revealed that that the account had accumulate,
2023,"d) Failure to collect Gold export levies The Minister of Energy and Mineral Development issued a Statutory Instrument, requiring collection of levies on processed gold exports at rate of USD 200/Kg.",other,,,,
2023,I undertook a comprehensive review of the procurement and distribution of FMD veterinary medical supplies by MAAIF in the financial years 2021/2022 and 2022/2023 and observed that there were challenges in the management of the interventions.,procurement_irregularities,,,,
2023, The procurement processes for the vaccines and equipment took an average of five (5) to eight (8) months from initiation to actual contract signing compared to the planned three (3) months resulting in an average delay of four (4) months.,procurement_irregularities,,,,
2023,"Similarly, the actual deliveries delayed for a period between 41 to 240 days.",other,,,,
2023,Delays in procurement and distribution delays the timely response to outbreaks thus leading to loss of livestock.,procurement_irregularities,,,,
2023,"In addition, the Accounting Officer should eliminate all inefficiencies within the procurement process to eliminate delays in procurement.",procurement_irregularities,,,,
2023,I undertook a comprehensive review of this intervention and observed the following;  The procurement processes of 200 tractors worth UGX.27.9Bn took up to 311 days (10 months) from initiation to actual contract signing instead of 81 days resulting into a delay of more than 7 months (230 days) due to the delayed clearance of the contract by the Attorney General.,procurement_irregularities,,,,
2023, The procurements for 14 heavy earth moving equipment worth UGX.17.82Bn experienced an average delay of 132 days (4 months) with some deliveries delaying up to 202 days (7 months).,procurement_irregularities,,,,
2023,Delays in procurement and distribution of tractors and heavy equipment undermines the promotion of agricultural mechanization and denies opportunity to befitting communities or farmers.,procurement_irregularities,,,,
2023,"d) Procurement and distribution of farm machinery, value addition and agro-processing facilities by NAADS During Financial years 2021/2022 and 2022/2023, a sum of UGX.42.8Bn was received against a budget of UGX.66.1Bn to undertake the procurement and distribution of farm machinery, value addition facilities and agro-processing facilities.",procurement_irregularities,,,,
2023,Below are my findings 81 e) Procurement and distribution of maize milling equipment by NAADS  Seven (7) maize milling equipment worth UGX.0.56Bn were delivered to the beneficiaries without adequately assessing the technical and financial capacity of the beneficiaries which resulted in farmers failing to maintain the equipment.,procurement_irregularities,,,,
2023,"For instance, one (1) beneficiary in Kiryandongo district who received a semi- automated mini-maize milling equipment worth UGX.0.17Bn had only 12 members instead of the required minimum of 20 and was also facing high electricity costs.",other,,,,
2023,"For instance, four (4) maize mills worth UGX.0.266Bn lacked 3 phase power connectivity, while structures for five (5) mills worth UGX.0.33Bn were incomplete.",other,,,,
2023,Delivery of equipment to farmers without capacity to maintain the equipment affects the effective utilization of the equipment while delayed delivery of maize mills is tantamount to delayed service delivery.,other,,,,
2023,"In addition, distribution should be undertaken in a timely manner and in compliance with procurement specifications.",procurement_irregularities,,,,
2023,"f) Procurement and Distribution of Solar Water Pumping Systems by NAADS  One (1) solar pumping system worth UGX.0.311 meant for Mbarara Grape farmers, Nyakayojo, in Mbarara city had not been delivered by the time of inspection in September 2023 and was behind schedule by four (4) months.",procurement_irregularities,,,,
2023," I inspected eight (8) solar water pumping systems and noted that installation of one (1) had been completed, six (6) pumping systems worth UGX0.79Bn were still being installed while one (1) system worth UGX.0.22Bn had been abandoned for over 11 months at the time of inspection.",other,,,,
2023, Two (2) solar water pumping systems worth UGX0.22Bn that had been delivered to the beneficiaries were faulty at the time of inspection and the contractors were yet to have the defects fixed.,contract_management,,,,
2023,82 Delayed delivery and installation of water pumping systems is tantamount to delayed service delivery I advised the Accounting Officer to strengthen contract supervision and ensure that contractors deliver within the contract timelines.,contract_management,,,,
2023,These milk coolers were expected to have been delivered by 8th June 2023 implying a delay of four (4) months by the time of inspection in September 2023.,other,,,,
2023,Delivery of equipment to farmers without capacity defeats the purpose of the investments by Government while delayed delivery and delays to correct defects not only affect functionality of the equipment but also results in delayed service delivery.,contract_management,,,,
2023,I advised the Accounting Officer to ensure that proper needs and capacity assessments are undertaken for beneficiaries and ensure that contractors deliver within the contract timelines.,other,,,,
2023,h) Procurement and distribution of fertilizers by UCDA A study conducted in June 2020 established that 53% of the coffee trees in Uganda are eight (8) years and above while about 35% of the coffee trees are aged 3-7 years.,procurement_irregularities,,,,
2023,I undertook a review of the procurement and distribution of fertilizers in the financial years 2021/2022 and 2022/2023 worth UGX.9Bn and observed the following;  UCDA did not have accurate and reliable data on performance of the coffee yields and incomes of farmers to facilitate accurate assessment of whether the distribution of fertilisers has increased productivity and as such it was difficult to assess the impact of the intervention.,procurement_irregularities,,,,
2023,"Notably, the stores’ size could not accommodate all exhibits and equipment, poor aeration with no fume extraction systems in place, no camera security systems in forensic biology and Microbiology and Bioterrorism laboratory and inadequate power regulators for the cooling facilities.",other,,,,
2023,"b) Relocation of the Commission’s offices Since 2016, the Electoral Commission has been in the process of vacating the former premises on Jinja road to pave way for the construction of the flyover.",other,,,"Commission’s offices Since 2016, the Electoral Commission has been in the process of vacat",
2023,"On this premise government engaged National Housing and Construction company Limited (NHCC) to avail adequate, secure and freehold land at Lweza Lubowa (for the permanent Home), and to provide temporally office space on Plots 1-3 and 5, 7th Street Industrial Area, Kampala for the immediate relocation of EC operations.",other,,"company Limited (NHCC) to avail adequate, secure and freehold land at Lweza Lubowa (for",,
2023,"Following this decision, the Electoral Commission in January 2023 was relocated from Jinja road to its temporally home in industrial area waiting the construction of its permanent home in Lweza –Lubowa.",other,,,Commission in January 2023 was relocated from Jinja road to its temporally home in industr,
2023,"Relatedly, the construction works at Lweza-Lubowa had not yet commenced at the time of finalising my report.",other,,,,
2023,Failure to have works certified derails the customization of the new premises while delayed construction of permanent home implies that the Commission is going to continue incurring avoidable costs as rent.,other,,,Commission is going to continue incurring avoidable costs as rent,
2023,"In addition, the Accounting Officer should engage MoFPED to provide funding for the construction of the Commission’s permanent home in Lweza.",other,,,Commission’s permanent home in Lweza,
2023,The processed certificates experienced average delays ranging from 21 days to 4.5 years translating into an average delay of 1.5 years.,other,,,,
2023,"Delay in the approval and issuance of cleared contracts implies delays in the conclusion procurement processes by the respective entities, resulting in delayed implementation of activities and delivery of services to the intended beneficiaries.",procurement_irregularities,,,,
2023,This has resulted in contract variations.,other,,,,
2023,"For the 28 cases, there were delays ranging from 20 days to 5 years, implying an average delay of over one (1) year.",other,,,,
2023,Delayed communication hinders budgeting and subsequent settlement of the court awards by MDAs.,other,,,,
2023,"Where there were water borne toilets, most of them were not functional and were using buckets.",other,,,,
2023,"I advised the Accounting Officer to liaise with key stakeholders to address the challenges of funding, low and inadequate staffing, and inadequate infrastructure.",other,,,,
2023,Delayed installation and failure to use the systems undermines the purpose of their rollout.,other,,,,
2023,(i) Procurement and distribution of goats I undertook an audit of the procurement and distribution of goats for the Karamoja region for the financial years 2021/2022 and 2022/2023 totalling to UGX.25.38Bn and noted the following;  OPM did not utilize funds amounting to UGX.1.16Bn meant for the procurement of goats for Karamoja region during the FYR 2022/2023.,procurement_irregularities,,,,
2023,"96 (ii) Procurement and distribution of iron sheets I undertook an audit of the procurement and distribution of 35,164 iron sheets for the financial years 2022/2023 totalling to UGX.2.43Bn and noted the following;  Out of the 35,164 iron sheets procured by the Ministry, only 15,272 (43%) iron sheets had been distributed and the balance of 21,332 (57%) iron sheets worth UGX.1.47Bn were still in the OPM stores in Namanve.",procurement_irregularities,,,"Ministry, only 15,272 (43%) iron sheets had been distributed and the balance of 21,332 (",
2023,Delayed distribution of iron sheets negates the purpose for which the iron sheets were procured.,other,,,,
2023,The Accounting Officer explained that the delayed distribution of the iron sheets was occasioned by the investigations that were being carried out by various anti-corruption agencies like Police and Inspectorate of Government (IG).,other,,,,
2023,"From FY.2020/2021, government planned to spend approximately UGX.50Bn to construct 19 zonal Service Uganda Centres (SUCs) with their attendant operational and technical support infrastructure in the following areas: Kampala, Iganga, Mbale, Adjumani, Fort Portal, Jinja, Gulu, Mbarara, Soroti, Masaka, Hoima, Arua, Lira, Moroto, Kabale, Tororo, Kamwenge, Kotido and Rukungiri.",other,,,,
2023,Failure to secure titled land has delayed the implementation of this intervention.,other,,,,
2023,"The center had also not completed the construction of the generator house, therefore the heavy-duty generator procured at a cost of UGX.88.7million had not put to use.",other,,,,
2023,Delayed operationalisation of the centres delays the achievement of the objectives of the intervention I advised the Accounting Officer to engage MoFPED for sufficient resources for the construction of the remaining centres.,other,,,,
2023,"Delayed review of the business process, finalization of the legal framework, validation of staff and compensation affect the timely realization of the objectives of the program.",land_and_right_of_way,program,,,
2023,The delay to revolve the funds was attributed to restriction by MoFPED regarding disbursement of funds from the recovery account.,other,,,,
2023,"3.2.10 CLIMATE CHANGE, NATURAL RESOURCES, ENVIRONMENT AND WATER MANAGEMENT PROGRAMME a) Absorption of Project Funds Analysis of funds absorption for a cross section of projects during the period 2022/2023 revealed that UGX 280.241Bn (47%) was actually utilized out of the total funds available of UGX 591.424Bn.",other,PROGRAMME a) Absorption of Project Funds Analysis of funds absorption for a cross section of projec,,,
2023,"Table 35: Table showing funds absorption climate change, natural resource programme SN Project Funder Available funds (UGX Bn)4 Funds Utilised (UGX Bn) Percentage absorption 1 Integrated Water Management and Development Project World Bank-IDA 152.053 71.792 47% 2 Farm Income Enhancement and Forest Conservation Programme Project 3 Islamic Developme nt Bank 1.871 0.569 30% 3 Irrigation for Climate Resilience Project World Bank-IDA 76.4 36.7 48% 4 Investing in Forests and Protected Areas for Climate- smart Development project IDA 26.205 7.566 28% 4 USD Amounts Translated at $1=UGX 3670 100 SN Project Funder Available funds (UGX Bn)4 Funds Utilised (UGX Bn) Percentage absorption 5 Water Supply and Sanitation on Refugee Hosting Communities in Northern Uganda (KfW) Project German Financial Cooperatio n (KfW) 33.96 23.96 70% 6 Makerere University Regional Centre for Crop Improvement (MaRCCI) World Bank 4.451 2.169 49% 7 OPEC Fund for International Development Project – Phase II World Bank-IDA 41.67 15.35 37% 8 Uganda Secondary Education Expansion Project (USEEP), for the year 30th June 2023 are prepared in all material respects, in accordance with the I World Bank-IDA 41.044 1.353 3% 9 Energy for Rural Transformation Project- Phase III (ERT III-PCU) IDA 5.386 3.853 72% 10 Grid Expansion and Reinforcement Project World Bank 180.613 93.634 52% 11 Masaka-Mbarara Transmission Line Project AfD and KfW 27.326 22.973 84% 12 Strengthening the Management of the Oil and Gas Sector in Uganda programme (SMOGP) Royal Norway Governmen t 0.445 0.322 72% Total 591.424 280.241 47% The under absorption of project funds was mainly attributed to procurement delays, hybrid approval processes, contract management, delayed compensation of Project Affected Persons (PAPs), delays in recruitment of project staff, among other things.",procurement_irregularities,programme SN Project Funder Available funds (UGX Bn)4 Funds Utilised (UGX Bn) Percentage absorption; Project World Bank-IDA 152,,,World Bank-IDA 152; World Bank-IDA 76
2023,"I advised the Accounting Officers to streamline the procurement processes, ensure timely compensation of PAPs and enhance contract management for projects so as to ensure timely implementation of activities thereby improving budget absorption.",procurement_irregularities,,,,
2023, There was a delay in approval of Eco-Tourism Guidelines which has been outstanding since their development in April 2014.,other,,,,
2023,"The Accounting Officer attributed this to the inadequate CFRs monitoring systems characterized by poorly facilitated Law Enforcement personnel, and poor state and inadequate forest management infrastructure and equipment.",other,,,,
2024,23 1.9 Review of Share Purchase in M/s ROKO Construction Ltd .........................................................,other,,M/s ROKO Construction Ltd ,,
2024,32 1.14 Procurement Management ......................................................................................................,procurement_irregularities,,,,
2024,63 2.1.2 Integrated Transport Infrastructure and Services Program .......................................................,other,Program ,,,
2024,71 2.1.5 Sustainable Energy Development Programme ..........................................................................,other,Programme ,,,
2024,"85 2.1.12 Climate Change, Natural Resources, Environment & Water Management Programme .................",other,Programme ,,,
2024,41 Table 9: Progress of construction of the Aquaculture Parks ..................................................................,other,,,,
2024,225 Table 53: Procurement issues noted.................................................................................................,procurement_irregularities,,,,
2024,236 Table 66: Procurement Issues .........................................................................................................,procurement_irregularities,,,,
2024,237 Table 67: Inadequacies in Contract Formulation................................................................................,other,,,,
2024,238 Table 68: Delayed Engagement of Supervising Consultants ...............................................................,other,,,,
2024,310 Appendix 3: Procurement budgets for entities on e-GP ......................................................................,procurement_irregularities,,,,
2024,313 viii Appendix 4: Details of other procurement Observations ....................................................................,procurement_irregularities,,,,
2024,"557 ix LIST OF ACRONYMS ACRONYM MEANING AFROSAI-E African Organization of English-Speaking Supreme Audit Institutions AG Auditor General AO Accounting Officer BIMS Building Industry Management System Bn Billion BoU Bank of Uganda CAR Combined Audit Report CBC Competency-Based Curriculum CGV Chief Government Valuer CMTs Contract Management Teams DCIC Directorate of Citizenship and Immigration Control DDEG District Discretionary Equalization Grant DMFAS Debt Management and Financial Analysis System DSCs District Service Commissions DWSSCG District Water Supply and Sanitation Conditional Grant EACOP East African Crude Oil Pipeline ECCMIS Electronic Court Case Management Information System EFRIS Electronic Fiscal Receipting and Invoicing System e-GP Electronic Government Procurement E-LogRev Electronic Local Government Revenue Collection System EMHS Essential Medicines and Health Supplies EPS Express Penalty Scheme ERC Enumeration and Registration Committee FY Financial Year G2B Government to Business GDP Gross Domestic Product GMS Grants Management System GoU Government of Uganda HCs Health Centres HCMS Human Capital Management System HLGs Higher Local Governments ICT Information Communication Technology IDA International Development Association IESBA International Ethics Standards Board for Accountants IFMS Integrated Financial Management System IGFTRP Intergovernmental Fiscal Transfers Reform Program IMCMHH Inter-Ministerial Committee on Menstrual Health and Hygiene INTOSAI International Organization of Supreme Audit Institutions IP Intellectual property IRAS Integrated Revenue Management System IS Information Systems ISSAIs International Standards of Supreme Audit Institutions KCCA Kampala Capital City Authority KIS Kalangala Infrastructure Services KOPGT Kalangala Oil Palm Growers Trust LCs Letters of Credit LEGS Local Economic Growth Support LGRMIS Local Government Revenue Collection and Management System x ACRONYM MEANING LLGs Lower Local Governments LST Local Service Tax MDAs Ministries, Departments and Agencies MEPS Minimum Energy Performance Standards MHHM Menstrual Health and Hygiene Management MIDAS Migration Information and Data Analysis System MOFPED Ministry of Finance, Planning, and Economic Development MoICT&NG Ministry of Information, Communications Technology and National Guidance MoPS Ministry of Public Service MoU Memoranda of Understanding MSC Microfinance Support Centre MTEF Medium Term Expenditure Framework NAA National Audit Act NBI National Backbone Infrastructure NCDC National Curriculum Development Centre NDP National Development Plan NEC National Enterprises Corporation NFASS National Food and Agricultural Statistical System NMS National Medical Stores NPA National Planning Authority NPDRI National Petroleum Data Repository Infrastructure NTR Non-Tax Revenue NWSC National Water and Sewerage Corporation OAG Office of the Auditor General OSH Occupational Safety and Health PAPs Project Affected Persons PDCs Parish Development Committees PDE Procuring and Disposing Entity PDM Parish Development Model PDMF Public Debt Management Framework PDMIS Parish Development Model Information System PFMA Public Finance Management Act PFMR Public Finance Management Regulations PIMS Project Implementation Management System PISCES Personal Identification Secure Comparison and Evaluation System PPC Physical Planning Committee PPDA Public Procurement and Disposal of Public Assets Authority PRF Parish Revolving Fund PS/ST Permanent Secretary/Secretary to the Treasury PSC Public Service Commission RAPEX Rationalization of Government Agencies and Public Expenditure SACCOs Savings and Credit Cooperative Societies SDGs Sustainable Development Goals SORA Shared Overall Risk Assessment TAI Treasury Accounting Instructions TELA Teacher Effectiveness and Learner Achievement System TIN Tax Identification Number Tn Trillion TRT Technical Review Team UBoS Uganda Bureau of Statistics xi ACRONYM MEANING UDLS Uganda Driver Licensing System UgIFT Uganda Intergovernmental Fiscal Transfer UGX Uganda Shillings ULRC Uganda Law Reform Commission UNOC Uganda National Oil Company UNRA Uganda National Roads Authority URA Uganda Revenue Authority URF Uganda Road Fund URMCHSIP Uganda Reproductive Maternal and Child Health Service Improvement Project USD United States Dollars USMID Uganda Support for Municipal Infrastructure Development USMID Uganda Support to Municipal Infrastructure Development UTL Uganda Telecom Limited UWEP Uganda Women Empowerment Project VFM Value for Money YLP Youth Livelihood Program xii GLOSSARY OF TERMS TERM DEFINITION Classified Expenditure The expenses and commitments incurred by an authorised agency for the collection and dissemination of information related to national security interests Contingent Liability A potential liability that may occur depending on the outcome of an uncertain future event.",procurement_irregularities,Program IMCMHH Inter-Ministerial Committee on Menstrual Health and Hygiene INTOSAI International ; Project Affected Persons PDCs Parish Development Committees PDE Procuring and Disposing Entity PD,Company UNRA Uganda National Roads Authority URA Uganda Revenue Authority URF Uganda Ro; Limited UWEP Uganda Women Empowerment Project VFM Value for Money YLP Youth Livelihood ,"Authority KIS Kalangala Infrastructure Services KOPGT Kalangala Oil Palm Growers Trust LC; Ministry of Finance, Planning, and Economic Development MoICT&NG Ministry of Information",Grant DMFAS Debt Management and Financial Analysis System DSCs Di; Grant EACOP East African Crude Oil Pipeline ECCMIS Electronic Cou
2024,"Domestic Arrears Domestic arrears refer to short-term debts incurred by Governments against unpaid procurement invoices for supply of goods and services during the financial year External Debt Portion of a country's debt that was borrowed from foreign lenders including commercial banks, Governments or international financial institutions.",procurement_irregularities,,,,
2024,"Enterprises, Districts, RRHs & Projects) 629 Other Audit Types 380 Entities not Profiled 13,402 Fin audits (Schools & Tert Insts.) 759 LLGs 1,234 17 Table 1: Summary of Audit Performance for the audit year SN Type of Entity/Audit Planned Audits Actual Performance Audits in Progress 1 MDAs 162 156 6 2 Public Corporations & State Enterprises 70 64 6 3 Projects 179 179 0 4 Funds 6 5 1 5 Classified entities 39 7 32 6 Districts 135 124 11 7 Regional Referral Hospitals 16 15 1 8 Municipal Councils and Cities 41 36 5 9 Divisions 20 16 4 10 Lower Local Governments 1,234 1,168 66 11 Schools/Tertiary institutions 759 743 16 12 VFM Studies 33 29 4 13 Forensics/Special Audit 260 256 4 14 Engineering Audits 10 6 4 15 IS Audits 10 10 0 16 PSAs 9 0 9 17 International Audits 5 5 0 18 Treasury Memoranda 14 13 1 Total 3,002 2,832 170 Source: SORA Profiling results and analysis of audits undertaken at year end The finalization of the 170 audits was delayed due to resource constraints caused by the Pension and Gratuity Payroll Special Audit.",other,,,,
2024,"The delayed audits will be completed between January and March 2025, and the findings thereon will be included in the Consolidated Report for December 2025.",other,,,,
2024,"Due to the lack of a clear road map, I was not able to assess the adoption of the IPSASs project.",other,project,,,
2024,"1.9 Review of Share Purchase in M/s ROKO Construction Ltd On 21st July 2022, the Parliament of Uganda passed a resolution authorizing the Government to acquire 150,000 preference shares in M/S ROKO Construction Ltd worth UGX.207.013Bn.",other,,"M/s ROKO Construction Ltd On 21st July 2022, the Parliament of Uganda passed a reso; M/S ROKO Construction Ltd worth UGX","Parliament of Uganda passed a resolution authorizing the Government to acquire 150,000 pre",
2024,A share subscription agreement was signed on the 28th day of July 2022 between MoFPED on behalf of the Government of Uganda and the construction company.,other,,company,,
2024,"A review of the share purchase process revealed the following: 27 1.10 Irregular purchase of shares by Government Section 22(1) of the Public Finance Management Act Cap 171, states that a vote shall not enter a contract, transaction, or agreement that binds the Government to a financial commitment for more than one financial year or which results in a contingent liability, except where the financial commitment or contingent liability is authorized by Parliament.",claims_and_liabilities,,,Parliament,
2024,"My audit was conducted in accordance with the International Standards of Supreme Audit Institutions (ISSAI 4000) on compliance auditing and it covered the following focus areas; • Management of the Pension and Gratuity Payroll • Management of the Parish Development Model • Procurement Management Relevant audit criteria The criteria for the audit were based on Acts of Parliament, regulations, and manuals/guidelines designed to ensure compliance with laws governing Pension and Gratuity, the Parish Development Model and procurement management.",procurement_irregularities,,,"Parliament, regulations, and manuals/guidelines designed to ensure compliance with laws go",
2024,The other pillars include: Infrastructure and Economic Services; Financial Inclusion; Social Services; Community Mobilization and mindset change; Parish Development Management Information System; and Governance and Administration.,governance_and_controls,,,,
2024,1.14 Procurement Management The Government spending on procurement of goods and services is substantial.,procurement_irregularities,,,,
2024,The Government of Uganda through the E-Procurement System has endeavoured to automate the public procurement process which enables the interactions of Government to business services (G2B).,procurement_irregularities,,,,
2024,"With the system, a number of Government entities have moved their procurement processes in relation to the purchase of goods, works, services and non-consultancy services online.",procurement_irregularities,,,,
2024,"This is in a bid to help the Government ensure the efficiency of public procurement with the standardization of electronic documents, supplier registration, goods and services information and to streamline public procurement transactions for efficient government service delivery.",procurement_irregularities,,,,
2024,"There is a risk of such entities exceeding their procurement budgets, potentially leading to domestic arrears.",procurement_irregularities,,,,
2024,"ii) I noted the splitting of nineteen (19) procurements worth UGX.2.40Bn, without following the criteria, contrary to Regulation 10 of the PPDA (Rules and Methods for Procurement of Supplies, Works and Non-Consultancy Services) Regulations, 2023.",procurement_irregularities,,,,
2024,35 The Accounting Officers attributed the above to the need to undertake emergency procurement of critical goods and services.,procurement_irregularities,,,,
2024,"v) I noted that 79 procurements worth UGX 1,062.45Bn in fourteen (14) entities took an average of six (6) months from initiation to final contract signing.",procurement_irregularities,,,,
2024,Delayed procurements hinder timely service delivery and increase contract costs through inflation/fluctuations in prices and/or exchange rates.,procurement_irregularities,,,,
2024,The Accounting Officers explained that the delays were due to delayed responses from various stakeholders during the procurement process.,procurement_irregularities,,,,
2024,"This exposes the entities to financial risk, when contractors fail to fulfill their obligations and there isn’t any recourse to recovering the funds, leading to projects being delayed or rendered incomplete.",other,,,,
2024,"vii) I noted 5 entities that undertook 14 procurement evaluation processes without following the prescribed evaluation criteria as stipulated in the bidding documents, contrary to regulation 5(1) for PPDA (Evaluation Regulations), 2023.",procurement_irregularities,,,,
2024,"This undermines fair competition, leading to perceptions of bias or favoritism in contract awards.",other,,,,
2024,"In addition, it exposes entities to legal challenges from unsuccessful bidders, administrative reviews leading to delays in contract implementation and additional costs in the form of legal fees.",procurement_irregularities,,,,
2024,viii) A review of the use of e-GP revealed the following: a) There has been a delay in rolling out e-GP to government entities.,other,,,,
2024,"c) I noted that of the 2 proposed modules, all entities enrolled on the e-GP System were using only the procurement module.",procurement_irregularities,,,,
2024,36 d) Failure by the System to generate Procurement Reports.,procurement_irregularities,,,,
2024,"Recommendations • I advised the Accountant General to expedite the completion of the system design and development and roll-out the implementation of the e-GP system to other MDAs/LGs to realise the full potential of electronic procurement in enhancing government efficiency, transparency, and accountability.",procurement_irregularities,,,,
2024,• I advised the Accounting Officers to; i) Enhance procurement planning processes by undertaking comprehensive needs assessments to ensure the procurement activities align with budget allocations.,procurement_irregularities,,,,
2024,"In instances of departure from the procurement plans, the PDEs should review and update the procurement plans accordingly.",procurement_irregularities,,,,
2024,"ii) Avoid contract splitting, unless justifiable reasons for are explicitly documented and approved.",other,,,,
2024,iii) Ensure the PDEs undertake adequate procurement planning to avoid the purported emergency procurements.,procurement_irregularities,,,,
2024,"In addition, the Accounting Officer should strengthen controls on procurement initiation to enhance adherence to the regulations.",procurement_irregularities,,,,
2024,"iv) Ensure market assessments are done before procurement initiation to avoid overestimation of costs of items/materials, which potentially lead to overpayments.",procurement_irregularities,,,,
2024,v) Streamline the procurement processes and timely engage the various stakeholders in the procurement process to reduce delays.,procurement_irregularities,,,,
2024,vii) Enforce adherence to the evaluation criteria in the bidding documents to promote transparency and fairness in the procurement process which builds trust among bidders and the public.,procurement_irregularities,,,,
2024,"Conclusion The evidence obtained from the compliance audit of Government of Uganda on management of the Government Pension and Gratuity Payroll, Parish Development Model and Procurement management subject matters is sufficient and appropriate to provide a basis for my conclusion.",procurement_irregularities,,,,
2024,"The PS/ST acknowledged the observations and attributed the performance to shortfalls in actual revenue performance, delays in procurement processes and project implementation challenges.",procurement_irregularities,project implementation challenges,,,
2024,"1.15.3 Un-funded approved budget Section 14 (1) & (2) of the PFMA, Cap 171 requires that after approval of the annual budget by Parliament, the Secretary to the Treasury shall issue the annual cash flow plan of the Government, based on the procurement plans, work plans, and recruitment plans approved by parliament.",procurement_irregularities,,,"Parliament, the Secretary to the Treasury shall issue the annual cash flow plan of the Gov; parliament",
2024,The table below refers; Table 8: Unabsorbed funds by two Grant Projects SN Project Title Closing Date Commitment (USD) Disbursements (USD) Unabsorbed (USD) Unabsorbed (UGX Bn) 1 Uganda Support to Municipal Infrastructure Development Program - Additional Financing (USMID-AF) 31/12/23 24.074 20.328 3.747 13.963 2 Intergovernment al Fiscal Transfers Program (UgIFT) 30/06/24 63.097 26.621 36.476 135.932 Total 87.171 46.949 40.223 149.895 Under absorption implies that some activities or outputs were not implemented denying the intended beneficiaries services.,other,Project Title Closing Date Commitment (USD) Disbursements (USD) Unabsorbed (USD) Unabsorbed (UGX ; Program - Additional Financing (USMID-AF) 31/12/23 24,,,Grant Projects SN Project Title Closing Date Commitment (USD) Dis
2024,"1.16.2 Construction of aquaculture parks by MAAIF In my report to Parliament for the FY ended June 2022, I raised a concern about the risks associated with failure to absorb grant funds under an agreement signed on 13th January 2017 No UG/FED/038-334 of EUR.10Mn Equivalent to UGX.0.040Tn.",other,,,"Parliament for the FY ended June 2022, I raised a concern about the risks associated with ",grant funds under an agreement signed on 13th January 2017 No UG/
2024,42 The key Deliverables of the project were to design and build two aquaculture parks namely; i) A water-based cage aquaculture park at Mwena Landing site in Kalangala district to produce major Tilapia fish at a contract price of EUR.1.184Mn (equivalent to UGX.0.005Tn) of which EUR.0.355Mn (30%) (equivalent to UGX.0.001Tn) was advanced to the contractor.,other,project were to design and build two aquaculture parks namely; i) A water-based cage aquaculture ,,,
2024,"ii) A land-based aquaculture park at Taragoli landing site, in Apac District to produce majorly catfish, at a contract value of EUR.1.495Mn (equivalent to UGX.0.006Tn), of which EUR.448,412.04 (30%) (Equivalent to UGX.1.786Bn) was advanced to the contractor.",other,,,,
2024,"The contract became effective on 10th January 2020, and was extended to 2023, but the work remained incomplete.",other,,,,
2024,"The EU undertook an audit of the works to establish the extent of the physical works done through an independent Engineer and noted the following; Table 9: Progress of construction of the Aquaculture Parks Project Name Project/contra ct amount Advance/ payments Observation Mwena Landing site in Kalangala district EUR.1.184Mn EUR.355,186 Value of work done EUR.94,259.28 equivalent to 26.54% of the advance paid.",other,Project Name Project/contra ct amount Advance/ payments Observation Mwena Landing site in Kalanga,,,EU undertook an audit of the works to establish the extent of 
2024,"Otherwise, the Accounting Officer and contract manager should be held responsible for non-performance.",other,,,,
2024,Line KFW 21-Jun- 18 30-Jun-23 EUR 35.00 0.112 34.888 0.3 Agago-Gulu Transmission Line KFW 30-Oct- 19 30-Jun-24 EUR 40.00 18.029 21.971 45.07 Kampala City Roads Rehab Pjt ADB 11-May- 21 31-Dec-24 USD 224.00 58.157 165.843 25.96 L.V Martime Communications ADF 19-Jan- 18 31-Dec-24 AFU 10.210 5.021 5.189 49.18 Kampala City Roads Rehab Pjt ADF 11-May- 21 31-Dec-24 AFU 37.540 7.862 29.678 20.94 Masaka-Mbarara Transmission AFD 27-Apr- 18 31-Dec-24 EUR 37.10 0.121 36.979 0.33 Masaka-Mbarara Water Corridor AFD 25-Jan- 19 31-Dec-24 EUR 120.00 72.00 48.00 60.00 Upgradg Of Luwero- Butalangu Rd BADEA 19-Feb- 17 31-Dec-24 USD 11.500 2.828 8.672 24.59 47 Name Credito r Name Date Signed Closing date Curren cy Loan Amoun t - Mn Disburs ed - Mn Undisb ursed - Mn Disburse ment Performan ce (%) Karamoja Infras.,other,,,,KFW 21-Jun- 18 30-Jun-23 EUR 35; KFW 30-Oct- 19 30-Jun-24 EUR 40
2024,Plan II CDP 19-Aug- 21 31-Dec-24 EUR 10.00 5.00 5.00 50.00 Inland Port at Bukasa COMME RZBANK 25-Apr- 16 31-Dec-24 EUR 31.671 15.135 16.53 47.79 Solar Powered Water Pumping EXIM BANK OF INDIA 28-Dec- 20 31-Dec-24 USD 30.00 11.631 18.369 38.77 Add.,other,,,,
2024,"Finance To Ugift IDA 10-Jun- 21 31-Dec-24 SDR 174.500 77.685 96.815 44.52 Food Security Thru Rice Prodn IDB 22-May- 13 31-Dec-24 USD 34.050 7.500 26.550 22.03 Vocational Educ Project 2 OPEC FUND 23-Mar- 17 31-Dec-24 USD 14.300 7.303 6.997 51.07 Luwero Butalangu Road OPEC FUND 28-Aug- 18 31-Dec-24 USD 11.500 3.754 7.746 32.64 Namanve Kla Industr & Biz Park UKEF 4-Dec-19 31-Dec-24 EUR 219.483 117.269 102.214 53.43 Solar Pumping Systems UKEF 12-Feb- 21 31-Dec-24 EUR 95.843 55.517 40.326 57.92 Source: OAG Analysis From the table above, most loans will not be absorbed by the end of their tenure.",other,Project 2 OPEC FUND 23-Mar- 17 31-Dec-24 USD 14,,,
2024,Most of the delays are attributed to delayed procurement and delayed land acquisition.,procurement_irregularities,,,,
2024,"Not Availed 50 SN Entities Disclosed in the Summary Statement Entity Name Remark 5 Production Enterprises Corporation Limited Not Availed 6 Kampala Industries and Business Park Limited Not Availed 7 Science and Technology Equipment Production (Unit) Ltd Not Availed 8 Housing Finance Investments Not Availed 9 Bujagali Energy Limited Concession 10 Dairy Corporation Limited Not Availed 11 Uganda Livestock Industries Limited Cannot be traced 12 Uganda Seeds Limited Indicated as sold off 13 Uganda Fisheries Enterprises Limited Not Availed Entities not disclosed in the Summary Statement 14 Insurance Training college Not Availed 15 Uganda Telecommunications Corporation Limited (UTCL) Not Availed 16 Uganda Hotel and Tourism Training Institute Not Availed I further noted that Tropical Africa Bank Limited was disclosed on the list of state enterprises, yet government has no controlling interest.",other,,Limited Not Availed 6 Kampala Industries and Business Park Limited Not Availed 7 Scienc; Ltd Not Availed 8 Housing Finance Investments Not Availed 9 Bujagali Energy Limited,Corporation Limited Not Availed 6 Kampala Industries and Business Park Limited Not Availed ; Corporation Limited Not Availed 11 Uganda Livestock Industries Limited Cannot be traced 12 ,
2024,"From the financial performance analysis undertaken, I noted the following: 1) Profitability of Enterprises I analysed profitability of twenty (20) public corporations and state enterprises and noted that thirteen (13) made profits/surplus in the year under review, with Uganda Electricity Transmission Company Limited (UETCL) (UGX.82.25Bn), Uganda Electricity Generation Company (UEGCL) (UGX.54.28Bn) and Uganda Civil Aviation Authority (UGX.32Bn) 52 outperforming the rest of the assessed entities.",other,,Company Limited (UETCL) (UGX; Company (UEGCL) (UGX,Authority (UGX,
2024,Profits for National Housing and Construction Company Limited reduced by 90.5% from UGX.34.59Bn reported in the previous year to UGX.3.27Bn.,other,,Company Limited reduced by 90,,
2024,"In addition, a number of state enterprises and corporations, including Kilembe Mines Limited, Uganda Electricity Distribution Company, Uganda Railways Corporation, and NEC Farm Katonga Limited, reported increased losses compared to the last year’s figures.",other,,"Limited, Uganda Electricity Distribution Company, Uganda Railways Corporation, and NEC ; Limited, reported increased losses compared to the last year’s figures","Corporation, and NEC Farm Katonga Limited, reported increased losses compared to the last y",
2024,Uganda Electricity Transmission Company 82.25 94.9 -13.36 The company continues to implement policies and actions that ensure sustainable and consistent profitable position of the company.,other,,Company 82; company continues to implement policies and actions that ensure sustainable and consist,,
2024,"Uganda Electricity Generation Company 54.28 33.99 60 Whereas in the context of an electricity generating Company growth in profitability signifies financial health and sustainable operations as well as its capacity to undertake future projects, the Accounting Officer indicated that the profit will be absorbed by the loan repayment.",other,,Company 54; Company growth in profitability signifies financial health and sustainable operations a,,loan repayment
2024,NEC Construction Works & Engineering Limited 5.46 4.89 11.7 No Management response 7.,other,,Limited 5,,
2024,"National Housing and Construction Company Limited 3.27 34.59 -90.5 In line with the current company strategy, the Company improved the business model from over reliance on long term construction and sale of residential houses to a blended business model of more sustainable business units in the rental market segment along with construction and consultancy services that match short term reporting requirements and performance outlook.",other,,"Company Limited 3; company strategy, the Company improved the business model from over reliance on long te",,
2024,Uganda Electricity Distribution Company (10.92) (2.18) 401 The regulator has continued to disallow lease rental fees in the tariff yet the company incurred depreciation arising from assets in use by Umeme Ltd.,other,,Company (10; company incurred depreciation arising from assets in use by Umeme Ltd,,
2024,Uganda Electricity Generation Company 28.5 22.4 6.1 82% of the revenue was ringfenced for loan repayments and therefore the Company remains vulnerable with liquidity challenges.,other,,Company 28; Company remains vulnerable with liquidity challenges,,loan repayments and therefore the Company remains vulnerable wit
2024,Uganda Property Holdings Limited 15.5 19.9 -4.3 The increase in operating expenses was mainly attributed to increase in staff recruitments and professional fees for supervision of the project of construction of warehouses in Tororo and designs for Bugolobi project 7.,contract_management,project of construction of warehouses in Tororo and designs for Bugolobi project 7,Limited 15,,
2024,Uganda Electricity Distribution Company 12 16.8 -4.8 The sections of the network taken over from private concessions required significant improvement due to high maintenance requirements.,other,,Company 12 16,,
2024,Uganda Electricity Transmission Company 7.36 9.04 -1.68 The company continues to negotiate with GoU concerning conversion of debt for completed projects into equity.,other,,Company 7; company continues to negotiate with GoU concerning conversion of debt for completed pro,,
2024,NEC Construction Works & Engineering Limited 4.4 5.9 -1.5 The drop in operating margin was mainly due to our low pricing of the services.,other,,Limited 4,,
2024,"As a government company, NEC- construction offers construction solutions to government at a low cost.",other,,"company, NEC- construction offers construction solutions to government at a low cost",,
2024,This has been a strategy tool towards entry in the 56 N o Entity Operating Margin (%) Increase/ Decrease Management response 2023/2 4 2022/2 3 construction market and growth of the profile of the company.,other,,company,,
2024,"Kilembe Mines Limited -112 -131 19 KML’s core mining operations ceased in 1982, and its current role is the care and maintenance of assets that have suffered losses due to outdated infrastructure, machinery, and 1950s technology prone to breakdowns.",other,,"Limited -112 -131 19 KML’s core mining operations ceased in 1982, and its current role ",,
2024,"I assessed the ROAs of twenty (20) enterprises/corporations and noted that five (5) entities including NEC Luwero Industries Limited, Insurance Training College, NEC AGRO SMC Limited, Mandela National Stadium and NEC Construction Works & Engineering Limited posted a favourable ROA of over 5%.",other,,"Limited, Insurance Training College, NEC AGRO SMC Limited, Mandela National Stadium and; Limited posted a favourable ROA of over 5%",,
2024,"57 The noted performance was mainly attributed to underutilisation of the available machinery due to frequent break downs, high operating costs, and a non-cost reflective tariff for the electricity players.",other,,,,
2024,NEC Construction Works & Engineering Limited 5.5 4.4 No Management response 6.,other,,Limited 5,,
2024,"Uganda Electricity Distribution Company 3.7 5.3 ERA did not approve the asset recovery through depreciation refunds which impacted financial sustainability, however interventions are being implemented to reduce commercial losses.",other,,Company 3,,
2024,Uganda Electricity Transmission Company 1.89 1.7 The company continues to fast track projects to completion with a view of generating revenue and increasing its Return on Assets.,other,,Company 1; company continues to fast track projects to completion with a view of generating revenu,,
2024,Uganda Electricity Generation Company 1.25 1.04 Strategies such as a revision of the license to provide for cost reflective tariff which is line with the average tariff and allowing UEGCL to earn a reasonable return on investment would improve the ROA.,other,,Company 1,,
2024,Entity Return On Asset (%) Management response 2023/24 2022/23 and Construction Company Limited repurposing of non-productive holdings to improve overall returns.,other,,Company Limited repurposing of non-productive holdings to improve overall returns,,
2024,Uganda Property Holdings Limited 0.2 0.4 This is attributed to construction works costing UGX.5.68Bn which did not contribute to the income and profits of the year hence decline in return on investments.,other,,Limited 0,,
2024,"Kilembe Mines Limited -57 -6 The power generation facility was halted early in the financial year due to safety concerns over its 70-year-old infrastructure, with refurbishment planned through a strategic investor partnership.",other,,Limited -57 -6 The power generation facility was halted early in the financial year due,,
2024,"Seven (7) entities had ratios below 1.5 and may have a challenge of paying their obligations as and when they fall due, these included Uganda Printing and Publishing Corporation, Uganda National Airlines Company Limited, Nile Hotel international limited, NEC Construction Works & Engineering Limited, Uganda Railways Corporation, Kilembe Mines Limited and UEGCL.",other,,"Company Limited, Nile Hotel international limited, NEC Construction Works & Engineering; Limited, Uganda Railways Corporation, Kilembe Mines Limited and UEGCL","Corporation, Uganda National Airlines Company Limited, Nile Hotel international limited, NE; Corporation, Kilembe Mines Limited and UEGCL",
2024,Uganda Electricity Distribution Company 5.03 12.49 There have been continuous engagements with Ministry of Finance to settle the pension receivable and the outstanding GOU bills.,other,,Company 5,Ministry of Finance to settle the pension receivable and the outstanding GOU bills,
2024,"Uganda Electricity Transmission Company 2.17 2.02 The available funds are not excess in nature however tagged and committed to several disbursements/activities pending conclusion of the relevant processes under way like procurements, RAP processes, fixed funds on bank accounts for treasury management purposes.",procurement_irregularities,,Company 2,,
2024,Uganda Printing and Publishing Corporation 1.4 1.4 The accumulation of the receivables was mainly from the delayed payments from the MDAs who contribute the highest percentage of the overall receivables.,delayed_payments,,,Corporation 1,
2024,"Nile Hotel International Limited 1.32 1.09 The Company bills concession fees within the first month of each quarter, except for the year-end concession which involves the reconciliation of amounts outstanding or overpaid based on audited financial statements, which may delay the closure process.",other,,"Limited 1; Company bills concession fees within the first month of each quarter, except for the ye",,
2024,NEC Construction Works & Engineering Limited 1.2 1.1 The low liquidity ratio was caused by the advance payments received close to the end of the financial year.,other,,Limited 1,,
2024,"Uganda Electricity Generation Company 0.35 0.21 The Company has continued to pursue the collection of the long outstanding receivables from UETCL, as well as continued efforts to pursue the financial sustainability agenda for the energy sector to provide a cost reflective tariff.",other,,Company 0; Company has continued to pursue the collection of the long outstanding receivables from,,
2024,"These include National Water and Sewerage Corporation, UETCL, UEDCL, NEC Construction Works & Engineering Limited and UEGCL.",other,,Limited and UEGCL,"Corporation, UETCL, UEDCL, NEC Construction Works & Engineering Limited and UEGCL",
2024,National Housing and Construction Company Limited (F/Ss June 2020) 0.03 0.04 NHCC has prioritized maintaining a conservative capital structure to reduce the risk of financial distress.,other,,Company Limited (F/Ss June 2020) 0,,
2024,National Water and Sewerage Corporation 55 66.95 The Corporation is implementing several water projects across the country.,other,,,Corporation 55 66; Corporation is implementing several water projects across the country,
2024,"Uganda Electricity Transmission Company 55 66.09 The undesirable ratio is attributed to the on-lent loans for International Development Agency (IDA), EXIM Bank of China, African Development Bank (ADB) and Japanese International Cooperation Agency (JICA).",other,,Company 55 66,"Agency (IDA), EXIM Bank of China, African Development Bank (ADB) and Japanese Internat; Agency (JICA)",
2024,Uganda Electricity Distribution Company 70.4 82.55 Umeme continuously made investments leading to an increase in Financial Liability which government is supposed to pay in accordance with section 12 of the Support Agreement.,other,,Company 70,,
2024,NEC Construction Works & Engineering Limited 79 86.3 The undesirable debt ratio was caused by advance payments received towards the execution of some projects that which remained unutilized by close of the financial year.,other,,Limited 79 86,,
2024,"Uganda Electricity Generation Company 88.7 88 UEGCL cannot substantially make the loan repayments given the challenges surrounding the plants, the energy billing, the low dispatch for Karuma, the water weed, the water levels all impacting on the revenues for the plants from time to time.",other,,Company 88,,"loan repayments given the challenges surrounding the plants, the"
2024,I reviewed the approved budget and equipment maintenance plans and noted that the Health Infrastructure Department (HID) of the Ministry of Health requires 65 approximately UGX.20Bn for the maintenance of all medical equipment.,other,,,Ministry of Health requires 65 approximately UGX,
2024,"2.1.2 Integrated Transport Infrastructure and Services Program a) Unpaid arrears for Road and Bridge Construction Projects As of 30th June 2024, arrears amounting to UGX.798.97Bn relating to road and bridge construction projects remained unpaid for road and bridge construction projects.",delayed_payments,"Program a) Unpaid arrears for Road and Bridge Construction Projects As of 30th June 2024, arrears",,,
2024,The above indicates inadequate budgeting practices and exposes the Government to potential litigation and financial penalties due to delayed payments.,delayed_payments,,,,
2024,These interest costs were unbudgeted for during the financial year and diverted critical funds away from UNRA’s core mandate of executing road construction projects.,other,,,,
2024,"The delay in funding has stalled the project, undermining efforts to enhance security, improve connectivity, and reduce poverty in Karamoja and other targeted sub-regions, as envisioned in the National Development Plan III (NDP III).",other,"project, undermining efforts to enhance security, improve connectivity, and reduce poverty in Kar",,,
2024,"Additionally, a phased implementation approach should be adopted to initiate work on critical sections of the road network using the available resources, ensuring progress while awaiting full funding.",other,,,,
2024,"By May 2024, the original contract funds for civil works were fully depleted, with physical progress at only 40.86%, and certified works worth UGX.30.8Bn remained unpaid, posing risks of delayed payments and legal claims.",delayed_payments,,,,
2024,"Delayed payments, unplanned costs, and funding shortfalls threaten timely completion and cost containment.",delayed_payments,,,,
2024,Recommendation I advised the Accounting Officer to expedite efforts to secure additional funding to meet contract obligations and reduce risks of payment delays and contractor accumulation of interest claims on delayed payments.,delayed_payments,,,,
2024,"However, a review of the subsector operations revealed the following institutional inadequacies which threaten to undermine the NDP objectives; i) Gold exports valued at USD 3.014 billion (approximately UGX.11Tn) were made without obtaining the necessary export permits from the Minister of Energy as required by Section 149 of the Mining and Minerals Act Cap.",other,,,,
2024,"ii) In terms of the construction of the enabling facilities, the Tilenga and King Fisher Development Area (KFDA) projects had not achieved the planned targets.",other,,,,
2024,"The analysis of the components contributing to overall progress revealed that most of the progress related to procurement of materials, engineering and site logistics, while actual construction works were at 8.5%.",procurement_irregularities,,,,
2024,iii) The compensation of Project Affected Persons (PAPs) for the East African Crude Oil Pipeline (EACOP) was substantially complete and construction works had commenced.,land_and_right_of_way,Project Affected Persons (PAPs) for the East African Crude Oil Pipeline (EACOP) was substantially,,,
2024,"However, implementation progress by September 2024 was at 40% compared to the target of 42%, with delays noted in pipeline and marine terminal construction.",other,,,,
2024,"iv) The Kabalega Industrial Park electricity substation is scheduled for completion on December 15, 2025.",other,,,,
2024,"I, however, noted that the original design lacked a 132 kV 72 line bay, required by EACOP to provide electricity for heating the oil during transportation.",other,,,,
2024,"However, critical infrastructure like the cargo terminal and 240 MW power substation were still incomplete.",other,,,,
2024,"vi) The establishment of a National Petroleum Data Repository Infrastructure (NPDRI) is essential for efficient and effective management of petroleum data relating to exploration, development, production, and utilization of oil and gas resources in the country.",other,,,,
2024,"Recommendations • I advised the Accounting Officer of PAU to enhance regulatory oversight to ensure timely and cost-efficient completion of all critical projects, including the drilling operations, oil extraction facilities, the EACOP, and the supporting infrastructure managed by other government institutions.",governance_and_controls,,,,
2024,• I advised the Accounting Officer of UNOC to engage relevant stakeholders to secure additional funding for the Kabalega Industrial Park and other supporting infrastructure.,other,,,,
2024,"Coordination with relevant entities should be enhanced to fast-track the completion of critical facilities, including the cargo terminal and power substation, to ensure readiness for first oil.",other,,,,
2024,"2.1.5 Sustainable Energy Development Programme a) Access to Electricity In FY 2023/24, the electricity generation capacity of the country increased to 2,005 MW due to the synchronization of the 600 MW Karuma Hydro Power Plant (HPP) onto the national grid.",other,"Programme a) Access to Electricity In FY 2023/24, the electricity generation capacity of the countr",,,
2024,The unused capacity suggests demand-side dynamics and/or infrastructure limitations.,other,,,,
2024,"ii) Uganda Vision 2040, set targets of 60% electricity access by 2027 and 80% by 2030.",other,,,,
2024,"As of June 2024, only 57% of the population had access to electricity (19% of grid and 38% off grid), with 36% in the rural areas.",other,,,,
2024,"Recommendations I advised the Accounting Officer of MEMD to; • Enhance the electricity scale up projects to increase domestic and commercial consumption, connect the industrial hubs so that the surplus power reaches the underserved areas.",other,,,,
2024,"b) Energy Transition To support the objectives of Energy Transition by 2030, the NDP III stipulated a review of three key laws, namely the Electricity Act, the Atomic Energy Act, and legislation for geothermal development and the establishment of three regulatory frameworks, in addition to addressing the human resource gap.",other,,,,
2024,"The MEMD had made progress in establishing the Minimum Energy Performance Standards (MEPS) and developing a framework for net metering by the end of December 2024, which is commendable.",other,,,,
2024,"However, I noted the following; i) The amendments to the Electricity Act, the Atomic Energy Act, and the legislation for geothermal development were incomplete.",other,,,,
2024,"There is risk of not achieving a cohesive and comprehensive legal framework for energy sector transformation, which may hinder the development and utilization of Uganda's geothermal resources.",other,,,,
2024,The above raises concerns about the country’s capacity to achieve Energy Transition objectives effectively.,other,,,,
2024,"In addition, training initiatives should be undertaken to ensure provision of the human capital required to meet the energy transition objectives.",other,,,,
2024,"The delayed progress of the project was attributed to the following shortcomings: i) A total of 2,214 PAPs (61%) with claims worth UGX.8.6Bn from 42 villages were not compensated out of the planned 2,540 PAPs.",other,"project was attributed to the following shortcomings: i) A total of 2,214 PAPs (61%) with claims ",,,
2024,These should have been paid before the construction of the dam and irrigation scheme.,other,,,,
2024,This has also delayed the delivery of services.,other,,,,
2024,"During the year, the project embarked on the procurement of private service providers to provide extension services alongside NARO and MUK at a cost of UGX.47.5Bn for a period up to 2025/2026 an activity that should have been done in the second year.",procurement_irregularities,project embarked on the procurement of private service providers to provide extension services al,,,
2024,"At the time of writing this report, the procurement process had been cancelled by PPDA citing irregularities.",procurement_irregularities,,,,
2024,vii) Ten (10) procurement for key project activities worth UGX.11.3Bn were not undertaken despite release and availability of funds.,procurement_irregularities,project activities worth UGX,,,
2024,c) Performance of the National Oil Seed Project Under MOLG The National Oil seed Project is supporting farmers in 81 districts through providing support to market linkage infrastructure in the oil seed sector.,other,Project Under MOLG The National Oil seed Project is supporting farmers in 81 districts through pr,,,
2024,"i) Feasibility studies and engineering designs for 1,495 Km of roads worth UGX.5.5Bn under the second batch were not yet undertaken, awaiting clearance of the procurement from IFAD.",procurement_irregularities,,,,
2024,"iv) Construction and supervision of 1,000Km of road works worth UGX.56.56Bn under the first batch had not commenced due to inadequate preparedness for project implementation.",contract_management,project implementation,,,
2024,iv) Delayed release of funds for sessions The delays in facilitating court sessions were primarily due to budget cuts and the delayed release of funds.,other,,,,
2024,"2.1.8 Governance and Security Programme a) Implementation of the Roadmap for the 2025-2026 General Elections In preparation for the 2026 general elections, the Electoral Commission issued a road map containing timelines for all activities leading to the general elections.",governance_and_controls,Programme a) Implementation of the Roadmap for the 2025-2026 General Elections In preparation for t,,Commission issued a road map containing timelines for all activities leading to the genera,
2024,"The Commission was supposed to implement Phase-1 of the road which comprised of 14 key activities worth UGX.75Bn by 30th June 2024, key among which were re-organisation of polling stations, recruitment of election supervisors, voter education, digitalization of election documents, procurement of specialised equipment among others.",procurement_irregularities,,,Commission was supposed to implement Phase-1 of the road which comprised of 14 key activit,
2024,Delayed implementation of Phase-I activities will affect the commencement date for the next phases and ultimately distort the implementation of the road map.,other,,,,
2024,v) On-going construction projects in 12 Missions were behind schedule.,other,,,,
2024,The Contract Management Teams (CMTs) and Accounting Officers promised to enhance contract supervision and monitoring to avoid further delays.,contract_management,,,,
2024,"2.1.12 Climate Change, Natural Resources, Environment & Water Management Programme a) Solid Waste Management During the implementation of the USMID-AF project, significant interventions in solid waste management were undertaken, resulting in improvements in disposal across participating Cities and Municipalities.",other,"Programme a) Solid Waste Management During the implementation of the USMID-AF project, significant ",,,
2024,I noted a gap in policy and infrastructure development.,other,,,,
2024,The MoLHUD had not developed a national solid waste management policy and had not implemented plans for resilient infrastructure and waste recycling.,other,,,,
2024,b) Delayed settlement of water Bills by Government entities It was observed that National Water and Sewerage Corporation (NWSC) had receivables of UGX.355Bn.,other,,,Corporation (NWSC) had receivables of UGX,
2024,"The above was brought to attention of government in which the PS/ST (referenced ISS 58/255/01 dated 21st February 2023) committed to settle verified water bills totalling to UGX.43.1Bn, starting with UGX.12.8Bn in FY 2023/24 and the balance in the next 4 years.",other,,,,
2024,I however noted that the PS/ST did not fulfil the commitment to settle the outstanding water bills.,other,,,,
2024,"The above creates financial strain on NWSC, limiting its ability to invest in infrastructure, maintenance, and service expansion, which adversely affect the quality and reliability of water supply services.",other,,,,
2024,"c) Management of Revenue collections from Telecom Companies by Uganda Revenue Authority - Assurance consultancy services for audit of Telecoms Uganda Revenue Authority on 31st May 2023 signed a contract with M/s Safaritech Limited Company incorporated in Kenya for the provision of Consultancy Services for the Commercial banks Bilateral creditors Multi-lateral creditors FY 2022/23 7,145.58 12,982.11 33,063.50 FY 2023/24 6,438.87 12,774.76 35,152.32 0.00 5,000.00 10,000.00 15,000.00 20,000.00 25,000.00 30,000.00 35,000.00 40,000.00 Amount Funding category Composition of External Debt by Category Financier FY 2022/23 FY 2023/24 90 Audit of Telecoms at a contract price of UGX.15.7Bn and an additional 5% revenue share of the new revenue recovered by URA from the audit and paid to URA.",other,,M/s Safaritech Limited Company incorporated in Kenya for the provision of Consultan,Authority - Assurance consultancy services for audit of Telecoms Uganda Revenue Authority,
2024,The contract was expected to run for 18 months ending on 30th November 2024.,other,,,,
2024,"By September 2023, the entire contract amount had been paid.",other,,,,
2024,A review of the contract implementation revealed the following; 1) Evidence of delivery of Hardware and Software components UGX.11.4Bn equivalent to USD.3Mn (72%) was allocated to the procurement of hardware and software and URA had not verified whether the items were procured as per the terms of the contract.,procurement_irregularities,,,,
2024,The contract indicated that the equipment would be handed over at the end of the contract.,other,,,,
2024,There is a risk that the equipment procured may not be appropriate and as such URA may receive inferior and unusable equipment at the end of the contract.,other,,,,
2024,"2) Delays in the implementation of the consultancy The contract was expected to end by 30th November 2024, however, the vendor was still in the process of obtaining necessary information from Airtel Uganda, there were no reports or updates on audits of other telecoms, including Smart Telecom, Roke Telecom, Liquid Telecom, Lyca Mobile, among others.",other,,,,
2024,• Institute robust monitoring of the consultancy to ensure expeditious delivery of the contract.,other,,,,
2024,• Enhance the contract provisions to ensure data protection provisions are adhered to.,other,,,,
2024,"Generally, the pre-mixes are used in small amounts in poultry to provide critical micro- nutrients (vitamins, minerals) or additives needed for optimal health and productivity while animal concentrates focus on macro-nutrients (energy and protein) and make up a significant part of the poultry diet.",other,,,,
2024,"At its full implementation, the system will have; the registration & data collection, Production, Processing and Marketing, Infrastructure, Financial inclusion module, Social Services, Community mobilization & mindset change, and Monitoring and Evaluation (M&E) modules.",procurement_irregularities,,,,
2024,"Over the last seven (7) years, the government has invested UGX.7321Bn in development of research infrastructure.",other,,,,
2024,"In the last three (3) years, Government has provided UGX.23.99Bn (27%) of the required UGX.88.3Bn to fund research related activities to supplement the infrastructure.",other,,,,
2024,"UGX.435Bn, Kiira motors UGX.223Bn, NEC-Kakooge UGX.74Bn 94 vi) I further noted that UNCST deviated from its mandate of regulating research and procured 214 pieces of construction equipment worth UGX.148.2Bn for renting in May 2022.",other,,,,
2024,"b) Delayed disbursements and lack of accountability for revenue shared with Local Governments by Uganda Wildlife Authority Section 65 (4) of the UWA Act 2019, Act Cap 315, states that the Board shall authorize the Executive Director to pay twenty per cent of the park entry fees collected from wildlife protected area to the local Government of the area surrounding the wildlife protected area from which the fees were collected as a conditional grant.",governance_and_controls,,,"Authority Section 65 (4) of the UWA Act 2019, Act Cap 315, states that the Board shall au",grant
2024,Delayed disbursement of revenue share contravenes the law and denies the surrounding communities services.,other,,,,
2024,The NBI/EGI commercialization contract provided for 50%: 50% sales revenue collected sharing between NITA-U and M/s Soliton Telmec Uganda Ltd.,other,,M/s Soliton Telmec Uganda Ltd,,
2024,The National Housing and Construction Company Limited (NHCCL) is a key institution tasked with implementing housing development programs in the country.,other,,Company Limited (NHCCL) is a key institution tasked with implementing housing developme,,
2024,"2.1.18 Manufacturing Programme a) Outdated Standards and Delayed Approval of standards by Uganda National Bureau of Standards The National Standards Council is mandated by Section 15(1) of the UNBS Act CAP 210 to establish and declare specifications for any commodity or for the manufacture, production, processing, treatment or performance of any commodity to be a standard specification.",other,Programme a) Outdated Standards and Delayed Approval of standards by Uganda National Bureau of Stan,,,
2024,A forensic investigation was carried out on some of the overpayments in Ministry of Water and Environment and a separate report issued to the Criminal Investigations Directorate of Uganda Police and the Inspector General of Government.,other,,,Ministry of Water and Environment and a separate report issued to the Criminal Investiga,
2024,Management attributed the delay to the recent upgrade of IFMS and noted that full integration is still pending.,other,,,,
2024,The failure to promptly update records of deceased civil servants may lead to delayed deletion and continued salary/pension payments.,other,,,,
2024,"d) Delayed Deactivation of IPPS user accounts of retired officers Section 4.1.5 of the Ministry of Public Service Information Security Guideline of February 2023 in summary states that IPPS information systems must possess tools to store and 113 monitor security breaches, failures, and inappropriate system usage.",other,,,Ministry of Public Service Information Security Guideline of February 2023 in summary st,
2024,"iii) I analysed a sample of 183 activities worth UGX.1.337Tn in 31 MDAs to assess if there was adequate service delivery to the citizens from the activities that were implemented and noted that; 138 activities worth UGX.1.290Tn had delayed and were therefore behind schedule, 17 activities worth UGX.25.205Bn had quality 115 deficiencies while 25 activities worth UGX.21.439Bn were completed but were not functional.",other,,,,
2024,"iv) Similarly, 45 projects worth UGX.52.39Bn in 32 LGs were not completed within the expected contract duration and were behind schedule by between two (2) and 32 months which resulted in delayed service delivery.",other,,,,
2024,Construction projects worth in four (4) LGs worth UGX.3.96Bn were completed but not in use.,other,,,,
2024,"Out of the supplementary funds of UGX.243.94Bn received, only UGX.191.10Bn (78%) was utilized leaving UGX.52.83Bn un-utilized as at the end of the financial year The failure to fully implement planned activities was due to repurposing of funds, delayed procurements, weaknesses in contract management, delayed funding, among others.",procurement_irregularities,,,,
2024,Recommendation I advised the Accounting Officers to enhance contract supervision and ensure that procurements are undertaken in a timely manner.,procurement_irregularities,,,,
2024,"I noted that 120 activities/facilities worth UGX.1.544Tn had delayed and were behind schedule, 11 facilities worth UGX.44.753Bn were completed but were not functional, while four (04) facilities worth UGX.3.603Bn had quality deficiencies which affected their utilization and service delivery.",other,,,,
2024,"The above shortcomings were caused by, inadequate project preparedness, delayed compensation of PAPs, repurposing of funds, weaknesses in contract supervision, delayed commencement of projects, inadequate capacity of contractors, delayed handover of sites, delayed recruitment of the required caliber of staff among others.",contract_management,"project preparedness, delayed compensation of PAPs, repurposing of funds, weaknesses in contract ",,,
2024,"Recommendation I advised MoFPED to ensure that funding is only provided to projects that are ready, enhance contract supervision and monitoring, ensure timely compensation of PAPs and implementation of other project activities.",contract_management,project activities,,,
2024,The other six pillars which support the primary pillar include: Infrastructure and Economic Services; Financial Inclusion (FI); Social Services; Community Mobilization and Mind-set Change; Parish Development Management Information System (PDMIS); and Governance and Administration.,governance_and_controls,,,,
2024,Only the Infrastructure and economic services Pillar had an action plan.,other,,,,
2025,24 1.9.3 Failure to prepare multi-year procurement plans ................................................................,procurement_irregularities,,,,
2025,59 2.1.1.2 Procurement and Distribution of Essential Medicines and Health Supplies ............................,procurement_irregularities,,,,
2025,64 iii 2.1.1.8 Delayed repurposing of Non-Core Primary Teachers’ Colleges .............................................,other,,,,
2025,65 2.1.1.9 Construction of Stadia and training facilities in Preparation for CHAN and AFCON games ......,other,,,,
2025,66 2.1.2 Integrated Transport Infrastructure and Services Program ..................................................,other,Program ,,,
2025,67 2.1.2.2 Delays of Works on Road Projects .....................................................................................,other,,,,
2025,69 2.1.2.5 Road Maintenance Grant ...................................................................................................,other,,,,Grant 
2025,69 2.1.2.6 Road Inventory and Condition Surveys ..............................................................................,other,,,,
2025,70 2.1.2.7 Status of LG Road Equipment ............................................................................................,other,,,,
2025,70 2.1.2.8 Inspection of Implemented Road Maintenance Works .........................................................,other,,,,
2025,75 2.1.4.2 Inadequate In country product handling and storage Infrastructure ....................................,other,,,,
2025,76 2.1.5 Sustainable Energy Development Programme.....................................................................,other,Programme,,,
2025,77 2.1.5.2 Electricity Transmission .....................................................................................................,other,,,,
2025,78 2.1.5.3 Electricity Distribution .......................................................................................................,other,,,,
2025,"92 2.1.11 Climate Change, Natural Resources, Environment & Water Management Programme ............",other,Programme ,,,
2025,102 2.1.12.12 Delayed finalisation of strategic plans and local development plans ...................................,other,,,,
2025,104 2.1.13.1 Review of the construction of the National Biosciences Park facility ...................................,other,,,,
2025,"107 2.1.15.1 Non-functional, delayed development and operationalization of the complete PDMIS ........",other,,,,
2025,108 2.1.15.3 Accumulation of unpaid bills for maintenance of the National Backbone Infrastructure ........,other,,,,
2025,"110 2.1.16.1 Delays in titling of land for seed schools , health and road infrastructure ...........................",other,,,,
2025,128 3.1.2 Implementation of interventions to transition Households and Institutions from biomass use to clean cooking technology coordinated by the Ministry of Energy and Mineral Development .,other,,,Ministry of Energy and Mineral Development ,
2025,173 vi 3.1.14 Implementation of Solar Powered Water Supply and Irrigation Systems by Ministry of Water and Environment ............................................................................................................,other,,,Ministry of Water and Environment ,
2025,185 3.1.18 Management of Road Weighbridges by the Ministry of Works and Transport .......................,other,,,Ministry of Works and Transport ,
2025,194 3.1.21 Follow up Report on Value for Money audit on Utilisation of the District Water and Sanitation Conditional Grant by Selected District Local Governments .................................................,other,,,,Grant by Selected District Local Governments 
2025,199 3.1.24 Follow up Report on the VFM Audit on the Procurement and Distribution of Essential Medicines and Health Supplies by the National Medical Stores ..........................................................,procurement_irregularities,,,,
2025,203 3.2.1 Engineering audit of Infrastructure Projects Implemented by Kampala Capital City Authority under the Kampala City Roads Rehabilitation Project ........................................................,other,Project ,,Authority under the Kampala City Roads Rehabilitation Project ,
2025,204 3.2.2 Value for Money Audit/Assessment on Selected Infrastructure Projects Implemented by Entities Participating in the Greater Kampala Metropolitan Area Urban Development Program .........,other,Program ,,,
2025,232 5.1.1 Inadequacies in Procurement Planning and Budgeting ........................................................,procurement_irregularities,,,,
2025,233 5.1.3 Non-Adherence to Procurement Plans ...............................................................................,procurement_irregularities,,,,
2025,233 5.1.4 Delayed Submission of Orders to NMS ...............................................................................,other,,,,
2025,234 5.1.6 Delayed Deliveries by NMS ...............................................................................................,other,,,,
2025,240 5.2.7 Physical inspections of USE Schools’ Infrastructure.............................................................,other,,,,
2025,244 5.4 Road Maintenance Grant ..................................................................................................,other,,,,Grant 
2025,245 5.4.1 Road Inventory and Condition Surveys ..............................................................................,other,,,,
2025,246 5.4.2 Status of LG Road Equipment ...........................................................................................,other,,,,
2025,246 5.4.3 Inspection of Implemented Road Maintenance Works ........................................................,other,,,,
2025,"573 xii LIST OF ACRONYMS Acronym Meaning GKMA-UDP Kampala Metropolitan Area Urban Development Program MWE Ministry of Water and Environment UgNLIS Uganda National Lands Information System ACTs Anti-Cancer Treatments ADB African Development Bank AFCON Africa Cup of Nations AG Auditor General AML Anti-Money Laundering AO Accounting Officer ARV Anti-retroviral AY Academic Year BFPs Budget Framework Paper Bn Billion BOGs Boards of Governors BoU Bank of Uganda CCM Country Coordinating Mechanism CCUs Coronary Care Units CEAP Clean Energy Access Project CEDP Competitiveness and Enterprise Development Project CFOs Chief Finance Officers CFRs Central Forest Reserves CGV Chief Government Valuer CHAN African Nations Championship CID Criminal Investigations Directorate CVC Compensation Verification Committee DDEG Discretionary Development Equalisation Grant DGAL Directorate of Government Analytical Laboratory DLB District Land Board DLGs District Local Governments DMIS Disability Management Information System DPAC District Public Accounts Committee DST Digital Service Tax DTS Digital Tax Stamps DTAs Double Taxation Agreements DWD Directorate of Water Development DWSCG District Water and Sanitation Conditional Grant EAC East African Community EACOP East African Crude Oil Pipeline EASP Electricity Access Scale up project ECMMIS Electronic Court Case Management Information System EDRMS Electronic Document and Records Management System EFRIS Electronic Fiscal Receipting and Invoicing Solution xiii Acronym Meaning E-GP Electronic Government Procurement System ELMIS Environment Licensing and Management Information System E-LogRev Electronic Local Government Revenue Collection System EMHS Essential Medicines and Medical Supplies EMIS Education Management Information System EPS Express Penalty Scheme ERA Electricity Regulatory Authority ERC Enumeration and Registration Committees ETP Energy Transition Plan FCU Funds Coordination Unit FIA Financial Intelligence Authority FMD Foot and Mouth FMIS Forest Management Information System FY Financial Year GC Governing Councils GDP Gross Domestic Product GEF Global Environmental Fund GoU Government of Uganda GWh Gigawatt hours HDUs High Dependency Units HLGs Higher Local Governments HRM Human Resource Management HVAC Heating, Ventilation and Air Conditioning ICCA International Congress and Convention Association ICT Information Communication Technology ICUs Intensive Care Units IDA International Development Association IEC Information, Education, and Communication IESBA International Ethics Standards Board for Accountants IFMS Integrated Financial Management System IMF International Monetary Fund IPFs Indicative Planning Figures IPPs Independent Power Producers IRAS Integrated Revenue Administration System IS Information Systems ISSAI International Standards of Supreme Audit Institutions JLOS Justice, Law and Order Sector JOs Juvenile Offenders KCCA Kampala Capital City Authority KCRRP Kampala City Roads Rehabilitation Project LEGS Local Economic Growth Support Project LGDPs Local Government Development Plans LGFAR Local Governments.",procurement_irregularities,Program MWE Ministry of Water and Environment UgNLIS Uganda National Lands Information System ACT; Project CEDP Competitiveness and Enterprise Development Project CFOs Chief Finance Officers CFRs ,,Ministry of Water and Environment UgNLIS Uganda National Lands Information System ACTs A; Authority ERC Enumeration and Registration Committees ETP Energy Transition Plan FCU Fund,Grant DGAL Directorate of Government Analytical Laboratory DLB Di; Grant EAC East African Community EACOP East African Crude Oil Pip
2025,"Financial and Accounting Regulations LGs Local Governments xiv Acronym Meaning LHP Lubowa Housing Project LLGs Lower Local Governments M&E Monitoring & Evaluation MAAIF Ministry of Agriculture Animal Industry and Fisheries MDAs Ministries, Departments and Agencies MEMD Ministry of Energy and Mineral Development Mn Million MNOs Mobile Network Operators MNS Mandela National Stadium MoES Ministry of Education and Sports MoFA Ministry of Foreign Affairs MoFPED Ministry of Finance, Planning, and Economic Development MoGLSD Ministry of Gender, Labour and Social Development MoH Ministry of Health MoICT&NG Ministry of Information, Communications Technology and National Guidance MoLHUD Ministry of Lands, Housing and Urban Development MoU Memoranda of Understanding MoWT Ministry of Works and Transport MSME Micro, Small and Medium Enterprises MTEF Medium Term Expenditure Framework MUST Mbarara University of Science and Technology MVCA Mineral Value Chain Analysis MZOs Ministry Zonal Offices NAA National Audit Act Cap 170 NBI National Backbone Infrastructure NCDs Non-Communicable Diseases NCHE National Council for Higher Education NDP National Development Plan NEC National Enterprises Corporation NEMA National Environment Management Authority NFA National Forestry Authority NHCCL National Housing and Construction Company Limited NICU New-born Intensive Care Units NIRA National Identification and Registration Authority NITA-U National Information Technology Authority of Uganda NMS National Medical Stores NPA National Planning Authority NRHs National Referral Hospitals NSDI National Spatial Data Infrastructure NSG National Special Grant NSG-PWD National Special Grant for Persons with Disabilities NTR Non-Tax Revenue OAG Office of the Auditor General xv Acronym Meaning OBRS Online Business Registration System ODPP Office of the Director of Public Prosecutions OHS Occupational Safety and Health OPBL Oil Palm Buvuma Limited OPM Office of the Prime Minister OSBC One Stop Business Centre OSCs One Stop Centres PAPs Project Affected Persons PAU Petroleum Authority of Uganda PDM Parish Development Model PDMIS Parish Development Model Management System PDUs Procurement and Disposal Units PFMA Public Finance Management Act Cap 171 PIMS Prisons Information Management System PIP Public Investment Plan POATE Pearl of Africa Tourism Expo PSC Public Service Commission PSST Permanent Secretary and Secretary to the Treasury PSWOs Probation and Social Welfare Officers PTCs Primary Teacher Colleges PWDs Persons with Disabilities QAS Quality Assurance System RAPEX Rationalisation of Public Expenditure RIF Research and Innovation Fund ROA Return on Assets RoW Right of Way RRC Remand Homes and Rehabilitation Centres RRHs Regional Referral Hospitals SC Sub-County SDGs Sustainable Development Goals SIMPRS Security Interest in Movable Property Registry System SOPs Standard Operating Procedures SORA Shared Overall Risk Assessment TAT Tax Appeals Tribunal TB Tuberculosis TBC Technology Business Incubation TC Town Council TPCA Tax Procedures Code Act Cap 343 TELA Teacher Effectiveness and Learner Achievement THP Temangalo Housing Project TIMS Tourism Information Management System TM Treasury Memorandum Tn Trillion TRM Taxpayer Register Management xvi Acronym Meaning TUGs Target User Groups TVET Technical Vocational Education and Training UBC Uganda Broadcasting Corporation UCAA Uganda Civil Aviation Authority UCC Uganda Communications Commission UCREPP Uganda - COVID-19 Response and Emergency Preparedness Prgramme UCUSAF Uganda Communications Universal Service and Access Fund UDC Uganda Development Corporation UEGCL Uganda Electricity Generation Company Limited UETCL Uganda Electricity Transmission Company Limited UgIFT Uganda Inter-Governmental Fiscal Transfers Program UGX Uganda Shillings UHTTI Uganda Hotel and Tourism Training Institute UIA Uganda Investment Authority UIRI Uganda Industrial Research Institute UKEF United Kingdom Export Finance UNEPI Uganda National Expanded Program on Immunisation UNITE Uganda National Institute for Teacher Education UNOC Uganda National Oil Company UNRA Uganda National Roads Authority UPHL Uganda Property Holdings Limited UPOLET Universal Post O’ Level Education and Training UPPC Uganda Printing and Publishing Corporation UPS Uganda Prisons Service UPTC Uganda Posts and Telecommunications Corporation URA Uganda Revenue Authority URSB Uganda Registration Services Bureau USD United States Dollars USE Universal Secondary Education USEEP Uganda Secondary Education Expansion Project USMID-AF Uganda Support to Municipal Infrastructure Development - Additional Financing UTB Uganda Tourism Board UWA Uganda Wildlife Authority UWEC Uganda Wildlife Education Centre UWRTI Uganda Wildlife Research and Training Institute VFM Value for Money VHTs Village Health Teams WHO World Health Organisation xvii GLOSSARY OF TERMS Term Definition Classified Expenditure The expenses and commitments incurred by an authorised agency for the collection and dissemination of information related to national security interests Contingent Liability A potential liability that may occur depending on the outcome of an uncertain future event.",procurement_irregularities,Project LLGs Lower Local Governments M&E Monitoring & Evaluation MAAIF Ministry of Agriculture An; Project Affected Persons PAU Petroleum Authority of Uganda PDM Parish Development Model PDMIS Par,Company Limited NICU New-born Intensive Care Units NIRA National Identification and Reg; Limited OPM Office of the Prime Minister OSBC One Stop Business Centre OSCs One Stop Ce,"Ministry of Agriculture Animal Industry and Fisheries MDAs Ministries, Departments and A; Ministry of Energy and Mineral Development Mn Million MNOs Mobile Network Operators MNS ",Grant NSG-PWD National Special Grant for Persons with Disabilitie
2025,"Domestic Arrears Domestic arrears refer to short-term debts incurred by Governments against unpaid procurement invoices for supply of goods and services during the financial year External Debt Portion of a country's debt that was borrowed from foreign lenders including commercial banks, Governments or international financial institutions.",procurement_irregularities,,,,
2025,"Furthermore, I conducted two thematic audits focusing on Management of Procurement and implementation of the Parish Development Model.",procurement_irregularities,,,,
2025,These included Management of Procurement and the Parish Development Model (PDM).,procurement_irregularities,,,,
2025,"1.6 Review of GoU Funded Projects Over the last 15 years, the Government has focused on increasing public infrastructure investment to reduce the infrastructure gap, thereby improving private investment and the business climate and achieving socio-economic transformation.",other,,,,
2025,"The areas of focus for the compliance review were;  Management of PDM, and  Management of Procurement.",procurement_irregularities,,,,
2025,"The Accounting Officers attributed this to off-season or delayed disbursement, unpredictable climate and market conditions, weak supervision and monitoring at parish and SACCO levels, limited guidance and capacity for beneficiaries, system errors in PDMIS/WENDI, and inadequate sensitization on approved business plans.",contract_management,,"limited guidance and capacity for beneficiaries, system errors in PDMIS/WENDI, and inad",,
2025,"This should be done without any delay to enable the SACCOs to access the funds for lending to their members; iii) PDM SACCOs should obtain closing bank statements from the date of opening to the date of closing the account to facilitate any reconciliations, audit and other governance purposes.",governance_and_controls,,,,
2025,"The Accounting Officers of LGs attributed the inconsistencies between PDMIS data and actual SACCO capitalisation and disbursements mainly to the delayed update of the PDMIS with loans disbursed outside the system in the early years of PDM, arising from capacity gaps and inadequate training of local government staff, laxity in enforcing data capture, and persistent system and network challenges.",other,,,,
2025,"Accounting Officers attributed this to inadequate funding for monitoring and reporting, the absence of a standardised reporting format and technical guidance from the PDM Secretariat, weak internal enforcement and oversight, delayed issuance of circulars, and reliance on consolidated PBS reports instead of dedicated PDM reports.",governance_and_controls,,,,
2025,"1.9.1 Inadequacies in the standardisation of specifications and prices for common user works, services and supplies Section 8 of the PPDA Act, Cap 205, empowers the Authority, where applicable, to determine the prices of works, services and supplies which are used in common by two or more procuring and disposing entities and which may be subject to common procurement; and review the prices as may be necessary.",procurement_irregularities,,,"Authority, where applicable, to determine the prices of works, services and supplies whic",
2025,ii) Comparison of the costs for construction of office accommodation for the ongoing and recently commissioned projects revealed variances in the costs per square ranging from UGX.5.3Mn to UGX.3.7Mn.,other,,,,
2025,"Analysis of the costs for construction of a sample of tarmacked roads revealed variances for each square meter as detailed below; Table 8: Inadequacies in the standardisation of specifications and prices for roads SN Project Name Cost Per Square Meter (UGX/M2) 1 Upgrading to the paved standard of 8.07km and reconstruction of 6.83km roads, including signalisation of seven (7) junctions in Lubaga and Makindye divisions 609,639 2 Reconstruction of 18.84km of roads in Makindye, Central, Kawempe and Lubaga Divisions, including the Signalization of 5 Junctions in Makindye Division (Lot 3) 491,620 3 Construction of selected roads in Kira and Mukono Municipalities – Lot 1: Mbogo & Cyprian Roads (9.0km), Kungu – Bivanju road (2.3km) 299,977 4 Construction of Selected Roads in Kira and Mukono Municipalities.",other,Project Name Cost Per Square Meter (UGX/M2) 1 Upgrading to the paved standard of 8,,,
2025,"Lot 2: Anthony-Kame, Kame Annex, Albert Cook-Cathedral Rise, Kame-Nabuti-Katosi road, Admin Link, Access Road, Link Road (8.68Km) 357,722 5 Construction of selected roads in Kira and Mukono municipalities Lot 3: Nasuuti-Nakabago-Ntawo, Bajjo-Seeta, Serado Link, Kigunga Link (9.72km) 324,033 Source: Analysis of procurement Data 24 Analysis of the costs for furniture with the same specifications from a sample of entities also revealed wide variances, as detailed below; Table 9: Furniture costs in different entities SN Item Name Entity A Entity B Entity C Entity D (Amounts in UGX) 1 Deluxe Bullet Desk Executive Package 3,000,000 1,350,000 - - 2 Executive desk 5,000,000 4,300,000 4,915,254 7,500,000 3 Executive desk set 4,000,000 4,300,000 4,661,017 7,500,000 4 Executive high back chair 400,000 850,000 - 1,600,000 5 Executive high back chair swivel 1,000,000 1,900,000 - 1,250,000 6 Workstation 6,000,000 4,000,000 - - Source: Analysis of procurement Performance Data In light of the above, it was noticed that government was incurring different costs on common user items due to the price variances that ought to be standardized.",procurement_irregularities,,,,
2025,"1.9.2 Non-compliance with reservation schemes Paragraph 2 of the PPDA Guideline number 11 of 2024, Guidelines to promote participation of registered associations of women, Persons with Disabilities, requires an entity to reserve at least 15% of its annual procurement plan budget for awards to registered associations of women, youth, and persons with disabilities.",procurement_irregularities,,,,
2025,"As such, no contract awards were made to the registered associations.",other,,,,
2025,The Accounting Officers attributed the occurrence to the late release of the guidelines by the Public Procurement and Disposal of Public Assets Authority.,procurement_irregularities,,,Authority,
2025,It was also indicated that provisions for special interest groups had been made in the subsequent procurement plans.,procurement_irregularities,,,,
2025,"25 The failure to reserve procurements for registered associations undermines the legislator’s objective of promoting the participation of women, youth, and PWDs in public procurement proceedings.",procurement_irregularities,,,,
2025,Recommendation I advised the Accounting Officers to ensure that the published procurement plans indicate procurements reserved for registered associations to facilitate their participation and ensure compliance with the reservation scheme guidelines.,procurement_irregularities,,,,
2025,"1.9.3 Failure to prepare multi-year procurement plans Section 60(6) of the PPDA Act, Cap.205 requires an entity that undertakes a procurement over a period of more than one financial year to prepare a multi-year procurement plan using the guidelines issued.",procurement_irregularities,,,,
2025,"I reviewed entities’ procurement reports for the financial year 2024/25 and noted that 64 procurements worth UGX.385Bn were initiated in prior periods and completed in the current year; however, these entities did not prepare multi-year procurement plans for the procurements as required by the Act.",procurement_irregularities,,,,
2025,Recommendation I advised the Accounting officers to ensure that multi-year procurement plans are prepared for procurements expected to span more than one year for proper planning and budgeting.,procurement_irregularities,,,,
2025,"A bidder shall not be included unless they are expected to fully satisfy the qualification requirements of competence, capacity, resources, and experience required for the execution of the procurement.",procurement_irregularities,,,,
2025,"26 Recommendation I advised the Public Procurement and Disposal of Public Assets Authority to review the PPDA (Rules and Methods) Regulations, 2023 so as to streamline the order of use of the various sources for developing shortlists of bidders.",procurement_irregularities,,,"Authority to review the PPDA (Rules and Methods) Regulations, 2023 so as to streamline th",
2025,"Based on the work performed and described in this report, except for the findings stated above, nothing has come to my attention that causes me to believe that the Management of the Parish Development Model and Procurement and disposal of Goods and Services in Government is not in compliance, in all material respects, with the relevant criteria.",procurement_irregularities,,,,
2025,"The Accounting Officer explained that under absorption of capital budget was attributed to delayed procurement processes, Prolonged Land acquisition processes, inadequate budget provisions, limited capacity of the Contractors, and changes of designs during execution, among others.",procurement_irregularities,,"limited capacity of the Contractors, and changes of designs during execution, among oth",,
2025,"These enablers include infrastructure, security, human capital, law, and order.",other,,,,
2025,"However, while the current budget heavily invests in intermediate programs that form the enabling foundation, such as infrastructure, security, human capital and law and order, the investment in the ATMS is still paltry.",other,,,,
2025,This indicates that the government relied heavily on the domestic market to bridge budget shortfalls during the period under review.,other,,,,
2025,Bujagali Energy Limited (Concession) Concession entity and it did not submit summary statement of financial performance 6.,other,,Limited (Concession) Concession entity and it did not submit summary statement of finan,,
2025,"For Uganda Electricity Distribution Company Limited (UEDCL), the company had just operated for only three (3) months, having taken over from Umeme.",other,,"Company Limited (UEDCL), the company had just operated for only three (3) months, havin",,
2025,"Notable among these, were Uganda National Oil Company (UNOC) Limited (UGX.359.731Bn), Mandela National Stadium (MNSL) (UGX.92.6Bn) and National Housing and Construction Company Limited (NHCCL) (UGX.79.2Bn).",other,,Company (UNOC) Limited (UGX; Company Limited (NHCCL) (UGX,,
2025,"However, while the Uganda Electricity Generation Company Limited (UEGCL) reported a profit of UGX.25.018Bn, this was a decline from UGX.54.282Bn reported in the previous year.",other,,Company Limited (UEGCL) reported a profit of UGX,,
2025,"For example, Uganda Broadcasting Corporation (UBC) and Uganda Property Holdings Limited (UPHL) both registered an increase in losses, and Uganda Electricity Transmission Company Limited (UETCL) transitioned from a profit- making position to loss making.",other,,"Limited (UPHL) both registered an increase in losses, and Uganda Electricity Transmissi; Company Limited (UETCL) transitioned from a profit- making position to loss making",Corporation (UBC) and Uganda Property Holdings Limited (UPHL) both registered an increase i,
2025,"3 National Housing and Construction Company Limited 79.2 3.21 2,367 Increase mainly attributed to fair value gains on investment properties.",other,,Company Limited 79,,
2025,"4 Uganda Electricity Generation Company Limited 25.018 54.282 (54) Decline due to underutilization of Karuma Hydropower Plant, owing to low national demand, resulting in reduced revenue.",other,,Company Limited 25,,
2025,"14 Uganda Railways Corporation (32.810) (36.346) 10 This improvement was mainly attributed to a 26.12% increase in internally generated funds, a 14.67% rise in revenue grants from the Government of Uganda, and a 13.03% reduction in operating expenses 15 Uganda Electricity Transmission Company Limited (293.09) 82.25 (456) Loss due to increased impairment provisions on receivables, reversing previous year's profitability.",other,,Company Limited (293,Corporation (32,
2025,"Uganda Electricity Generation Company 27.0 28.5 (2) Decline is primarily attributed to rising operating expenditures; however, the company has initiated a cost-optimisation strategy.",other,,Company 27; company has initiated a cost-optimisation strategy,,
2025,Uganda Electricity Transmission Company Limited (23) 7.36 (30) High-level engagements for recovery of Umeme receivables ongoing and justifying budget and tariff applications to ERA in order to achieve a tariff that adequately supports its operational cost requirements.,other,,Company Limited (23) 7,,
2025,"Uganda Electricity Generation Company (UEGCL) 1.67 1.25 This was attributed to reduced electricity sales, driven by low dispatch levels.",other,,Company (UEGCL) 1,,
2025,"The Accounting Officer highlighted that although UEGCL engaged key stakeholders extensively, it was resolved that the Company should continue billing energy and remit the collected revenue to the Treasury and any shortfalls in meeting loan obligations for both Karuma and Isimba would be covered by Government, rather than applying the capacity-based billing prescribed in the PPAs.",other,,Company should continue billing energy and remit the collected revenue to the Treasury ,,loan obligations for both Karuma and Isimba would be covered by 
2025,"Despite Karuma being operational, electricity sales remain low due to limited dispatch and priority being given to plants with capacity-based contracts.",other,,limited dispatch and priority being given to plants with capacity-based contracts,,
2025,National Housing and Construction Company Limited 1.6 0.6 Management has deployed diversification strategies which in the short term have turned around company performance tremendously.,other,,Company Limited 1; company performance tremendously,,
2025,Activation of the consultancy and construction arms of the business are increasingly deploying for increased use of company assets.,other,,company assets,,
2025,Uganda Railways Corporation (0.625) (0.933) This trend reflects underutilisation of key rail infrastructure and rolling stock.,other,,,Corporation (0,
2025,"Uganda Electricity Transmission Company( UETCL) (6.7) 1.89 Beyond the loss reported for the year, the low ROA is further driven by the fact that over 60% of the Company’s assets remain classified as work-in-progress, and therefore do not contribute to revenue generation.",other,,"Company( UETCL) (6; Company’s assets remain classified as work-in-progress, and therefore do not contribute",,
2025,"Uganda Electricity Transmission Company Limited 1.51 2.17 The Accounting Officer explained that the above funds are not excess in nature however tagged and committed to several disbursements/activities pending conclusion of the relevant processes under way like procurements, RAP processes, fixed funds on bank accounts for treasury management purposes.",procurement_irregularities,,Company Limited 1,,
2025,Uganda Electricity Generation Company Limited 0.686 0.3 The Accounting Officer acknowledged that the challenge of long-outstanding receivables from UETCL persists and confirmed that UEGCL continues to actively pursue recovery.,other,,Company Limited 0,,
2025,Entity 2024/ 2025 2023/ 2024 Reason/Remark (%) 1 Uganda Electricity Generation Company 81.6 88.7 The Accounting Officer explained that actions were already underway in collaboration with the MoFPED to pursue debt-restructuring options.,other,,Company 81,,
2025,"2 Uganda Electricity Transmission Company 56 55 Management responded that during the year under review, the Accountant General advised that conversion of the loans into grants was not sustainable, after considering the requirements of International Accounting Standards, the Public Finance Management Act, and the terms of the on-lending agreements.",other,,"Company 56 55 Management responded that during the year under review, the Accountant Ge",,
2025,"7 Uganda Railways Corporation 1.60 3.81 URC’s debt ratio remained low across all periods, declining to 1.60% in FY 2024/25, which reflects minimal reliance on borrowed funds 8 National Housing and Construction Company Limited 0.04 0.03 Management stated that strategic focus is on building a stable revenue base and predictable cash flows before increasing leverage, to ensure that any future debt is sustainably serviced and development-aligned.",other,,Company Limited 0,Corporation 1,
2025,"The funding from GAVI was used to support the Country's immunization efforts, focusing on Vaccine procurement and distribution.",procurement_irregularities,,,,
2025,"These reductions in funding will affect access to essential and life-saving medicines and medical supplies, affect disease prevention and control, infrastructure projects and the Government's ability to respond to, and manage Public Health Emergencies.",other,,,,
2025,60 2.1.1.2 Procurement and Distribution of Essential Medicines and Health Supplies The National Medical Stores (NMS) is mandated by Section 4 (a) and (b) of the NMS Act Cap.,procurement_irregularities,,,,
2025,I reviewed the procurement and distribution of EMHS and noted the following; i) The budget availed to NMS for this mandate was below the assessed funding requirements by UGX.0.181Tn.,procurement_irregularities,,,,
2025,"The above shortcomings in the procurement and distribution of EMHS increase the risk of stockouts at health facilities, treatment disruption and death for patients who cannot afford to procure the medicines from private pharmacies.",procurement_irregularities,,,,
2025,"I noted that although the equipment was delivered to the facilities, several hospitals could not utilise this equipment due to gaps in ICU infrastructure, staffing, power stability and inadequate oxygen support systems.",other,,,,
2025,"From my Interviews with hospital administrators, biomedical engineers and audit inspections, I confirmed the following; 61 i) Unreliable power supply: Five (5) hospitals lacked adequate power backup systems to support the continuous operation of critical care equipment.",other,,,,
2025,"ICU units, oxygen plants and diagnostic machines require stable, uninterrupted electricity, yet many hospitals did not have generators with sufficient capacity, had faulty switching systems or lacked alternative power sources entirely.",other,,,,
2025,"The X-ray machines at Entebbe RRH, Hoima RRH, and Jinja RRH were non-functional due to delayed maintenance and mechanical/technical faults.",other,,,,
2025,Recommendation I advised the Accounting Officer of the Ministry of Health and the Accounting Officers of the sampled Hospitals to address these gaps so that citizens can receive the services for which the Government made investments in the procurement of this critical ICU equipment.,procurement_irregularities,,,Ministry of Health and the Accounting Officers of the sampled Hospitals to address these,
2025,"This results in delayed medical care, increased referrals to private health care providers, increased risk of mortality, and forces patients to seek costly private or overseas treatment.",other,,,,
2025,"2.1.1.6 Management of Routine Immunisation Vaccines The Ministry of Health, through the Uganda National Expanded Program on Immunisation (UNEPI), together with the National Medical Stores (NMS), manages the procurement and distribution of vaccines to health facilities.",procurement_irregularities,"Program on Immunisation (UNEPI), together with the National Medical Stores (NMS), manages the pro",,"Ministry of Health, through the Uganda National Expanded Program on Immunisation (UNEPI)",
2025,"I reviewed the management of these activities and observed the following; i) Whereas the national cold chain infrastructure system in Public Health Facilities is largely still functional, this infrastructure is fast ageing with no clear plan of 64 replacement.",other,,,,
2025,"There is a risk that if this infrastructure is not replaced, the Health Facilities will not be able to keep vaccines at the required temperatures, vaccine efficacy may be affected and disruptions in vaccine access will be experienced.",other,,,,
2025,"2.1.1.8 Delayed repurposing of Non-Core Primary Teachers’ Colleges Following the approval of the National Teacher Policy in 2019, the Ministry of Education and Sports embarked on implementation of a number of reforms among which was the transition of the Primary Teacher Colleges (PTCs) from certificate to Diploma and eventually to Degree awarding institutions.",other,,,Ministry of Education and Sports embarked on implementation of a number of reforms among,
2025,"66 Continued under-utilization of these assets results in avoidable maintenance and security costs, delays expansion of secondary, TVET, and health education, and exposes infrastructure to deterioration.",other,,,,
2025,"The delay was attributed to; inadequacies in inter-agency coordination, lack of costed implementation plan, funding constraints, and slow legal and administrative processes.",other,,,"agency coordination, lack of costed implementation plan, funding constraints, and slow",
2025,"Recommendation I advised the Accounting Officer to develop a funded time-bound repurposing plan with clearly defined roles, milestones, and monitoring mechanisms to optimize the use of existing educational infrastructure and actualise the educational reform in line with the National Teacher Policy.",other,,,,
2025,"2.1.1.9 Construction of Stadia and training facilities in Preparation for CHAN and AFCON games Under the East Africa PAMOJA Bid for Africa Cup of Nations (AFCON) and African Nations Championship (CHAN) games, the Government of Uganda through the National Council of Sports was expected to put in place necessary infrastructure including; one stadium with 45,000 sitting capacity, two stadia with 30,000 sitting capacity each, and at least five fully functional training grounds, among others.",procurement_irregularities,,,,
2025,"In preparation for the tournaments, the government released UGX.941.22Bn for the construction of two stadia and one training facility.",other,,,,
2025,67 vi) The construction of Akii-bua stadium and renovations to elevate Mandela stadium to CAF/FIFA standards were still expected to be completed by December 2025.,other,,,,
2025,viii) The contract for renovation of Mandela National stadium had not yet been signed.,other,,,,
2025,The delays were attributed to slow procurement processes and limited funding.,procurement_irregularities,,limited funding,,
2025,"The Accounting officer explained that with the completion of Hoima Stadium ahead of schedule, Akii-bua Stadium was on course to be completed by August 2026 while the contract for renovation of Mandela phase two was in the final stages of being concluded.",other,,,,
2025,"2.1.2 Integrated Transport Infrastructure and Services Program 2.1.2.1 Outstanding Arrears to Contractors During the year under review, I undertook a review of the outstanding arrears to contractors for the on-going road projects implemented under the Ministry of Works and Transport and the former Uganda National Roads Authority (UNRA).",delayed_payments,Program 2,,Ministry of Works and Transport and the former Uganda National Roads Authority (UNRA),
2025,"Based on my verification procedures I noted that as of 30th June 2025, the total outstanding arrears for unpaid completed works on road projects stood at UGX.500.347Bn.",delayed_payments,,,,
2025,Included in this balance is UGX.73.991Bn that relates to interest on delayed settlement of outstanding certificates.,other,,,,
2025,The failure to settle these arrears exposes government to avoidable costs in the form of penalties/interest on delayed payments and the risk of litigation.,delayed_payments,,,,
2025,"In addition, delayed settlement of arrears leads to suspension of road works by the contractors which leads to deterioration of already completed works.",delayed_payments,,,,
2025,"68 2.1.2.2 Delays of Works on Road Projects I reviewed a sample of 67 road projects with a total contract value of UGX.10.625Tn, USD.400,043,710 and JPY 5,519,324,131 to assess the progress of works against the work programme.",other,programme,,,
2025,"ii) 13 road projects had been abandoned, or works had been suspended by the contractors and at the time of writing my reports.",other,,,,
2025,"Examples of these roads include; Mityana – Mubende- Kyejojo road, Masindi-Biiso-Kabaale-Kiziranfumbi and Hohwa-Nyairongo-Kyarushesha-Butole, road, Busega - Mpigi Expressway, Najjanakumbi – Busabala Road, Munyonyo Spur Interchange and Service roads, Ntungamo-Kabale-Katuna Road, Olwiyo – Pakwach road among others.",other,,,,
2025,"The delays were mainly due to the lack of capacity by the contractors, delayed payments for completed works which affected the cash flows of the contractors, delays in granting the Right-of-Way, and delayed compensation of Project Affected Persons (PAPs).",delayed_payments,Project Affected Persons (PAPs),,,
2025,"Recommendation I advised the Accounting Officer Ministry of Works and Transport (MoWT) to strengthen coordination with all responsible stakeholders especially the Parliament and MoFPED, to appropriate and provide adequate funds for the road projects.",other,,,"Ministry of Works and Transport (MoWT) to strengthen coordination with all responsible s; Parliament and MoFPED, to appropriate and provide adequate funds for the road projects",
2025,2.1.2.3 Compensation of Project Affected Persons for Government Projects I reviewed the status of land compensations for selected government projects and noted that there were delays in compensation of PAPs which delayed acquisition of Right of Way.,land_and_right_of_way,Project Affected Persons for Government Projects I reviewed the status of land compensations for ,,,
2025,"i) A total of 19,082 PAPs valued at UGX.848.46Bn were assessed for four (4) construction projects namely Bukasa Port, SGR project, Tororo- Gulu Metre Gauge and Gulu Logistics Hub project.",other,"project, Tororo- Gulu Metre Gauge and Gulu Logistics Hub project",,,
2025,"69 iii) In addition to delayed compensation of PAPs, I also noted that out of 1,908.9 acres acquired for the SGR project, a total of 506.9 acres remained without titles.",land_and_right_of_way,"project, a total of 506",,,
2025,The delay in compensation of PAPs was attributed to the inadequate budgets while the delay in titling of acquired land was mainly due to lengthy and bureaucratic land expropriation and titling processes involving multiple MDAs.,land_and_right_of_way,,,,
2025,"2.1.2.5 Road Maintenance Grant Government allocated a Road Maintenance Development Grant of UGX.1Bn to each of the 176 Local Governments (LGs), which included; 135 districts, 10 cities, and 31 Municipal Councils, resulting into a total of UGX.176Bn being transferred to LGs in the FY 2024/25.",other,,,,Grant Government allocated a Road Maintenance Development Grant o
2025,The grant is specifically designed to support road maintenance within these LGs.,other,,,,grant is specifically designed to support road maintenance within
2025,"During my audit of the FY 2024/25, I designed audit procedures to assess the grant implementation in LGs, and below are my summary findings; 70 2.1.2.6 Road Inventory and Condition Surveys In accordance with Section 2.1 of the MoWT Road Maintenance Grant Implementation Guidelines FY 2024/25, all entities are required to prepare and maintain road inventory and condition surveys along with cost estimates.",other,,,,"grant implementation in LGs, and below are my summary findings; 7; Grant Implementation Guidelines FY 2024/25, all entities are requ"
2025,"These reports must include, but are not limited to, the following information; i) Size and extent of road asset ii) Locations of culverts, bridges, drifts, road furniture and other key assets on the road network.",other,,"limited to, the following information; i) Size and extent of road asset ii) Locations o",,
2025,iii) Size or scope of infrastructure to be maintained.,other,,,,
2025,"I noted that out of 148 LGs, 5 LGs did not have road inventory and condition surveys along with cost estimates that detailed the required information.",other,,,,
2025,"However, 22 LGs had databases of roads which described; the size and extent of road assets, but did not have the locations of culverts, bridges, drifts, road furniture and other key assets on the road network, size or scope of infrastructure to be maintained, functional hierarchy of roads, and volume of traffic required by the roads inventory and surveys report.",other,,,,
2025,"The absence of detailed road inventory and condition survey data hindered the efficient allocation of resources, accurate cost estimation, and appropriate prioritization of road maintenance activities.",other,,,,
2025,Recommendation The Accounting Officers of the LGs should liaise with MoWT and MoFPED to provide technical and financial support to develop comprehensive road inventory and condition surveys.,other,,,,
2025,2.1.2.7 Status of LG Road Equipment Review of the LGs’ status of road equipment in 148 LGs revealed that; i) A total of 19 LGs did not have road equipment units.,other,,,,
2025,"ii) A total of 137 LGs had inadequate road equipment units; these included critical road equipment such as excavators, motor graders, vibro rollers, dump trucks, bulldozers, chain loaders and wheel loaders among others.",other,,,,
2025,iii) A total of 119 LGs had non-functional equipment to undertake road works during the financial year.,other,,,,
2025,"Limited availability of the road equipment delays implementation of road works, thus affects service delivery.",other,,"Limited availability of the road equipment delays implementation of road works, thus af",,
2025,"71 The Accounting Officers attributed this to insufficient funding of the operations of the road equipment units, as well as delays in securing additional machinery from the Ministry of Works and Transport (MoWT).",other,,,Ministry of Works and Transport (MoWT),
2025,Recommendation The Accounting Officers of LGs should liaise with MoFPED to secure funding for additional machinery to ensure effective and sustainable road maintenance operations.,other,,,,
2025,"2.1.2.8 Inspection of Implemented Road Maintenance Works Field inspection of the implemented road maintenance works in 148 LGs carried out in the period between October and December 2025 revealed that; i) A total of 239 roads measuring 1,275 kms in 66 LGs were incomplete at the time of audit inspections.",other,,,,
2025,"ii) A total of 76 LGs had 228 roads with unsatisfactory works, such as; broken culverts, poor drainage, and uneven carriage ways with water ponding among others.",other,,,,
2025,"The Accounting officers explained that maintenance of road works were affected by limited funding for road maintenance works, heavy rains, inadequate road construction equipment and un-regulated carriage load control on the LG roads.",other,,"limited funding for road maintenance works, heavy rains, inadequate road construction e",,
2025,Recommendations i) The Accounting Officers of the LGs should liaise with MoWT and MoFPED to provide technical and financial support to develop comprehensive road inventory and condition surveys.,other,,,,
2025,ii) The Accounting Officers of LGs should liaise with MoFPED to secure funding for additional machinery to ensure effective and sustainable road maintenance operations.,other,,,,
2025,"iii) The Accounting Officers of the LGs should ensure district engineers complete all unfinished road works, and all defects on roads should be rectified.",contract_management,,,,
2025,"Management indicated that the recruitment process of staff for Beneficiation centers has been completed, however, the procurement process for the Equipment was completed and delivery and installation is expected in March 2026.",procurement_irregularities,,,,
2025,The delay in remitting mineral royalties denies Government timely revenue required to support service delivery.,other,,,,
2025,"Failure to pay mineral royalties within the statutory 30-day period leads to delayed collection of government revenue, undermines budget execution and indicates ineffective enforcement of statutory obligations.",other,,,,
2025,"I further noted, the National Oil Spill Response and Monitoring Infrastructure Project aimed at strengthening Uganda’s preparedness and response capacity to oil spill emergencies has not progressed due to inadequate funding.",other,Project aimed at strengthening Uganda’s preparedness and response capacity to oil spill emergenci,,,
2025,The Accounting Officer explained that the Authority will continue to engage MEMD and MoFPED on the issue of funding for the National Oil Spill response and monitoring infrastructure project-1780.,other,project-1780,,Authority will continue to engage MEMD and MoFPED on the issue of funding for the Nationa,
2025,"Recommendation I advised the Accounting Officer to strengthen coordination with MEMD, MoFPED, and project licensees to closely monitor and fast-track delivery of critical path milestones for Tilenga, Kingfisher, and EACOP to safeguard the First Oil target, and to urgently secure adequate funding and implementation timelines for the National Oil Spill Response and Monitoring Infrastructure to ensure operational readiness and mitigate environmental and safety risks ahead of First Oil.",other,project licensees to closely monitor and fast-track delivery of critical path milestones for Tile,,,
2025,"76 2.1.4.2 Inadequate In country product handling and storage Infrastructure Objective 3 of the Petroleum Supplies Act, Cap 163, mandates that the Uganda National Oil Company Limited (UNOC) import all petroleum products destined for the Ugandan market to ensure security of supply.",other,,Company Limited (UNOC) import all petroleum products destined for the Ugandan market to,,
2025,"The limited storage capacity exposes the country to high risk from both external supply shocks and internal operational disruptions, potentially threatening national energy security.",other,,limited storage capacity exposes the country to high risk from both external supply sho,,
2025,"2.1.5 Sustainable Energy Development Programme 2.1.5.1 Uptake of available Generation Capacity In abid to achieve the Vision 2040 target of increasing Uganda’s generation capacity to 52,481Mw by 2040.",procurement_irregularities,Programme 2,,,
2025,"A review of the quarterly operations and maintenance reports revealed that Nalubaale- Kiira power plant dispatched 778.8GWh (112%) against declared capacity of 695.6GWh, Isimba HPP had a Net energy output 1,046.41GWh(72%) against Declared available capacity of 1,451.06GWh and Karuma HHP had a net energy output of 808.27GWh(30%) against Declared available capacity of 2,652GWh.",other,,,,
2025,Management attributed the low dispatch to inadequate demand for electricity and prioritization of low cost generating plants and private producers who are on capacity charge.,other,,,,
2025,UEGCL has engaged the regulator (ERA) and UETCL to allow for other players to buy the power from UEGCL and improvement of the export infrastructure respectively.,other,,,,
2025,ii) Enhancing cross boarder power trade through the East African Power pool arrangement.,other,,,,
2025,iii) Expedite the electricity connections under the Electricity Access Scale Up Project.,other,Project,,,
2025,"2.1.5.2 Electricity Transmission Instruction 3.9.5 of the Treasury Instructions, 2017, requires budget estimates to be based on pre-determined objectives and outputs as provided in the strategic plans of the entity.",other,,,,
2025,"I noted the following; i) Multiple Independent Power Producers (IPPs) were unable to fully evacuate power during the period due to grid interruption events attributed to line faults, equipment failures, outages of transformers, vandalism incidents, SCADA limitations, and other transmission constraints.",other,,,,
2025,This resulted into deemed energy costs with a total of UGX.26.94Bn recognized as deemed energy obligations in the 4 quarters of the financial year.,other,,,,
2025,Recommendation I advised the Accounting Officer to urgently address the transmission constraints driving deemed energy costs and restore long-idle transformers through timely repair or replacement.,other,,,,
2025,"2.1.5.3 Electricity Distribution Following the expiry of UMEME’s concession on 31st March 2025, UEDCL assumed responsibility for a substantially expanded electricity distribution.",other,,,,
2025,"Management attributed the underperformance largely to a deteriorated network arising from prolonged underinvestment during the latter years of the concession, regulatory budget cuts, vandalism, electricity theft, procurement bottlenecks and staffing constraints.",procurement_irregularities,,,,
2025,"80 Management further indicated that corrective interventions are being implemented and they include; the rollout of a loss-reduction strategy coined as the “Wetereze” campaign targeting commercial losses, enhanced field monitoring, and community enforcement activities as well as development of a five-year distribution network rehabilitation and investment plan , deployment of digital customer engagement platforms such as the “Social Media Integration and Digital Engagement Platform” and securing PPDA accreditation to ease procurement delays .",procurement_irregularities,,,,
2025,"Recommendation I advised the Accounting Officer to implement a fully costed medium to long-term network rehabilitation plan, prioritize critical capacity upgrades particularly transformers and feeders in high-load areas, strengthen controls against vandalism and theft, and fully operationalize and leverage on procurement reforms to sustainably improve service delivery.",procurement_irregularities,,,,
2025,"I observed that; i) There was significant delay in compensating landowners by up to 17 months after the date of valuation, while in other cases land is yet to be compensated.",other,,,,
2025,Delayed valuation and compensation of PAPs may lead to increased compensation costs as a result of increase in the value of land over time.,land_and_right_of_way,,,,
2025,"v) The construction of crude palm oil processing mill was postponed by the investor from the earlier planned financial year 2024/2025 to the year 2027 with claims 81 that it was not a viable investment when still operating the nucleus plantation below 5,000 hectares.",other,,,,
2025,"However, one analyser was obsolete; another, designated for wildlife DNA analysis, was functional but rarely used; a third was frequently used but operated below capacity; and the fourth, installed in January 2025, had not yet been put to use, eight (8) months after procurement.",procurement_irregularities,,,,
2025,"However, the limited frequency of these visits caused delayed case transfers and turnaround times exceeding the 30-day benchmark set in DGAL’s Strategic Plan.",other,,limited frequency of these visits caused delayed case transfers and turnaround times ex,,
2025,"Incident logs showed multiple system outages between August 2023 and September 2025 due to network failures, storage exhaustion, inadequate power backup, and human error.",other,,,,
2025,"v) Although URSB began the ISO 9001:2015 certification process in August 2018 and committed to complete certification by 30th June 2024, the Bureau had not obtained the certification by the end of FY 2024/25, resulting in a delay of one (1) year.",other,,,,
2025,"Recommendations I advised the Accounting Officer to; i) Strengthen service availability and limit system downtime by monitoring storage, power, and network performance, and establishing redundancy for critical servers.",other,,,,
2025,"The Accounting Officer explained that the low staffing levels are mainly due to the phased filling of the newly adopted staffing structures for hospitals and health centres, as Government gradually strengthens hospital infrastructure.",other,,,,
2025,"2.1.11 Climate Change, Natural Resources, Environment & Water Management Programme 2.1.11.1 Wetland Encroachment Contrary to Section 53(2) of the National Environment Act Cap 181 and Regulations 29(1) and 30(1) of the National Environment (Wetlands, Riverbanks and Lakeshores Management) Regulations 2000 requiring 100 meters and 200 meters protected zones from highest watermarks of rivers and lakes respectively, and Regulation 10(8) requiring five-yearly wetland inventory updates; i) Out of Uganda's wetlands cover of 33,762.6km² The total degraded wetland cover was estimated at 6.3% of Uganda’s total land area2.",other,Programme 2,,,
2025,"ii) Fourteen major water bodies suffered extensive encroachment; through apartment construction, hotels, sand mining, landing sites, washing bays, recreation facilities, wastewater discharge, sugarcane plantations, agriculture, settlements, quarrying, livestock grazing, cultivation, artisanal mining, brick- 2 Paragraph 293 of the NDPIV, Page 173 93 making, informal markets, unregulated water abstraction, rice farming, palm cultivation, charcoal production, illegal logging, and wetland drainage, among others3.",other,,,,
2025,"iii) Despite restoration efforts, the Ministry of Water and Environment demarcated only 739.34km² (18%) against planned 4,150km² over three years4.",other,,,Ministry of Water and Environment demarcated only 739,
2025,"The encroachment has led to; physical, chemical, and biological contamination manifesting as sedimentation, algal blooms, flash floods, rising water levels, reduced water quality, increased treatment costs, endangered aquatic biodiversity, compromised ecosystem services and public health risks.",other,,,,
2025,"Recommendation I advised the Accounting Officer to liaise with Ministry of Finance, Planning and Economic Development for necessary resources to enable buffer zone demarcation with concrete pillars, restoration of degraded areas, recruitment and control over the environmental police, and proactive coordination with NEMA and Local Governments regarding water banks and wetlands protection.",other,,,"Ministry of Finance, Planning and Economic Development for necessary resources to enable",
2025,"2.1.11.2 Maintenance of Valley Tanks and Dams in the Karamoja Sub-Region The Ministry of Water and Environment (MWE) and the Office of the Prime Minister, constructed 106 valley tanks at an estimated cost of UGX.8.7Bn and five dams at an estimated cost of UGX 45Bn across nine (9) districts in the Karamoja Sub-Region to support livestock, irrigation, and domestic water use.",other,,,"Ministry of Water and Environment (MWE) and the Office of the Prime Minister, constructe",
2025,"Upon completion, the infrastructure was handed over to communities through Water User Committees responsible for operation, management, and maintenance.",other,,,,
2025,"During the year under review, the Ministry of Water and Environment received the budgeted UGX 1Bn for maintenance of 10 valley tanks and UGX100Mn for the rehabilitation of 3 of dams7.",other,,,Ministry of Water and Environment received the budgeted UGX 1Bn for maintenance of 10 va,
2025,"3 Interview with the Commissioner, International Transboundary Water Affairs 4 Wetlands Performance Reports, and interviews with the senior wetlands officer 5 NEMA annual performance reports FYs 2022 to 2025 6 Interview with the commandant, environmental protection police unit 7 Water for production, Karamoja Work Plan 94 However, inspections of twenty-five valley tanks and five dams conducted in November 2025 revealed that eighteen valley tanks (72%) were heavily silted, while seven (28%), had maintenance challenges, including eroded water inlets, weed invasion, unprotected water sources, damaged animal drinking troughs, dilapidated cattle access ramps, and eroded embankments.",other,,,,
2025,"Of the five dams inspected, three (60%) were well maintained, one (20%) had maintenance gaps such as overgrown grass and damaged animal drinking troughs, and one dam at Kawomeri was non-functional due to lack of water, attributed to encroachment of the catchment area.",other,,,,
2025,"Consequently, the silted valley tanks and dams have suffered reduced water storage capacity, resulting in limited water availability for livestock and agriculture.",other,,limited water availability for livestock and agriculture,,
2025,"This condition was attributed to the absence of clear maintenance plans, unclear roles between Local Governments and the Ministry of Water and Environment, limited community ownership, inadequate practical training of Water User Committees and community members in operation, maintenance, and water source protection, unprotected catchment areas leading to degradation, and overgrazing due to high livestock numbers, particularly affecting valley tanks.",other,,"limited community ownership, inadequate practical training of Water User Committees and","Ministry of Water and Environment, limited community ownership, inadequate practical tra",
2025,"Recommendation I advised the Accounting Officer to establish clear maintenance plans and budgets for all the 106 valley tanks and 5 dams, clarify the roles of Local Governments and the Ministry of Water and Environment, protect water sources through reforestation, and provide Water User Committees and community members with practical training in operation and maintenance, basic repair skills, and water source protection techniques.",other,,,"Ministry of Water and Environment, protect water sources through reforestation, and prov",
2025,"Consequently the tax base has remained narrow without headway in taxing all potential sources, hence the debt dependency to bridge the financing gap.",other,,,,
2025,"Table 36: Government Debt Financial year ended Domestic debt (UGX Tn) Foreign debt (UGX Tn) Total (UGX Tn) % Change June 2025 59.019 55.585 114.604 22.43 June 2024 39.159 54.449 93.608 9.30 June 2023 33.168 52.472 85.640 9.95 June 2022 29.425 48.463 77.888 12.55 June 2021 24.889 44.313 69.202 - Source: OAG analysis of public debt database From the table above, I noted a shift towards domestic financing to bridge budget shortfalls as domestic debt increased from UGX.39.16Tn in June 2024 to UGX.59.02Tn in 96 June 2025, surpassing external debt and raising its share of the total portfolio to 51.50% for the period under review from 41.83% in the prior FY 2023/24.",other,,,,
2025,"Effective July 2025, it was expanded to include other businesses (even non-VAT registered ones) operating within specific sectors, which include wholesale and retail of fuel, real estate, construction, and manufacturing, among others.",other,,,,
2025,The Accounting Officers of KCCA and OPM attributed the delay to the need for Cabinet approval and delays in securing the necessary funding.,other,,,,
