factor_1,factor_2,factor_3,factor_4,factor_5,factor_6,year
-0.15946579316766657,-0.11197476554157897,-0.036396782709408146,-0.12702461296510548,-0.1452588740970431,-0.13772892062803205,2018
1.7223897551407203,2.907281128199416,-1.5224123134894616,2.0919991675263696,7.090479188821951,0.014433093787373969,2018
-0.15946579309154102,-0.11197476541384377,-0.03639678253757636,-0.1260792095989337,-0.08635541666965987,-0.22343145447594218,2018
-0.15946579329352892,-0.11197476394435164,-0.03639678317077392,-0.12259284748981526,0.4450865039088293,-0.2388329419185511,2018
-0.15946579350961618,-0.1119747655407388,-0.03639678273396621,-0.12470078403751317,-0.11135305172613125,-0.2554764084060339,2018
-0.15946579329207333,-0.11197476571246036,-0.03639678277340569,-0.12703234418105408,-0.1498994002808547,-0.1781111872200315,2018
-0.15946579340086459,-0.11197476444629058,-0.03639678248319331,-0.12765173683897,-0.14150799114092252,-0.2925656763345436,2018
-0.15946579315501302,-0.11197476499852745,-0.036396782821178426,-0.11924080924062665,-0.05312776710655608,-0.15865109502954855,2018
-0.15946579239687186,-0.11197476548197835,-0.036396783109586696,-0.12678139081256293,-0.13075435248062728,-0.04466772476918841,2018
-0.15946579090642055,-0.11197475785000609,-0.036396788485611904,-0.09499476822982851,8.097008037215542,-0.016243271694822915,2018
-0.15946579331321756,-0.11197476545294924,-0.03639678279631552,-0.12820894067761993,-0.02082110319621045,-0.26791118908027417,2018
-0.15946579261106603,-0.11197476539632638,-0.036396783338543424,-0.12818171719515173,-0.14020521622091783,-0.10437752067836553,2018
-0.15946579126138388,-0.1119747654124066,-0.03639678039071235,-0.12753238957453694,-0.12456668561021142,0.19852099996443098,2018
-0.15946579184268447,-0.1119747656369469,-0.0363967829707248,-0.1279663631011352,-0.1384091683191408,0.5377526272154378,2018
-0.15946579204372388,-0.11197476578821336,-0.03639678260759283,-0.1273926274881677,-0.10109248415951991,-0.08175739985731449,2018
-0.15946579222351467,-0.11197476490761156,-0.03639678286047294,-0.12718595583045936,-0.12429605894053429,0.16368466869008716,2018
-0.15946579193327012,-0.11197476565132158,-0.036396782919146255,-0.1231411697497061,-0.14051404025390662,0.14954610177598682,2018
-0.1594657932762219,-0.11197476565511351,-0.0363967826170211,-0.1162685466348952,-0.13864248217132855,-0.22891558384313423,2018
-0.15946579327892832,-0.11197476566258087,-0.03639678261152377,-0.11923599160546489,-0.1392525680619553,-0.2435918448816577,2018
-0.15946579252256116,-0.1119747652578107,-0.036396782637093915,-0.12041253848470788,-0.09133525898357994,0.015413803569432411,2018
-0.15946579292607166,-0.11197476585757976,-0.0363967830816912,-0.1292064249185577,-0.09303246310939092,-0.17105609208146932,2018
-0.15946579089215993,-0.11197475758763666,-0.036396788627686354,-0.0943151657328077,8.202154937456154,0.05911461511801839,2018
-0.15946579360036475,-0.11197476558146158,-0.03639678290894404,-0.1256429124704823,-0.08999287905493937,-0.18879814805941825,2018
-0.15946579318531284,-0.11197476456625031,-0.03639678215697711,-0.12571946581327603,-0.12901123831944142,-0.1326889790942101,2018
-0.15946579350262416,-0.1119747658837601,-0.03639678282668958,-0.12845971752526766,-0.054558013720528584,-0.3247407240672397,2018
-0.15946579361884852,-0.11197476601657942,-0.03639678256376669,-0.12829606050869574,-0.08729176328807835,-0.39225551808840364,2018
-0.15946579346769427,-0.1119747659265247,-0.03639678251143452,-0.12950296048791488,-0.12918924683319077,-0.3919388230287013,2018
-0.15946579327645458,-0.11197476595294979,-0.036396782732159544,-0.1288965925827346,-0.08660200075855637,-0.22271622312139838,2018
-0.15946579089215993,-0.11197475758763666,-0.036396788627686354,-0.0943151657328077,8.202154937456154,0.05911461511801839,2018
-0.15946579360036475,-0.11197476558146158,-0.03639678290894404,-0.1256429124704823,-0.08999287905493937,-0.18879814805941825,2018
-0.15946579387078416,-0.11197475607148147,-0.03639678196461387,-0.12745358066875961,-0.13874190481626705,-0.12869683746993832,2018
-0.15946579391049073,-0.11197475902475615,-0.03639678217570566,-0.12900165006794787,-0.06969411846702352,-0.26621138226148394,2018
-0.15946579374575331,-0.11197476560748441,-0.03639678257314049,-0.1292270342684279,-0.1446635387143368,-0.4251867309638185,2018
-0.1594657936283669,-0.11197476568894442,-0.03639678267981714,-0.1251137616899661,-0.1067332188440862,-0.4099825470519526,2018
-0.15946579303444705,-0.11197476513120083,-0.03639678268880645,-0.12604968819244403,-0.0866770247121158,-0.23018484094340416,2018
-0.1594657932261642,-0.11197476563389079,-0.03639678257767222,-0.12726813191397293,-0.14080617314602725,-0.27447950147409206,2018
-0.15946579014637727,-0.1119747561540956,-0.03639679010558438,-0.09230798212828609,10.040711360784362,-0.02399045004460699,2018
-0.1594657934628441,-0.11197476594623186,-0.03639678279597006,-0.12957913377630054,-0.1392975077022366,-0.35363055498451684,2018
-0.1594657934893284,-0.11197476593973557,-0.03639678254374495,-0.12964493767776858,-0.1255775937454949,-0.3938179899606597,2018
-0.1594657932330541,-0.11197476568928065,-0.03639678287952358,-0.11945330505700089,-0.1340105188644383,-0.271669966022724,2018
-0.15946579365053992,-0.1119747653972125,-0.03639678270100995,-0.12888458376842624,-0.1348091346185904,-0.3847159427965644,2018
-0.15946579341878528,-0.11197476531446127,-0.03639678249439954,-0.12055999110339899,-0.06216023305109889,-0.3585079699392833,2018
-0.15946579370691258,-0.11197476599673932,-0.03639678267444332,-0.12988063065787117,-0.11942166832055709,-0.42797214673323186,2018
-0.15946579318725612,-0.11197476572166185,-0.036396782727443705,-0.12656927980335908,-0.14740476589641954,-0.24619073048212575,2018
-0.15946579341327538,-0.11197476414406825,-0.036396782683365395,-0.12567796858376382,-0.1402631071386256,-0.20427970033556234,2018
-0.15946579354796386,-0.11197476591050325,-0.0363967826401037,-0.12941954911822173,-0.1170236796995524,-0.4147887539266277,2018
-0.15946579327065175,-0.111974765326971,-0.03639678288053029,-0.1185690675772373,-0.1140739858664885,-0.24958444578509867,2018
-0.15946579295102972,-0.11197476513377207,-0.03639678327843952,-0.11708559193467206,-0.1208201871312024,0.059523833867980186,2018
-0.15946579299605865,-0.11197476552365249,-0.03639678302730773,-0.12029291447873205,-0.13454312717745104,-0.20449120705282123,2018
-0.1594658124545879,-0.11197475846303705,-0.03639681403369283,12.687308274961646,-0.535988930808617,-0.06241980033890189,2018
-0.15946580149968706,-0.11197476274280141,-0.03639679671532879,5.49702351934117,-0.3337605036112516,-0.088564755033485,2018
-0.1594657931516909,-0.11197476554179914,-0.03639678276114853,-0.11909916408207777,-0.13528025893271386,-0.09019025662465527,2018
-0.15946579333929287,-0.11197476576142418,-0.03639678245592947,-0.1252745398430543,-0.03865991816864235,-0.2925841493087829,2018
-0.1594658019191197,-0.11197476140525552,-0.036396797601331125,5.855435621838095,-0.0165856412534329,0.08016293515230474,2018
-0.15946579372893577,-0.11197476253139152,-0.03639678252873537,-0.11488257027172642,0.01118912086001381,-0.2859295947959983,2018
-0.1594657935118565,-0.11197476274267285,-0.0363967823877191,-0.12280777494951853,0.12081919571081791,-0.29672066240735423,2018
-0.15946579317399567,-0.11197476461899093,-0.03639678346881254,-0.10276539265154983,0.312576137258145,-0.26803549265548304,2018
-0.15946580584392958,-0.1119747609122849,-0.03639680374093654,8.300262758231908,-0.3882837183921868,-0.16167647069246757,2018
-0.15946579309801726,-0.11197476563989749,-0.03639678263955437,-0.12161855704738486,-0.13297416961536956,-0.25242261031537716,2018
-0.1594657929186661,-0.11197476551669282,-0.03639678239864846,-0.1271758381120953,-0.13773110778775355,-0.16935499260983344,2018
-0.1594657933245411,-0.1119747658686194,-0.03639678249249669,-0.12903976422128696,-0.15488955359299433,-0.22271185168778088,2018
-0.15946579334702665,-0.11197476584591222,-0.036396782859411385,-0.12212674680809314,-0.14776519923629147,-0.3125640985125415,2018
-0.15946579331620034,-0.1119747657985641,-0.03639678262563899,-0.1268404929717133,-0.1487896615019566,-0.30977492282244495,2018
-0.15946579322993798,-0.11197476578334366,-0.03639678284473062,-0.12723714151903048,-0.15316889028145977,-0.15800201968413183,2018
-0.15946579342281536,-0.1119747651078111,-0.03639678276271938,-0.12783903609543623,-0.12529949698449183,-0.1536034164679589,2018
-0.1594657926500092,-0.11197476553683643,-0.03639678294654145,-0.1281023849176035,-0.1191893016805485,-0.15458514809629909,2018
-0.159465792765334,-0.11197476555367407,-0.036396783218450655,-0.1269222034411129,-0.14366090542772017,-0.2647421041427208,2018
-0.15946579319675494,-0.11197476559616543,-0.036396782680359445,-0.12755581231565374,-0.1287609041416058,-0.2670903614297056,2018
-0.15946579316876425,-0.11197476495337465,-0.03639678246181991,-0.11866484111116839,-0.1022181549107204,-0.1719137328766629,2018
-0.15946579308126807,-0.11197476571686359,-0.03639678317668962,-0.12748988195973915,-0.14292922557867235,-0.27944877174090027,2018
-0.1594657929387447,-0.11197476565558563,-0.03639678293625449,-0.12777937040261608,-0.14540479126066141,-0.26676682929935513,2018
-0.1594657931826763,-0.11197476543239876,-0.03639678220527253,-0.12895416733347734,-0.14470948555989108,-0.3105578254686976,2018
-0.1594657926384344,-0.11197476552580654,-0.03639678290201291,-0.12918730254955435,-0.1265734896624607,-0.25950371813650813,2018
-0.15946579297942012,-0.11197476584333543,-0.03639678201023089,-0.1285826512111207,-0.15213110228036636,-0.3122866057824505,2018
-0.1594657933664237,-0.11197476576671102,-0.036396782558452676,-0.12689592690097706,0.05376113220780875,-0.28078166624068535,2018
-0.15946579297981633,-0.1119747655587402,-0.03639678217614906,-0.12751441899072388,-0.1288186329488605,-0.1915235088693174,2018
-0.15946579306621228,-0.11197476565652956,-0.03639678220492653,-0.12597952295898435,-0.14512996862646652,-0.2758395853282196,2018
-0.15946579344620174,-0.11197476531708125,-0.036396782757324275,-0.1262734297348224,-0.034874938740528494,-0.3214992843358196,2018
-0.15946579324347862,-0.11197476567334454,-0.036396782494599524,-0.12780391796021123,-0.13210522722219586,-0.21656617900109681,2018
-0.1594657937034076,-0.1119747638292636,-0.036396782544199445,-0.11641338904269306,-0.1565658636243431,-0.33209768947647283,2018
0.5504486744821065,-0.14440885836944975,1.0213087370340057,-0.10856254567573415,-0.12315487189978945,3.3945354001650165,2018
5.55798728668546,0.5399540506948717,-4.877327058865745,-0.13399144668401186,-0.37706155679054465,-0.38040253919241396,2018
1.167633235931333,-0.04162809561177074,0.02462903742649128,-0.11439752030551154,-0.1792975784501644,3.828712493555515,2018
4.319109386663984,-0.3165888893264752,6.636257398477127,0.0019355274672893834,0.059069220676312775,0.025108778241579505,2018
2.1354729407504442,0.0096750087969806,0.0691345427611077,-0.10722256366561077,-0.21083603961431202,6.017741531591078,2018
2.2485379824539717,0.01566834398551061,0.07433376850311105,-0.10621102659703739,-0.1628254588104715,5.4540817125261585,2018
-0.15946577181872656,-0.11197476455957708,-0.03639678246491745,-0.13067187233244995,-0.21448489361684508,8.441472749435704,2018
2.69085304123846,0.03911451580511972,0.09467334489487246,-0.10132508944482084,-0.2257909526260453,5.664446777702729,2018
-0.15946578519736096,-0.11197476527458512,-0.03639678237299887,-0.12935929680696415,-0.18438567306579862,3.6199651839385805,2018
3.0272645573416606,0.05694696728187415,0.11014302312328805,-0.09506091830985078,-0.21185464280367866,1.6002840230161257,2018
-0.15946579085411383,-0.11197476407682991,-0.036396783804700766,-0.12114130810450449,0.0028357625542590756,0.6834210119733979,2018
-0.1594656847478801,-0.11197475300436173,-0.0363968746080092,-0.11979889770515019,-0.11613833573952342,0.12743365240962878,2018
-0.15946578758690447,-0.11197476516072076,-0.036396783308322106,-0.1248327849837923,-0.11271438089018397,1.3981814564562933,2018
-0.15946579144989842,-0.11197476454663428,-0.03639678361475214,-0.12307083018140333,-0.07265883173689734,0.8229578047793945,2018
-0.15946578896713443,-0.11197476469171791,-0.036396784155882,-0.12422926821376302,-0.11114913156774561,1.1512611273760331,2018
-0.1594657918856097,-0.11197476492665254,-0.0363967828971729,-0.1253611861242825,-0.11472693375665304,0.4989600458996515,2018
1.3923756676404186,0.06497293357735896,-1.3503308342835763,-0.1262206511956761,-0.17552372774607852,0.3434976825002332,2018
-0.1594657916266278,-0.11197476565818472,-0.03639678413489655,-0.12813863655437094,-0.13844874502602442,0.13618855544764175,2018
-0.15946579325715113,-0.11197476576689513,-0.03639678251228646,-0.12760131637715588,-0.14581844615013295,-0.2745136469391646,2018
-0.15946579286598972,-0.111974764572303,-0.036396783248641956,-0.12377641203449488,-0.11435104494014281,0.1882935733938482,2018
-0.15946579339165176,-0.11197476579088614,-0.036396782563765065,-0.1278386265283541,-0.1305520299530405,-0.31578217146055665,2018
-0.15946579351424311,-0.11197476583990203,-0.03639678272101343,-0.12420082528465907,-0.1138981251465334,-0.21884789252645093,2018
-0.15946579274846093,-0.11197476562936667,-0.03639678316994246,-0.1250545164783461,-0.13806496640560723,-0.27391510939772523,2018
-0.15946579328943922,-0.11197476571753015,-0.03639678266642068,-0.12794492535918836,-0.14399050285755477,-0.27360505396616325,2018
-0.15946579302230418,-0.11197476561903445,-0.03639678243665442,-0.11953001311144912,-0.08028467083958006,-0.3054972646727735,2018
-0.1594657918690253,-0.1119747655394847,-0.0363967829650583,-0.12721180217338443,-0.12202035838260433,0.40647606368195544,2018
-0.15946579325395324,-0.11197476572041092,-0.03639678271585307,-0.12724967405908258,-0.13589487025496436,-0.3044192297537706,2018
-0.1594657934359319,-0.11197476566275928,-0.0363967826176006,-0.12640081405484968,-0.09190259488256076,-0.3119446341923243,2018
-0.15946579249394177,-0.11197476572627835,-0.03639678233415997,-0.1279668944146158,-0.14155292411185882,-0.2690670887382814,2018
-0.15946579346783415,-0.11197476389933034,-0.03639678219172804,-0.11606441341780967,-0.15604922972098476,-0.2810127282286817,2018
-0.15946579039941963,-0.11197476523178124,-0.036396783787317324,-0.1254160070585257,-0.13817219235434075,0.4626422862078923,2018
-0.15946579351270074,-0.11197476486417736,-0.036396782747179626,-0.12351767891681341,-0.14289590707106056,-0.3416605061589885,2018
-0.1594657932794699,-0.1119747658920932,-0.03639678270201836,-0.12810706926578824,-0.15074721217944065,-0.2761195133208472,2018
-0.15946579340086459,-0.11197476444629058,-0.03639678248319331,-0.12765173683897,-0.14150799114092252,-0.2925656763345436,2018
-0.15946579062645633,-0.11197475723403841,-0.03639678865274226,-0.09283179532425818,8.672991871559827,0.009826256656054789,2018
-0.15946579303912953,-0.1119747652537378,-0.03639678284952394,-0.12332748593328358,-0.10782032683167173,-0.1433974354947631,2018
-0.15946579273078582,-0.11197476460356448,-0.03639678336377674,-0.12309695569593582,-0.10449191040892927,-0.10428230333928652,2018
-0.15946579264588553,-0.11197476505419936,-0.03639678321637778,-0.1235784131302484,-0.08285251692888186,-0.042109326590708075,2018
-0.15946579320387458,-0.11197476524729572,-0.03639678280714078,-0.12335195279755753,-0.10435826623931001,-0.20230328129823016,2018
-0.1594657931024467,-0.11197476548807925,-0.03639678263317438,-0.126552161954554,-0.12229896273244627,-0.25007952400581535,2018
-0.1594657930396792,-0.11197476540116462,-0.03639678291938082,-0.12374150452600148,-0.10279597671619174,-0.19262020264983057,2018
-0.15946579280195305,-0.111974765168079,-0.03639678244041897,-0.1278758254021964,-0.1474802060538789,-0.16329386991481315,2019
-0.15946579090618643,-0.11197476537737845,-0.03639678038444283,-0.126796762887941,-0.15067908626930746,0.32454410522503135,2019
-0.15946579314273257,-0.11197476503890887,-0.03639678273117234,-0.1221230105226615,-0.11018615237887304,0.005623882382663965,2019
-0.15946579317490542,-0.11197476538803089,-0.03639678288135222,-0.1238892543209151,-0.07840109799506281,-0.16085824350774527,2019
-0.1594657929688936,-0.1119747651918267,-0.03639678271103285,-0.12415692877265018,-0.12224000768681756,-0.2668759026127998,2019
-0.15946580692052095,-0.11197475905758002,-0.03639680419934538,8.70575890794517,-0.42727256955883813,-0.1681198014488028,2019
-0.15946579306708503,-0.11197476569342948,-0.03639678281803077,-0.12493785938604812,-0.1463636322329465,-0.303524458356667,2019
-0.15946579326323573,-0.111974765284348,-0.03639678274971873,-0.12711519372988858,-0.13012913860813116,-0.27992833598342665,2019
-0.6584034891511135,8.915531189030458,0.7337242089689612,-0.14655978415137802,-0.5203430338066241,-0.11201251412821728,2019
-0.15946579300845554,-0.1119747648173761,-0.03639678220031814,-0.12641329513195596,-0.07961452642744865,-0.3003323064353046,2019
-0.15946579132098562,-0.11197476541852847,-0.03639677939360187,-0.12377409706246759,-0.09851902232099545,-0.3090952879398457,2019
-0.15946579099076302,-0.11197476484380257,-0.03639678032101214,-0.12212416217372896,-0.12151085802060874,0.14194257376514774,2019
-0.1594657917230473,-0.11197476510441816,-0.036396779973989324,-0.12735167687313179,-0.1550548938382957,-0.13075368657895087,2019
-0.15946579328624824,-0.11197476566742519,-0.03639678261407073,-0.11591769633462255,-0.14041895255370476,-0.23061258590632952,2019
-0.15946579264459387,-0.11197476560431523,-0.036396783417957594,-0.1282355162036169,-0.1533022973235547,-0.2341937381482471,2019
-0.15946579278292183,-0.11197476580164299,-0.036396782502025334,-0.12760782660057388,-0.15090205293873657,-0.2718855303409233,2019
-0.15946579336087266,-0.11197476569885584,-0.03639678241988195,-0.12787676639865472,-0.151915369822397,-0.2550334632591199,2019
-0.1594657931714252,-0.11197476583472135,-0.036396782155103065,-0.12901175788472113,-0.15593073939586014,-0.21608237194049545,2019
1.6316365067096363,2.76167628628546,-1.4507486109895307,1.986308459236874,6.752418457870613,-0.0063285693552202,2019
-0.15946579309154102,-0.11197476541384377,-0.03639678253757636,-0.1260792095989337,-0.08635541666965987,-0.22343145447594218,2019
-0.15946579208072215,-0.11197476264119748,-0.03639678210213697,-0.11878208568451912,-0.08837863794508409,0.0589002767569376,2019
-0.15946579014637727,-0.1119747561540956,-0.03639679010558438,-0.09230798212828609,10.040711360784362,-0.02399045004460699,2019
-0.15946579343335684,-0.1119747650125562,-0.03639678292886045,-0.12407038148155636,-0.060429307004195694,-0.3218581618653049,2019
-0.15946579336339067,-0.1119747658781343,-0.036396782974494224,-0.1288609492374934,-0.1217671781803527,-0.28600977712288433,2019
-0.15946579335574956,-0.1119747657087015,-0.0363967826960577,-0.12820402307389794,-0.12891229096214032,-0.2729751141883356,2019
-0.15946579325173196,-0.11197476444989325,-0.03639678278747866,-0.12140866749297967,-0.007332036129158077,-0.1045310278844445,2019
-0.1594657927251843,-0.11197476536031653,-0.0363967829359115,-0.12765932642193356,-0.13746158224851657,-0.2298036331107858,2019
-0.15946579267644767,-0.11197476555699375,-0.03639678327655096,-0.1265382256476274,-0.15327912470127486,-0.22035251478204645,2019
-0.15946579288515986,-0.11197476513813408,-0.03639678293842594,-0.12801232132518442,-0.14052433680692622,-0.2393793913836848,2019
-0.1594657933198909,-0.11197476551582988,-0.03639678284723692,-0.1266879949484377,-0.1348379472588451,-0.17361869990885087,2019
-0.15946579341164382,-0.1119747653671627,-0.03639678266223568,-0.12351924090786778,-0.14628270689752432,-0.3030004045223046,2019
-0.15946579296146843,-0.11197476416701498,-0.03639678323323736,-0.1163744558434489,-0.002731388049778217,0.007965455416691749,2019
-0.1594657932640678,-0.1119747656627828,-0.03639678259050695,-0.12757430838728978,-0.13233850366531227,-0.2836950917741532,2019
-0.15946579330335545,-0.11197476529642109,-0.036396782668045635,-0.1278683544310971,-0.13922294266486324,-0.3044491620597035,2019
-0.15946579357800067,-0.11197476588952417,-0.03639678268288928,-0.12901996065323168,-0.03562365809356834,-0.32334763796420674,2019
-0.15946579345359516,-0.11197476580604272,-0.03639678265204726,-0.1285665459721786,-0.13887778517062715,-0.3286096048060746,2019
-0.15946579112514703,-0.1119747580138957,-0.03639678910555469,-0.09825735926011883,8.472585464183684,-0.06895840185457132,2019
-0.1594657931785524,-0.11197476575198252,-0.03639678240097909,-0.12816626774243636,-0.14738616148813666,-0.2716471962374367,2019
-0.1594657912105784,-0.11197475771626933,-0.03639678905514403,-0.0938045585268919,8.451458798953338,-0.07468472293366155,2019
-0.15946579418319357,-0.11197475104505689,-0.0363967817378119,-0.12526864576389746,-0.07266128334014983,-0.1493005238099541,2019
-0.15946579268108152,-0.11197476456435249,-0.036396782627016934,-0.11579556898187764,-0.12607091208367535,0.35288971696516835,2019
-0.1594657787798047,-0.11197476453225541,-0.0363967854782238,-0.1324195255889266,-0.21496188576251357,7.989121372791448,2019
4.972614092612309,0.473207257841081,-4.381695387220496,-0.13597287758816043,-0.3401801187211166,0.29365919883420827,2019
1.903482123470163,-0.002622326433864509,0.05846659191547447,-0.10645355880316985,-0.16857685961139157,2.1501190216026043,2019
-0.1594657814276838,-0.1119747636215906,-0.03639678875299129,-0.12485428418527629,-0.14661058604462232,3.4292835758970552,2019
-0.1594657889416699,-0.11197476476141205,-0.03639678557241712,-0.12921223165895773,-0.12290976905238607,1.4734346691925195,2019
4.3989961892505915,-0.3202387036251525,6.755281191840991,0.003934605367876095,0.05998099367248636,-0.03860557768839826,2019
4.209297588698381,0.11960400016182224,0.16449807366284966,-0.08371281225867211,-0.21940302579415222,2.9107426278256923,2019
-0.1594657768950547,-0.111974763908846,-0.036396781203210805,-0.12878043362130653,-0.15388007825772138,4.247506018757413,2019
2.700077786861151,0.039603499386246147,0.09509754397205095,-0.10013285899312789,-0.131361467941134,3.9014669046436325,2019
-0.15946577561598937,-0.11197476521935006,-0.03639676601088586,-0.12704180748697813,-0.07388598278379986,1.700277292426414,2019
1.9514757138600656,-7.828941312653893e-05,0.06067355301897766,-0.10925148497389389,-0.19253006509730902,4.1172628300174345,2019
2.442194283902605,0.02593364860772403,0.08323893175893343,-0.10036395650194294,-0.17355865150782895,1.701966374508274,2019
-0.15946579336093714,-0.11197476289931693,-0.036396782586110975,-0.124417716631806,-0.07471570781894811,-0.25220991849263535,2019
-0.15946579330596775,-0.11197476598233568,-0.03639678212950423,-0.12948345870064917,-0.02494215242951997,-0.3606850882141256,2019
-0.15946579334750685,-0.11197476559660699,-0.03639678269953738,-0.12885648458759433,-0.1506279583947728,-0.32458606505696186,2019
-0.15946579369523314,-0.11197476591383503,-0.036396782663497565,-0.12924760495225243,-0.09827597420951618,-0.3532982731020415,2019
-0.1594657932390043,-0.11197476499698589,-0.03639678232351637,-0.12134707007982691,-0.12260045152035623,-0.2749869611870369,2019
-0.15946579344138456,-0.11197476547430087,-0.036396782526699784,-0.12831204730288903,-0.10231822410873655,-0.30683494778490616,2019
-0.15946579235827352,-0.11197476568818919,-0.036396782653645925,-0.12663996673816594,-0.13123863283208012,-0.22320361800422037,2019
-0.15946579358657292,-0.11197476593785632,-0.03639678257807072,-0.12837947797477642,-0.09310025133562383,-0.41354358296079274,2019
-0.15946579345746378,-0.11197476532161565,-0.0363967827628358,-0.12459693528817053,-0.08851531526309027,-0.34386063510638715,2019
-0.15946579272541087,-0.11197476454449089,-0.03639678335982174,-0.1112748511439588,0.07042846583149483,0.05317445967596979,2019
-0.15946579343110737,-0.11197476561932548,-0.03639678319886698,-0.1256484536294267,-0.11154191529793642,-0.28570887675230217,2019
-0.15946579335174832,-0.11197476567865344,-0.03639678276943182,-0.1230578726220988,-0.1314937517698965,-0.3032653189226492,2019
-0.1594657928665332,-0.1119747657195193,-0.0363967829266638,-0.12429550225303077,-0.14425647992210777,-0.20853403135459028,2019
-0.15946579309640865,-0.11197476588262585,-0.036396782653377466,-0.12363300282061519,-0.15462433031535722,-0.07707545394666612,2019
-0.15946579321459614,-0.11197476564102572,-0.03639678270101971,-0.1259334708262384,-0.13730739830374528,-0.30390648920190066,2019
-0.15946579331321756,-0.11197476545294924,-0.03639678279631552,-0.12820894067761993,-0.02082110319621045,-0.26791118908027417,2019
-0.15946579318918871,-0.1119747656382589,-0.03639678304994724,-0.12915361713420562,-0.14329436120717648,-0.31297660966354185,2019
-0.1594657921887574,-0.11197476579398358,-0.03639678194906692,-0.12236951174898728,-0.16850712950199168,0.03486931696661878,2019
-0.15946579312929313,-0.11197476547605055,-0.03639678291088058,-0.1276107283221536,-0.1483533856476325,-0.28535473929595834,2019
-0.15946579345393824,-0.1119747655446054,-0.0363967827075573,-0.1284176081336001,-0.14056705840836312,-0.24541965180824304,2019
-0.15946579295739882,-0.11197476110116898,-0.036396783134974874,-0.12060623987439364,-0.06251721015594307,-0.2015081629438557,2019
-0.1594657934442954,-0.11197476038025475,-0.03639678215299989,-0.11338820075823924,-0.09030856093819038,-0.2500612040580508,2019
-0.15946579321015247,-0.11197476465947007,-0.03639678276394702,-0.1248046063859233,-0.09810576249918238,0.05194492652355191,2019
-0.15946579316109935,-0.11197476553109348,-0.03639678297851407,-0.12685878128532435,-0.12307382906778223,-0.298233710809134,2019
-0.15946579358088966,-0.11197476531070347,-0.03639678302960762,-0.12347004083547128,-0.10968083622050956,-0.33981195432940836,2019
-0.15946579307371025,-0.1119747657707445,-0.03639678225166226,-0.12501986731083942,-0.14020109832981942,-0.3403287078962542,2019
-0.15946579271438763,-0.11197476556911296,-0.03639678327414149,-0.12634449870405437,-0.1488477923905854,-0.08240847762259802,2019
-0.15946579302666974,-0.11197476527906378,-0.03639678253097976,-0.12500133587829726,-0.13658998744395123,-0.26441964723319245,2019
-0.15946579298923855,-0.11197476555920015,-0.036396782273200756,-0.12394623901967909,-0.12414877815281648,-0.23023101772339818,2019
-0.15946579323274226,-0.11197476515316254,-0.03639678233624664,-0.12666829461113221,-0.14569753524343315,-0.20687327756428692,2019
-0.15946579359778956,-0.11197476588836827,-0.03639678260227203,-0.12990014501762673,-0.1064889188201008,-0.37948563007908936,2019
-0.15946579316921936,-0.11197476584992552,-0.03639678213802283,-0.12876005281741085,-0.14680527490719433,-0.3217632429214543,2019
-0.15946579280746018,-0.11197476571789244,-0.03639678228502819,-0.127210849538199,-0.1488027538025519,-0.27305324704288686,2019
-0.15946579343197573,-0.11197476582408533,-0.03639678269697526,-0.1275942404006723,-0.11204233411316904,-0.33346110458312733,2019
-0.15946579330919833,-0.11197476566110612,-0.03639678260315626,-0.12779188329338692,-0.1418245920316071,-0.30363108186084736,2019
-0.1594657929606472,-0.11197476574199096,-0.03639678241675846,-0.12385316766366555,-0.13609045952249477,-0.3160884019984194,2019
-0.15946579325318547,-0.11197476284973985,-0.03639678253574168,-0.11210347700735238,-0.020059948235039034,-0.32776390338821554,2019
-0.15946579371863537,-0.11197476484959636,-0.03639678252650958,-0.1278437173652775,-0.1507577203357313,-0.32387534236800686,2019
-0.15946579325955448,-0.11197476565667532,-0.036396782853095756,-0.12851711498601362,-0.15010580728967562,-0.2046371653409009,2019
-0.1594657928592366,-0.11197476558367801,-0.036396782171924186,-0.12915111137073657,-0.163661139434244,-0.22753376716337986,2019
-0.15946579220419682,-0.11197476493660485,-0.03639678379674709,-0.12166854770924741,-0.08748271742598383,-0.07542036714903973,2019
-0.15946579173015601,-0.11197476589394756,-0.03639677988298951,-0.12661465516586456,-0.15098567475412872,-0.348026103623365,2019
-0.15946579287109952,-0.11197476526229518,-0.03639678336019373,-0.12206830938651263,-0.1322910381005225,-0.3385736335618116,2019
-0.15946579304790576,-0.11197476541661522,-0.03639678289011328,-0.12379554349006426,-0.12346394195751603,-0.21349537507246427,2019
-0.1594657928543377,-0.11197476561035703,-0.036396783423737755,-0.12802630212860475,-0.15673542433719245,-0.30477557885194084,2019
-0.1594657925632041,-0.11197476495063617,-0.03639678276685365,-0.12699399630493596,-0.1507339058424993,-0.11644817454138863,2019
-0.15946579229267144,-0.1119747646343136,-0.03639678286146869,-0.12805888326768147,-0.15790520619062431,-0.20475901760743934,2019
-0.1594657928402913,-0.11197476568142217,-0.036396783097223405,-0.1281264030804092,-0.14787207180080128,-0.3126590684841406,2019
-0.1594657934975449,-0.11197476583788962,-0.03639678279174497,-0.13031110153430162,-0.10123280156476214,-0.4211595339041015,2019
-0.15946579331235103,-0.11197476540103887,-0.03639678290217044,-0.12546332382685732,-0.13982575790137114,-0.35365135162336087,2019
-0.15946579304697114,-0.11197476584052152,-0.03639678286880891,-0.12778856109169273,-0.0896212691908817,-0.16513566374513478,2019
-0.1594657928855296,-0.11197476561478499,-0.03639678208187045,-0.12756746048366097,-0.059197821191468804,-0.1984496654952157,2019
-0.15946579324326693,-0.11197476571362826,-0.036396782636819745,-0.1278118631205016,-0.14893408750954634,-0.23627404656217715,2019
-0.1594658066045232,-0.11197476001834931,-0.03639680397324346,8.570237955017168,-0.4145283817427287,-0.1482048654880138,2019
-0.1594658036694653,-0.11197476200776557,-0.03639679937595627,6.646854074897464,-0.3575589327637864,-0.09782149919842834,2019
-0.15946579307066658,-0.11197476572292399,-0.03639678225579839,-0.12771218623525407,-0.1462072620203756,-0.2398206560049682,2019
-0.1594657927510846,-0.11197476541343071,-0.036396782994599856,-0.12560704537534073,-0.11816705766646009,-0.1793779765955365,2019
-0.15946579341733855,-0.11197476577640274,-0.03639678264144131,-0.12803880382655639,-0.13740812462739566,-0.30715964470163015,2019
-0.1594657930861366,-0.11197476584118306,-0.03639678216587389,-0.128538386663004,-0.1530681895713444,-0.24081998328060797,2019
-0.1594657933321773,-0.11197476591361899,-0.036396782494204034,-0.12874661078659866,-0.15029959739983612,-0.3402898734271182,2019
-0.15946579337894404,-0.11197476585053635,-0.03639678247627105,-0.1264910858943295,-0.14479584783167235,-0.3161515447074362,2019
-0.1594657933809518,-0.11197476481412887,-0.03639678276285245,-0.11614955368354736,-0.14809004259692973,-0.1500040985860019,2019
-0.15946579944510142,-0.11197476276767389,-0.03639679580050349,5.220697775477518,-0.32185295333514274,0.7914574165670463,2019
-0.15946579111986164,-0.11197476581470889,-0.03639678014928017,-0.12474526780252618,-0.1458107934315455,-0.13378050537915967,2019
-0.15946579320962442,-0.11197476589768024,-0.03639678251943809,-0.12604067200713803,-0.11475302529727807,-0.13716530566707177,2019
-0.15946579337882585,-0.11197476562103358,-0.03639678278825752,-0.12146805535718673,-0.14066878444769695,-0.30255645796988534,2019
-0.1594657931078047,-0.11197476568213065,-0.036396782762112674,-0.1254563348087156,-0.14523801009452153,-0.29887773886120467,2019
-0.15946579284225074,-0.11197476557760466,-0.03639678274317431,-0.12023788434721581,-0.13066413038570265,-0.31356563176525465,2019
-0.1594657932245701,-0.11197476412475288,-0.03639678299367985,-0.11662077078195725,-0.13191436123294292,-0.20667479966315594,2019
-0.15946579283608003,-0.11197476567656588,-0.036396783090877224,-0.12363131771583492,-0.13789106914085428,-0.19636864168416157,2019
-0.15946579234453925,-0.11197476525405921,-0.036396783249320545,-0.12489680478607498,-0.03463018412685605,-0.07719229988641275,2019
-0.15946579271068123,-0.11197476544654027,-0.03639678310508901,-0.12470688232960361,-0.12050118639948035,-0.2730690694982778,2019
-0.15946579289417234,-0.1119747656626778,-0.036396782972195084,-0.1273073313585203,-0.13953542514683967,-0.1676859062638354,2019
-0.15946579290658788,-0.1119747655165533,-0.03639678299660885,-0.12110980606796569,-0.1301804658729144,-0.2825232452767007,2019
-0.15946579273862507,-0.11197476558009445,-0.036396783017286195,-0.127184391941655,-0.14139747165251118,-0.2788731558021737,2019
-0.15946579273862507,-0.11197476558009445,-0.036396783017286195,-0.127184391941655,-0.14139747165251118,-0.2788731558021737,2019
-0.15946579299921682,-0.11197476568009117,-0.03639678300919076,-0.1279198697528315,-0.14263957404950534,-0.30293849349050633,2019
-0.15946579256605284,-0.11197476519025795,-0.036396782236103736,-0.12719203286340758,-0.13011037697913852,0.13292529890999272,2019
-0.15946579136974018,-0.11197476509294176,-0.03639678123312078,-0.12764392881129905,-0.1303757655899663,0.40795515076200284,2019
-0.15946579023261345,-0.1119747650760305,-0.03639678539447306,-0.12689780987251456,-0.08834181872721414,-0.17199679195969392,2019
-0.1594657935780537,-0.11197476481150308,-0.03639678267998603,-0.12697832254538313,0.08677773473215294,-0.3345314272395768,2019
-0.15946579343151643,-0.11197476524356653,-0.03639678267869786,-0.12589159260594535,-0.09860709462445073,-0.32195669774725844,2019
-0.1594657935305157,-0.11197476503334965,-0.03639678288848293,-0.12919451384350186,-0.14553557292342456,-0.3200105664333304,2019
-0.15946579338284533,-0.11197476565540751,-0.036396782728536387,-0.12779810081710444,-0.12877004542447543,-0.29587660428775464,2019
-0.15946579322453103,-0.11197476524400819,-0.03639678297142823,-0.12821307500692375,-0.13734201494192613,-0.29361732238316435,2019
-0.15946579315324758,-0.11197476575344285,-0.036396782236968496,-0.12725952776079302,-0.14619218237590087,-0.28804466666578205,2019
-0.1594657911130386,-0.11197476608650676,-0.036396779074869774,-0.1253495013746842,-0.1593679227408553,-0.2940791414058546,2019
-0.15946579178251524,-0.11197476489342377,-0.036396780536381554,-0.12746642089434065,-0.15075742398309144,-0.2212173331722311,2019
-0.15946579353135645,-0.11197476475322966,-0.036396782602698526,-0.12760966979391644,-0.12368178685831095,-0.17061847615081704,2019
-0.15946579318284457,-0.11197476589867547,-0.03639678253916382,-0.12830568175992743,0.12029569403660673,-0.23777506035122994,2019
-0.15946579294135388,-0.11197476570788216,-0.03639678307445546,-0.12850255000475816,-0.1147290692378882,-0.29314848309520625,2019
-0.15946579314614767,-0.11197476589609447,-0.03639678314127229,-0.12940693794587033,0.08120972553395352,-0.2781857823081697,2019
-0.15946579292295165,-0.1119747657662635,-0.03639678282910266,-0.12821938249154535,-0.1483574614809316,0.0522902306928723,2019
-0.1594657928744498,-0.11197476572133667,-0.03639678270389828,-0.12808624344327282,-0.11216626516017428,-0.06582710854168698,2019
-0.15946580162616003,-0.11197476000794054,-0.03639679747509357,5.6635365355212555,-0.14053698258442124,-0.04367764358187514,2019
-0.1594657930262104,-0.11197476489888149,-0.0363967820100292,-0.11877104100881228,-0.1430896370125022,-0.2511847036212551,2019
-0.15946579333593766,-0.11197476527851805,-0.03639678257400971,-0.12576237968201887,-0.11714214609518299,-0.15651264355221728,2019
-0.15946580623837583,-0.11197475958303238,-0.036396805188935594,8.852359120151938,-0.2220257127845456,0.12309648566562487,2019
-0.15946579233198935,-0.11197476496107397,-0.036396783319067795,-0.11246304721957061,-0.10965830250858702,-0.1130287004648667,2019
-0.15946579348207374,-0.11197476383679811,-0.036396782537632476,-0.11747539322146025,-0.10059167681247864,-0.25002793267376444,2019
-0.15946579366447042,-0.11197476523374673,-0.03639678278317322,-0.129491318796372,-0.15806035027214235,-0.2827973752738614,2019
-0.15946579325955448,-0.11197476565667532,-0.036396782853095756,-0.12851711498601362,-0.15010580728967562,-0.2046371653409009,2019
-0.159465792967768,-0.11197476552539014,-0.036396782341644326,-0.12890502284600225,-0.16311025859553993,-0.2659818726009669,2019
-0.15946579220419682,-0.11197476493660485,-0.03639678379674709,-0.12166854770924741,-0.08748271742598383,-0.07542036714903973,2019
-0.15946579185301046,-0.11197476566135463,-0.036396780300488346,-0.12819840008582947,-0.1578936842578563,-0.39159686794723086,2019
-0.4863682697178862,5.80281995648698,0.4681841725310507,-0.13722334149144463,-0.41009092993190654,-0.2283267551286602,2019
-0.15946579344121162,-0.11197476278025385,-0.03639678269813571,-0.122055475030182,-0.13414865185964142,-0.16979481435443666,2019
-0.1594657932534908,-0.1119747651514958,-0.03639678257967208,-0.12765989900419034,-0.14083338311801874,-0.2870733919206193,2019
-0.15946579185199772,-0.11197476526394953,-0.0363967803088095,-0.12531909149688086,-0.09193770290250665,-0.26280797223311775,2019
-0.1594657934315218,-0.11197476531725134,-0.0363967825577057,-0.12649360390644637,-0.15388213356753735,-0.18304822982409935,2019
-0.15946579290661192,-0.11197476581350954,-0.036396782166881914,-0.12406917278281164,-0.1481523004316347,-0.2588990948319391,2019
-0.15946579215143603,-0.11197476497755333,-0.036396783030708785,-0.1253504858168498,-0.10142674440356378,0.4231320879488066,2019
-0.1594657934634855,-0.11197475922636164,-0.03639678171261821,-0.1214179961166509,-0.114914376477827,-0.12680785078125772,2019
-0.15946579396188956,-0.111974758788239,-0.03639678217614051,-0.1261733018462857,-0.061804246994007876,-0.3077571742216949,2019
-0.15946579204020933,-0.11197476488037662,-0.03639678065109471,-0.12230780156711875,-0.03305057406018904,-0.280048616141657,2019
-0.15946579083085452,-0.11197476547089374,-0.03639677841130001,-0.1250255608389265,-0.15627388911219553,-0.31070276877236697,2019
-0.15946578945524803,-0.11197476553110096,-0.03639677687125361,-0.12731438285496152,-0.15458271433168352,-0.272389419197321,2019
-0.15946579289889273,-0.11197476584805484,-0.03639678262272643,-0.12607534902406267,-0.15516517395550727,-0.31857084810988184,2019
-0.15946579343186,-0.11197476533791705,-0.03639678237638398,-0.128995696284753,-0.08658942391016047,-0.31991576867179183,2019
-0.15946578942519843,-0.11197476568430245,-0.03639677728696468,-0.12717387696585714,-0.1425424133401328,-0.03473744565704528,2019
-0.1594657932114862,-0.11197476583716687,-0.03639678233292237,-0.1266022388386997,-0.15187303808761202,-0.28693170598364687,2019
-0.15946579293712648,-0.11197476587102399,-0.036396782243292236,-0.12756996682210736,-0.11246253670596346,-0.29952433866698236,2019
-0.15946579307986888,-0.111974765766009,-0.03639678265605873,-0.12701808628986286,-0.03974463194468482,-0.31517854652507227,2019
-0.15946579309321007,-0.11197476569548312,-0.036396782825991944,-0.1273592395955325,-0.13054719564916903,-0.30352286321479005,2019
-0.15946579192401966,-0.11197476539379607,-0.036396780419412536,-0.1237553998957428,-0.08112301344615515,-0.3019703230174068,2019
-0.15946579325016166,-0.11197476450023512,-0.03639678201972307,-0.12813839306964106,-0.15238176030543718,-0.2964648179135915,2019
-0.15946579320398357,-0.11197476568717332,-0.03639678258508281,-0.1270535350241648,-0.1456762766534028,-0.2610437765219238,2019
-0.1594657933143153,-0.11197476592428626,-0.03639678285308403,-0.12787972242910947,-0.165049676609983,-0.2909559330601313,2019
-0.1594657932805889,-0.11197476581808555,-0.03639678217807624,-0.12921995807981787,-0.06751622318666321,-0.3170606572213961,2019
-0.15946579329092553,-0.11197476587870023,-0.03639678223918534,-0.1287586850458117,0.02760220348201185,-0.3928422356406309,2019
-0.1594657928039634,-0.11197476582819683,-0.0363967819226968,-0.12695979841689295,-0.13879138125445636,-0.20071483633882178,2019
-0.15946579279745568,-0.11197476589687878,-0.03639678210020807,-0.12527075483932587,-0.15487504378533412,-0.25459184263488377,2019
-0.15946579348274728,-0.11197476574119193,-0.03639678249492572,-0.12564599695704168,-0.054441370092260244,-0.35144112309006414,2019
-0.15946579317335063,-0.11197476526370541,-0.03639678222163297,-0.12429788795243793,-0.1438359392963471,-0.2724972848999366,2019
-0.159465793047564,-0.11197476581397861,-0.036396782686743116,-0.12606513951682735,-0.14900586175158684,-0.3547687359306707,2019
-0.159465793225595,-0.11197476582485844,-0.036396782685705655,-0.12872390459695332,-0.030378517810314542,-0.3732195136895948,2019
-0.15946579327323682,-0.1119747657988345,-0.03639678236501531,-0.12868904071060638,-0.1493698029527307,-0.33511977261427855,2019
-0.15946579307811268,-0.11197476585751058,-0.036396782028649245,-0.1296525540308321,-0.11425066591203586,-0.24758951648932442,2019
-0.1594657931263799,-0.11197476586631744,-0.03639678184198874,-0.12612160042979106,0.009968925252293426,-0.32740591383456563,2019
-0.15946579173149872,-0.11197476516056376,-0.036396781257141735,-0.12327135973875465,-0.1116320598396481,-0.09165862806093351,2019
-0.15946579311825457,-0.11197476568884429,-0.0363967824959831,-0.12630014392775202,-0.14574677792556587,-0.28520891292779443,2019
-0.1594657932385624,-0.11197476555559198,-0.03639678266497273,-0.12098483709855223,-0.14448689033830533,-0.22509493783565154,2019
-0.1594657928678933,-0.1119747657833769,-0.03639678294238556,-0.1281647368959141,-0.1368457580681333,-0.1662735299908256,2019
-0.15946579344905215,-0.11197476584253178,-0.03639678254066754,-0.12818083071781566,-0.10915502327566017,-0.29489872561006425,2019
-0.15946579308815606,-0.1119747656427862,-0.03639678222170594,-0.12398385878846865,-0.14848678974794824,-0.25127948993822286,2019
-0.15946579308859055,-0.11197476586349679,-0.03639678223777419,-0.12880073832560968,-0.14883389185669854,-0.25220298192117424,2019
-0.15946579297257074,-0.11197476597521264,-0.03639678191564841,-0.12733632169408446,-0.1480825705151126,-0.27413351373513234,2019
-0.159465792656343,-0.1119747657431973,-0.036396781893989545,-0.12851204025749385,-0.13525199746332742,-0.12931581302426615,2019
-0.15946579286175683,-0.11197476557078953,-0.036396782419762665,-0.12678637705903978,-0.15222744929926116,-0.19036540751632675,2019
-0.15946579263174032,-0.11197476581160383,-0.036396782809238755,-0.12852265978981642,-0.08992744677317312,-0.10349130632838072,2019
-0.15946579299097208,-0.11197476546836692,-0.03639678266472117,-0.1260861710992035,-0.1162213636001522,0.04523848874311469,2019
-0.15946579308837142,-0.11197476585104221,-0.03639678229706567,-0.12835042957976697,-0.15326724534048905,-0.3404784332945212,2019
-0.15946579297143706,-0.11197476574875166,-0.03639678224142998,-0.1292400980864966,-0.1544135934526901,-0.2935722512449891,2019
-0.1594657928366243,-0.11197476539807477,-0.03639678229848597,-0.12647530174315386,-0.1094356328492606,-0.12305974165762373,2019
-0.159465791302276,-0.11197476529621979,-0.03639678108013434,-0.12570119670011065,-0.12442275560951167,0.2829396402305646,2019
-0.15946579334433436,-0.11197476564157127,-0.03639678255717449,-0.1284393038150925,-0.13923818071862717,-0.19078773903318777,2019
-0.15946579316263298,-0.11197476562369206,-0.03639678267193841,-0.1278467754360719,-0.009720158124015174,-0.23979350820288806,2019
-0.15946579328991198,-0.11197476515740686,-0.0363967823421614,-0.12853445377905645,-0.1483013950635218,-0.1732931300287192,2019
-0.15946579279048917,-0.11197476581024098,-0.03639678172007244,-0.1283977357317918,-0.1490212870362212,-0.29422638009950747,2019
-0.15946579186222337,-0.11197476483392722,-0.036396781110276846,-0.12231129665107843,-0.10574104950679626,0.011593430062195651,2019
-0.15946579244179165,-0.11197476562117446,-0.03639678193544968,-0.12423999428672694,-0.15710893048675875,-0.16548024215547238,2019
-0.15946579113080286,-0.11197476562028326,-0.03639678420253146,-0.12722699400088647,-0.15287247316366157,0.15398261211789438,2019
-0.159465791410287,-0.11197476606700735,-0.03639678028854898,-0.12794333172934383,-0.14939640912423907,0.13640081622680456,2019
-0.1594657933163523,-0.11197476558604778,-0.03639678262070074,-0.12684211496901573,-0.14396307598409494,-0.1845606309183851,2019
-0.15946579313233766,-0.11197476569399512,-0.03639678264603765,-0.127913520024526,-0.142194019286803,-0.1830904498341105,2019
-0.1594657932692035,-0.1119747656950044,-0.036396782599755394,-0.12383889815681293,-0.1403800145151842,-0.2826595921927845,2019
-0.1594657932256916,-0.11197476567299676,-0.03639678259053336,-0.12217458531303954,-0.136775148507522,-0.26954863386280625,2019
-0.15946579338875236,-0.11197476593062503,-0.03639678245689948,-0.12824297427300974,-0.15449767957845228,-0.2517610303803576,2019
-0.1594657935847413,-0.11197476585849359,-0.03639678267916058,-0.12478151355438304,-0.15873558973081478,-0.27745962268427105,2019
-0.15946579340424094,-0.11197476580555746,-0.03639678269171572,-0.1281971252077706,-0.11776980235423654,-0.26062183911710507,2019
-0.15946579318869347,-0.1119747657203492,-0.03639678252573361,-0.12718995373817682,-0.14534738112097184,-0.290350074702817,2019
-0.15946579310013734,-0.11197476538221925,-0.03639678249078643,-0.12723085189352606,-0.15999187649306984,-0.2799240462883782,2019
-0.15946579327943064,-0.11197476565832418,-0.03639678252378883,-0.12422348889235404,-0.1524873563413046,-0.3031302425806337,2019
-0.1594657934204708,-0.11197476571204903,-0.03639678275375602,-0.1271016715545595,-0.1636594138108964,-0.2384716263026764,2019
-0.15946579352951867,-0.11197476573538122,-0.03639678261056658,-0.12844066627136513,-0.15631218784861234,-0.19871681432975358,2019
-0.15946579282815357,-0.11197476552214275,-0.03639678319517051,-0.12849522935157418,-0.15830001889516918,-0.15690590938784701,2019
-0.1594657932329729,-0.1119747656454785,-0.036396782580434536,-0.12741713742765018,-0.14185628227290836,-0.27344252399429786,2019
-0.15946579328311186,-0.11197476578940106,-0.03639678234818177,-0.1273442626291373,-0.15206865988595966,-0.3232595661624621,2019
-0.15946579319113063,-0.11197476571481284,-0.03639678241788298,-0.1278981950448781,-0.1443612926570063,-0.3001205537995828,2019
-0.15946579296849836,-0.11197476559393026,-0.03639678218737832,-0.1281407408077145,-0.14540336460252037,-0.21153484702860073,2019
-0.1594657929528347,-0.11197476600969658,-0.03639678213837482,-0.1299866303343376,-0.06569894205500981,-0.22068561025023387,2019
-0.15946579206840195,-0.11197476478360717,-0.036396780779066246,-0.125484741143121,-0.11470114647233147,-0.10671621416471368,2019
-0.159465792596229,-0.11197476475820539,-0.03639678109197165,-0.12258646587667453,-0.13859771396178575,-0.19419093966586798,2019
-0.15946579308875714,-0.11197476544551159,-0.0363967823045155,-0.1280686267590896,-0.14836859550496906,-0.2668292990857903,2019
-0.1594657933116833,-0.11197476494907062,-0.03639678255667218,-0.12367374816420663,-0.14100670066789522,-0.23886884683203613,2019
-0.15946579300753577,-0.11197476575538752,-0.03639678216952923,-0.1285705161830867,-0.15110800502082855,-0.32737849704370525,2019
-0.15946579263271926,-0.11197476573620588,-0.03639678283848843,-0.12572516473017367,-0.14494172142237688,-0.19407312688143255,2019
-0.15946579317732826,-0.11197476582044137,-0.03639678228904369,-0.12374072417232485,-0.14136162965287288,-0.28843225008608714,2019
-0.1594657929074776,-0.11197476560651533,-0.036396782015019204,-0.12332858378629659,-0.1482618961277542,-0.2756975615191286,2019
-0.15946579295902724,-0.11197476564543979,-0.036396781995693774,-0.12598591770910292,0.042023428141497905,-0.2575134027804798,2019
-0.15946579304132252,-0.11197476538091129,-0.036396782147871475,-0.12168598934268149,-0.14249947393489498,-0.28622928186550856,2019
-0.1594657933595054,-0.11197476534211107,-0.03639678263446214,-0.1235895873620282,-0.13759229049763816,-0.28506630519727444,2019
-0.15946579302082187,-0.11197476566913496,-0.03639678241772356,-0.12726826892805446,-0.1413662193442337,-0.19603928211637708,2019
-0.15946579323331384,-0.1119747657706996,-0.036396782440215006,-0.1241251546767314,-0.15497290211900164,-0.32082986797208757,2019
-0.15946579304031094,-0.11197476587772197,-0.03639678212088383,-0.12803804964719223,-0.16908188520890194,-0.07011249382597909,2019
-0.15946579316053255,-0.11197476578045319,-0.03639678277477566,-0.126892841838557,-0.13183931296953086,-0.17223922985643098,2019
-0.159465793477775,-0.11197476494945688,-0.03639678265008135,-0.12782818615174973,-0.1366313567309487,-0.34152163199791846,2019
-0.1594657933993505,-0.11197476562646656,-0.036396782738279274,-0.12865581526009,-0.10015519815547845,-0.20470509262865447,2019
-0.15946579331269756,-0.11197476524564494,-0.03639678273294352,-0.12520536347697778,-0.13415566860112976,-0.2805783295806396,2019
-0.15946579335522587,-0.11197476528263509,-0.03639678295508351,-0.12509832075578645,-0.04935570732981096,-0.22623259570773827,2019
-0.15946579333407088,-0.11197476567377325,-0.03639678253749702,-0.12734278430016002,-0.12197746558258377,-0.2823643967549642,2019
-0.15946579307257636,-0.11197476521461555,-0.03639678302531745,-0.12563632358691823,-0.1328796501579453,-0.26711053978232047,2019
-0.15946579305479833,-0.11197476546604944,-0.03639678304457648,-0.12820530030432714,-0.03909918335509374,-0.04419622052936362,2019
-0.15946579067189948,-0.11197476580253359,-0.036396782782080375,-0.12155421573490824,-0.08472155005309508,1.3117741409204544,2019
-0.15946579268802072,-0.11197476568150234,-0.03639678310305437,-0.1275720720226985,0.08429632190429229,0.007865624649842707,2019
-0.15946579334305858,-0.11197476568665617,-0.036396782878530376,-0.12005223195416193,-0.15469374838877867,-0.1526700851753694,2019
-0.15946579318946813,-0.11197476564419027,-0.03639678280089229,-0.12814143607309134,-0.1386920856938374,-0.16382663425635746,2019
-0.15946579215901985,-0.11197476586711719,-0.036396781836800604,-0.12891934252692233,-0.15479010254039663,0.15060210557320108,2019
-0.15946579326478866,-0.11197476564183498,-0.03639678277051236,-0.12579803665917907,-0.15273729513028372,-0.07967356660393077,2019
-0.15946579307838407,-0.11197476556265096,-0.03639678233686232,-0.12099292469030383,-0.1442082656961223,0.01570903540979402,2019
-0.15946579297033364,-0.1119747658016362,-0.036396782053753005,-0.12845008373137745,-0.15020402869160324,-0.2414499237761818,2019
-0.15946579209661227,-0.11197476559445167,-0.03639678242328133,-0.12396399974816097,-0.1457387716175182,-0.09346052071471099,2019
-0.1594657931325492,-0.11197476558284325,-0.03639678282594952,-0.11991133521150676,-0.13074062635375253,-0.1170855547506718,2019
-0.15946579332013558,-0.11197476558434266,-0.03639678264628383,-0.12253459508180417,-0.14641829031917156,-0.06568577156774591,2019
-0.15946579330794053,-0.11197476570961218,-0.036396782605863286,-0.12787781492108052,-0.14639153819883186,-0.12899258086704127,2019
-0.15946579269404088,-0.11197476571457411,-0.036396783002092745,-0.127362445880123,-0.13953365947470706,0.12425967245856188,2019
-0.15946579331368135,-0.11197476578767847,-0.036396782705996326,-0.12113884836341475,-0.15006165344476668,-0.09696681030643572,2019
-0.25329752567213776,1.5857653249882286,0.10843450047017962,-0.11615635537040148,0.006596073256185857,-0.005221578603646559,2020
-0.15946579285664614,-0.11197476364206807,-0.036396783699226894,-0.10998346794637416,0.2213265578462212,-0.2731690263563258,2020
-0.1594657937946209,-0.11197476414721905,-0.03639678306179752,-0.11723865806112821,0.18309963583256977,-0.3282650916521363,2020
-0.1594657934800252,-0.11197476547952538,-0.03639678273297292,-0.1266558346554449,-0.11441259529984732,-0.27427725257452595,2020
-0.15946579094662938,-0.11197476284295954,-0.03639677842362066,-0.12853153323529526,-0.14208163565186865,-0.3005698303479856,2020
-0.15946579302658562,-0.11197476557943711,-0.03639678326283432,-0.12145487769992008,-0.12778215371192286,-0.28042793809445615,2020
-0.159465792334295,-0.11197476550431601,-0.03639678332242229,-0.12707014378102513,-0.13959870910044986,-0.26427827559648454,2020
-0.15946579312122633,-0.11197476328570409,-0.036396782961343355,-0.12677114416944554,-0.14582537752376223,-0.23450573829122592,2020
-0.15946579304981676,-0.11197476439904405,-0.03639678312363508,-0.11941392526665487,0.07002106725532702,-0.02065302675430113,2020
-0.15946579366626493,-0.11197476270184673,-0.03639678258914468,-0.12320557505986109,-0.1015175904705455,-0.3133243428071806,2020
-0.15946579327215635,-0.11197476187198568,-0.03639678281802266,-0.12325113949009328,-0.13363885019589977,-0.28779208927148847,2020
-0.15946579340791642,-0.11197476547131194,-0.03639678279857337,-0.127475726083672,-0.08496639375697242,-0.2491612010858029,2020
-0.1594657931122134,-0.11197476560316977,-0.036396782920465866,-0.12791280637936286,-0.15284956026737032,-0.08391756978255867,2020
-0.15946579327071467,-0.11197476331175216,-0.036396782617189025,-0.1256261301930349,-0.0605118132011221,-0.21460697038149104,2020
-0.15946579347332532,-0.11197476536837501,-0.036396782733794465,-0.12663818253247008,-0.13663029897994652,-0.29547793584992954,2020
-0.15946579354739776,-0.11197476570943592,-0.03639678258363991,-0.1285543930247005,-0.14170536384105495,-0.2902459727168204,2020
-0.15946579334576746,-0.1119747649874812,-0.03639678274023219,-0.12391917506789356,-0.10832475541827322,-0.29712118891157624,2020
-0.15946579350807064,-0.11197476498974411,-0.03639678275911471,-0.12250541038354071,-0.13752898985440562,-0.29374396141631787,2020
-0.1594657917380853,-0.11197476573969779,-0.03639678154293172,-0.12936305891483443,-0.14223521232538416,0.11607514253182924,2020
-0.15946579333942895,-0.11197476582177977,-0.0363967823335835,-0.1280856304539875,-0.14154784962157296,-0.3360622130211788,2020
-0.1594657933594174,-0.11197476574481201,-0.03639678255011362,-0.12708774706448606,-0.13995002684173988,-0.26747040119084264,2020
-0.15946579325597673,-0.11197476535003685,-0.036396782645144996,-0.12532479608265154,-0.1433448069601666,-0.1810729458156143,2020
-0.15946579330479432,-0.11197476527911077,-0.03639678271957375,-0.12768950088329029,-0.13442512829752934,-0.291740032158669,2020
-0.1594657934033724,-0.11197476569248074,-0.03639678246131687,-0.12893644543545962,-0.12235219199180233,-0.2894851622634499,2020
-0.159465793231757,-0.11197476550657251,-0.03639678306821648,-0.12653402220907348,-0.11722177344123824,-0.26325154639451387,2020
-0.159465793307175,-0.1119747652729334,-0.03639678334488681,-0.12551853215632394,-0.14519951709207313,-0.31329090826282924,2020
-0.15946579319950965,-0.11197476462002831,-0.03639678302378258,-0.12042168272982458,-0.015428651944843358,-0.324396144627727,2020
-0.15946579328914734,-0.11197476539728024,-0.03639678257316677,-0.1276671722287331,-0.14253494068149092,-0.26297291800576533,2020
-0.1594657935849398,-0.11197476565309021,-0.036396782630847564,-0.12909615309606337,-0.15141070914628763,-0.3264278245849308,2020
-0.15946579241236888,-0.11197476496875149,-0.03639678114696908,-0.12612437481135969,-0.09332758726635586,-0.1735746419308685,2020
-0.15946579336196742,-0.111974764425771,-0.036396782574599405,-0.12332145207438365,-0.010037378486117165,-0.3055095694247822,2020
-0.15946579256552537,-0.11197476237420781,-0.03639678480188765,-0.11782512425613553,1.6220074261473367,-0.27954060402155545,2020
-0.1594657934558427,-0.11197476554641586,-0.036396782895234035,-0.12911406164488695,-0.06890300802176091,-0.10932569830295191,2020
-0.15946579362282973,-0.11197476480526442,-0.036396782491559476,-0.12923155327585556,-0.12753558162376494,-0.3487763246545612,2020
-0.15946579346481773,-0.11197476527500667,-0.03639678258246536,-0.12885284868969596,-0.13843136836938075,-0.20040557506335102,2020
-0.15946579256444074,-0.1119747656818695,-0.03639678164935294,-0.1275071160050401,-0.14304131092696604,-0.20172461931758195,2020
-0.15946579378652365,-0.1119747650788199,-0.03639678269976324,-0.12732570678431937,-0.12831270200515085,-0.14770497168423075,2020
-0.15946579374597028,-0.11197476457138672,-0.03639678265077364,-0.1293874136102333,-0.13137204907717093,-0.3670156876544303,2020
-0.15946579375680242,-0.11197476438490989,-0.03639678268251139,-0.1232351735161978,-0.11964846471829327,-0.3109994715597792,2020
-0.15946579214122603,-0.11197476556002742,-0.03639678318045541,-0.12616682192155906,-0.13382904124397776,-0.16083770601505462,2020
-0.1594657929203278,-0.11197476455514882,-0.036396783263943744,-0.12082228102906108,0.2445613338541067,-0.14946618487360105,2020
-0.15946579294482377,-0.11197476593773295,-0.036396783543783943,-0.12935288481631246,-0.09551364533764962,-0.09962565799536298,2020
-0.15946579327024782,-0.11197476587793163,-0.03639678289470475,-0.12950367961332165,-0.11400407563408597,-0.11721878805327501,2020
-0.15946579203949643,-0.11197476476451276,-0.03639678367266447,-0.12874958493815689,-0.13619432009681948,-0.22271870324984905,2020
-0.15946579369209643,-0.1119747657257873,-0.03639678288243247,-0.1276730235045822,0.19005098307257867,-0.20985786709253718,2020
-0.15946578956844978,-0.11197476387885248,-0.0363967837438706,-0.08431848079161673,-0.08016778827740985,1.4513688884148168,2021
-0.1594657929830568,-0.11197476512733541,-0.03639678279552051,-0.12497065982910435,-0.1089254745977133,0.04292729237004252,2021
-0.15946579362745042,-0.11197476446052797,-0.03639678282084358,-0.11889493698944266,-0.1502946175259274,-0.17260601504584813,2021
-0.1594657932435706,-0.11197476565303885,-0.03639678258350162,-0.12746066400424494,-0.142128814437722,-0.27387865198416894,2021
-0.15946579085411325,-0.11197476597139258,-0.03639678210887713,-0.056535421810584685,-0.16849916542127075,2.3068157271699157,2021
-0.15946579316433224,-0.11197476559651044,-0.03639678256056927,-0.12705247266282316,-0.13847146879728878,-0.2573816797489962,2021
-0.1594657916441881,-0.11197476038448304,-0.03639678549156867,-0.10816441289511734,4.6577003279166505,0.09527265515187461,2021
-0.15946579280636686,-0.11197476558425676,-0.03639678329398202,-0.1276144617618684,-0.14563853927106954,-0.29283082230807544,2021
-0.159465793236168,-0.11197476573877288,-0.03639678247652175,-0.12713176780094,-0.1310894277026858,-0.22765197575433113,2021
-0.1594657932409736,-0.11197476565614979,-0.03639678278926868,-0.1262006207012834,-0.13985100552264235,-0.16932229892521933,2021
-0.15946579638081754,-0.11197476334634172,-0.03639678870516328,2.2749113739776226,0.14301682778963798,0.08324487533180058,2021
-0.1594657936523092,-0.1119747658105229,-0.03639678235630748,-0.13045278903983593,0.19854226850965048,-0.34639316207685217,2021
-0.15946579228550134,-0.11197476575993714,-0.0363967824282572,-0.12720625214870288,-0.09990746244508705,0.12922612799146335,2021
-0.1594657919035489,-0.11197476587912394,-0.036396782109205626,-0.12914659201145287,-0.157590383281324,0.21776680377630436,2021
-0.159465793431318,-0.11197476557683124,-0.036396782954606834,-0.12622763048762034,0.13951332013280135,-0.3103315609651942,2021
-0.1594657930284484,-0.11197476560823638,-0.03639678228942799,-0.12713549343426545,-0.12975028952988624,-0.2639113857186566,2021
-0.1594657933865839,-0.11197476574427843,-0.036396782656696734,-0.12617275355894864,-0.14370663162001227,-0.31075899223767967,2021
-0.1594657928700662,-0.11197476582816283,-0.03639678169543943,-0.12863685432225644,-0.11654836092705387,-0.26912556255286096,2021
-0.15946579294534285,-0.111974765701313,-0.036396782754091285,-0.12287166755234571,-0.14053957213996537,-0.13107615197776812,2021
-0.15946579207130945,-0.11197476560410355,-0.03639678286129059,-0.12603347588207725,-0.15171808745689241,0.08775075066861587,2021
-0.1594657929366875,-0.1119747657687207,-0.03639678226618658,-0.12045929072094184,-0.11008487375681192,-0.1599023916065022,2021
-0.1594657929825133,-0.11197476566786513,-0.03639678256476657,-0.12413656163077401,-0.14262914750243236,-0.15852092957380645,2021
-0.15946579300001024,-0.11197476543232496,-0.03639678251305743,-0.12166235196344141,-0.14749300973544158,-0.09684477527584695,2021
-0.1594657934436245,-0.11197476572099456,-0.03639678270004362,-0.12796342502892064,-0.053747097982430124,-0.31044363577595335,2021
-0.15946579318681794,-0.11197476579920122,-0.03639678267351064,-0.12182600062865573,-0.14466362673000044,-0.233307692571749,2021
-0.15946579312268883,-0.11197476498686618,-0.03639678282482724,-0.12101799388905833,-0.1049557632547937,-0.05241152167872695,2021
-0.15946579315900494,-0.11197476551193526,-0.03639678295286318,-0.12566235280529928,-0.13298664356136924,-0.17883826116453005,2021
-0.15946579272435715,-0.11197476577866995,-0.03639678260436472,-0.12711383141476296,-0.09664317369536549,-0.2652115288531803,2021
-0.1594657933170194,-0.11197476572489828,-0.0363967827437416,-0.12739181808003391,-0.07446088732425252,-0.1766628805594413,2021
-0.15946579306342182,-0.11197476557922108,-0.03639678278290582,-0.12518675548542246,-0.12401127963981805,-0.07590400008220444,2021
-0.1594657935080003,-0.111974765832334,-0.03639678279162475,-0.12592118458390625,-0.15667445989691875,-0.2974776762076158,2021
-0.1594657928815077,-0.11197476547448917,-0.036396782600758924,-0.1254767696934086,-0.13894161484918496,-0.17107300003565984,2021
-0.1594657933512228,-0.11197476557451652,-0.03639678286634682,-0.12850044751903333,-0.15403098967927337,-0.31880948737813997,2021
-0.15946579316433224,-0.11197476559651044,-0.03639678256056927,-0.12705247266282316,-0.13847146879728878,-0.2573816797489962,2021
-0.15946579313318393,-0.11197476575017774,-0.03639678270408103,-0.12834769842959062,-0.14581252803753525,-0.14741660834222967,2021
-0.15946579348521728,-0.11197476580564794,-0.036396782662638384,-0.12751107783660032,-0.1479949065524131,-0.29684744690687465,2021
-0.1594657929294704,-0.1119747650679376,-0.03639678273080726,-0.12238770753316322,-0.12225469613009496,0.041178421087680016,2021
-0.15946579276936373,-0.11197476578689843,-0.03639678213874347,-0.12857857908392883,-0.15132377896970844,-0.15697076155061773,2021
-0.1594657927061053,-0.11197476575962276,-0.03639678183940516,-0.1266334812743964,-0.14624188805789295,-0.27248834580595943,2021
-0.15946579173571207,-0.11197476510712634,-0.03639678233518008,-0.12752943754563165,-0.14495355145183272,0.7503071686200092,2021
-0.15946579243963824,-0.11197476560684504,-0.0363967830609027,-0.12572967711237198,-0.1294056780499152,-0.16584394202866887,2021
-0.15946579291386148,-0.11197476569579035,-0.03639678208866591,-0.12768796750448308,-0.1444442321380578,-0.2255144038527954,2021
-0.15946579334777833,-0.11197476573803754,-0.03639678267896343,-0.12714294416855573,-0.1443974341711046,-0.3063937949804046,2021
-0.15946579335439437,-0.11197476572893071,-0.03639678257085187,-0.12751666242297652,0.12183741913474054,-0.30827446018100435,2021
-0.1594657933315651,-0.1119747657852432,-0.03639678235530676,-0.1206801558187728,-0.1457082018699447,-0.31646608755158406,2021
-0.1594657925985728,-0.11197476541690458,-0.03639678200410462,-0.12336578292979769,-0.15600281547120062,0.0073282184544789155,2021
-0.15946579221108104,-0.11197476532873965,-0.03639678196205547,-0.12292891462781212,-0.1519148272204543,0.27362901207430096,2021
-0.15946579327962435,-0.1119747657539296,-0.03639678250397748,-0.12789258703996292,-0.13735942857999633,-0.25374121542170186,2021
-0.15946579315128626,-0.1119747659592452,-0.03639678223294935,-0.12871179602032273,-0.021068388541846755,-0.25169989625012773,2021
-0.15946579280422432,-0.11197476563803509,-0.03639678319000198,-0.12623669781317107,-0.1346367774772012,-0.07722759378782791,2021
-0.15946579283972356,-0.11197476433905379,-0.03639678274190821,-0.12721864887623277,-0.1170237317814965,0.30597922513980375,2021
-0.15946579318705723,-0.11197476582148977,-0.03639678276765891,-0.1222471278888145,-0.042873886124116745,-0.14046760042881803,2021
-0.15946579308754,-0.11197476563110556,-0.03639678274021209,-0.12717874163393383,-0.14299533647876767,-0.11643230468697846,2021
-0.15946579329670432,-0.11197476585940358,-0.036396782326695694,-0.12902873504061368,0.020535270029624172,-0.346109703774038,2021
-0.1594657913922929,-0.11197475842502491,-0.03639678865891732,-0.011660674712723494,7.411201163859202,0.03226355156364866,2021
-0.15946579362789678,-0.11197476558480851,-0.03639678270800347,-0.12770738485119185,-0.11751320342984191,-0.24909362641534602,2021
-0.15946579348712936,-0.11197476579132823,-0.03639678269672955,-0.1263786780700816,-0.13197805901843088,-0.2755848074161081,2021
-0.15946579350883963,-0.11197476585686515,-0.03639678268003362,-0.1284068470028893,-0.11441748224252261,-0.2805992496251799,2021
-0.1594657935298484,-0.11197476580239747,-0.036396782558279675,-0.1290656482434846,-0.13617230852991563,-0.3424289096379048,2021
-0.1594657931230199,-0.1119747657489668,-0.03639678229902871,-0.12767274437183815,-0.1293062618758538,-0.2835033072535956,2021
-0.15946579322918406,-0.11197476568878283,-0.03639678227031541,-0.1286860782299624,-0.14178358193570959,-0.2910487526484163,2021
-0.15946579334626027,-0.11197476571664924,-0.03639678255521317,-0.127868279355127,-0.139547676897196,-0.3304029646505397,2021
-0.15946579343525194,-0.11197476484357873,-0.03639678270033979,-0.1241319260283392,-0.10254342782229883,-0.2227186066376121,2021
-0.15946579327578908,-0.11197476579252964,-0.03639678237092245,-0.12853597278688764,-0.13862977234169982,-0.3009594192663479,2021
-0.15946579348617684,-0.11197476597740848,-0.03639678290802876,-0.12895911347229919,-0.15779042400135235,-0.34782223688204766,2021
-0.15946579321252285,-0.11197476572719912,-0.03639678249143321,-0.12618473059284932,-0.12998087282622223,-0.29480676581587856,2021
-0.15946579338116826,-0.1119747656482995,-0.036396782572589666,-0.12196022631194675,-0.1324720010276769,-0.3128541951518633,2021
-0.15946579240358216,-0.11197476440766026,-0.0363967835595275,-0.12217199129228228,-0.11651435332725914,0.15402339989672784,2021
-0.15946579251029466,-0.11197476413418517,-0.03639678296551863,-0.12423807638500968,-0.11460763829550093,0.21380072114215787,2021
-0.15946579284870824,-0.1119747649052102,-0.03639678227116374,-0.12035054482124931,0.009232950707726862,-0.07462967759294084,2021
-0.15946579295241484,-0.11197476507090295,-0.036396782792374495,-0.12562263228075196,0.003760284864449243,-0.2675274915736853,2021
-0.15946579333069882,-0.11197476573038866,-0.03639678252697679,-0.12798359453490152,-0.13549451475441324,-0.2516565857254142,2021
-0.15946579336777708,-0.11197476577865755,-0.03639678254541438,-0.12833618384040127,-0.12441494981252939,-0.30910232981387264,2021
-0.15946579328642857,-0.11197476550097928,-0.03639678298707039,-0.12777552272411566,-0.06672454254015941,-0.06763451149053926,2021
-0.15946579220634113,-0.11197476554853272,-0.03639678130615609,-0.13018047077555506,-0.09736120545042486,-0.0985152385983244,2021
-0.15946579327962354,-0.11197476546246729,-0.036396782140442833,-0.12722117056542045,-0.15951897342700247,-0.3174522150581261,2021
-0.15946579342354625,-0.1119747659643657,-0.03639678288210726,-0.1251581762540779,-0.12459086680938485,-0.21369881355323866,2021
-0.15946579335101613,-0.11197476559549491,-0.036396782738966495,-0.12378854937223806,-0.009076931442329733,-0.30010347398655907,2021
-0.1594657932717109,-0.11197476571251348,-0.03639678267774856,-0.12781820739744137,0.14886045885581797,-0.24388116944308,2021
-0.15946579292931068,-0.1119747655639812,-0.036396782548694835,-0.12394539521835907,-0.12882674026708185,-0.09546768214885973,2021
-0.15946580320144385,-0.11197476182615579,-0.0363967991352229,6.624373532731293,-0.3371513821418016,-0.01589559793240106,2021
-0.15946579291445243,-0.11197476575689384,-0.03639678222599264,-0.12771898659571584,-0.14845834911299985,-0.13137157588737244,2022
-0.15946579298193983,-0.11197476563523655,-0.03639678266395278,-0.12688225615525275,-0.14959357356477704,-0.12149714428450835,2022
-0.15946579332533495,-0.11197476577466267,-0.03639678271242489,-0.1292018245282175,-0.15155590355101087,-0.1894722422706262,2022
-0.1594657934568448,-0.11197476556044328,-0.036396782976982116,-0.12477927021545923,-0.15252512594458945,-0.2665646818215922,2022
-0.15946579337675512,-0.11197476583330021,-0.03639678271463352,-0.12836077325816836,-0.1467065649713193,-0.16109909133260608,2022
-0.15946579313156115,-0.11197476564334587,-0.03639678258576419,-0.12788845870272578,-0.1410639082741795,-0.1842497925734553,2022
-0.15946579322555568,-0.1119747658334005,-0.036396782728751007,-0.1273705748094025,-0.01669596669624731,-0.19709514012380333,2022
-0.1594657924602534,-0.11197476524779951,-0.03639678240835138,-0.12872759516501303,-0.15563585243511416,-0.2263857465289002,2022
-0.15946578956543378,-0.1119747654752628,-0.03639677802526893,-0.12889407402489747,-0.15928156165777407,-0.17745009046430504,2022
-0.7870394380010495,11.242999738365953,0.9322765438433281,-0.16568098026039543,-0.679684239917838,-0.12110259871510107,2022
-0.8397106731333437,12.196004282220391,1.0135757210083878,-0.1673778899356778,-0.7074754456008083,0.06675961108960399,2022
-0.15946579299673544,-0.11197476524326891,-0.036396782749034344,-0.1250179249572228,-0.11815076050645326,0.05473739193173325,2022
-0.1594657932418565,-0.11197476574923305,-0.036396782454051015,-0.12760454662150594,-0.12701553591089662,-0.23631803032988039,2022
-0.15946579270835282,-0.11197476372485372,-0.036396783269443414,-0.12097623393095706,-0.08736789684209417,-0.20442544752821767,2022
-0.15946579242411488,-0.11197476510545516,-0.036396783291646174,-0.12641402156755055,-0.11824442666241568,-0.10335330834470963,2022
-0.15946579318757598,-0.1119747657263969,-0.036396782664971046,-0.12811665860379892,-0.14853096789854328,-0.17711018549338825,2022
-0.1594657923522655,-0.11197476543883485,-0.03639678333776167,-0.12600346436506948,-0.1251045147353292,-0.1630122063724867,2022
-0.1594657929089461,-0.1119747656760029,-0.03639678211063776,-0.12754834346884508,-0.14218718829422564,-0.2058687249324879,2022
-0.15946579328624824,-0.11197476566742519,-0.03639678261407073,-0.11591769633462255,-0.14041895255370476,-0.23061258590632952,2022
-0.15946579300438482,-0.11197476511015032,-0.03639678279451663,-0.1276512401878314,-0.1454757437994322,-0.034443677216875704,2022
-0.15946579323500923,-0.11197476564693123,-0.036396782581023884,-0.1274263412586265,-0.14130008830627067,-0.25564548298406364,2022
-0.15946579309440248,-0.11197476562984758,-0.0363967826059607,-0.12730900128804348,-0.1417453532117877,-0.22578249276721737,2022
-0.15946579314861703,-0.11197476558996723,-0.03639678271531202,-0.1229289629848182,-0.14447763333086502,-0.23315231446126508,2022
-0.1594657930433477,-0.1119747653592277,-0.036396782415417134,-0.12797640453346,-0.14857104645741157,-0.013641569935161144,2022
-0.15946579335289324,-0.11197476565960636,-0.03639678269220463,-0.1280330841490271,-0.13853754875995766,-0.3117727546966737,2022
-0.15946580899866802,-0.11197475953379266,-0.03639680817858382,10.301574024500686,-0.47009009454084166,-0.12407290317553317,2022
-0.15946579290332377,-0.11197476492134406,-0.03639678261824167,-0.12554763304599265,-0.1313376004878665,0.1400181719030913,2022
-0.15946579309331818,-0.11197476566167634,-0.036396782128560484,-0.1218077500569711,-0.12984727609943233,-0.30082851188616727,2022
-0.1594657936668819,-0.11197476365561025,-0.036396782322194024,-0.10981384263407887,-0.1361806160974056,-0.35725035652141807,2022
-0.15946580693010945,-0.11197475889934849,-0.036396804135831046,8.708322643864582,-0.4337194191933279,-0.18790847166706123,2022
-0.15946579371878855,-0.11197476301757292,-0.03639678244337251,-0.10932604948787411,-0.1513867096395213,-0.23968556970574317,2022
-0.15946579364966285,-0.11197476373301297,-0.0363967820783855,-0.10829351530293134,-0.15974951959718175,-0.37217493946936725,2022
-0.15946579351709897,-0.11197476367068718,-0.036396782875855044,-0.11234755452848115,-0.14848952198269857,-0.24049757296501334,2022
-0.7107442361498301,9.86255605791935,0.8145132694636924,-0.1405161177667989,-0.1525101196835605,-0.09882621332128426,2022
-0.15946579324332208,-0.11197476566768604,-0.036396782621522045,-0.1276041869974623,-0.14293416572742365,-0.28456837088018383,2022
-0.1594657934032551,-0.11197476576224541,-0.036396782540959,-0.12669534426100176,-0.12426225313358012,-0.3328796086288716,2022
1.3404509405487417,2.29449709993637,-1.220812643857033,1.6454443320106058,5.654106186303723,0.8407638330537635,2022
-0.15946579309154102,-0.11197476541384377,-0.03639678253757636,-0.1260792095989337,-0.08635541666965987,-0.22343145447594218,2022
-0.15946579261285604,-0.11197476436848008,-0.03639678189778352,-0.12173119647626192,0.24209881130500016,-0.2605841533468165,2022
-0.15946579129029845,-0.11197475794371183,-0.036396789058297324,-0.09469984333576083,8.313468106919043,-0.08667255023558393,2022
-0.15946579326618734,-0.11197476459667627,-0.03639678267159356,-0.12829820399180172,-0.0905990546772013,-0.19648858935789096,2022
-0.159465793492594,-0.11197476126065625,-0.03639678247933742,-0.1254149186038526,-0.08664508253341292,-0.24675160948531044,2022
-0.1594657927534531,-0.11197476529196942,-0.03639678245278999,-0.12533603356308848,-0.07630011715181928,-0.006936212218450402,2022
-0.15946579298693636,-0.11197476527923146,-0.036396782466013494,-0.12215709905788823,0.008922152018355379,-0.08877509745398737,2022
-0.15946579325184096,-0.11197476538408882,-0.03639678291562412,-0.12389127336244136,-0.1465538064736273,-0.1579640754036576,2022
-0.1594657929685466,-0.11197476569608784,-0.03639678208991029,-0.12690358416766953,-0.08256034927310585,-0.21479683560692145,2022
-0.15946579331680877,-0.1119747658445842,-0.036396782362412346,-0.12879587241554813,-0.13546307299741248,-0.31139474702660513,2022
-0.1594657935169303,-0.11197476553948099,-0.03639678257928609,-0.1276743271514182,-0.15466552853441254,-0.35212289144199377,2022
-0.1594657933136997,-0.11197476553750163,-0.03639678279851069,-0.12956555066816358,-0.13643988200252474,-0.2376881994453525,2022
-0.15946579317244902,-0.11197476575725308,-0.0363967822857069,-0.12870085829065858,-0.1462168406919679,-0.16895429706572532,2022
-0.1594657935276408,-0.11197476571354185,-0.03639678277472232,-0.12745388476824818,-0.14368746640501762,-0.2942694495885626,2022
-0.1594657933459403,-0.11197476565687775,-0.03639678273919223,-0.1277935297608685,-0.12432696712265064,-0.28830549929478866,2022
-0.1594657935603527,-0.11197476457486671,-0.03639678291545798,-0.12571568226214544,-0.1396915424765641,-0.19195959288593978,2022
-0.15946579340323958,-0.11197476583804973,-0.036396782823450144,-0.12724879827720129,-0.14806298297302722,-0.31557202968059056,2022
-0.15946579249057186,-0.11197476594614968,-0.03639678167984258,-0.1292204923459388,-0.14366570012052354,-0.047614337474267784,2022
-0.15946579347103387,-0.1119747658253547,-0.036396782853738256,-0.1277630287950813,-0.146122664802439,-0.33124246056834344,2022
-0.15946579328008378,-0.11197476567803569,-0.03639678259453821,-0.12765710040014325,-0.13410647056845015,-0.2870721801136525,2022
-0.15946579309671588,-0.11197476557456834,-0.036396782706573066,-0.12834959495526665,0.07621607722396309,-0.20289866474845097,2022
-0.15946579334576538,-0.11197476580695505,-0.036396782704869034,-0.12871558276817438,-0.14335169479624155,-0.15912169710480917,2022
-0.15946579295209906,-0.11197476578311245,-0.03639678209985619,-0.12772055464033877,-0.14887035503379792,-0.3130104386787087,2022
-0.15946579334337785,-0.11197476576880026,-0.036396782814908935,-0.12827622120807197,-0.13841365858256563,-0.26874345757369406,2022
-0.1594657933531009,-0.11197476577990562,-0.03639678269407568,-0.12831838802328824,-0.1456850862237412,-0.27875869354776023,2022
-0.15946579269633818,-0.11197476556889903,-0.03639678245308655,-0.12601401467224538,-0.13216171190378276,-0.13325543803916096,2022
-0.15946579335234792,-0.11197476562883803,-0.03639678274889227,-0.12735557655547142,-0.10268155375739038,-0.30766949679096256,2022
-0.15946579310792902,-0.11197476588957225,-0.03639678225355351,-0.1288270499682338,-0.0027850879429606977,-0.3291433891556109,2022
-0.15946579315758547,-0.11197476556521507,-0.03639678232518145,-0.1275488339493798,-0.11846911679460399,-0.3461202107256295,2022
-0.159465793335029,-0.11197476517151242,-0.03639678268993893,-0.1265260990162257,-0.038364939477980656,-0.18915751808984316,2022
-0.15946579357682644,-0.11197476536906592,-0.036396782776156086,-0.1281113665155906,-0.13304568863466282,-0.36443337447149976,2022
-0.15946579288338375,-0.11197476515498911,-0.03639678220953138,-0.12458339125313583,-0.14256671258387812,-0.1597783567882349,2022
-0.15946579303384534,-0.11197476579247553,-0.03639678267481633,-0.1281170948893977,-0.10334907354917246,-0.2648133908218425,2022
-0.1594657933287377,-0.1119747657354277,-0.036396782775981074,-0.12706833040482493,-0.1351372008458209,-0.30940357557064396,2022
-0.15946579349802606,-0.11197476564528543,-0.036396782794350484,-0.12814479608615562,-0.13021069031245547,-0.3006117399114619,2022
-0.15946579341708608,-0.11197476554616458,-0.03639678248065444,-0.12895760160616596,-0.15002730615201343,-0.3011588834834476,2022
-0.15946579328448843,-0.11197476565233729,-0.03639678260514627,-0.1276859471317892,-0.14161866209279345,-0.2887458665811082,2022
-0.15946579327288157,-0.11197476554716865,-0.03639678261354271,-0.12830728297540345,0.20531145795499964,-0.16189888709858244,2022
-0.15946579331600563,-0.11197476580311644,-0.03639678271639591,-0.12856636321480863,-0.15448945027512742,-0.2725939353712072,2022
-0.1594657932115023,-0.11197476575181847,-0.036396782395743725,-0.12811315201106846,-0.09057645354086719,-0.2710576853194835,2022
-0.15946579324332208,-0.11197476566768604,-0.036396782621522045,-0.1276041869974623,-0.14293416572742365,-0.28456837088018383,2022
-0.1594657931869183,-0.11197476585715085,-0.03639678260562579,-0.12804018390703334,-0.15597655724434534,-0.14331020513295933,2022
-0.15946579329610108,-0.1119747655689895,-0.03639678261228627,-0.12831323269325853,0.12343116780508269,-0.09877432247530248,2022
-0.15946579316803258,-0.11197476553870252,-0.036396782613901925,-0.12849482952110433,-0.10772102337865078,-0.2868873414298121,2022
-0.15946579328006646,-0.11197476564585679,-0.036396782252957095,-0.1288907233848757,-0.1261574169608761,-0.17667349369878138,2022
-0.15946579332304114,-0.11197476580707116,-0.03639678269536344,-0.1260534997694359,-0.13002270940444166,-0.3007779954702359,2022
-0.15946579364614277,-0.11197476587916273,-0.036396782848645955,-0.12647905924284777,0.0027020715028530243,-0.3490514330372436,2022
-0.15946579348123344,-0.11197476562346978,-0.036396782634103765,-0.12865626562427535,-0.12220201760811215,-0.3246112829285661,2022
-0.15946579404603828,-0.11197476086372132,-0.03639678227352097,-0.12853720334256652,-0.08125413739654473,-0.3509114005959024,2022
-0.15946579405793176,-0.11197475807483905,-0.03639678197503696,-0.12970872262613045,-0.17391977826264288,-0.3185390518271366,2022
-0.1594657932431324,-0.1119747656527261,-0.036396782583374934,-0.12740709958862456,-0.05539213058447222,-0.27161796341018085,2022
-0.1594657941190731,-0.11197475734920881,-0.03639678189704268,-0.12823936623183985,-0.13992626410019332,-0.39495200587292034,2022
-0.15946579330399077,-0.11197476591044372,-0.03639678222138618,-0.12957234393556707,-0.07949683263570287,-0.36041359745609325,2022
-0.1594657933073726,-0.11197476597677984,-0.03639678222673065,-0.12904827625063175,-0.13205604688729136,-0.3843516696037202,2022
-0.15946579362289218,-0.11197476539994745,-0.036396782702036036,-0.12854475109942762,-0.13352182268576315,-0.37152088417053536,2022
-0.8063286185328521,11.592007625151172,0.9620498058750122,-0.16660137392610377,-0.6929871177947603,-0.140060801100605,2022
-0.8666250091442357,12.682977564747317,1.055118573242521,-0.16884118632690748,-0.7259065525319763,-0.03395822261706349,2022
-0.15946579300065236,-0.11197476417508956,-0.036396782725923345,-0.1193040031878571,-0.11342184377242322,0.14531897406742048,2022
-0.159465793314601,-0.11197476567784205,-0.036396782645438344,-0.12776583840805533,-0.13435123565355273,-0.28455839110343245,2022
-0.15946579365363367,-0.11197476539269452,-0.03639678253341735,-0.1289279402472217,-0.12834749396105624,-0.3809645750656929,2022
-0.1594657911016969,-0.1119747650879688,-0.03639678525988149,-0.1235478860265951,-0.15506206658194346,-0.15389518677193265,2022
-0.15946579289688118,-0.11197476500742813,-0.03639678255990742,-0.12461457585114846,-0.13292797397328407,-0.022781621510289896,2022
-0.15946579361410443,-0.11197476592756078,-0.03639678260958468,-0.1274984696331593,-0.028503329015097285,-0.308186753525457,2022
-0.15946579340677944,-0.11197476523902403,-0.03639678281757133,-0.12883314584583203,-0.14775738184918147,-0.3383071033750881,2022
-0.1594657930288905,-0.11197476534650141,-0.036396782131608074,-0.12950962383977127,-0.029264266325799985,-0.31699913212119907,2022
-0.1594657934036541,-0.11197476552249959,-0.03639678226289248,-0.1298541115891056,-0.07580891882702565,-0.4176159267206639,2022
-0.1594657934036541,-0.11197476552249959,-0.03639678226289248,-0.1298541115891056,-0.07580891882702565,-0.4176159267206639,2022
-0.1594657930545477,-0.11197476569948986,-0.03639678270758683,-0.12772311426627925,-0.13768450353522046,-0.1835435857144475,2022
-0.15946579338451747,-0.11197476546980004,-0.03639678290160697,-0.12691030808336323,-0.15027026159901843,-0.2802411905862419,2022
-0.15946579325332208,-0.11197476557283478,-0.036396782778456684,-0.12821019921173998,-0.1555995760206128,-0.2592449886956266,2022
-0.15946579325428575,-0.11197476574491852,-0.03639678251940374,-0.12814172789373235,-0.14689035745374265,-0.2737085953279171,2022
-0.15946579343689904,-0.11197476558656651,-0.03639678258767293,-0.12623643474945376,-0.14861188470404327,-0.33417703143667893,2022
-0.15946579341482858,-0.111974765904249,-0.036396782793089,-0.1270384546125479,-0.15463623213101393,-0.281658434728621,2022
-0.15946579347740192,-0.11197476561791472,-0.036396782608265815,-0.12634964890470143,-0.15178500422775512,-0.34389120292330105,2022
-0.1594657934084959,-0.11197476543231025,-0.03639678274002347,-0.1297660773625998,-0.15771745484301453,-0.20854520273840527,2022
-0.1594657924982682,-0.11197476559011835,-0.036396782051517876,-0.1273604989335715,-0.13304423236717774,-0.08691716885621747,2022
-0.1594657930910423,-0.11197476574279186,-0.03639678221137729,-0.12685093975267636,-0.13554707570880742,-0.2598380800274442,2022
-0.15946579292271082,-0.11197476567441654,-0.03639678212376548,-0.12556731003521873,-0.14386028618982696,-0.2396611429229298,2022
-0.15946579308493017,-0.111974765749481,-0.036396782414515896,-0.1269010703121734,-0.14958833026060422,-0.19436962167568214,2022
-0.15946579307819217,-0.11197476581170292,-0.036396782006559596,-0.12801729202674703,-0.03448627186912275,-0.23713356260705803,2022
-0.15946579286173948,-0.11197476574601177,-0.036396781894194215,-0.12914703884293022,-0.018793265229061235,-0.23428626411131523,2022
-0.15946579357148455,-0.11197476497427074,-0.03639678275057325,-0.12847833221138527,-0.14755517680833366,-0.3207643180902924,2022
-0.1594657933723157,-0.11197476589262192,-0.036396782718367014,-0.12709855610991072,-0.15392832207763557,-0.26933445506289416,2022
-0.15946579321899335,-0.11197476567179308,-0.03639678208157446,-0.12898114481356013,-0.12393070174160474,-0.39351955782239356,2022
-0.1594657934406185,-0.1119747658028354,-0.036396782652907765,-0.12728629472963382,-0.14522008177448115,-0.3418428764864512,2022
-0.15946579305604472,-0.11197476519976297,-0.03639678309752105,-0.1258191467396787,-0.13555407133980524,-0.07213709604878361,2022
-0.1594657932751654,-0.11197476532201824,-0.03639678283261174,-0.12879723967090687,-0.05618508608043269,-0.2905295618873139,2022
-0.15946579327373925,-0.11197476494558965,-0.03639678291137679,-0.12814047213142069,-0.1487084483814932,-0.261296847987726,2022
-0.159465792334295,-0.11197476550431601,-0.03639678332242229,-0.12707014378102513,-0.13959870910044986,-0.26427827559648454,2022
-0.15946579256227816,-0.11197476557833996,-0.03639678321078096,-0.12746559816067407,-0.14173584318426635,-0.28167184662309536,2022
-0.15946579297845012,-0.11197476568019232,-0.03639678290120171,-0.12816296268394228,-0.1535276269553784,-0.24556435593316298,2022
-0.15946579271249664,-0.11197476559396757,-0.03639678307078263,-0.12747170654505388,-0.14288454581741092,-0.2780771060911591,2022
-0.15946579347297515,-0.1119747657652816,-0.03639678251116384,-0.12906573434174518,-0.09530734872570382,-0.37922611732169786,2022
-0.1594657934938135,-0.11197476491248161,-0.03639678259812841,-0.12699097944338647,-0.11364827703406229,-0.3091450628893697,2022
-0.1594657931901644,-0.11197476571323377,-0.036396782659814025,-0.12845938172056282,-0.15049065399655182,-0.21504340468600386,2022
-0.15946579325468146,-0.11197476578276064,-0.03639678280088273,-0.1278920753640307,-0.15308801490144894,-0.2894159871443201,2022
-0.15946579335321387,-0.11197476470516003,-0.036396782628586574,-0.12702666336770826,-0.14824269068317836,-0.31857804460948913,2022
-0.15946579353798726,-0.11197476192473578,-0.03639678232764453,-0.1213914784131672,-0.12288648649878206,-0.16079839595581571,2022
-0.15946579337523845,-0.11197476593118974,-0.036396782765131724,-0.12825954763742942,-0.08661865719254569,-0.15717706620705227,2022
-0.15946579320729737,-0.11197476561999424,-0.03639678275143469,-0.12785668914892648,-0.12886285812021814,-0.27983007614806843,2022
-0.15946579263850277,-0.11197476516025591,-0.036396782211543265,-0.12842371207748549,-0.11911501896268584,-0.03556267321728713,2022
-0.15946579297199495,-0.11197476586450113,-0.03639678204795385,-0.12949482442703455,-0.15506261111700348,-0.30590595235500595,2022
-0.15946579336007946,-0.11197476594256922,-0.036396782320847525,-0.12956201870332923,-0.04385481819903268,-0.36749375914661775,2022
-0.15946579279297338,-0.111974765611257,-0.0363967823976419,-0.1295008536216066,-0.1316595281372597,-0.19653754638616128,2022
-0.15946579277754275,-0.11197476571446531,-0.03639678291574496,-0.12674595639866637,-0.15148600044939567,-0.25690359057897666,2022
-0.1594657925666876,-0.11197476607216933,-0.03639678153210404,-0.1293105786875426,-0.11041143425009442,-0.1315461277599461,2022
-0.15946579103953842,-0.11197476558948477,-0.036396779170840936,-0.1256869000838835,-0.15667102536964075,-0.25525153723208904,2022
-0.15946579308954154,-0.1119747657864978,-0.03639678257325491,-0.12838022968596358,-0.14796265394463687,-0.24117839934387136,2022
-0.15946579328637273,-0.11197476583298495,-0.03639678252643501,-0.12612713035308395,-0.11544531496623642,-0.3623220003056049,2022
-0.15946579355068569,-0.11197476561937572,-0.03639678269153599,-0.12800725641755883,-0.15389483914222665,-0.37279979486066045,2022
-0.1594657911806173,-0.11197476616102502,-0.036396779107730655,-0.13006506979652496,-0.14470724031176468,-0.3819913446316059,2022
-0.676396949152438,9.241095032108671,0.7614974990525425,-0.1567600737768775,-0.5646944274489133,-0.05442464864467766,2022
-0.1594657932027052,-0.11197476481846605,-0.03639678221755402,-0.1290160153667922,-0.07775005364152156,-0.26973395474792683,2022
-0.15946579390943397,-0.11197475790209661,-0.0363967819140977,-0.12774218296068474,-0.16659061619414975,-0.2834858182538443,2022
-0.15946579417805323,-0.1119747603739777,-0.036396782119677625,-0.1309731142237473,-0.10956841879979666,-0.4660766444506273,2022
-0.15946579388466509,-0.11197476126832052,-0.036396782115628995,-0.1296196882990119,-0.06348722906008204,-0.37834457894365386,2022
-0.15946579308952868,-0.11197476509831274,-0.03639678313540874,-0.12747937178029198,-0.16469279776269932,-0.15368684604946842,2022
-0.15946579353797175,-0.11197476506883217,-0.036396782714772466,-0.12951177468519665,-0.1646899742543259,-0.21270624599801177,2022
-0.15946579419014723,-0.11197475946124504,-0.03639678202135874,-0.12978377141586706,-0.135448216620144,-0.4650850021316565,2022
-0.15946579140627706,-0.11197476379543733,-0.03639678502625034,-0.12484221087713557,-0.13834532694331333,-0.33227728905297843,2022
-0.1594657937085975,-0.11197476584502777,-0.036396782752790784,-0.12830633482646003,-0.12650514771587967,-0.4259178880077083,2022
-0.15946579356470947,-0.11197476386472938,-0.0363967824057382,-0.12025679089764586,0.31927452293388725,-0.330395217932678,2022
-0.1594657933618706,-0.1119747642799691,-0.036396782333802905,-0.1247876573628793,-0.15678509263254128,-0.23409687650731975,2022
-0.8015294216516529,11.50517358408594,0.954642143311545,-0.16288245722832545,-0.6786155501531383,0.057055161722043,2022
-0.15946579342651437,-0.11197476563075807,-0.03639678276044238,-0.1288719920280962,-0.15997261926916995,-0.3188318743212763,2022
-0.15946579349221923,-0.11197476529306313,-0.03639678270657917,-0.12289315164975832,-0.13799008248087435,-0.16609104175216913,2022
-0.15946579333231303,-0.1119747643412535,-0.03639678235463906,-0.12216543325316294,0.43776266809337633,-0.2120885862792997,2022
-0.1594657938162472,-0.11197476261541724,-0.03639678254352174,-0.12352332983731662,-0.12361440514041097,-0.29168060164009596,2022
-0.15946579360602348,-0.11197476509674778,-0.03639678268496127,-0.12743062196628474,-0.1399486248995029,-0.2810097686788199,2022
-0.1594657930708408,-0.11197476517263223,-0.036396782973578096,-0.12757848735070298,-0.10526895973313528,-0.22916590834015138,2022
-0.15946579303863104,-0.11197476538287209,-0.036396782936433315,-0.12727170985522512,-0.10745483709452393,-0.12844104064059333,2022
-0.15946579324804647,-0.11197476486783857,-0.0363967829148924,-0.12574507611311114,-0.10390710662350851,-0.076360006625107,2022
-0.15946579315879475,-0.11197476587267399,-0.03639678284035885,-0.1286175414051235,-0.07406481894966672,-0.0330918330455235,2022
-0.15946579363115293,-0.11197476576377861,-0.03639678257060348,-0.1295482295110291,-0.1097567359866015,-0.43077286328859243,2022
-0.15946579317077944,-0.11197476566895716,-0.036396783035464564,-0.1272742488783161,-0.09480799618047869,-0.25682072835931996,2022
-0.1594657933156259,-0.1119747653281352,-0.03639678277015596,-0.1291026378795452,-0.13331276779772566,-0.28062587138696066,2022
-0.1594657937124705,-0.11197476590082157,-0.03639678264771314,-0.1297240021381054,-0.13983282432178662,-0.45092432453873477,2022
-0.15946579375907843,-0.11197475902669612,-0.03639678226664411,-0.12814782177203704,-0.13544187883050043,-0.09329646340089971,2022
-0.1594657930269392,-0.11197476527575001,-0.03639678286342657,-0.1256776762308969,-0.11777369086139998,0.0366174108450331,2022
-0.15946579353181428,-0.11197476528450916,-0.03639678276520888,-0.12559337965389178,-0.12984166328767385,-0.35908854605712687,2022
-0.1594657935039189,-0.11197476573682293,-0.036396782666229005,-0.1291938264775824,-0.13150570853162782,-0.35161335171269265,2022
-0.15946579343972925,-0.11197476591348654,-0.03639678273617001,-0.1294108806732463,-0.1515489771004201,-0.21824230154209184,2022
-0.1594657931938741,-0.11197476549913313,-0.036396783110731544,-0.12865062280856807,0.07885754991182743,-0.21451080076666554,2022
-0.15946579328061905,-0.11197476598366475,-0.036396782130556006,-0.12981888366697497,-0.042482060356791425,-0.34269201342917044,2022
-0.1594657936070221,-0.11197476588714207,-0.036396782734999716,-0.12832697790401576,-0.13019934688039972,-0.386000226124953,2022
-0.15946578984146204,-0.11197475582709714,-0.03639678995006668,-0.09087041230389903,10.393288433355586,0.0017913693924900146,2022
-0.1594657897651539,-0.11197476546530775,-0.036396780556888025,-0.1244358581869343,-0.10224032296292368,1.2447265782729096,2022
-0.15946579341288689,-0.11197476467504389,-0.03639678265067531,-0.12762485854128122,-0.13455547836744558,-0.28786860813647286,2023
-0.15946579302673686,-0.11197476539552267,-0.03639678288884938,-0.127451847403951,-0.1295058511391446,-0.26702533991986743,2023
-0.15946579261289134,-0.11197476214420798,-0.036396782587152274,-0.10331809775239556,-0.1371112205292777,0.5413470545938722,2023
-0.2564115477988953,1.6421087413271942,0.11324106297200746,-0.11497174403305635,-0.20467889162414463,-0.14582145223723314,2023
-0.15946579420200346,-0.11197476289842456,-0.03639679089210393,2.687117767579326,-0.1998266733328245,1.0312168656665217,2023
-0.15946579339111522,-0.11197476529225382,-0.03639678252026274,-0.12133487164458828,-0.1421949495514745,-0.2743603435049991,2023
-0.15946579334723554,-0.11197476560205612,-0.03639678261285684,-0.12796190203727564,-0.1437436394654892,-0.29206812642582125,2023
-0.15946579334190203,-0.1119747653444701,-0.03639678272160929,-0.12464079078514884,-0.15030197665780295,-0.32566104123576994,2023
-0.1594657930810172,-0.11197476521492096,-0.03639678280555501,-0.12456233832314946,-0.11159607944605673,0.001730798777222862,2023
-0.8120331009754215,11.695221414916144,0.9708547965652718,-0.16688675698349717,-0.696190855595313,-0.09396337925428475,2023
-0.15946579303354436,-0.11197476560118672,-0.036396782892241804,-0.12651210167486437,-0.10501088264740362,-0.2804893149243659,2023
-0.1594657931643226,-0.11197476579801079,-0.03639678232868537,-0.12654359581453437,-0.1528258899192898,-0.32575560034556755,2023
-0.1594657931764072,-0.1119747658016082,-0.03639678270580109,-0.12692316839096912,-0.06833054139693832,-0.2815189050832446,2023
-0.15946579324579405,-0.11197476552667773,-0.0363967825375594,-0.1270825641554102,-0.11058154649388943,-0.2802990179154472,2023
-0.1594657933100833,-0.11197476540731316,-0.036396782791817586,-0.12689913424260837,-0.15232001763877015,-0.31991197692994416,2023
-0.1594657935290726,-0.11197476570248935,-0.03639678276429626,-0.12833988059008164,-0.1599318549324954,-0.3176309932696314,2023
1.1751211215014423,2.029241336710254,-1.0902592235315254,1.4506333089111387,5.030492286534445,0.8221079306015584,2023
-0.15946579309154102,-0.11197476541384377,-0.03639678253757636,-0.1260792095989337,-0.08635541666965987,-0.22343145447594218,2023
-0.15946579164489474,-0.1119747649659274,-0.03639678042700863,-0.12250254581741093,-0.15706403099278315,-0.19999683141940078,2023
-0.15946579229680047,-0.1119747639378222,-0.03639678158039029,-0.11968040555524112,0.2893896177946898,-0.23686865085691253,2023
-0.15946579110639034,-0.1119747656869796,-0.03639677940099138,-0.12611161108818084,-0.1569160737948256,-0.35379146473971684,2023
-0.15946579129029845,-0.11197475794371183,-0.036396789058297324,-0.09469984333576083,8.313468106919043,-0.08667255023558393,2023
-0.15946579269223765,-0.11197476464563419,-0.03639678267409859,-0.12403575453326893,-0.1272231174299408,0.1270322077048794,2023
-0.15946579326429097,-0.11197476409961747,-0.036396782723004645,-0.12508287678407384,-0.06704053055135246,-0.24845321476308205,2023
-0.15946579340953754,-0.11197476501729751,-0.03639678266513391,-0.12058202058501015,-0.1413944085682993,-0.3224326476272595,2023
-0.15946579346051107,-0.1119747658033515,-0.03639678266852884,-0.12889027745120415,-0.1124594002376542,-0.38059623030830375,2023
-0.15946579305650352,-0.11197476564553956,-0.03639678242807452,-0.1274828312578337,-0.1400071130495384,-0.24062147780392992,2023
-0.15946579287659093,-0.11197476558482627,-0.03639678275155861,-0.12814760035217723,-0.13591451871617868,-0.18950882137881273,2023
-0.1594657935109637,-0.11197476590387968,-0.036396782611685566,-0.1269926034095729,-0.14949929029612133,-0.28720713625973415,2023
-0.15946579275086153,-0.11197476550923319,-0.03639678272229389,-0.12754368322522025,-0.1383070833824012,-0.025369294891573226,2023
-0.15946579300514893,-0.11197476561575515,-0.036396782666812594,-0.12821697457403958,-0.13631385177439637,-0.12993072142576056,2023
-0.15946579326604404,-0.11197476563505453,-0.036396782786882104,-0.12575634643762262,-0.11517951357300459,-0.21692255033451147,2023
-0.1594657930747043,-0.11197476499279156,-0.03639678266097012,-0.12781909444330755,-0.1168064719840295,-0.1384757519191446,2023
-0.1594657935207327,-0.11197476196858556,-0.036396782546355554,-0.12566736689754857,-0.09710133847105541,-0.1458839255509453,2023
-0.15946579337613986,-0.11197476485574467,-0.03639678248675112,-0.12937645603852374,0.16037664865787388,-0.233548907491114,2023
-0.15946579264526703,-0.11197476491606603,-0.03639678235291717,-0.12276634332083544,0.01272117542731377,0.06503976492569956,2023
-0.15946579308292225,-0.11197476515385216,-0.03639678290957381,-0.11671387244610786,0.012666867021805611,-0.17907805304862828,2023
-0.15946578874620776,-0.11197476495860274,-0.036396780273222094,-0.12290815361188395,-0.151502994056725,1.904813212097514,2023
-0.15946578720445012,-0.11197476510852035,-0.03639678446464845,-0.12730710922643987,-0.12407704827321196,1.202373175929587,2023
3.7272867742966898,0.33120963164441786,-3.327284858212133,-0.13526267653670598,-0.30422660942506186,1.5338964493834921,2023
-0.15946577705345122,-0.11197476452701276,-0.03639678764410685,-0.1323509805216929,-0.20788717799403725,8.266216472406533,2023
-0.1594657918762761,-0.11197476522883806,-0.03639678243221954,-0.12661309556775557,-0.0845454898083937,0.5680903827570519,2023
9.355058360521744,0.9729125752296383,-8.092282401733728,-0.14063171184661194,-0.5900135215886219,-0.9238225560563317,2023
-0.15946578963733327,-0.11197476574068946,-0.03639678095410652,-0.1309506696512638,-0.15095840287606033,2.25006234698121,2023
1.2682640427359408,-0.1772039237486277,2.09078587566907,-0.08882378455555831,-0.03504388909419404,0.7666426584123616,2023
-0.15946579334632358,-0.11197476541418626,-0.036396782596605184,-0.12893723754831113,-0.11066363923119672,-0.2213012003982719,2023
-0.15946577942062215,-0.11197476470788302,-0.03639678382219247,-0.13146121679161266,-0.19517021702155393,6.101703835178082,2023
-0.15946579066693947,-0.11197476535538917,-0.03639678364143191,-0.1303582504702417,-0.12285691579887667,1.251766273037987,2023
5.425353983501412,0.5248306251568637,-4.76502730002744,-0.13665496276071293,-0.4046490243167545,2.3482540152513462,2023
1.2078750247254806,-0.17444491007904253,2.0008119339586816,-0.08870624161218146,-0.03565753687638351,2.9408809751614857,2023
-0.1594657917433672,-0.11197476570736675,-0.03639678244642488,-0.12987704207936387,-0.17592856589727618,1.0007234660971611,2023
-0.1594657918757918,-0.11197476528511217,-0.036396783292232546,-0.12910747245884976,-0.1463856404751617,0.990319223829378,2023
-0.15946579248381726,-0.11197476585059735,-0.03639678274063436,-0.12867145161129404,-0.16633923200875014,0.5685659463877104,2023
8.225050718813804,0.8440641994793615,-7.1355122925083245,-0.13990993018117956,-0.5462820112712538,-0.7676055035581351,2023
7.151791045114276,-0.44600653942244395,10.856685634103348,0.08532298585090647,0.12776959439950045,-2.1771537133914745,2023
-0.15946577249102578,-0.11197476446412394,-0.0363967846052186,-0.1308517831430823,-0.21851533559026962,9.476492071020985,2023
-0.1594657932658626,-0.11197476594189877,-0.0363967822185314,-0.1264464700230149,-0.14277476232922756,-0.15658396100881647,2023
-0.159465784036522,-0.11197476577962646,-0.036396774445910995,-0.13172300613079035,-0.09614488475841708,1.4373166086406846,2023
10.374671868794938,1.0891733332777394,-8.955582517691113,-0.1421572708234022,-0.6280794467577014,-2.266572873684317,2023
-0.15946579047085221,-0.11197476555798198,-0.03639678228977097,-0.12748365342331616,-0.11310738735163073,1.517700522789493,2023
3.417619228734949,-0.27540221494557926,5.293122177591658,-0.02454559148099701,0.0331400346078819,-0.3971918338653457,2023
-0.1594657923645379,-0.11197476582805561,-0.036396782721360044,-0.12957814560854117,-0.17344580918375774,0.794355422305433,2023
-0.15946579013145365,-0.11197476558182369,-0.03639677938836554,-0.12977826781652654,-0.10871173249431422,1.1531695325700297,2023
6.893426351770299,0.261883902666361,0.2879260497781081,-0.05551128577835888,-0.26941329580810486,1.3501723266309258,2023
2.1659837489176756,-0.21821833560896658,3.4283034650582573,-0.06444015750039836,-0.12282599277541309,6.700592437509692,2023
-0.15946578385197396,-0.11197476522704819,-0.036396777911578616,-0.13064180082871246,-0.12487038629044976,2.2244689226924845,2023
3.193349509366156,0.2703277867436554,-2.8752036475984966,-0.13369222456985114,-0.2289104714378855,0.6630216679624634,2023
-0.15946578419891513,-0.11197476520707479,-0.036396784459561626,-0.12757805070496853,-0.1214038064875085,4.023605483037677,2023
3.783844076366164,-0.2921340483611419,5.83876262541382,-0.015634106339159046,0.04622051135170992,-0.3380375726039854,2023
-0.159465785545338,-0.11197476568996206,-0.0363967803015253,-0.130750246630156,-0.18932466226156291,4.777039298645834,2023
-0.15946579213824555,-0.11197476576247822,-0.03639678283991226,-0.1280697728577468,-0.1635180596164996,0.7876510472682161,2023
4.820794047798806,-0.33950952010949265,7.383720182160079,0.01558571789968598,0.10115463843145421,-1.3218423620190025,2023
6.449394157600537,0.6415961309481615,-5.632075449253853,-0.13796164065060673,-0.4557028228880176,0.21724260473425538,2023
-0.15946579113463735,-0.11197476553376144,-0.036396782808504724,-0.12621912847993555,-0.1337919739981747,1.0275437099967355,2023
-0.15946577978916995,-0.11197476511348492,-0.036396780056864635,-0.1331158886080677,-0.12654271959468807,4.639290843642108,2023
-0.15946579474512024,-0.11197476402271718,-0.03639678514283255,0.8157364189035021,-0.10140034202595362,-0.11795252968437137,2023
-0.15946579576530626,-0.11197476337068514,-0.03639678721422685,1.588059427600069,-0.09397098764073325,0.11694965731704873,2023
-0.15946579561623542,-0.11197476345036847,-0.036396786599951325,1.4863349922064464,-0.16614310494753956,0.09351272093716284,2023
-0.15946579343074518,-0.11197476578946901,-0.036396782666161816,-0.12163428388674,-0.13633556409082057,-0.3620786106068857,2023
-0.15946579348239592,-0.11197476575575731,-0.03639678272384808,-0.12899484279970427,-0.13554782755027528,-0.37461769551059115,2023
-0.1594657932979312,-0.11197476573793472,-0.03639678276561809,-0.12661441362648107,-0.07339429026214504,-0.30464121192981275,2023
-0.15946579321058324,-0.11197476573443509,-0.03639678281329773,-0.12760271715734614,-0.14740979229471327,-0.2694309070959554,2023
-0.15946579339633934,-0.11197476571984791,-0.036396782688217805,-0.12806629373178133,-0.052748937809113404,-0.2984697672081878,2023
-0.15946579336397723,-0.1119747657955963,-0.036396782740562385,-0.1284676079685328,-0.15090919152852356,-0.2566809522175651,2023
-0.15946579332735766,-0.11197476569981672,-0.03639678261101981,-0.1277737725468821,-0.12921339106686683,-0.2936242616656888,2023
-0.1594657933999857,-0.1119747656619758,-0.03639678264017112,-0.12372131079657393,-0.14021166595548323,-0.30434933477496356,2023
-0.15946579379890663,-0.11197476510230558,-0.03639678275491467,-0.1252782141564214,-0.13357462473412238,-0.33761869526462296,2023
-0.15946579359771618,-0.11197476527609472,-0.03639678268735077,-0.12438205361999632,-0.12304301052131024,-0.3284697691425631,2023
-0.15946579301212555,-0.1119747656008405,-0.03639678268225542,-0.12703627341843857,-0.052422470902075254,-0.33363168053811515,2023
-0.15946579318542378,-0.11197476582540235,-0.0363967826867351,-0.12858497944098937,-0.14300947091370078,-0.263895809605012,2023
-0.15946579316860854,-0.1119747657551727,-0.036396782417733545,-0.12747145258955112,-0.14691255336095083,-0.2611350244275037,2023
-0.15946579313236134,-0.11197476588305598,-0.03639678231086113,-0.12779965390184478,-0.10892400382486256,-0.20367960041821104,2023
-0.15946580671992505,-0.1119747605780084,-0.03639680473615577,8.732140415264999,-0.4130504023592334,-0.18958365296793123,2023
-0.1594658113960358,-0.11197475899348037,-0.0363968120853983,11.928185216930558,-0.5900508494231316,-0.11238410209241921,2023
-0.1594657931927505,-0.11197476582340679,-0.036396782933831494,-0.1280626621097228,-0.13861565429921197,-0.20008324668336724,2023
-0.15946579347815204,-0.1119747658445795,-0.036396782660526636,-0.1288768530304566,-0.14778182743450108,-0.31478635969966756,2023
-0.15946579327883148,-0.11197476568214491,-0.03639678262853671,-0.12065115009602667,-0.1462654003052049,-0.26217874399175845,2023
-0.15946579297473282,-0.11197476586009439,-0.036396781869364334,-0.12803519044037437,-0.1503945385821654,-0.1641428281977426,2023
-0.15946579341561476,-0.11197476589003016,-0.036396782447799605,-0.12884156607121602,-0.031647869141020066,-0.33498882357858356,2023
-0.1594657931898548,-0.11197476599661846,-0.036396782606925374,-0.1277766093638271,-0.15287156207099992,-0.296449197357425,2023
-0.1594657931774956,-0.11197476538579788,-0.036396782626875304,-0.12879930694108846,-0.1545945853899019,-0.11886703093091425,2023
-0.15946579338844485,-0.1119747658033113,-0.03639678270300288,-0.12822171024760576,-0.14811050838158102,-0.2567623511430036,2023
-0.15946579357692148,-0.11197476559650833,-0.03639678276595242,-0.1275077156841399,-0.13205588763471193,-0.24669798957706215,2023
-0.15946579341774744,-0.11197476575047291,-0.03639678275415376,-0.12811192604714117,-0.13464778125879204,-0.3013509141717315,2023
-0.15946579328406144,-0.11197476582622104,-0.03639678278590951,-0.12905079497081187,-0.15736045982627603,-0.15201460776244283,2023
-0.15946579342347525,-0.11197476581780641,-0.03639678274606155,-0.1285890904843102,-0.15308718920592196,-0.3144366681507189,2023
-0.15946579353419985,-0.11197476533158648,-0.03639678263658028,-0.12884919660484498,-0.15404626853420494,-0.34440538939481596,2023
-0.15946579321034257,-0.11197476576136244,-0.036396782356060316,-0.12691138068795685,-0.1479677028906111,-0.27067233424360404,2023
-0.1594657933664516,-0.11197476590665306,-0.03639678299084817,-0.12933072512010074,-0.1582737239369004,-0.2955481268914651,2023
-0.15946579321156926,-0.11197476584897346,-0.03639678278797724,-0.12889101013565074,-0.15885989390650124,-0.31088149777994933,2023
-0.15946579314504597,-0.11197476573424851,-0.03639678289325854,-0.12830340504389978,-0.14968281898029276,-0.3200823483420937,2023
-0.15946579354816953,-0.1119747656139217,-0.03639678272202849,-0.1303206650047592,-0.08335649199896154,-0.42554956092055196,2023
-0.15946579332285313,-0.11197476574538426,-0.03639678266197359,-0.12822613764265792,-0.14923027875685846,-0.23200852261445423,2023
-0.15946579355751117,-0.11197476538169111,-0.03639678268500145,-0.1290146950194092,-0.15175622813424364,-0.3517567664603494,2023
-0.159465793335515,-0.11197476589601178,-0.03639678227070288,-0.12924483771819278,-0.06198029271177008,-0.37292123893312273,2023
-0.15946579321335586,-0.1119747654447074,-0.036396782693696,-0.12735762564373487,-0.14641530116033646,-0.03773710400562151,2023
-0.15946579341588707,-0.11197476593246034,-0.03639678306714725,-0.1294326463867003,-0.13893987649923747,-0.20003876291187284,2023
-0.15946579331423028,-0.11197476571659293,-0.03639678277167908,-0.12804008288230304,-0.1440589732975983,-0.29920622786738993,2023
-0.15946579307707007,-0.11197476559602298,-0.03639678254830138,-0.12551753008630062,-0.12973899116457382,-0.23941300256349538,2023
-0.15946579045025389,-0.11197476565242631,-0.036396782496490906,-0.12437336264775153,-0.1542251523397232,1.6793118200066757,2023
-0.1594657931525445,-0.11197476575504166,-0.03639678261056561,-0.12678771086909135,-0.12842619684244908,-0.22870755014832325,2023
-0.1594657897918189,-0.11197476577357277,-0.036396777314417525,-0.1271581075868034,-0.15284347981258561,-0.25235995471436967,2023
-0.1594657928044728,-0.11197476580692427,-0.03639678214030149,-0.12683862235869872,-0.15010017571802894,-0.15419762268830972,2023
-0.15946579328054342,-0.11197476573330584,-0.036396782328644586,-0.12896816866914834,-0.03881925026023342,-0.294866687519392,2023
-0.15946579330091257,-0.11197476574856824,-0.0363967826184016,-0.12721552878346215,-0.1488285615833703,-0.2326882393600055,2023
-0.15946579360254112,-0.11197476595802454,-0.03639678268315665,-0.12960023385950814,-0.09845365194617668,-0.3781715328136018,2023
-0.1594657932225081,-0.1119747656362378,-0.036396782578198235,-0.127360787697386,-0.12531680455350291,-0.2691326145751831,2023
-0.15946579290985266,-0.11197476570040729,-0.03639678228420948,-0.12843458880763517,-0.13886225549186496,-0.09532055153966866,2023
-0.15946579318882464,-0.11197476564511157,-0.03639678263866115,-0.12745290492628722,-0.14208545562491803,-0.2779519330503231,2023
-0.15946579278338788,-0.11197476559254507,-0.03639678298708131,-0.12739727755235547,-0.14207205701707076,-0.27840370633989237,2023
-0.15946579332469188,-0.11197476573039006,-0.03639678210287873,-0.12918544958497544,-0.06262762265197554,-0.3018587319281772,2023
-0.15946579336572897,-0.11197476574910675,-0.03639678259951567,-0.1248968292749187,-0.14750731278364304,-0.31590025623432255,2023
-0.15946579346606907,-0.11197476586415184,-0.036396782902621654,-0.1287410954586536,-0.14975090179488917,-0.18840402399206177,2023
-0.15946579321079532,-0.1119747658972685,-0.036396782634282004,-0.1260816013765633,-0.10821295841158071,-0.17738952579713896,2023
-0.15946579315720527,-0.11197476569321085,-0.03639678273024759,-0.12740718536616547,-0.1459040939359128,-0.16682238804993688,2023
-0.15946579313638426,-0.11197476586907731,-0.0363967822720683,-0.12910443340745797,-0.009156013224232085,-0.27032735036743966,2023
-0.15946579353039314,-0.11197476453374568,-0.036396782935770255,-0.12882286303248544,-0.14063737851688043,-0.12043178394545559,2023
-0.15946579341149467,-0.11197476579367886,-0.03639678273601403,-0.12441521651265355,-0.14666559008672525,-0.3247417482134881,2023
-0.15946579314860349,-0.11197476582309251,-0.03639678237170804,-0.127143243840856,-0.15179127280894356,-0.2600078417646925,2023
-0.15946579343504,-0.11197476598126123,-0.03639678237164815,-0.1297868375873907,-0.053344642169313124,-0.39010566031481003,2023
-0.15946579318631784,-0.11197476510655721,-0.03639678318407183,-0.12229166828667691,-0.1403419411150673,-0.3080231471513328,2023
-0.15946579326841834,-0.11197476571038284,-0.03639678250207096,-0.12801919879871476,-0.13349307963384133,-0.27939792528571616,2023
-0.15946579308991438,-0.11197476573505569,-0.0363967826660181,-0.1262945942583159,-0.04486840375621453,-0.32041115811801757,2023
-0.15946579274574316,-0.11197476491756442,-0.03639678263800012,-0.12512076274209624,-0.05601128182221878,0.06711369329174934,2023
-0.15946579385381704,-0.11197476604782854,-0.03639678273193431,-0.12774106863038914,-0.08562191692671467,-0.45839545264659576,2023
-0.15946579341097283,-0.11197476520338392,-0.0363967826807711,-0.12276087804130678,-0.0690952611506177,-0.2701552475718953,2023
-0.15946579296219388,-0.11197476570289386,-0.03639678293439311,-0.12982491177125496,-0.06398922016081332,-0.17481947225576883,2023
-0.15946579279169454,-0.11197476561564843,-0.0363967824097978,-0.12765991407488683,-0.15054929169117692,-0.09324433549584157,2024
-0.1594657928911154,-0.1119747657278624,-0.03639678270617609,-0.12793993514380955,-0.12449236501787232,-0.043548640499822884,2024
-0.15946579341097264,-0.11197476452049157,-0.0363967826374307,-0.12721851312106675,-0.13056687055240712,-0.31268049241696383,2024
-0.15946579340656114,-0.11197476469937473,-0.036396782662545174,-0.11505668204465808,-0.13307532106690992,-0.19818996419564916,2024
-0.159465792923356,-0.11197476552831781,-0.03639678303295092,-0.12775532833159445,-0.13450276546648293,-0.2483131187360303,2024
-0.1594657929624072,-0.11197476568405912,-0.03639678213156265,-0.1267313550360042,-0.14599293097885815,-0.25324667852510774,2024
-0.1594657932616685,-0.11197476570581438,-0.036396782743962436,-0.1266780498707904,-0.1452308474367879,-0.29290320359566496,2024
-0.15946579327262922,-0.11197476562387564,-0.03639678264473895,-0.12602595228420274,-0.13873660694836465,-0.27856739701929434,2024
-0.15946579325330285,-0.1119747656141107,-0.03639678263650605,-0.12600330363816806,-0.13392230924947918,-0.2713600312333521,2024
-0.1594657932290256,-0.11197476561531636,-0.03639678267408733,-0.12598569052894085,-0.14460169046138427,-0.2757291824377657,2024
-0.15946579278051742,-0.11197476567058867,-0.03639678272266663,-0.1272675289654438,-0.14037302401782992,-0.21295583679175886,2024
-0.1594657932640678,-0.1119747656627828,-0.03639678259050695,-0.12757430838728978,-0.13233850366531227,-0.2836950917741532,2024
0.711108071188887,2.8136117427361333,-0.6653384397689975,-0.11619483029401152,1.7165545882801585,0.37360748305832603,2024
-0.15946579309154102,-0.11197476541384377,-0.03639678253757636,-0.1260792095989337,-0.08635541666965987,-0.22343145447594218,2024
-0.15946579171310493,-0.11197476236159315,-0.03639678223721436,-0.1256589053000656,-0.01886950796851955,0.19494705129063278,2024
-0.159465793307312,-0.11197476549590717,-0.03639678262036617,-0.12512442107744282,-0.13136525358505835,-0.2638019803674364,2024
-0.1594657933170338,-0.1119747656998613,-0.03639678262796084,-0.12762208658193014,-0.14356962252629307,-0.29233809823736856,2024
-0.15946579293691895,-0.1119747655675135,-0.03639678249163616,-0.12835551112812535,-0.006897943614183247,-0.044459171503612074,2024
-0.15946579254714244,-0.11197476532862241,-0.03639678263097444,-0.12913710375441662,-0.1412002873150447,0.4966967698424361,2024
-0.15946579286149482,-0.11197476550082588,-0.03639678213561605,-0.12806454224425423,0.2948449934074867,-0.20901381531388316,2024
-0.15946579353080004,-0.11197476503613824,-0.036396782615224284,-0.11832150752559481,-0.03211453532837925,-0.29270174298743173,2024
-0.159465793211322,-0.1119747648827045,-0.036396782755862674,-0.12426869653129095,-0.09974788708384641,-0.29264361407756956,2024
-0.15946579303548478,-0.11197476572259389,-0.036396782698023315,-0.1284777150517854,-0.11819298845482756,-0.15689973301409957,2024
-0.1594657928854522,-0.11197476512751058,-0.036396783190127686,-0.12746654862800663,-0.1017649481246067,-0.07818299054694003,2024
-0.15946579300674946,-0.11197476577769847,-0.0363967824879283,-0.12821815041730764,-0.13527305452273083,-0.29846569475536006,2024
-0.15946579352568208,-0.11197476521401586,-0.0363967828136242,-0.12845249842496181,-0.091679465501546,-0.3411804126963321,2024
-0.1594657932534027,-0.11197476576001532,-0.03639678274606654,-0.12807890906400185,-0.14105712773209209,-0.2679677247806731,2024
-0.15946579325349344,-0.11197476595558971,-0.036396782622900976,-0.12996576129452297,-0.16434111932962875,-0.29141551114414865,2024
-0.15946579352332907,-0.1119747658731028,-0.03639678245783949,-0.12976999598768138,-0.1295882171428916,-0.4035639859976692,2024
-0.1594657930966355,-0.11197476591316906,-0.03639678296578817,-0.1289892314145863,-0.15213179043180258,-0.209128866359929,2024
-0.15946579363389085,-0.11197476545211847,-0.03639678265756617,-0.12903906957974018,-0.1557556972589972,-0.3136595430637862,2024
-0.15946579346492887,-0.11197476595567199,-0.03639678246541668,-0.12928542305061344,-0.1272869758001633,-0.39988784037262765,2024
-0.1594657930475515,-0.11197476567662572,-0.03639678266755781,-0.12812835191786942,-0.12794608716864825,-0.2968491499011468,2024
-0.15946579293036992,-0.1119747658838407,-0.03639678306616459,-0.1285615442527687,-0.14791751880553114,-0.16496250700959939,2024
-0.1594657932225081,-0.1119747656362378,-0.036396782578198235,-0.127360787697386,-0.12531680455350291,-0.2691326145751831,2024
-0.15946579330299607,-0.11197476582075531,-0.03639678269733641,-0.12166001581094081,-0.14894077647975776,-0.2590535751222936,2024
-0.15946579302258423,-0.1119747658184305,-0.036396783018102764,-0.12607614249967894,-0.14901921673322852,-0.2819363030483017,2024
-0.15946579285698959,-0.11197476574140014,-0.03639678280416125,-0.12766522434904956,-0.14626418127172863,-0.2382473813866888,2024
-0.15946579345858294,-0.11197476564165684,-0.036396782630079866,-0.12656478645571453,-0.14625398071316859,-0.2471951896779371,2024
-0.15946579352789375,-0.11197476515685893,-0.036396782810669395,-0.1229385449058311,-0.12328439837642093,-0.32930297745613457,2024
-0.15946579376854306,-0.11197476598939937,-0.03639678275640695,-0.13000361516099707,-0.07483024786009172,-0.4446065710910475,2024
-0.1594657932795353,-0.11197476572155873,-0.036396782697763294,-0.12753264372954,-0.049507629931543895,-0.2804856263937331,2024
-0.15946579335832664,-0.11197476572515482,-0.036396782615990435,-0.1280283221613678,-0.08663124859353948,-0.29665616564271347,2024
-0.15946579343327055,-0.1119747656401561,-0.036396782701095184,-0.1279261585072023,-0.13645716601985694,-0.3273733578177514,2024
-0.15946579333905186,-0.11197476586062717,-0.036396782363047914,-0.12901130681958314,-0.010716067227092752,-0.32417156415523896,2024
-0.1594657933491628,-0.11197476574447797,-0.036396782609610275,-0.12783605866290637,-0.14325759977592753,-0.27861316641829253,2024
-0.15946579353456228,-0.11197476586248672,-0.03639678267767744,-0.12820827307132512,-0.1459307330724598,-0.35574595802274445,2024
-0.1594657932966465,-0.11197476556683904,-0.03639678272616956,-0.1267084155567408,-0.0907701096099826,-0.2853818203112568,2024
-0.1594657932373866,-0.11197476466602521,-0.0363967826532415,-0.12295809770403955,-0.10746402868526207,-0.046086683670009565,2024
-0.15946579330479785,-0.11197476593114547,-0.03639678241726395,-0.12859817871600432,-0.0864754614659903,-0.258379450197036,2024
-0.15946579116643156,-0.11197475834810784,-0.03639678909798619,-0.09958679897935234,8.237603460266927,-0.045723721886993834,2024
-0.49327734404745527,5.927828978477352,0.4788484767221643,-0.14775456277212515,-0.3960698235807607,-0.0005546607126415772,2024
-0.15946579331119268,-0.11197476532348977,-0.03639678260754123,-0.12566682270433985,-0.035402313272514016,-0.2249335421225444,2024
-0.1594657931463467,-0.11197476577354493,-0.03639678278264573,-0.1281863717823636,-0.10872697825518286,-0.25235792243165556,2024
-0.15946579335619074,-0.11197476546278953,-0.0363967826097911,-0.1260309509208734,-0.11062410114386226,-0.28914808413458726,2024
-0.1594657934387952,-0.11197476566192598,-0.03639678252042366,-0.12866550108435207,-0.014092025537976779,-0.2915187276426584,2024
-0.15946579255695478,-0.11197476558773055,-0.03639678210180086,-0.12584105544759802,-0.09389739252578935,-0.16637512827831244,2024
-0.15946579320852605,-0.11197476585414376,-0.03639678237004139,-0.12898691115037167,0.014406029935398412,-0.3037132987222608,2024
-0.15946579188475804,-0.11197476544753285,-0.03639678241320402,-0.1301588735472464,-0.1586038647627278,0.3791868198474369,2024
-0.15946579224266577,-0.11197476532430649,-0.03639678278840814,-0.12897711550239688,-0.12873252314435732,0.17693063488961275,2024
-0.15946579156101098,-0.11197476531571969,-0.03639678226156378,-0.12823888069246422,-0.14315169078297432,0.27475062209110584,2024
-0.15946579328741387,-0.11197476581101988,-0.03639678259443677,-0.1272784723121105,-0.14733013817177,-0.3036866861797959,2024
-0.15946578571195658,-0.1119747649270668,-0.036396783954597105,-0.12763492909083443,-0.14339850079437652,1.6471332022254999,2024
-0.15946578825354096,-0.11197476526699679,-0.03639678390989317,-0.12838718408778566,-0.13333409961181678,1.8958379960490421,2024
-0.1594657893461395,-0.1119747655488238,-0.03639678214451086,-0.12964594426422527,-0.16189442980087757,2.030039949808886,2024
-0.1594657806582208,-0.11197476541890046,-0.03639678033730393,-0.13241867137424893,-0.1959367173634299,5.790729325465771,2024
-0.15946579138513864,-0.11197476538606471,-0.03639678325649945,-0.12725965413927945,-0.1454602278220577,1.1704954932438225,2024
-0.15946579224721913,-0.1119747659118592,-0.03639678255908456,-0.1271963456244495,-0.10462085049995565,0.8784000983130705,2024
5.719175194697868,-0.38055415226906386,8.722223273437784,0.04301217134259701,0.07329710584227826,-1.3797230940889427,2024
-0.15946578921563412,-0.11197476541910169,-0.03639678365593203,-0.12917067666762863,-0.1390934174317005,1.2386587805457714,2024
-0.15946579130596047,-0.11197476533988446,-0.036396783184067215,-0.1287086374475193,-0.1619245407513223,1.2216623771109327,2024
-0.1594657918027047,-0.11197476569525344,-0.036396782686922174,-0.12999673052044736,-0.16769074001208437,1.2356035616516576,2024
-0.1594657916306826,-0.11197476565503532,-0.03639678147663593,-0.12914502884988088,-0.12376367761509066,0.5139446725650566,2024
-0.15946579176056097,-0.11197476517160561,-0.036396783448157666,-0.12932685182873338,-0.16758131835847212,1.0517254387708432,2024
-0.15946579119641904,-0.1119747654528781,-0.03639678328543624,-0.12725506512407,-0.15174616625256074,1.0628253638083676,2024
5.88441527705061,-0.3881035297371593,8.968415395060228,0.04774580678553027,0.0814471332646615,-1.649687261338078,2024
-0.1594657756936088,-0.11197476651167818,-0.03639675886292603,-0.12927038575977465,-0.14471658660462675,0.5389451834785756,2024
-0.15946579142644218,-0.1119747659746785,-0.036396780381544265,-0.12878192224269433,-0.15197576962073364,0.43298530725678214,2024
-0.1594657918611438,-0.11197476561866677,-0.03639678170926165,-0.12079023782694222,-0.1566509048730563,0.29295126104474517,2024
3.5496592547052526,-0.2814347702431134,5.48984934449585,-0.021826733795980935,-0.03150407575059932,0.5056622770032762,2024
-0.15946579276607395,-0.11197476591651165,-0.036396782416636866,-0.12881365585675972,-0.12016889419942024,-0.1017480296673633,2024
5.916144490126753,-0.38955315265632107,9.015688927387007,0.04876380255946326,0.08362209322223965,-1.450007278104223,2024
-0.15946579213445855,-0.11197476548334982,-0.03639678332721958,-0.1284551687756511,-0.15203632769730588,0.9299375322379811,2024
-0.15946579091033108,-0.11197476552347499,-0.036396783049887665,-0.12673335050830317,-0.15499892736326557,1.1574137826588482,2024
-0.15946579203762595,-0.11197476577838852,-0.036396783028960676,-0.13039637803250206,-0.1688009097739907,0.9365028083197681,2024
-0.1594657904908679,-0.11197476596135549,-0.03639678038586852,-0.13014626865366388,-0.16591822834207962,1.2897114567220909,2024
-0.15946578874258355,-0.1119747655537721,-0.036396777426152487,-0.12948992361591302,-0.14425345545395052,0.5968164490429919,2024
-0.1594657919778044,-0.11197476530123254,-0.036396781285900404,-0.13000729343753903,-0.07843546838267122,0.17020769268479236,2024
3.0149533764771257,-0.2570054874432303,4.69318805447966,-0.03914758261592874,-0.08096710067939157,6.126849014520648,2024
-0.15946579184253473,-0.11197476540072247,-0.03639678325757136,-0.12376693163383619,-0.10696383185332276,0.9965564352139419,2024
-0.15946579148839352,-0.11197476425141646,-0.03639678332385347,-0.12660545431986683,0.19737342147344086,0.8338105962522143,2024
-0.15946578029255634,-0.11197476473775315,-0.036396787180652534,-0.13074753347759197,-0.1926263249494639,5.575723962712192,2024
-0.15946579086211823,-0.11197476581192609,-0.036396779946155894,-0.1294004175000668,-0.09543749060167867,0.5996256851716157,2024
5.343877538109848,-0.36340780568914716,8.163065197965606,0.03139848274328729,0.11616223924031147,-1.58475402906426,2024
-0.15946579193550345,-0.11197476570674517,-0.036396782994710886,-0.12598025135418162,-0.15823841005881206,0.9869092934563096,2024
12.659049059488813,0.5675071827634067,0.5530545955802144,0.004201378301133282,-0.32404389913605947,-2.880988596668686,2024
-0.1594657900173547,-0.11197476558127108,-0.03639678225212024,-0.1297839451882065,-0.16036378017707992,1.9154524761668021,2024
9.060444410757116,0.9393194137381508,-7.842834689294077,-0.14013439972113703,-0.5710425813005336,-0.9188570428764165,2024
-0.15946579099120226,-0.11197476468669385,-0.036396783061423764,-0.1215255579134416,-0.1265124646845344,0.942111904454969,2024
-0.1594657923070209,-0.11197476474710621,-0.036396783260065804,-0.12988303809779742,-0.05269309885001257,0.8631623814700845,2024
5.553220000359291,-0.3729721029020567,8.474965701740414,0.03795842973607305,0.12447126675061093,-1.6120599505609121,2024
-0.15946579182066903,-0.11197476571166023,-0.03639678274712819,-0.12679483684739454,-0.16143627068644337,0.7457200730310418,2024
-0.15946579361768232,-0.11197476569548465,-0.036396782904646686,-0.1251286877205768,-0.04032653189717205,-0.34755883237197327,2024
-0.15946579331763558,-0.1119747654591176,-0.036396782423937575,-0.1282393467973745,-0.15098228516853904,-0.31254543495271636,2024
-0.15946579308037095,-0.1119747656230889,-0.036396782304675065,-0.12853080592900254,-0.1159630757012227,-0.29846670120829116,2024
-0.15946579284151782,-0.11197476534004289,-0.036396781791895455,-0.1286558444500561,-0.053233761111238016,-0.30074830756189125,2024
-0.15946579311076442,-0.11197476526719856,-0.03639678306628302,-0.12454577358151984,-0.07314830325514064,-0.24443012949203727,2024
-0.15946579349441706,-0.11197476578586406,-0.03639678247448856,-0.12807216117869122,-0.01949117390811075,-0.3525204656619165,2024
-0.15946579251594373,-0.11197476592622341,-0.036396782014981637,-0.12764106465737637,-0.16278600669584473,-0.2315813779457019,2024
-0.15946579343860173,-0.11197476579735083,-0.036396782429303574,-0.1279309175119546,-0.1571366789113886,-0.3068494788734066,2024
-0.1594657934687374,-0.11197476594222175,-0.03639678233616727,-0.12963964834052738,-0.05800582550453602,-0.3946717965479426,2024
-0.15946579348540374,-0.11197476575473068,-0.03639678317059821,-0.11813309451771078,0.02793611350484457,-0.2952580345915348,2024
-0.15946579317928475,-0.1119747652211624,-0.03639678235579603,-0.12356276433223763,-0.14941827243273398,-0.2879916938951333,2024
-0.1594657888514003,-0.11197476601777122,-0.0363967763421119,-0.1287617982644009,-0.15523332508304463,-0.24422539645746463,2024
-0.15946579110662537,-0.11197476573614266,-0.03639677952308385,-0.1177389352852196,-0.12864522869300007,-0.2770768530371628,2024
-0.159465792957588,-0.11197476581319267,-0.036396782081775395,-0.12825145593301024,-0.1546907374757915,-0.23710574286642913,2024
-0.15946579304874306,-0.11197476579622787,-0.03639678276645473,-0.126368876890717,-0.06305260857897402,-0.0043234898882997365,2024
-0.15946579326668753,-0.11197476581424419,-0.03639678278411843,-0.12670701108022184,-0.15097028656999484,-0.16277800473381812,2024
-0.1594657932494727,-0.11197476515869677,-0.03639678262792851,-0.12758709341059624,-0.14112313425034675,-0.25775045098268123,2024
-0.15946579301421648,-0.11197476513554534,-0.036396783078849956,-0.11302308792625142,-0.1315516239051271,-0.2401506148891668,2024
-0.15946579365814434,-0.11197476589590571,-0.03639678260807558,-0.1232153397284057,-0.08793662820844861,-0.36128089291233123,2024
-0.15946579347329448,-0.11197476560010688,-0.036396782480547785,-0.1285095730580638,-0.021011313509635237,-0.33781163393331826,2024
-0.15946579317706,-0.11197476581013749,-0.03639678256697768,-0.1267261774694244,-0.14959972204835337,-0.2080073480872427,2024
-0.15946579289029308,-0.1119747653731329,-0.036396783266998946,-0.12390952231225599,-0.1533715526204525,0.24441345642293077,2024
-0.15946579332700597,-0.11197476516729289,-0.036396782653379506,-0.12791555729662896,-0.14333889196772814,-0.27169178871707994,2024
-0.15946579269976388,-0.1119747653655012,-0.036396782546131545,-0.12671800494625834,-0.14653749827392787,0.20347310725088139,2024
-0.15946579332973132,-0.1119747657821711,-0.03639678272157513,-0.12888789456221192,-0.15413659865670648,-0.0757167957637191,2024
-0.15946579353860285,-0.11197476604467752,-0.036396782614208804,-0.12930091220051038,-0.0646308312806056,-0.25926346277165396,2024
-0.15946579348329737,-0.11197476466994746,-0.036396782821262734,-0.11613627718053343,-0.04005382446218021,-0.14397762808524048,2024
-0.15946579309355813,-0.11197476556877163,-0.03639678242467188,-0.12065394660955726,-0.08472600071251044,-0.24854257977540467,2024
-0.1594657932047014,-0.1119747651382894,-0.036396782987618545,-0.11759725882568814,0.022576058474187144,-0.1575395060188881,2024
-0.1594657932246322,-0.11197476471337783,-0.03639678282458902,-0.11465151712027238,-0.11510935486465085,-0.04360851791456685,2024
-0.1594657929055119,-0.11197476567440313,-0.036396783134682316,-0.12132717652460862,-0.1459195080138484,-0.23803950520469025,2024
-0.159465793159899,-0.11197476574800218,-0.03639678234928606,-0.12421111551485879,-0.14835604523006982,-0.17097667963982596,2024
-0.15946579341341408,-0.11197476586423301,-0.03639678276796911,-0.12643519088910057,-0.15160459143695204,-0.34335874835103075,2024
-0.15946579256444074,-0.1119747656818695,-0.03639678164935294,-0.1275071160050401,-0.14304131092696604,-0.20172461931758195,2024
-0.15946579331828173,-0.11197476551551154,-0.03639678251931481,-0.12813861333356757,-0.1456266582860681,-0.3121746555852006,2024
-0.15946579334180422,-0.11197476555112844,-0.036396782625868755,-0.1259860433837006,-0.12496475157683792,-0.2505286565154572,2024
-0.15946579343421063,-0.1119747655427928,-0.03639678262055831,-0.12623275694304706,-0.14372888011790977,-0.29913896105725973,2024
-0.15946579321823895,-0.11197476582355136,-0.03639678238226213,-0.12864366871639993,-0.14568339522256354,-0.26060352280105753,2024
-0.15946579279129292,-0.11197476436203294,-0.03639678300231568,-0.12355358731899364,-0.1130825780605756,-0.17979068837092937,2024
-0.15946579076212386,-0.11197476591400916,-0.03639677858576036,-0.12874511461092633,-0.15479805648788036,-0.3399399703629305,2024
-0.15946579319167364,-0.11197476596875637,-0.03639678215366883,-0.12855869296444009,-0.15774200953394113,-0.3498770957627907,2024
-0.15946579345528342,-0.11197476581029943,-0.03639678268101097,-0.12838729626372358,-0.10268832985857639,-0.33520335030606896,2024
-0.1594657932886597,-0.11197476534976919,-0.03639678292756579,-0.12549868860089633,-0.0989496926906617,-0.2963812436622255,2024
-0.15946579349952872,-0.11197476595111988,-0.03639678289479444,-0.12865764499592236,-0.14307810191648215,-0.17988814460720562,2024
-0.1594657935173827,-0.11197476581334058,-0.03639678268266091,-0.12706129800894303,-0.12745850800489972,-0.34022690780091325,2024
-0.15946579276329131,-0.11197476571099442,-0.03639678211699869,-0.12732668858610716,-0.15177355656673439,-0.1881229517567146,2024
-0.1594657935576007,-0.11197476591400203,-0.03639678257620028,-0.12945166870443908,-0.11662440935200859,-0.38642884974297176,2024
-0.15946579361510047,-0.11197476036106545,-0.03639678202438674,-0.12832498352568936,-0.14461002587119862,-0.32647968089369533,2024
-0.15946579357274382,-0.11197476020988036,-0.036396782363022906,-0.12181682846277338,-0.13983371142988238,-0.27152554235294635,2024
-0.1594657926041719,-0.11197476508999848,-0.0363967830863004,-0.12510161567551945,-0.05617185488933928,-0.18756906321577038,2024
9.315095337016944,0.9683558176966289,-8.058445970359456,-0.1396533072989173,-0.5735336531865002,-2.0645489722337733,2024
-0.15946579274090986,-0.11197476568030931,-0.03639678252501588,-0.12833517346445683,-0.12175133173391135,-0.10753288076605716,2024
-0.1594657929424291,-0.11197476571576195,-0.03639678302676476,-0.12784723979420137,-0.149194874425611,-0.2578643451377745,2024
-0.15946579318853754,-0.11197476525476877,-0.036396782772663325,-0.1280398558791971,-0.1315605631367848,-0.34668189047980746,2024
-0.15946579252363238,-0.11197476551135431,-0.036396782473703135,-0.12743000539933905,-0.1314855035434257,0.2791089618300187,2024
-0.1594657930795599,-0.11197476545556881,-0.036396782723011285,-0.12822508972561758,-0.1317751748347903,-0.13225677420449736,2024
-0.15946579325930282,-0.11197476567004425,-0.03639678263936688,-0.12772457415335614,-0.13505524280514716,-0.2425956989855182,2024
-0.15946579327845356,-0.11197476572158574,-0.036396782858608506,-0.12598403052732912,-0.14882356163404062,-0.3092807113575589,2024
-0.1594657931477208,-0.11197476574414003,-0.03639678221792356,-0.12802545830334217,-0.1350792270735917,-0.30269267914623804,2024
-0.15946579319663318,-0.11197476572890336,-0.0363967823073913,-0.1280547057610502,-0.14077090050012767,-0.29723673096377307,2024
-0.1594657932895737,-0.111974765497721,-0.0363967823996118,-0.128030060963677,-0.13407361733321782,-0.11799825324389977,2024
-0.15946579348717904,-0.11197476559993086,-0.03639678267151621,-0.12858659275932607,-0.14195388552533106,-0.24776176751824863,2024
-0.15946579336194724,-0.11197476573081858,-0.03639678261093844,-0.12823726771897764,-0.13990307296843696,-0.3158222022874887,2024
-0.1594657933374754,-0.11197476566324306,-0.03639678264465015,-0.12139126113945899,-0.13947046628062656,-0.2419071792750367,2024
-0.15946579329465063,-0.11197476541019315,-0.036396782814858954,-0.12782047122636023,-0.11727065525134063,-0.33946576673292905,2024
-0.15946579335279254,-0.11197476460249794,-0.03639678284532062,-0.12171721423142899,-0.13314631529377213,-0.2558826563321049,2024
-0.15946579281335369,-0.11197476557786497,-0.03639678215784065,-0.1271167245181597,-0.12294810303620299,-0.13158621238151103,2024
-0.1594657887826295,-0.1119747660052793,-0.036396777405842344,-0.1289482740726267,-0.15883874505888693,0.09160792040173597,2024
-0.1594657932945364,-0.11197476477797223,-0.03639678324573231,-0.12312989367761379,0.20887536341088794,-0.12538875688619985,2024
-0.1594657931902778,-0.1119747656279367,-0.036396782394196366,-0.12773553054793413,-0.1365661640449415,-0.20258586005598733,2024
-0.15946579283797715,-0.1119747652762725,-0.03639678216449567,-0.12528783661998652,-0.1292486379672633,0.15733479320655763,2024
-0.15946578985562915,-0.11197476501500513,-0.03639678248767799,-0.12623228135059786,-0.1720428577158355,2.0277358899518836,2024
-0.15946579260645438,-0.11197476514347722,-0.03639678301287776,-0.1203110990778259,0.050195023756585334,0.0913540468617495,2024
-0.1594657931618922,-0.11197476504849747,-0.03639678307495566,-0.12188759593603725,-0.11982599961057876,-0.13633193798719662,2024
-0.15946579307786313,-0.11197476575438514,-0.036396782350706536,-0.12815991095598872,-0.13528092765960764,-0.24269254307445573,2024
-0.15946579237296052,-0.1119747657022175,-0.03639678301214715,-0.12618673154437102,-0.15245841123498527,-0.1782453346952348,2024
-0.1594657934142287,-0.11197476533366027,-0.036396783141365206,-0.12429581839163323,0.0570260466242635,-0.3041676922720996,2024
-0.1594657935793079,-0.11197476559273678,-0.03639678278121275,-0.12969967230464846,-0.1411280359985603,-0.2560076525740528,2024
-0.15946579351579787,-0.11197476563627119,-0.036396782908303685,-0.12943383524532537,-0.105957271851862,-0.3138703515840724,2024
-0.15946579331290184,-0.11197476585357054,-0.03639678249291159,-0.1279737896998391,-0.15732478051202142,-0.3358963928338501,2024
-0.15946579324955115,-0.11197476562522764,-0.03639678229789555,-0.12900007280932035,-0.08358463389251913,-0.3468708304180246,2024
-0.1594657935101283,-0.11197476595783744,-0.036396782421571794,-0.12938130191546157,-0.13534204383857312,-0.43441273942371383,2024
-0.1594657935430972,-0.11197476571472388,-0.036396782740037686,-0.12889522216318883,-0.15474323586216543,-0.36388543553065006,2024
-0.15946579357002194,-0.11197476590261919,-0.03639678275919596,-0.1267692261064407,-0.15134273668397766,-0.3577064626615835,2024
-0.15946579370291042,-0.11197476587979788,-0.03639678276053889,-0.12625018126890622,-0.1399399082407778,-0.40141199120013815,2024
-0.15946579332528332,-0.11197476399530897,-0.03639678268336225,-0.12469780912552661,-0.1016058374393348,-0.302650763754911,2024
-0.15946579331841843,-0.11197476517499445,-0.03639678274442294,-0.12661659815001,0.004301032682044882,-0.30831191454511303,2024
-0.15946579321585513,-0.11197476546715024,-0.036396782572453226,-0.1268680715413508,-0.07114527389821748,-0.1588242833481699,2025
-0.1594657933293993,-0.11197476572219617,-0.03639678270551463,-0.12803295142829293,-0.14289757639684453,-0.23090994301010587,2025
-0.15946579325515903,-0.11197476567501505,-0.03639678264664587,-0.12770773337910216,-0.14064464982500957,-0.28832145228808204,2025
-0.1594657929178802,-0.11197476571226421,-0.036396782072104165,-0.12790385215624925,-0.1448402896242682,-0.23814011810178518,2025
-0.15946579341097264,-0.11197476452049157,-0.0363967826374307,-0.12721851312106675,-0.13056687055240712,-0.31268049241696383,2025
-0.15946579293614482,-0.11197476582581044,-0.036396782018597314,-0.12767225494825832,-0.1512674939675544,-0.34455348590965895,2025
-0.15946579333114433,-0.11197476558554424,-0.036396782608726024,-0.12790375486015387,-0.14285315325160738,-0.2854936113000194,2025
-0.15946579321447815,-0.11197476563409127,-0.036396782587978266,-0.12736859293869718,-0.13788048026074307,-0.2734523518794447,2025
-0.15946579324215895,-0.11197476575939085,-0.0363967824876985,-0.1282374582066582,-0.14699981570894208,-0.2631966622706844,2025
-0.1594657931129028,-0.11197476573234866,-0.0363967821721001,-0.12684477060534105,-0.15182617101368207,-0.2846561376023201,2025
-0.15946579289057639,-0.11197476531583776,-0.03639678316486535,-0.12817609742629543,-0.14748416444834242,-0.2838639027235969,2025
-0.15946579340656114,-0.11197476469937473,-0.036396782662545174,-0.11505668204465808,-0.13307532106690992,-0.19818996419564916,2025
-0.15946579192498342,-0.11197476567197051,-0.03639678314441292,-0.12606079951169638,-0.1413570337308749,0.42032148833174077,2025
-0.15946579269829048,-0.11197476571156627,-0.03639678304162409,-0.1276833605464658,-0.15136981753857878,0.2912567739361955,2025
-0.1594657929375236,-0.11197476547906136,-0.036396782687961045,-0.12708282055385065,-0.1297644448221012,-0.25235046952904655,2025
-0.15946579334365257,-0.11197476515277563,-0.036396782664880896,-0.12446370782955431,-0.06845211667780429,-0.200856741566134,2025
-0.15946579204172395,-0.11197476511338182,-0.036396782948748714,-0.12530866023817686,-0.09323960185929174,0.032458450926198645,2025
-0.15946579319650203,-0.11197476511326303,-0.036396782725979966,-0.12322271237579217,-0.07335320987390569,-0.1693693625972944,2025
-0.15946579230870697,-0.11197476517291773,-0.03639678335227575,-0.12713909396025683,-0.04627434471029851,-0.06043340668431362,2025
-0.15946579313074044,-0.11197476493971041,-0.03639678280501289,-0.1273314197783754,-0.14843936501241248,-0.26250237021771605,2025
-0.15946580923069978,-0.1119747596770832,-0.036396808530016984,10.431375510035458,-0.46377898761662983,-0.10577543785448101,2025
-0.15946579309993705,-0.11197476575024691,-0.03639678323958243,-0.12334060869309701,-0.1424874800133258,-0.2829428355295887,2025
-0.15946579281395898,-0.11197476538099982,-0.036396782227776314,-0.12189891475927286,-0.12085690521353593,-0.17757437216599808,2025
-0.15946579376208128,-0.11197476370094354,-0.036396782805511306,-0.11403339387518517,-0.1522412410887462,-0.3565780184559561,2025
-0.15946579304940167,-0.11197476524928181,-0.03639678307640804,-0.12568411279062283,-0.1406262109629552,-0.1459177847200507,2025
-0.15946579172169764,-0.11197476550058477,-0.036396780410959034,-0.1254657238978548,-0.14713745526862615,-0.21654471196246913,2025
-0.15946579386487414,-0.11197476284276188,-0.03639678258263202,-0.11203767205161566,-0.16797702007906037,-0.33016338633801,2025
-0.15946579322774662,-0.11197476548295983,-0.03639678272451696,-0.1263176985966601,-0.11360133102290186,-0.2929635931416408,2025
-0.15946579330003327,-0.11197476569864247,-0.036396782632991294,-0.12788340368931975,-0.05955643780948458,-0.2878593371496198,2025
-0.15946579318882464,-0.11197476564511157,-0.03639678263866115,-0.12745290492628722,-0.14208545562491803,-0.2779519330503231,2025
-0.15946579318882464,-0.11197476564511157,-0.03639678263866115,-0.12745290492628722,-0.14208545562491803,-0.2779519330503231,2025
-0.15946579324018478,-0.11197476516239674,-0.036396782554661486,-0.12596439019201972,-0.1415983696528075,-0.2770738177301189,2025
-0.15946579333114433,-0.11197476558554424,-0.036396782608726024,-0.12790375486015387,-0.14285315325160738,-0.2854936113000194,2025
-0.15946579321447815,-0.11197476563409127,-0.036396782587978266,-0.12736859293869718,-0.13788048026074307,-0.2734523518794447,2025
-0.15946579322870363,-0.11197476571107012,-0.03639678244200495,-0.12785281144703511,-0.14390315153206154,-0.29903882761285083,2025
-0.15946579307253142,-0.11197476567854027,-0.03639678206366046,-0.12617863697185916,-0.14971960334189865,-0.3237687561333444,2025
-0.15946579285965617,-0.11197476379411868,-0.03639678341818592,-0.11585893258473912,0.023911094328261436,-0.014558459847469741,2025
-0.22278327579487497,1.0336572695945563,0.06133510752890311,0.7961698371375185,1.3920326568168488,2.298183837019646,2025
-0.15946579309154102,-0.11197476541384377,-0.03639678253757636,-0.1260792095989337,-0.08635541666965987,-0.22343145447594218,2025
-0.15946579337000663,-0.11197476498291503,-0.036396782531486996,-0.12114582442971811,-0.11919137987352478,-0.25636678826655,2025
-0.15946579312032683,-0.11197476487227963,-0.03639678234807018,-0.12155264419258589,-0.12084692727876543,-0.1852634523365998,2025
-0.15946579284192844,-0.11197476538990798,-0.03639678355928983,-0.12740768930098964,-0.08780260280460449,-0.24295433334991226,2025
-0.15946579326418106,-0.11197476575578409,-0.03639678256658202,-0.12726517750348743,-0.12101240051604539,-0.26747868326295826,2025
-0.15946579239706957,-0.111974766045538,-0.03639678207368448,-0.13015045036319584,-0.08644611594505265,-0.15050408632437462,2025
-0.1594657930522456,-0.11197476555311693,-0.03639678270350003,-0.12623797043121046,-0.14012414850685484,-0.217877879985957,2025
-0.15946579358736604,-0.11197476579881839,-0.036396782617588205,-0.1290808873254725,-0.13600143245943183,-0.3748302629191099,2025
-0.15946579360997962,-0.1119747658051537,-0.036396782708647386,-0.12793058139342442,-0.12406999119781367,-0.39664635932114833,2025
-0.1594657926696086,-0.11197476568668824,-0.03639678239050291,-0.12548063906831466,0.048216037455278936,-0.22634677003364492,2025
-0.15946579319112217,-0.1119747657671029,-0.03639678268507204,-0.12575508675778418,-0.1460615821714816,-0.277500894981989,2025
-0.15946579301264965,-0.11197476571590148,-0.036396782243435025,-0.12862906591327508,-0.15198708936010433,-0.23726463869221004,2025
-0.1594657926910374,-0.11197476574644616,-0.03639678240222087,-0.12541297256910278,-0.1481183606356131,-0.11914297562804868,2025
-0.15946579325158758,-0.11197476574062777,-0.036396783017538056,-0.11966804926643965,0.1995998767136627,-0.16269022364506117,2025
-0.1594657932225081,-0.1119747656362378,-0.036396782578198235,-0.127360787697386,-0.12531680455350291,-0.2691326145751831,2025
-0.1594657930728769,-0.11197476570651133,-0.036396782651784865,-0.1269967871905443,-0.08184032984475004,-0.25976809723350897,2025
-0.1594657933447506,-0.11197476567354697,-0.03639678260731006,-0.12608908313483283,-0.06940346941262958,-0.27138877005573514,2025
-0.15946579341324962,-0.11197476572058655,-0.03639678273497845,-0.12636547114187466,-0.11279949852844948,-0.19934726458974825,2025
-0.1594657936556725,-0.11197476597788202,-0.036396782687420935,-0.1288050802167162,-0.1028753899278549,-0.413045775782158,2025
-0.15946579314974435,-0.11197476558406197,-0.036396782380215764,-0.12472356318182665,0.13863482820833378,-0.21412724296387828,2025
-0.159465793204469,-0.11197476574393854,-0.03639678273313773,-0.13012117538321324,-0.05199012797629679,-0.19017391907064765,2025
-0.15946579345154752,-0.11197476575937597,-0.03639678266715549,-0.1295607148740743,-0.06853545089536658,-0.3636322931106245,2025
-0.15946579339729586,-0.11197476585487312,-0.036396782605937344,-0.12868359687235026,-0.008923322362644402,-0.2798919868403783,2025
-0.15946579242592437,-0.11197476544019394,-0.03639678323166976,-0.12591931812355245,-0.09399171389473886,-0.08589816677667862,2025
-0.15946579352623397,-0.11197476519924433,-0.0363967824811005,-0.12368050907199406,0.02733655865815045,-0.31179345547887793,2025
-0.15946579285042678,-0.1119747660560032,-0.03639678180291951,-0.1299003767545035,-0.013612454493808362,-0.13504628562529,2025
-0.15946579306732978,-0.11197476531969532,-0.03639678291172358,-0.12702157686805593,-0.13628652735182004,-0.10402876618272143,2025
-0.15946579291564558,-0.11197476550840665,-0.03639678331411831,-0.12809509623716006,-0.09661112358406748,-0.04966654360497303,2025
-0.15946579340993863,-0.11197476576215021,-0.036396782825319975,-0.12446850488781498,-0.08628370045916298,-0.27989300166999237,2025
-0.15946579140879874,-0.11197476578676499,-0.03639678111375954,-0.12304513191749872,-0.08804457525241037,0.297169162605471,2025
-0.15946578984770135,-0.11197476560444053,-0.036396782506563745,-0.128979032743834,-0.1729467502534517,1.9960870881558614,2025
-0.15946578906517295,-0.11197476528613118,-0.036396782058785396,-0.12720667001623628,-0.15228245987610808,2.013550144819288,2025
-0.15946579014008094,-0.11197476573273829,-0.03639678210367476,-0.12896022683282435,-0.16787508548438118,1.812246428761252,2025
-0.15946578343191498,-0.11197476460274182,-0.03639678600716113,-0.12768545072160906,-0.16619229010569295,2.982661592148517,2025
-0.15946578989155474,-0.11197476543865278,-0.03639678230157526,-0.12848466274475157,-0.17955829779253477,1.96977867095957,2025
-0.1594657905802034,-0.11197476577514909,-0.03639678199191235,-0.12735296336994167,-0.16435844708821684,1.5524324849999658,2025
-0.15946578549209633,-0.11197476508597899,-0.036396783991747166,-0.13166976836149322,-0.15146752175812314,4.924717308694543,2025
-0.159465791210651,-0.11197476580530104,-0.03639678184724031,-0.1302914009071848,-0.16861885930957884,1.2148135518656236,2025
-0.1594657900344969,-0.11197476557277926,-0.03639678235012647,-0.12826984504327632,-0.13312111751051442,1.6444354194861701,2025
-0.15946579154153737,-0.11197476571635377,-0.036396782353624126,-0.1299299273609776,-0.16426853405944514,1.127762720146918,2025
-0.15946579281444417,-0.11197476483401315,-0.03639678281758315,-0.12427103709149355,0.33504886799447553,0.035255115561765665,2025
-0.1594657920020326,-0.11197476594684887,-0.03639678106034984,-0.12860360257675132,-0.11223739663539598,0.14314543908680608,2025
-0.15946578953672585,-0.11197476546850582,-0.03639678227250073,-0.12919516534662207,-0.11968976690314233,2.149530528324008,2025
-0.15946579202323494,-0.11197476577245301,-0.036396782545287734,-0.12733999290910458,-0.15665948925347442,0.14673542208726104,2025
-0.1594657818404694,-0.11197476488690668,-0.036396785127903376,-0.13149693062923656,-0.20587441115210808,7.770646123916123,2025
-0.15946579078696155,-0.11197476567278769,-0.0363967824127213,-0.12846589971406466,-0.0726522700087605,1.079026960406004,2025
-0.15946579044900802,-0.11197476459717574,-0.03639678244541837,-0.12775426133133316,0.21265882024046706,1.2520625708453441,2025
-0.15946579000849367,-0.11197476577553381,-0.036396782027543435,-0.12979031281983688,-0.09116860536191837,1.6572797750244272,2025
-0.15946579222969548,-0.11197476578636446,-0.03639678262142733,-0.12981375520850563,-0.08965500645110548,0.7772276300272078,2025
-0.1594657916334909,-0.11197476529934083,-0.03639678307866838,-0.12301883958226759,0.006502075360476103,0.708879834045844,2025
-0.15946578580699697,-0.11197476534814421,-0.03639678302114303,-0.13094712326588615,-0.18126384919578747,4.891120720635624,2025
-0.1594657932382514,-0.11197476432024368,-0.036396782938313915,-0.12885071419967367,-0.14993815053267,-0.2620303767728794,2025
-0.15946579352198867,-0.11197476542700448,-0.03639678280593018,-0.12856454183876925,-0.12087564936422962,-0.348034176463676,2025
-0.15946579292763158,-0.11197476570509249,-0.03639678294687574,-0.12685844106142105,0.05587803143412328,-0.16920308740928186,2025
-0.1594657934332405,-0.11197476583323743,-0.03639678291956059,-0.12877255201124918,-0.10924335618159854,-0.22364135326394216,2025
-0.15946579343451028,-0.11197476580528364,-0.036396782701249006,-0.12876716810108552,-0.14932474104494678,-0.21612454852804197,2025
-0.1594657935642164,-0.11197476460843649,-0.036396782629378,-0.12899937078909499,-0.15283245703056245,-0.3347974000823213,2025
-0.15946579351565127,-0.11197476460681052,-0.0363967826558679,-0.12590477763134825,-0.14879161048069633,-0.3100992508147857,2025
-0.15946579329359753,-0.11197476577657581,-0.03639678270494913,-0.12818467921060064,-0.14949930988315427,-0.16896184264591,2025
-0.15946579333727703,-0.11197476565288883,-0.03639678274679386,-0.12666869197985162,-0.13296675343644054,-0.3138550484761261,2025
-0.15946579362602842,-0.11197476591528956,-0.036396782557756406,-0.12648892251910138,-0.03718833959315384,-0.4308229063758581,2025
-0.15946579338673278,-0.11197476572449676,-0.03639678267171119,-0.12836597795546525,-0.14707933788121916,-0.1695913604609998,2025
-0.15946579250070042,-0.11197476473331905,-0.036396782930732736,-0.1239944957069687,-0.1203571265749226,0.14985485702851373,2025
-0.15946579288962506,-0.11197476525091439,-0.036396783408473396,-0.1270677035669335,-0.030343958461762188,-0.2879974645525781,2025
-0.1594657934611518,-0.11197476549439629,-0.03639678274958587,-0.1267758745218907,-0.14197525147472542,-0.32786392580495355,2025
-0.15946579295381558,-0.11197476547468366,-0.03639678328632307,-0.11923545688582209,-0.07850196922363412,-0.24553784393825598,2025
-0.1594657929958292,-0.11197476553898823,-0.036396782555098935,-0.1282554383479162,-0.14615963328565276,-0.1999516219888695,2025
-0.15946579350810297,-0.1119747657498771,-0.036396782623515145,-0.12466022215156992,-0.06490278018927276,-0.32064367068462774,2025
-0.15946579314486883,-0.11197476563589132,-0.03639678290796801,-0.12854209851518952,0.020492786687645717,-0.3179681388168522,2025
-0.15946579262775765,-0.111974765367811,-0.036396782435312816,-0.1281072735298653,-0.0917467435995152,0.12652148392663828,2025
-0.15946579285015056,-0.11197476570600012,-0.036396782264168724,-0.12803465193415364,-0.13594949708784693,-0.2192688501305284,2025
-0.15946579301403105,-0.11197476558387495,-0.03639678230210267,-0.1221199075721253,-0.1352939250474481,-0.2525449389879903,2025
-0.15946579232877095,-0.11197476544882545,-0.03639678315814523,-0.12650471951042655,-0.11695791733695612,-0.16486781066066877,2025
-0.15946579209028106,-0.11197476585414926,-0.03639678123834445,-0.1293933207086467,-0.15387148541418266,0.02261706967073647,2025
-0.15946579332917454,-0.11197476591490722,-0.03639678225664994,-0.12914267509486033,-0.037677181944309794,-0.337374681975244,2025
-0.15946579292367363,-0.11197476503739373,-0.036396782800403774,-0.12426922245993283,-0.1289927384793302,-0.04751270876169678,2025
-0.15946579338230493,-0.11197476600906743,-0.03639678256583306,-0.12825761765374624,-0.12794800235922246,-0.3037407120099724,2025
-0.1594657931116263,-0.11197476574621698,-0.0363967826518105,-0.1277877088436885,-0.14784750935813532,-0.21434825540349722,2025
-0.15946579336777686,-0.1119747658222094,-0.036396782481465426,-0.1266919424092782,-0.14569270957267763,-0.2997155411178494,2025
-0.1594657930789918,-0.11197476588913423,-0.03639678200722742,-0.12872360246129347,-0.15328892488018275,-0.33174616212887137,2025
-0.1594657932247386,-0.1119747654719699,-0.03639678216943617,-0.12577346181813287,-0.07934953945625216,-0.35423614260457026,2025
-0.15946579321105997,-0.11197476564673986,-0.03639678227914514,-0.12815168645173733,-0.13261744403905815,-0.2480059630549253,2025
-0.15946579333768165,-0.11197476559652664,-0.03639678262828324,-0.12794167721677752,-0.14159369418896942,-0.29577863070265903,2025
-0.15946579336615183,-0.11197476577825359,-0.0363967825664349,-0.12186671524785248,-0.13818144874712857,-0.3620644982967513,2025
-0.15946579345194534,-0.11197476595817714,-0.03639678235109648,-0.12597178288207136,0.06874712396709023,-0.40135393846555084,2025
-0.15946579341306782,-0.11197476573703152,-0.036396782904045695,-0.11946929590959537,-0.13465915285204672,-0.353554894759161,2025
-0.15946579315916243,-0.11197476580481674,-0.03639678254552902,-0.12524373221508178,-0.15079268081860106,-0.2332450721692853,2025
-0.15946579348656156,-0.11197476580486188,-0.03639678278455569,-0.12357462999403261,-0.1507468207209093,-0.3057866075833029,2025
-0.15946579331674146,-0.1119747657568857,-0.03639678266498061,-0.12400651526643845,-0.14326781229992233,-0.29032462641221474,2025
-0.1594657940070445,-0.11197476021133398,-0.03639678247947683,-0.12684473455948056,-0.1592527690462491,-0.24424364794220652,2025
-0.15946579355744583,-0.1119747640951049,-0.03639678251111403,-0.12862320864524435,-0.14550160306853635,-0.31917118967239383,2025
-0.1594657937243402,-0.11197476581676191,-0.03639678281075425,-0.1276164569975264,-0.10022829587975084,-0.200027407644407,2025
-0.15946579235325742,-0.111974765822825,-0.03639678175146796,-0.12829537933754104,-0.14857688144862022,-0.008816774949981626,2025
-0.15946579325671512,-0.1119747651811591,-0.03639678262701679,-0.12750252917822738,-0.14114161266643388,-0.2818723544463202,2025
-0.15946579346190146,-0.11197476567138384,-0.03639678275442912,-0.12837472464930905,-0.14311191234979623,-0.3105996773220985,2025
-0.1594657932658969,-0.11197476570417642,-0.03639678240882758,-0.1284493968056714,-0.15585335355545893,-0.20236035508863043,2025
-0.15946579352127713,-0.11197476581002362,-0.03639678268236126,-0.12855611131603292,-0.13094824299630023,-0.3273598236616557,2025
-0.15946579359958477,-0.11197476462987425,-0.03639678261274606,-0.12862499345148037,-0.1024066711675778,-0.3926753135450688,2025
-0.15946579340955638,-0.11197476582861973,-0.036396782669262995,-0.12771944163895452,-0.1544598714147766,-0.30997943647386333,2025
-0.15946579345672018,-0.11197476581643626,-0.036396782613621274,-0.12796258206691047,-0.15269643783798956,-0.3082028148231545,2025
-0.1594657931566385,-0.11197476547746878,-0.0363967820128134,-0.12882003314829396,-0.08781099896171028,-0.35846916548289603,2025
-0.15946579231709695,-0.11197476550879482,-0.03639678129783148,-0.12890594701942518,-0.15880826361816314,-0.09330479228664437,2025
-0.15946579351277365,-0.11197476591842433,-0.03639678239732832,-0.12245792963587487,-0.14114199546867312,-0.4102477704411829,2025
-0.1594657937196644,-0.1119747657659727,-0.036396782762811684,-0.12589938439482795,-0.14052391406419373,-0.38012520441055453,2025
-0.15946579340947445,-0.11197476572029093,-0.03639678234813435,-0.12365502100229565,-0.15924346184811902,-0.36556882531304424,2025
-0.1594657930577672,-0.1119747657817909,-0.036396782540626206,-0.12769039445801847,-0.1540140331760446,-0.3324394640164819,2025
-0.15946579250574922,-0.11197476598673056,-0.03639678135789961,-0.129196757737405,-0.14469116802484944,-0.20444325339538566,2025
-0.15946579359958477,-0.11197476462987425,-0.03639678261274606,-0.12862499345148037,-0.1024066711675778,-0.3926753135450688,2025
-0.15946579374554287,-0.11197476579174732,-0.036396782767685196,-0.12623424691845017,-0.14283710134400904,-0.38438915358511905,2025
-0.15946579341240705,-0.11197476588081196,-0.03639678239265225,-0.12965105357541365,-0.13084566220048777,-0.41019200314918236,2025
-0.15946579342325443,-0.111974765720968,-0.03639678258963537,-0.12817165902233874,-0.14303062608832298,-0.30931912991470023,2025
-0.159465793900229,-0.11197476432477778,-0.03639678287233186,0.0005407504855330212,-0.15312935410517028,-0.29000739148878196,2025
-0.1594657935976395,-0.11197476572173139,-0.036396782756746224,0.02714559962870554,-0.10336709975820658,-0.19943286202113972,2025
-0.15946579237969233,-0.11197476531419497,-0.03639678180306312,-0.1261166419529651,-0.14312511613653098,0.06704717918984729,2025
-0.15946579243510686,-0.11197476545295919,-0.036396782217681126,-0.12631246551225928,-0.03910234664848348,-0.11612567314490985,2025
-0.15946579308985903,-0.11197476566980295,-0.036396782358817374,-0.1264685656180889,-0.0865575644565323,-0.23571534469455063,2025
-0.159465791102747,-0.11197476532287233,-0.03639678242372291,-0.11340430379689834,-0.09475091429888549,0.8481355348799707,2025
-0.15946579159784993,-0.1119747656933922,-0.036396782431304044,-0.12352492968457564,-0.14213051557140985,0.09151743071012602,2025
-0.15946579312770418,-0.11197476493605964,-0.03639678265610883,-0.12134484486914285,-0.14331526843561296,0.21842222851086646,2025
-0.15946579341176548,-0.1119747658832454,-0.036396782666588266,-0.12014993071424927,-0.15604533758043984,-0.2562584152763987,2025
-0.15946579275940057,-0.11197476587240378,-0.036396781528886125,-0.12851409687820553,-0.13326353036399802,-0.11354153763869955,2025
-0.15946579198777552,-0.11197476541458411,-0.03639678260648768,-0.12742961299555491,-0.14361027123498304,-0.09977268079298468,2025
-0.15946579322004978,-0.11197476562986036,-0.03639678257594166,-0.12734322622292418,-0.14121756006162128,-0.2469565971323516,2025
-0.15946579308325218,-0.11197476572788126,-0.03639678273562038,-0.12751109416951112,-0.1478125561378514,-0.07130440129196258,2025
-0.1594657926135716,-0.11197476452971783,-0.036396783337982096,-0.1229965524776311,0.39704822681534074,0.19916112140516914,2025
-0.15946579313820985,-0.11197476586041423,-0.036396782775524,-0.12568771177178303,-0.155172391384022,-0.18168926100881283,2025
-0.15946579261352659,-0.11197476525212267,-0.036396782774674126,-0.12019524170535242,-0.07746464827425935,-0.17095307747522814,2025
-0.15946579325845103,-0.1119747659403591,-0.03639678258271859,-0.12481324062182622,-0.0443197576540675,-0.24229519731150573,2025
-0.15946579271676548,-0.11197476575081652,-0.036396783121313385,-0.12775834802082145,-0.15373285230494038,0.258751047889845,2025
-0.15946579320818555,-0.11197476585810605,-0.03639678247079905,-0.12816999401944207,-0.07331311251324166,-0.15344344096885287,2025
-0.15946579334166702,-0.11197476543525736,-0.036396783109733176,-0.1252682367826739,-0.06318382440080503,-0.18441053928678292,2025
-0.15946579372516806,-0.11197476553081165,-0.036396782705432305,-0.13003391619329827,0.00428561267625864,-0.3601759219189715,2025
-0.1594657927875759,-0.11197476497312281,-0.03639678272481617,-0.12523472774532463,-0.1513747236459684,-0.09417130853676818,2025
-0.15946579347349654,-0.11197476558705499,-0.0363967827590646,-0.12191182179960916,-0.15548371282844528,-0.2187117865122412,2025
-0.15946579245208264,-0.11197476540603342,-0.03639678209209552,-0.12763048205731364,-0.0761115802939142,-0.16648113323885022,2025
-0.15946579248735857,-0.11197476576677172,-0.03639678190313073,-0.1278769904170814,-0.1477356719750011,-0.29807687052531484,2025
-0.15946579158878516,-0.11197476569588136,-0.03639678088024993,-0.1284053714547066,-0.03638931352670473,0.18507362421110551,2025
-0.15946579332515037,-0.11197476569954198,-0.036396782689756754,-0.12763809060135833,-0.14378574866382718,-0.2275756102440408,2025
-0.15946579338239872,-0.11197476518470184,-0.03639678256975697,-0.12206500454785424,0.02054711123615531,-0.1451217652903896,2025
-0.1594657934046928,-0.11197476579799293,-0.036396782434228316,-0.12975023752066317,-0.0121114220775781,-0.35131459729626796,2025
-0.15946579303358976,-0.11197476567383649,-0.03639678179060295,-0.12946714201379178,-0.03023672798555516,-0.2994134758555956,2025
-0.15946579247113657,-0.11197476521596965,-0.036396783042399516,-0.12443796111518575,-0.03125023588496666,0.08298167805125659,2025
-0.15946579291660948,-0.11197476563714892,-0.036396782839908944,-0.12887103199265165,-0.14720962972325374,-0.31884919953277563,2025
-0.1594657931435162,-0.11197476551778625,-0.036396783032920973,-0.12411986016404937,-0.13705919206782924,-0.268127762846209,2025
-0.15946579299162947,-0.11197476562572112,-0.03639678304243416,-0.12814805077294536,-0.12304752226204778,-0.24846066409727197,2025
-0.15946579337467523,-0.11197476512054429,-0.03639678274006509,-0.11983136129984576,-0.006519551803900325,-0.3860061193428837,2025
-0.15946579338362363,-0.11197476483784186,-0.03639678292849726,-0.12427878827630838,-0.1485688643737912,-0.32387577074425056,2025
-0.15946579300112865,-0.11197476538420778,-0.036396782860313885,-0.1279663389375929,-0.13600033588720084,-0.28127600141056075,2025
-0.15946579319611984,-0.11197476564177054,-0.036396783081584935,-0.12488233711519192,-0.1373221700764219,-0.2980052994587409,2025
-0.15946579289780727,-0.11197476586716676,-0.036396782865164935,-0.12900180497194239,0.12234899999280321,-0.24552860738611734,2025
-0.15946579285086773,-0.1119747658048422,-0.03639678248792783,-0.12900988782402265,-0.15321130073517306,-0.18864081691577242,2025
-0.1594657913340953,-0.11197476575291147,-0.0363967817616917,-0.12837647290228232,-0.15285326380585254,0.1055443620149573,2025
-0.15946579256990667,-0.11197476564108025,-0.036396782403542056,-0.1248717537096585,-0.12125979565448414,-0.19777400463797323,2025
-0.15946579320935383,-0.11197476565649696,-0.03639678309167064,-0.12549834592572534,-0.06583840110941243,-0.4003004540424896,2025
-0.15946579291499835,-0.11197476502370486,-0.0363967825847655,-0.12703976972738387,-0.11809615141605131,-0.14260301582239027,2025
-0.15946579276645162,-0.11197476570917358,-0.03639678243724872,-0.12818274916194988,-0.11455400394219668,-0.008391304688308785,2025
-0.15946579261758465,-0.11197476553547546,-0.03639678209084554,-0.1281676486891425,-0.14517848214158344,-0.19874295746570028,2025
-0.15946579356573107,-0.11197476587244692,-0.03639678252544438,-0.129690929282233,-0.06842377321700138,-0.3905670986860047,2025
