project_name,project_type,place_names,district,years_mentioned,n_years,n_mentions,drivers_mentioned,representative_sentence,min_confidence_across_mentions
Isimba Hydropower Project (Isimba HPP),power_generation,Isimba,Kayunga,2018;2019;2023;2025,4,4,claims_and_disputes;governance_and_controls;land_and_right_of_way,"Uganda Embassy in  Ethiopia,  Addis  Ababa  Agro- industrialization  Development  plan  implementation  Governance  and  security  Unqualified  i)  Preparation and finalization of the designs, bid documents, inception report,  Comprehensive plan, feasibility planning report and the preliminary design  report for the construction of Chancery and Official Residence were not  concluded within the six months.",high
"UPDF National Referral Hospital, Lower Mbuya",hospital_health,Lower Mbuya,Kampala,2022;2023;2024,3,4,delay_time_overrun;procurement_irregularities,I also noted that the  project had not embarked on the procurement/ engagement process of the Capacity-Building Partners (CBPs)    I noted that the project had outstanding commitments to the tune of UGX.,high
Busega-Mpigi Expressway,road,Busega;Mpigi,,2018;2024,2,3,delay_time_overrun;delayed_payments;governance_and_controls,"Civil Aviation Authority (for  the year ended 30th June  2016)    Entebbe International Airport -Expansion Project  Management   Inconsistencies in the operationalization of the  requirements of the agreements signed   Absence of evidence of involvement of an  independent consultant and verification report during  the year ended 30 June 2016   Need for a technical and final audit of the project    Management of Trade and Other Payables and Supplier  Relationships    Recovery of Receivables from Government Entities   Nakasongola Project Funding-Ugx 23 Billion   Non-existence of recovery plan for Government debts    Compliance with safety regulations requirements - ICAO  Safety Report    Corporate Governance (failure to assess likelihood of fraud  or its consequences, absence of whistle blowing policy and  no fraud Tracker)  123.",high
Entebbe International Airport Upgrading and Expansion Project,airport,Entebbe,Wakiso,2018;2019,2,3,delayed_payments;governance_and_controls;procurement_irregularities,"Uganda Road Fund    Undisclosed non-produced assets worth UGX.1,510,000,000    Mischarge of expenditure – UGX.418,598,288    Reporting Inconsistencies    Governance Issues   Unsigned board minutes        206     Non consideration of internal audit reports by the  board    Unrecovered PAYE amounting to UGX.55,602,000    Emergency road funds   Unverified emergency sites   Inadequate emergency intervention fund    Failure to apply the allocation formula for road maintenance  funds  122.",high
Kanara Water Supply System (Phase II & III),water_supply,Kanara,Kitagwenda,2023,1,3,claims_and_disputes;procurement_irregularities,"Below is a summary  of the key findings as per the specific audit objectives;    a)  To determine whether Projects were included in the District plans    I established that the construction of Kanara water supply system phase III was included  in the district annual procurement work plan for the FY 2020/21, however, I could not  determine whether the construction of Kanara water supply system phase II was included  in the procurement plan for the FY 19/20 as I was not availed the plan.",high
Karuma Hydropower Project,power_generation,Karuma,Kiryandongo,2019;2024,2,3,governance_and_controls;land_and_right_of_way,"Uganda High  Commission in South  Africa, Pretoria  Agro-industrialization  Community  mobilization and  mindset change  Governance and  security  Manufacturing  Tourism  development  Unqualified  i)  I noted that the Official Residence had taken long without being  renovated and over the period, the extreme weather conditions  (winters and summers) have had negative effects on the condition  of the building.",high
Kikazi Street-Ntara Circular Road,road,Kikazi;Ntara,Kitagwenda,2023,1,3,delay_time_overrun;procurement_irregularities,"Below is a summary  of the key findings as per the specific audit objectives;    a)  To determine whether Projects were included in the District plans    I established that the construction of Kanara water supply system phase III was included  in the district annual procurement work plan for the FY 2020/21, however, I could not  determine whether the construction of Kanara water supply system phase II was included  in the procurement plan for the FY 19/20 as I was not availed the plan.",high
Kiruddu National Referral Hospital,hospital_health,Kiruddu,Kampala,2022;2024;2025,3,3,claims_and_disputes;delayed_payments;procurement_irregularities,"Kiruddu National Referral  Hospital  Human Capital  Development  Unqualified  i)  Whereas the entity reported to have undertaken market assessments for five (5)  procurements worth UGX.1.67Bn, there were no market price assessment  reports to support this.",high
Mbarara-Nkenda Transmission Line,power_transmission,Mbarara;Nkenda,,2018;2019,2,3,claims_and_disputes;land_and_right_of_way,"10  Hoima Nkenda transmission line  Delays in land titling  11  Mbarara Nkenda transmission  line  Delays in land transfer and titling        84    12  Uganda National Oil Company  Lack of Title for assets transferred to the Company  13  Uganda Posts Limited  Lack of Land Titles for UPL Land - Plot 40 Margarita  Road, Kasese; Plot 18-20 Gogonyo Road, Pallisa; Plot  76 Mawokota Block 92, Mpigi; Plot 6-10 Birch Avenue,  Masaka; Plot 2-6 Mutekanga Road, Kamuli; Plot 1-11  Nsambya Road, Kampala  14  Law Development Centre  • Untitled Land on plots 34, 89, 155, 159, 166, 170,  221, 222, 245, 450, 451, 464, 465, 466, 482, 481,  508-510, 613-615  • Untitled Land in Kyadodndo and Bukoto  15  Uganda Human Rights  Commission  Inadequate management of land assets  16  Parliamentary Commission  Absence of land titles for 3 plots; 16-18 on Parliament  Avenue  17  National Library of Uganda  Forfeiture of land/Loss of land  18  NEC Head Quarter  Undeveloped Plot in Namanve Industrial Park  19  NEC Farm Katonga  Un-surveyed Land/untitled land blocks 274,378 and  386  20  National Water & Sewerage  Corporation  Absence of land titles for assets taken over  21  National Forestry Authority  • Over 2m Hectares of Forest cover lost in last 10yrs   Loss of land in Buhungiro Central Forest Reserve in  Kyegegwa District  • Encroachment on Namanve Central Forest Reserve  22  Uganda National Road Authority    Delayed return of residual Titles to Project Affected  Persons (PAPs)  23  Uganda Railway Corporation    Un-titled land of over 362 sq meters at Nalukolongo  leading to encroachment of some plots    I advised Management of the affected entities to process land titles and institute measures  to recover land from the encroachers.",high
Mulago National Referral Hospital,hospital_health,Kampala (Mulago),Kampala,2018;2022;2025,3,3,claims_and_disputes;delayed_payments;procurement_irregularities,"Butabika Mental National referral  hospital    Under collection of NTR (AIA) (UGX.381,300,537)    Unspent releases (UGX.482,532,497)    Irregular Procurement of the Supervision team for Construction  works    Protocol for approval of variations not followed    Absence of measurement sheets for certified works    Release of retention monies before issuance of a certificate of  substantial completion (UGX 100,358,206)    Quality of construction works not tested    Use of different rates for similar items in variations    Omission of as-built drawings in the contract    Liquidated damages of UGX 87,683,718 not charged    Overpayment of UGX 81,267,400 due to discrepancies in  certified quantities measured  141.",high
New Parliamentary Chambers,other_building,Kampala,Kampala,2024;2025,2,3,delay_time_overrun;governance_and_controls,"South-Western  Cluster Water and  Sanitation  Project  (NWSC) for the year  ended  30th  June  Natural Resources,  Environment,  Climate  Change,  Water  and  Land  Management  Unqualified  There were no reportable issues    474  Entity Name  Programme  Name  Opinion    Summary of Key Findings  I noted that;  2025  State House  Governance  and  security  Innovation,  technology  development  and  transfer  Unqualified  i)  Included in the total expenditure of UGX.1,058.67Tn is expenditure worth  UGX.683.4Bn, which relates to classified expenditure.",high
Soroti Regional Referral Hospital,hospital_health,Soroti,Soroti,2018;2024,2,3,contract_management;delayed_payments;land_and_right_of_way,Hoima Regional Referral Hospital    Domestic Arrears    Inadequate medical equipment        176      Expired Drugs    Ineligible occupants in staff houses    Un-habitable houses    Irregularities in Prior year force account works    Collection of NTR on collection bank accounts    Utilisation of revenue at source    Staffing gaps  130.,high
Standard Gauge Railway (SGR) Project,other,,,2018;2023,2,3,governance_and_controls;land_and_right_of_way,There is need for Government to fund research activities in line with the provisions of the  International Museum Standards a view of benefiting from global dynamic research  activities    3.3.6 Works Sector    Expiry of Standard Gauge Railway Board (SGR)  It was noted that all the Board members’ terms expired in November 2017 and have  not been renewed or replaced contrary to Section 4.4 of the SGR Project Governance  Manual which requires members of the Board to hold office for a period of 2 years  renewable at the discretion of the Minister of Works and Transport.,medium
Tororo-Gulu Railway Line Rehabilitation,other,Tororo;Gulu,,2024;2025,2,3,contract_management;delayed_payments;governance_and_controls,"xix) Major delayed projects included Kayunga–Nabuganyi and Nansana–Kireka–Bira  roads, Kafunta–Buwampa road, Kabaale International Airport, and the New  Kampala Port at Bukasa, mainly due to delayed payments, design changes,  scope changes, funding gaps, and weak contract management.",high
Butabika National Referral Mental Hospital,hospital_health,Butabika,Kampala,2018;2023,2,2,contract_management,"16,580,982    Understaffing at the Hospital    Outdated Staff Establishment Structure    Grounded Motor Vehicles    Lack of a Technical Person on the Evaluation Committee  (Irregularities in supply of station wagon)    Irregular award of Contract (Irregularities in supply of station  wagon)     Irregular  Composition  of  the  Evaluation  Committee  (Irregularities in the Contract for Construction of a Seven  Storey Staff House)    Irregular Contingencies in the Contract Sum (Irregularities in  the Contract for Construction of a Seven Storey Staff House )    Irregular Arithmetic Correction of the BoQS (Irregularities in  the Contract for Construction of a Seven Storey Staff House)    Irregular Award of a Contract for Consultancy in Supervision    Expired Period of the Hospital Board    Non-functional Medical Equipment  135.",high
East African Crude Oil Pipeline (EACOP) Project,other,,,2022;2024,2,2,governance_and_controls;procurement_irregularities,"Recommendations    •  I advised the Accounting Officer of PAU to enhance regulatory oversight to ensure  timely and cost-efficient completion of all critical projects, including the drilling  operations, oil extraction facilities, the EACOP, and the supporting infrastructure  managed by other government institutions.",medium
Hoima-Nkenda Transmission Line,power_transmission,Hoima;Nkenda,,2018;2019,2,2,delayed_payments;land_and_right_of_way,"10  Hoima Nkenda transmission line  Delays in land titling  11  Mbarara Nkenda transmission  line  Delays in land transfer and titling        84    12  Uganda National Oil Company  Lack of Title for assets transferred to the Company  13  Uganda Posts Limited  Lack of Land Titles for UPL Land - Plot 40 Margarita  Road, Kasese; Plot 18-20 Gogonyo Road, Pallisa; Plot  76 Mawokota Block 92, Mpigi; Plot 6-10 Birch Avenue,  Masaka; Plot 2-6 Mutekanga Road, Kamuli; Plot 1-11  Nsambya Road, Kampala  14  Law Development Centre  • Untitled Land on plots 34, 89, 155, 159, 166, 170,  221, 222, 245, 450, 451, 464, 465, 466, 482, 481,  508-510, 613-615  • Untitled Land in Kyadodndo and Bukoto  15  Uganda Human Rights  Commission  Inadequate management of land assets  16  Parliamentary Commission  Absence of land titles for 3 plots; 16-18 on Parliament  Avenue  17  National Library of Uganda  Forfeiture of land/Loss of land  18  NEC Head Quarter  Undeveloped Plot in Namanve Industrial Park  19  NEC Farm Katonga  Un-surveyed Land/untitled land blocks 274,378 and  386  20  National Water & Sewerage  Corporation  Absence of land titles for assets taken over  21  National Forestry Authority  • Over 2m Hectares of Forest cover lost in last 10yrs   Loss of land in Buhungiro Central Forest Reserve in  Kyegegwa District  • Encroachment on Namanve Central Forest Reserve  22  Uganda National Road Authority    Delayed return of residual Titles to Project Affected  Persons (PAPs)  23  Uganda Railway Corporation    Un-titled land of over 362 sq meters at Nalukolongo  leading to encroachment of some plots    I advised Management of the affected entities to process land titles and institute measures  to recover land from the encroachers.",high
Kabalega Industrial Park 240MW Substation,power_transmission,Kabalega Industrial Park,Hoima,2023;2024,2,2,delay_time_overrun;land_and_right_of_way,"This affected construction of 3 strategic bulk markets, 100        479      2000000947 and  ASAP Grant  No.2000000324 for  9-month period  ended 31st March  2024  demonstration water harvesting infrastructure and recruitment of 7  weather station workers  iii)  The maintenance of completed 1,138 Kms of community access  roads and 2 markets was not effectively undertaken by the districts  due to failure by management to put in place effective sustainability  measures  iv)  Inspection of Ayerolwango - Aswa River Community Road revealed  that although the project had spent UGX.0.799Bn, the works had  stalled due to the rocks in the basement, which were not envisioned  v)  Three projects namely; the bridge at St.",high
Kafunta-Buwampa Road (9.5km),road,Kafunta;Buwampa,,2023;2025,2,2,contract_management;delay_time_overrun,"  There was delayed completion of; Construction of a Ferry Landing Site at Gerenge  in Katabi Town Council, Civil Works for Upgrading of Shimon Roads (3.178km) and  Civil Works for the upgrading of Kiwogoloma-Kitukutwe-Kijabijjo road (4.5km) and  Bulindo-Nsansa-Namugongo road (4.56km), Ssezibwa (Bulandi –Gyira) Swamp  Crossing Between Kayunga and Nakasogola Districts as well as civil Works for  Upgrading of Kafunta-Buwampa Road (9.5KM).",high
Kampala Sanitation Program (KSP),water_supply,Kampala,Kampala,2018,1,2,claims_and_disputes;delay_time_overrun,"of cases  outstanding  Estimated legal  cost-UGX  Remark  1  National  Agricultural  Advisory Services- NAADS  15  18,000,000,000 Estimated  costs  for  outstanding court cases  2  Kampala Sanitation  Program (KSP) -  National Water  1  1,395,856,789 Impending Legal Suits  on  Disputed  Compensation  Offers/claims  3  Kampala Capital  City Authority  N/A  39,818,479,736 For existing and potential  legal claims  4  National Social  Security Fund  (NSSF)  1  42,200,000,000 Tax dispute with URA  5  Uganda National  Roads Authority  N/a  430,013,722,276 Contingent Liabilities    Total    531,428,058,801    Their eventual determination and/or payment could negatively affect the cash flows and  ability of the concerned entities to continue as going concerns.",medium
Kampala Storage Terminal,other_building,Kampala,Kampala,2022,1,2,land_and_right_of_way;procurement_irregularities,"81,480,000,000 had encumbrances in the form of land  disputes, court injunctions and encroachment    I noted that the University did not have adequate infrastructure to accommodate the students under these specific  courses.",high
Kampala-Jinja Expressway Project,road,Kampala;Jinja,,2023;2024,2,2,land_and_right_of_way;procurement_irregularities,"  I assessed the conditions of police infrastructure and noted the following  observations; Dilapidated structures, Asbestos roofs, Self-help housing, Private  institutions on police land and encroachment on police land.",high
Kawempe National Referral Hospital (KNRH),hospital_health,Kawempe,Kampala,2024;2025,2,2,delayed_payments;procurement_irregularities,Soroti Regional  Referral Hospital  Human capital  development  Unqualified  i)  The hospital had accumulated domestic arrears worth UGX.,high
Kayunga Hospital Rehabilitation Project,hospital_health,Kayunga,Kayunga,2019,1,2,contract_management,"Key audit findings resulting from the engineering audit and corresponding recommendations  resulting from the engineering audit for the Kayunga and Yumbe Hospital rehabilitation  projects are presented below, detailed findings, quality results, quantity verification and  pictures of defective works are presented in a separate report which has been issued on  infrastructure component.",high
Mandela National Stadium (Namboole),stadium,Namboole,Wakiso,2018;2019,2,2,delay_time_overrun;land_and_right_of_way,Field inspection  revealed improper drainage especially at points that required installation of culverts and one  contract had expired with incomplete works while there were no signposts warning roader  users from using the bridge.,medium
Mukono-Malaba Railway Section Rehabilitation,other,Mukono;Malaba,,2024,1,2,delayed_payments;governance_and_controls,"4)  Delayed Payments of Contractor’s Interim Payment Certificates    Delays in payments to contractors, ranging from 5 to 406 days, were noted for the  Mukono-Malaba railway section and Tororo-Gulu line projects.",high
Naguru National Referral Hospital (350-Bed Redevelopment),hospital_health,Naguru,Kampala,2025,1,2,delayed_payments;procurement_irregularities,Naguru  National  Referral Hospital  Human  Capital  Development  Unqualified  i)  The Hospital had outstanding arrears amounting to UGX.434.418Bn out of  which UGX.415.486Bn (96%) arose during the year under review.,medium
Nalubaale-Kiira Hydropower Plants Rehabilitation,power_generation,Nalubaale;Kiira,Jinja,2022;2025,2,2,contract_management;procurement_irregularities,"These  activities include construction under the EACOP Project, the Refinery Project, Kabaale Industrial Park, construction  of the oil Jetty and Pipeline at JST, as well as undertaking the Engineering Procurement and Construction activities  at the Kampala Storage Terminal.",high
Nansana-Kireka-Biira Road,road,Nansana;Kireka;Biira,Wakiso,2018;2025,2,2,contract_management;delayed_payments,"Wakiso DLG     Performance of Youth Livelihood Programme   Implementation of the Uganda Road Funds   Delayed Works on Nansana-Kireka-Biira Road (1km)   Outstanding Commitments   Outstanding Salary Arrears of UGX.61,419,581   Pension Arrears   Shortfall in Government Releases   Unspent/Un-Utilized conditional Grant   Pensioners not on the Payroll   Unrealized Royalties fr Ministry of Energy   Failure to meet minimum standards at Wakiso Health Centre IV   Entebbe Hospital - Outstanding utility bills   Audit of UPE Schools Capitation Grant   Mismanagement of UPE Funds at Kyengeza Muslim P/S   Insufficient Infrastructure in UPE Schools   Management of Procurement   Failure to prepare Evaluation tools   Irregularities in the procurement for the Rehabilitation of Boreholes        247     Lack of signed contracts   Management and Utilisation of Natural Resources   Lack of a land Register   Lack of a lease Register   Management of Road Equipment   Lack of Road safety Equipment   Non-functioning Road equipment   Inadequate mechanical imprest   Lack of Physical Planning Committee   Entebbe Hospital   Existence and Status of Medical equipment   Essential Medicines and Health supplies Stock Outs  65.",high
New Kampala Port at Bukasa,other_building,Bukasa,Kampala,2025,1,2,contract_management;delayed_payments,"xxiii)  Weak controls were noted in safeguarding non-current assets, including  thirty-nine (39) Government vehicles used for road supervision that still had  private number plates and were not recorded in the fixed assets register.",high
Njeru Government Stock Farm,other_building,Njeru,Buikwe,2018;2025,2,2,claims_and_disputes;governance_and_controls,444  Entity Name  Programme  Name  Opinion    Summary of Key Findings  I noted that;    National Enterprises  Corporation (NEC) -  Construction Works  and Engineering Ltd  Governance  and  Security  Unqualified  i)  NEC Construction Works and Engineering Limited closed the financial year with a  receivables balance of UGX.23.5Bn compared to UGX.20.36Bn of the previous  financial year 2023/2024.,medium
Oil Jetty and Pipeline at JST,other,Jinja,Jinja,2022;2025,2,2,delayed_payments;procurement_irregularities,"Deposit  Protection  Fund  Monetary  Policy  and  Financial  Stability  Unqualified  There were no reportable issues  National Water and  Sewerage  Cooperation  (NWSC)  Natural Resources,  Environment,  Climate  Change,  Water  and  Land  Management  Unqualified  There were no reportable issues  National  Women  Council  Human  Capital  Development  Unqualified  Domestic arrears increased from UGX.14.54Mn in prior year to UGX.168.42Mn in  current year an increase of (1,058%).",medium
Tororo-Lira Transmission Line,power_transmission,Tororo;Lira,,2018;2019,2,2,claims_and_disputes;land_and_right_of_way,"Electricity Regulatory  Authority    Nugatory Expenditure UGX 108,389,948    Underperformance in prepayment Meter conversion targets  of UMEME    Absence of a methodology for verifying costs    High energy losses in the service territories    Non-compliances to Quality of Standards by UMEME  11.",high
UWEC Floating Restaurant (Pier),other_building,Entebbe,Wakiso,2018;2019,2,2,contract_management;procurement_irregularities,"Uganda Development  Corporation    Uncertainty of viability in investments of;    Lake Victoria Glass Works Limited UGX.215,219,000,    Atiak Sugar Factory-Horyal Investments Holding Company  Ltd (HIHC) UGX.19,811,808,120    Non transfer of shares to Ministry of Science, Technology  and Innovations by UDC    Luwero Fruit factory Land not titled and valued    Limited progress on the development of the fruit factory    Delayed commencement of the fruit processing Plant    Investment of funds in Isingiro Fruit Factory without a  memorandum of understanding    Failure to takeover Embassy House    Failure to take over Government interest in Munyonyo  Commonwealth Resort Limited    Delays in transferring the supervision role of Phenix Logistics  (Uganda) Limited to UDC  104.",medium
Yumbe Hospital Rehabilitation Project,hospital_health,Yumbe,Yumbe,2019,1,2,contract_management,"Key audit findings resulting from the engineering audit and corresponding recommendations  resulting from the engineering audit for the Kayunga and Yumbe Hospital rehabilitation  projects are presented below, detailed findings, quality results, quantity verification and  pictures of defective works are presented in a separate report which has been issued on  infrastructure component.",high
Abok Seed School Construction,school,Abok,Oyam,2018,1,1,contract_management,Oyam DLG    Performance of Youth Livelihood Programme    Funding of the Programme    Non-compliance with the repayment schedule    Transfer of recovered funds to the recovery account in BOU        236      Inspection of Performance of Youth projects    Implementation of the Uganda Road Funds    Unpaid Gratuity Arrears    Over expenditure on Council activities    Construction of Abok Seed School    Supply of Double Cabin Pickup    Summary of exceptions raised in the PPDA audit report    Incomplete Physical Planning Committee    Status of Basic Medical Equipment    Condition of Medical Equipment    Management of natural resources    Unlicensed /illegal activities on Natural resources    HOIMA BRANCH    34.,high
Acomai Irrigation Scheme,other,Acomai,,2022,1,1,governance_and_controls,  There was only one Multi-sectoral Steering committee sitting during the year out of the mandatory two (2) which  is a major internal control weakness and exposes the Project to performance challenges such as delays in project  implementation and unsatisfactory quality of works among others  4.,high
Aduku Seed Secondary School,school,Aduku,Kwania,2019,1,1,delay_time_overrun,"•  Under UgIFT, I noted that Aduku Seed Secondary School had no land title and construction  works were behind schedule with all structures at ring beam level.",high
Agereger Primary School Classroom Block,school,Agereger,Amuria,2018,1,1,delayed_payments,Amuria DLG   Unsupported Pension  and Gratuity Payments   Mischarge of  Expenditure   Non-Disclosure of Un- Spent Balance in the  Financial statements      YLP-Low Recovery of Funds    URF-Performance of URF    Domestic Arrears    Under Collection of Local Revenue    Under Staffing    Infrastructure in UPE Schools    Construction of Two classroom block at  Agereger Primary School    Missing District Assets      Shortage of Medical equipment in various  departments    Lack of a District Physical Development Plan    Unlicensed activities on the Natural Resources  15.,high
Amuru Seed Secondary School,school,Amuru,Amuru,2019,1,1,delay_time_overrun,228    SN  LOCAL  GOVERNMENTS  SUMMARY OF KEY FINDINGS  •  Construction works under UgIFT at Amuru Seed Secondary School and Otwee Health Centre II  were behind schedule.,high
Anaka Central Primary School Works,school,Anaka,Nwoya,2018,1,1,contract_management,"Nwoya DLG    Performance of Youth Livelihood Programme    Funding of the Programme    Non-compliance with the Repayment Schedule    Transfer of recovered funds to the recovery account in BOU    Inspection of Performance of Youth projects    Implementation of the Uganda Road Funds    Budget performance    Status of implementation        235        Unpaid, Salaries , Pensions Gratuity Arrears    Payment for Work not done at Anaka Central P/S    Payment for Work not done at Todora HCII    Payment for Work not done at Lulyango Primary School    Construction of Box Culvert on Ceke Stream/ Diversion of Funds    Summary of exceptions raised in the PPDA audit reports    Management of Natural Resources    Lack of legal ownership of land, forests reserves and wetlands.",medium
Arua Regional Office Construction,other_building,Arua,Arua,2023,1,1,delay_time_overrun,"  I reviewed the progress of the construction of Arua Regional Office and noted that  works had since stalled, and the contractor had abandoned the site.",high
Atiak Sugar Factory,other_building,Atiak,Amuru,2018,1,1,claims_and_disputes,"  Payment of un-budgeted prior year arrears amounting to  UGX.48,634,712,458    Payment for tea lead agency fees for Kabale and Kisoro  districts        201     Flawed MOU with regard to measurement of  deliverables:   Rationale for the 30% Lead agency fee on distributed  tea:   Partial consent settlement without Guarantee;    Mischarge of Expenditure totalling to UGX.1,009,498,818    Nugatory Expenditure – UGX 93,159,046    Pending cases whose value was in excess of UGX.18 billion  pending resolution by court    Operation Wealth Creation vehicle status review    Basis for computation of transport costs to the tune of  UGX.1,978,744,208    Sugarcane Production in Northern Uganda   Cane seed procurement-UGX.4,518,260,220    Non consideration of the evaluation  methodology and criteria    Delayed delivery and Liquidated damages  charges    Expiry of the Advance payment guarantee   Bush Clearing, Land preparation, Planting cane, weed  management, manual and mechanical weeding, seed  cane harvesting and loading-UGX.15,526,487,530    Irregular Advance payment security in form  of Log books- UGX.4,657,946,259    Contract price adjustment:    NAADS’ restructuring and Legal Mandate   Irregular restructuring:-   Uncertainty on ownership of Assets:-   Liability against OWC:-    NAADS’ assets held by districts    Failure to execute performance security worth  UGX.23,325,873,958    Recruitment of Civilians under Operation Wealth Creation   Unclear Authority for the recruitment of civilians   Non deduction of PAYE from OWC civilian staff        202      TRADE SECTOR  103.",high
Ayerolwango-Aswa River Community Road,road,Ayerolwango;Aswa River,,2024,1,1,governance_and_controls,"South-Western  Cluster Water and  Sanitation Project  (NWSC) for the year  ended 30th June  2024  Natural Resources,  Environment, Climate  Change, Water and  Land Management  Unqualified  There were no reportable issues  State House  Governance and  security  Innovation,  technology  development and  transfer  Unqualified  i)  Included in the total expenditure of State House of UGX.799.85Bn is  UGX.455.18Bn, which relates to classified expenditure.",high
Banamywa Seed School,school,Banamywa,,2019,1,1,delay_time_overrun,•  Under UgIFT I noted incomplete works on the construction of a seed school at Banamywa Sub  County while the site for construction of MuJunza health centre appeared abandoned.,medium
Biyaya Secondary School,school,Biyaya,,2023,1,1,delay_time_overrun,Delayed Completion of Works    I noted delays in completion of the works on seven (7) out of the fifteen (15) contracts  ranging from 30 to 182 days.,high
Box Culvert on Ceke Stream,bridge,Ceke Stream,Nwoya,2018,1,1,contract_management,"Nwoya DLG    Performance of Youth Livelihood Programme    Funding of the Programme    Non-compliance with the Repayment Schedule    Transfer of recovered funds to the recovery account in BOU    Inspection of Performance of Youth projects    Implementation of the Uganda Road Funds    Budget performance    Status of implementation        235        Unpaid, Salaries , Pensions Gratuity Arrears    Payment for Work not done at Anaka Central P/S    Payment for Work not done at Todora HCII    Payment for Work not done at Lulyango Primary School    Construction of Box Culvert on Ceke Stream/ Diversion of Funds    Summary of exceptions raised in the PPDA audit reports    Management of Natural Resources    Lack of legal ownership of land, forests reserves and wetlands.",medium
Bugolobi Project (Uganda Property Holdings),other_building,Bugolobi,Kampala,2024,1,1,procurement_irregularities,"Uganda Electricity  Transmission  Company  2.17  2.02  The available funds are not excess in nature however  tagged and committed to several disbursements/activities  pending conclusion of the relevant processes under way  like procurements, RAP processes, fixed funds on bank  accounts for treasury management purposes.",medium
Buhara Seed Secondary School,school,Buhara,,2019,1,1,procurement_irregularities,I further noted that the  construction of Ryeru Seed Secondary School was not implemented due to delayed procurement  process.,high
Bukalasa Agricultural College,school,Bukalasa,Wakiso,2022,1,1,procurement_irregularities,"The audit made the following observations;      There was lack of competition during procurement of IPPs to the extent that 15  out of the 17 sampled small/mini hydro power plants, which commenced  construction and were commissioned after the enactment of the PPP Act 2015  and PPP regulations 2016, were not subjected to any competition before securing  the sites.",high
Bukamba Health Centre,hospital_health,Bukamba,,2019,1,1,delay_time_overrun,"•  Under UgIFT, construction works of Bukamba Health Centre worth UGX.0.488bn had stalled after  payment of UGX.0.292bn and the district did not have a land title for the land.",high
Bukango Seed School,school,Bukango,,2019,1,1,procurement_irregularities,"•  Under UgIFT, I noted that funds to the tune of UGX.0.354Bn planned and disbursed for  construction of Bukango seed school in the financial year 2018/19 were swept back to the  consolidated fund due to failure to undertake timely procurement.",high
Bulaga Health Centre Upgrade,hospital_health,Bulaga,,2019,1,1,contract_management,"•  Under URF Inspection on selected roads revealed that there was poor contract management  characterised by absence of headwalls, culverts, unprotected culverts, gullies and over grown  bushes.",high
Bulamba Primary School Classroom Block,school,Bulamba,Luwero,2018,1,1,delayed_payments,Luwero DLG   Performance of Youth Livelihood Programme  - Under funding of the Programme  - Non Compliance with Repayments Schedules  - Un confirmed transfers of Recovered funds to Recovery Account in  BOU  - Inspection of performance of Youth Projects  - Nakigoza Youth Tato Growing Project  - Record keeping  - Kanyogoga Youth Piggery Project  - Poor Record keeping   Implementation of the Uganda Road Funds  - Inspection of Kikoza-Kigoloba-Naluvule Road (8.9Kms)  - Failure to carry out Routine Manual Maintenance on District Roads   Mischarge of Expenditure   Un accounted for funds   Financial Loss   Outstanding Creditors   Outstanding Salary and Pension Arrears   Diversion of PHC and Agricultural Extension Services Wage to Pay  Primary Teachers Salary   Un-updated property valuation list   Under staffing and related   Un Recovered UWEP Revolving Funds   Un approved borehole Rehabilitation Assessments   Difficulties in accessing Road equipment fr Regional Workshops   Failure to Perform Physical count for students under USE   Review of Eye Clinic Donation at Luwero Health Centre IV   Management of Procurement   Absence of a Contracts Register   Absence of 10% Performance securities for Procurement contracts        253     Lack of a representative of Lower Local Government on Evaluation  Committee   Management of Natural Resources   Environmental dilapidation of district wetlands   Failure to de-gazette Bombo Local Forest Reserve   Poor Status of basic Medical Equipment   Lack of a District Physical Development Plan   Absence of District land and Lease Registers   Absence of legitimate Registration of the District Land   Capitation Grants   Under funding of the USE and UPE capitation programs   Construction of a 2 classro block and others at Bulamba Primary Schoo   Status of Basic Medical Equipment  72.,high
Bulegenyi Town Council Water Supply System,water_supply,Bulegenyi,,2018,1,1,procurement_irregularities,"Regional  Pastoral  Livelihood  Improvement Project    Budget shortfall UGX.7.01bn    Under absorption of funds 32.6bn    Non-implementation of budgeted activities    Irregular payment of VAT on exempted supplies  –  UGX.139,703,172    Failure to supply vaccines    Delayed deliveries    Failure to deliver on second contract    Irregular transfer of District Project funds to General Fund  Account    Delayed procurement process for Consultancy services for the  design and construction of livestock watering facilities    Inadequate Project Monitoring    Delayed Disbursement of Funds to Implementing Districts    Unimplemented Activities(Inspection in Katakwi District)  27.",high
Bulindo-Nsansa-Namugongo Road,road,Bulindo;Nsansa;Namugongo,Wakiso,2023,1,1,delay_time_overrun,"  There was delayed completion of; Construction of a Ferry Landing Site at Gerenge  in Katabi Town Council, Civil Works for Upgrading of Shimon Roads (3.178km) and  Civil Works for the upgrading of Kiwogoloma-Kitukutwe-Kijabijjo road (4.5km) and  Bulindo-Nsansa-Namugongo road (4.56km), Ssezibwa (Bulandi –Gyira) Swamp  Crossing Between Kayunga and Nakasogola Districts as well as civil Works for  Upgrading of Kafunta-Buwampa Road (9.5KM).",high
Bunambutye Health Centre II-III Upgrade,hospital_health,Bunambutye,,2019,1,1,delay_time_overrun,"•  Under URF field inspection revealed some incomplete works such as Drainage works, culvert  cleaning, failure to test road construction materials and late transfer of funds to lower local  governments  •  Works under UgIFT were ongoing with however there was delayed Completion of the upgrade  of Bunambutye Health centre II to health centre III and no evidence of materials testing was  availed  •  Under NUSAF-3 UGX.0.907Bn was used to support beneficiary sub-groups.",high
Bunamwaya-Kisigula-Mutundwe-Mirembe Road,road,Bunamwaya;Kisigula;Mutundwe;Mirembe,Wakiso,2018,1,1,procurement_irregularities,Makindye MC    Implementation of the Uganda Road Funds  - Budget Performance  - Status of implementation  - Routine manual maintenance  - Routine mechanized maintenance  - Periodic maintenance  - Unimplemented works  - Inspection of Bunamwaya-Kisigula-Mutundwe Mirembe Road  - Inadequate Road Equipment  - Lack of Bill of Quantities/Detailed scope of works  - Outstanding Commitments    Unspent Conditional Grants    Revenue Management    Lack of Local Revenue appeals tribunal    Under staffing    Lack of legal ownership of Municipal Assets    Developments on untitled land    Underfunded Youth Livelihood Program    Management and Utilization of Natural Resources    Illegal developments in Kaliddubi wetland    Status of Basic Medical Equipment at Ndejje HC1V    Garbage Management    Management of Procurement    Irregular Procurement for construction of a perimeter wall    Lack of Contract Implementation plans and management Reports    Physical Planning Committee    Capitation Grants    Under realization of Capitation Grants        255      Insufficient School Infrastructure  74.,high
Busia One Stop Border Post,other_building,Busia,Busia,2021,1,1,land_and_right_of_way,"When the procurement  was completed and the Lands at Malaba, Busia and Elegu were handed over to the  contractor, the contractor could not access the sites as all the sites had encroachers  and subsequent land wrangles.",medium
Busoga Loop Railway Line (Iganga-Kigulu section),other,Iganga;Kigulu,Iganga,2023,1,1,delay_time_overrun,"Uganda  Refinery  Holding  Company  Energy Development    Unqualified    The 240MW power substation at Kabalega Industrial Park originally planned to be  finalized by mid-2024 was rescheduled to commence the design and construction  phase by early 2024, indicating the risk of delayed completion.",high
Butaaka Health Centre II,hospital_health,Butaaka,,2019,1,1,contract_management,"•  Under UgIFT, there was unspent balance of 0.125bn on the contract for the upgrade of Butaaka  Health Centre II and inspections revealed incomplete and shoddy works at the facility.",high
Buvuma District Administration Block Phase II,other_building,Buvuma,Buvuma,2018,1,1,land_and_right_of_way,Buvuma DLG   Performance of Youth Livelihood Programme   Underfunding of the Programme   Non Compliance with the Repayment Schedule   Transfer of recovered funds to the recovery account in BOU   Implementation of the Uganda Road Funds   Routine manual maintenance   Routine Mechanised Maintenance   Periodic Maintenance   Lack of Property Valuation Roll   Construction of the District Administration Block under Phase II   Un Confirmed Ownership of Land   Lack of Land titles   Under Staffing   Management and Utilization of Natural Resources   Lack of a District Environment Committee   Failure to carry out demarcation of Wetlands   Encroachment on Natural Resources   Status of Medical Equipment at Buvuma Health Centre IV   Lack of Essential Medical Equipment   Lack of Power at the Health Centre IV   Lack of a fully Constituted District Physical Planning Committee  66.,medium
Buvuma Health Centre IV,hospital_health,Buvuma,Buvuma,2018,1,1,land_and_right_of_way,Buvuma DLG   Performance of Youth Livelihood Programme   Underfunding of the Programme   Non Compliance with the Repayment Schedule   Transfer of recovered funds to the recovery account in BOU   Implementation of the Uganda Road Funds   Routine manual maintenance   Routine Mechanised Maintenance   Periodic Maintenance   Lack of Property Valuation Roll   Construction of the District Administration Block under Phase II   Un Confirmed Ownership of Land   Lack of Land titles   Under Staffing   Management and Utilization of Natural Resources   Lack of a District Environment Committee   Failure to carry out demarcation of Wetlands   Encroachment on Natural Resources   Status of Medical Equipment at Buvuma Health Centre IV   Lack of Essential Medical Equipment   Lack of Power at the Health Centre IV   Lack of a fully Constituted District Physical Planning Committee  66.,medium
Bwetyabya UMEA Primary School Facilities,school,Bwetyabya,Butambala,2018,1,1,land_and_right_of_way,Butambala DLG   Performance of Youth Livelihood Programme    Implementation of the Uganda Road Funds  - Budget Performance  - Status of implementation  - Routine manual maintenance  - Routine mechanised maintenance  - Periodic maintenance  - In adequate Monitoring and Supervision of Road works      Un verified Outstanding Pension and Gratuity Payments    Under Staffing    Gombe Hospital    Inadequate Funding    Hospital Dilapidated Buildings    Discharge of Sewage into the Community by the Hospital    Lack of Land title for the Hospital   Management of Procurement   Drilling and Installation of Hand pump Borehole to Solar Powered  Boreholes   Failure to Meet Evaluation Criteria   Inspection of the motorized Pump    Procurement Evaluation for Construction of classrooms at Mavugera  P/S    Construction of Facilities at Bwetyabya UMEA P/S    Management of Natural Resources    Absence of Environment Committees        251      Conservation of Natural Resources    Encroachment on Forest Reserves    Un controlled Human Activities on Wetlands    Lack of a District Land Office    Lack of a Land Board    Inflated Pupil Enrolment    Status of Basic Medical Equipment at Gbe Hospital  70.,high
Bwondha Primary School Classroom Blocks,school,Bwondha,,2023,1,1,delay_time_overrun,Unjustified extensions of time lead  to delayed completion of the works.,high
Cathedral-Mugurusi Road,road,Cathedral;Mugurusi,,2019,1,1,contract_management,"•  Under URF, I noted poor workmanship on Cathedral and Mugurusi Road.",medium
Chakulia Health Centre II to III Upgrade,hospital_health,Chakulia,,2019,1,1,delay_time_overrun,•  Physical inspection on the upgrading of Chakulia Health Center II to Health Center III revealed  that the project was behind schedule.,high
Chebaser-Kapkwateny Road (NUSAF sub-project),road,Chebaser;Kapkwateny,Kapchorwa,2018,1,1,delay_time_overrun,"Kapchorwa DLG      YLP-Low Recovery of Funds    Performance of URF    Outstanding rent arrears    Missing vouchers    Failure to sign Financing agreements with Youth Groups    NUSAF Project Operations, shortcomings on Chebaser-kapkwateny car  sub-project (road construction)    Unrealized Royalties Revenue    Outstanding Rent Arrears    Shortfall in Central Government Transfers    Staffing Gaps    Stalled construction of the new Administration Block    Status of Medical Equipment in the Hospital    Inadequate medical equipment    Failure to prepare defect reports    Defects on the construction of maternity ward in Tumboboi Sub-county    Lack of legal ownership of land, forests reserves    Absence of a Distinct Environmental Committee    Unlicensed activities on Natural resources        265      Budget for the Physical Planning committee    Physical Planning Committee Performance  101.",medium
China-Uganda Friendship Hospital (Naguru),hospital_health,Naguru,Kampala,2018,1,1,procurement_irregularities,"Mulago National Referral Hospital   Unspent releases (UGX.3,502,000,000)    Absence of an approved strategic plan    Delays in Banking of Collections    Lack of Hospital Management Board    Staffing gaps    Use of Inappropriate procurement method    Procurement and execution of works worth (UGX 709,716,746)  before Solicitor General’s clearance    Failure to obtain a performance security  144.",medium
Chungambe Trading Centre Mini Piped Water Scheme,water_supply,Chungambe,,2023,1,1,contract_management,"Construction of a mini piped water scheme at  Chungambe Trading Center  Sand, bricks  8  Construction of a theatre, 2 units of 2 in one staff  houses and fencing at Rugaaga Health Centre IV  Concrete blocks, sand,  aggregates  9  Full Rehabilitation of Tete Ogolo-liri road 15km  Concrete pipe culverts  10  Construction of two classroom blocks, one with an  office and store, construction of a 5 stance VIP latrine  for girls, construction of a 2 stance VIP lined latrine  for Teachers at Bwondha P/S  Aggregates, sand, concrete,  bricks  11  Construction of a Two(2) Classroom Block with Office  and Store at Namayemba P/S  Aggregates, sand, concrete,  bricks    Failure to undertake tests on materials used can lead to the use of substandard materials  thereby compromising the quality of works    I advised the Accounting Officer to always ensure that materials used are tested, results  reviewed and approved prior to their incorporation into the works    h.",high
Corner Bangladesh Road Sealing,road,Corner Bangladesh,Amolatar,2018,1,1,land_and_right_of_way,Amolatar  DLG   Unaccounted for Funds   Unverified Expenditure   Unsupported Payments  for Pension and  Gratuity Arrears      YLP-Low Recovery of Funds    URF-Performance of URF    Under Collection of Local Revenue    Financing the NUSAF 3 Program    Under Absorption of NUSAF 3 Project Funds    Failure to Dispose of Assets    Lack of Basic Medical Equipment in Health  Facilities    Carrying out illegal activities on the Wet lands  and Lake shores        221      Encroachment on forests reserves    Lack of proper demarcation of Natural  resources’ boundaries    Fairness of Evaluation    Tarmacking/Low cost Sealing of Corner  Bangladesh    Award of VAT Contracts to non VAT registered  contractor    Un-Updated Procurement contract Register    Capitation - Lack of Financial statements    Capitation Grant release to School    Procurement Compliance review by PPDA  14.,medium
Corner Pa Lagara-Monroc Market Road (14.7km),road,Corner Pa Lagara;Monroc,,2023,1,1,delay_time_overrun,"  There were delays in completion of the rehabilitation of Corner Pa Lagara– Monroc  Market Road 14.7km worth UGX.1,780,629,779.",high
Elegu One Stop Border Post,other_building,Elegu,Amuru,2021,1,1,land_and_right_of_way,"When the procurement  was completed and the Lands at Malaba, Busia and Elegu were handed over to the  contractor, the contractor could not access the sites as all the sites had encroachers  and subsequent land wrangles.",medium
Entebbe Hospital,hospital_health,Entebbe,Wakiso,2018,1,1,delayed_payments,"Wakiso DLG     Performance of Youth Livelihood Programme   Implementation of the Uganda Road Funds   Delayed Works on Nansana-Kireka-Biira Road (1km)   Outstanding Commitments   Outstanding Salary Arrears of UGX.61,419,581   Pension Arrears   Shortfall in Government Releases   Unspent/Un-Utilized conditional Grant   Pensioners not on the Payroll   Unrealized Royalties fr Ministry of Energy   Failure to meet minimum standards at Wakiso Health Centre IV   Entebbe Hospital - Outstanding utility bills   Audit of UPE Schools Capitation Grant   Mismanagement of UPE Funds at Kyengeza Muslim P/S   Insufficient Infrastructure in UPE Schools   Management of Procurement   Failure to prepare Evaluation tools   Irregularities in the procurement for the Rehabilitation of Boreholes        247     Lack of signed contracts   Management and Utilisation of Natural Resources   Lack of a land Register   Lack of a lease Register   Management of Road Equipment   Lack of Road safety Equipment   Non-functioning Road equipment   Inadequate mechanical imprest   Lack of Physical Planning Committee   Entebbe Hospital   Existence and Status of Medical equipment   Essential Medicines and Health supplies Stock Outs  65.",medium
Enterprise Uganda Office Block,other_building,Kampala,Kampala,2023,1,1,delayed_payments,"Unpaid PAPs were 6,256 with  outstanding payments of UGX 4,677,888,844    Energy  for  Rural  Transformation  Project - Phase  III (ERT III)  Under  The  Project  Coordination  Unit  Energy Development    Unqualified  I observed that;      Cumulative disbursements of project funds as at 30th June 2023 by the donor was  USD.11.1M (94%) out of the expected USD 11.8M, while GOU counterpart  disbursements are at 116% (USD 2.91M out of USD 2.5M).",medium
Farm Access Roads Rehabilitation - Bukwo District (11km),road,Bukwo,Bukwo,2023,1,1,delay_time_overrun,The details for the delays and are  presented below;    Table 44: Table showing delayed completion of works on ten projects  SN  Project  Delays [No  of Days]  1  Rehabilitative works on bottlenecks (chokes) on 11km of farm access  roads in Bukwo district.,medium
Farm Access Roads Rehabilitation - Butebo and Pallisa Districts (28km),road,Butebo;Pallisa,,2023,1,1,contract_management,"Potholes, gullies, silted side drains, cracked head  walls  9  Rehabilitative works on bottlenecks  (chokes) on 17.7km of farm access  roads in Kabonera, Kyasiga, and  Kyanamukaka Sub county in Masaka  district  Loss of camber, absence of scour checks on  some roads, gullies, gravel loss, poorly placed  culvert end structures, misaligned culverts  10  Rehabilitative works on bottlenecks  (chokes) on 29km of farm access  (Menziro –Kateera 14.5) in Kakuto  subcounty and Kasanvu Kyakatuma  Kamuli Rd 14.9km, Kyeere subcounty  roads in Kyotera District  Cracked culverts, damaged headwalls, collapsed  culvert, unjointed culverts, heavily silted culverts  11  Rehabilitative works on 28km of farm  access roads in Butebo and Pallisa  districts  Loose material around culverts, silted culverts  12  Rehabilitative works on 26km of farm  access  roads  in  Kasanda  and  Mubende districts  Absence of concrete bedding, gullies, unjointed  culverts, cracked headwalls, deformed Armco  culvert  13  Rehabilitative works on 7.8km of farm  access roads in Mpigi district  Unjointed culverts, absence of concrete bedding  14  Rehabilitative works on bottlenecks  (chokes) on 37km of farm access  roads in Kamwenge district  Absence of scour checks, gravel loss, cracked  headwalls, rutting, un compacted gravel    I advised the Accounting Officer to ensure that all the above observed defects and/or  omissions are rectified    (ix)  Implementation of Environmental, Health, Social and Safety Measures    During the physical inspection of the works, I noted that on ten (10) projects there were  incidences of inadequate implementation of environmental, health, social and safety  measures as detailed below;    Table 48: Table showing incidences of inadequate implementation of environmental,  health, social and safety measures  SN  Project  Observation  1  Rehabilitative works on bottlenecks (chokes) on  11km of farm access roads in Bukwo district.",medium
"Farm Access Roads Rehabilitation - Kabonera/Kyasiga/Kyanamukaka, Masaka District (17.7km)",road,Kabonera;Kyasiga;Kyanamukaka,Masaka,2023,1,1,delay_time_overrun,"413  8  Rehabilitative works on bottlenecks (chokes) on 17.7km of farm access  roads in Kabonera, Kyasiga, and Kyanamukaka Sub county in Masaka  district  480  9  Rehabilitative works on bottlenecks (chokes) on 29km of farm access  (Menziro –Kateera 14.5) in Kakuto Subcounty and Kasanvu Kyakatuma  Kamuli Rd 14.9km, Kyeere subcounty roads in Kyotera District  335  10  Rehabilitative works on 26km of farm access roads in Kasanda and  Mubende districts  186    Delayed completion of works denies intended users timely usage of the infrastructure    I advised the Accounting Officer to put in place measures to ensure that works are  accelerated and completed.",medium
Farm Access Roads Rehabilitation - Kamwenge District (37km),road,Kamwenge,Kamwenge,2023,1,1,contract_management,"Potholes, gullies, silted side drains, cracked head  walls  9  Rehabilitative works on bottlenecks  (chokes) on 17.7km of farm access  roads in Kabonera, Kyasiga, and  Kyanamukaka Sub county in Masaka  district  Loss of camber, absence of scour checks on  some roads, gullies, gravel loss, poorly placed  culvert end structures, misaligned culverts  10  Rehabilitative works on bottlenecks  (chokes) on 29km of farm access  (Menziro –Kateera 14.5) in Kakuto  subcounty and Kasanvu Kyakatuma  Kamuli Rd 14.9km, Kyeere subcounty  roads in Kyotera District  Cracked culverts, damaged headwalls, collapsed  culvert, unjointed culverts, heavily silted culverts  11  Rehabilitative works on 28km of farm  access roads in Butebo and Pallisa  districts  Loose material around culverts, silted culverts  12  Rehabilitative works on 26km of farm  access  roads  in  Kasanda  and  Mubende districts  Absence of concrete bedding, gullies, unjointed  culverts, cracked headwalls, deformed Armco  culvert  13  Rehabilitative works on 7.8km of farm  access roads in Mpigi district  Unjointed culverts, absence of concrete bedding  14  Rehabilitative works on bottlenecks  (chokes) on 37km of farm access  roads in Kamwenge district  Absence of scour checks, gravel loss, cracked  headwalls, rutting, un compacted gravel    I advised the Accounting Officer to ensure that all the above observed defects and/or  omissions are rectified    (ix)  Implementation of Environmental, Health, Social and Safety Measures    During the physical inspection of the works, I noted that on ten (10) projects there were  incidences of inadequate implementation of environmental, health, social and safety  measures as detailed below;    Table 48: Table showing incidences of inadequate implementation of environmental,  health, social and safety measures  SN  Project  Observation  1  Rehabilitative works on bottlenecks (chokes) on  11km of farm access roads in Bukwo district.",medium
Farm Access Roads Rehabilitation - Kapchorwa District (13km),road,Kapchorwa,Kapchorwa,2023,1,1,claims_and_disputes,"1,541,679,717  2  Rehabilitative works on 13km of farm access roads in  Kapchorwa district  339,355,870  3  Rehabilitative works on bottlenecks (chokes) on 29km of  farm access (Menziro –Kateera 14.5) in Kakuto Subcounty  and Kasanvu Kyakatuma Kamuli Rd 14.9km, Kyeere  subcounty roads in Kyotera District  152,166,097  4  Rehabilitative works on 26km of farm access roads in  Kasanda and Mubende districts  517,650,738  248    SN  Project  Un Recovered Advance  [UGX]  5  Rehabilitative works on 7.8km of farm access roads in Mpigi  district  165,615,247      2,716,467,669    Failure to maintain a valid performance and advance payment guarantee constitutes a  fundamental breach of contract and exposes the client to the risk of financial loss in the  event the contractors fail to perform.",medium
Farm Access Roads Rehabilitation - Kasanda and Mubende Districts (26km),road,Kasanda;Mubende,,2023,1,1,delay_time_overrun,"413  8  Rehabilitative works on bottlenecks (chokes) on 17.7km of farm access  roads in Kabonera, Kyasiga, and Kyanamukaka Sub county in Masaka  district  480  9  Rehabilitative works on bottlenecks (chokes) on 29km of farm access  (Menziro –Kateera 14.5) in Kakuto Subcounty and Kasanvu Kyakatuma  Kamuli Rd 14.9km, Kyeere subcounty roads in Kyotera District  335  10  Rehabilitative works on 26km of farm access roads in Kasanda and  Mubende districts  186    Delayed completion of works denies intended users timely usage of the infrastructure    I advised the Accounting Officer to put in place measures to ensure that works are  accelerated and completed.",medium
"Farm Access Roads Rehabilitation - Menziro-Kateera/Kasanvu-Kyakatuma/Kyeere, Kyotera District",road,Menziro;Kateera;Kasanvu;Kyakatuma;Kyeere,Kyotera,2023,1,1,delay_time_overrun,"413  8  Rehabilitative works on bottlenecks (chokes) on 17.7km of farm access  roads in Kabonera, Kyasiga, and Kyanamukaka Sub county in Masaka  district  480  9  Rehabilitative works on bottlenecks (chokes) on 29km of farm access  (Menziro –Kateera 14.5) in Kakuto Subcounty and Kasanvu Kyakatuma  Kamuli Rd 14.9km, Kyeere subcounty roads in Kyotera District  335  10  Rehabilitative works on 26km of farm access roads in Kasanda and  Mubende districts  186    Delayed completion of works denies intended users timely usage of the infrastructure    I advised the Accounting Officer to put in place measures to ensure that works are  accelerated and completed.",medium
Farm Access Roads Rehabilitation - Mpigi District (7.8km),road,Mpigi,Mpigi,2023,1,1,contract_management,"Potholes, gullies, silted side drains, cracked head  walls  9  Rehabilitative works on bottlenecks  (chokes) on 17.7km of farm access  roads in Kabonera, Kyasiga, and  Kyanamukaka Sub county in Masaka  district  Loss of camber, absence of scour checks on  some roads, gullies, gravel loss, poorly placed  culvert end structures, misaligned culverts  10  Rehabilitative works on bottlenecks  (chokes) on 29km of farm access  (Menziro –Kateera 14.5) in Kakuto  subcounty and Kasanvu Kyakatuma  Kamuli Rd 14.9km, Kyeere subcounty  roads in Kyotera District  Cracked culverts, damaged headwalls, collapsed  culvert, unjointed culverts, heavily silted culverts  11  Rehabilitative works on 28km of farm  access roads in Butebo and Pallisa  districts  Loose material around culverts, silted culverts  12  Rehabilitative works on 26km of farm  access  roads  in  Kasanda  and  Mubende districts  Absence of concrete bedding, gullies, unjointed  culverts, cracked headwalls, deformed Armco  culvert  13  Rehabilitative works on 7.8km of farm  access roads in Mpigi district  Unjointed culverts, absence of concrete bedding  14  Rehabilitative works on bottlenecks  (chokes) on 37km of farm access  roads in Kamwenge district  Absence of scour checks, gravel loss, cracked  headwalls, rutting, un compacted gravel    I advised the Accounting Officer to ensure that all the above observed defects and/or  omissions are rectified    (ix)  Implementation of Environmental, Health, Social and Safety Measures    During the physical inspection of the works, I noted that on ten (10) projects there were  incidences of inadequate implementation of environmental, health, social and safety  measures as detailed below;    Table 48: Table showing incidences of inadequate implementation of environmental,  health, social and safety measures  SN  Project  Observation  1  Rehabilitative works on bottlenecks (chokes) on  11km of farm access roads in Bukwo district.",medium
Fort Portal Beneficiation Centre,other_building,Fort Portal,Kabarole,2023,1,1,contract_management,  The construction works for the Beneficiation centre in Fortportal were shoddy and  incomplete which delayed the operationalisation of the centre.,high
Fort Portal Regional Referral Hospital,hospital_health,Fort Portal,Kabarole,2018,1,1,delayed_payments,"Gulu University    Unimplemented budget activities     Un disclosed Domestic Arrears UGX.5,216,963,475    Teaching of Un-reviewed programs    Un-Collected premium and ground rent    Irregular Occupation of Premises-    Statutory Deductions-PAYE of UGX.324,624,045 not remitted    Undeveloped Land    Inadequate University Infrastructure    Loss of cash in transit- UGX.48, 527,800    Staffing Gaps    Inadequate budget allocation to the Library  94.",high
Fort Portal Substation,power_transmission,Fort Portal,Kabarole,2023,1,1,contract_management,The delayed  completion of works creates risks of escalation of supervision and construction  costs.,high
Gaba Water Treatment Plant Project,water_supply,Gaba,Kampala,2022,1,1,land_and_right_of_way,  I noted incidents where NWSC possessed land that had expired land leases; some titles were yet to be transferred  in the company names; some land housing NWSC infrastructure and which was given by other government  agencies had no MoUs signed; and some land was encroached on.,high
Gem Farm Bailey Bridge,bridge,Atiak,Amuru,2019,1,1,contract_management,"Bleeding, broken end structures, broken and  scoured aprons, Stripped capping layer  along road carriageway, silted culverts  11  Low Cost Sealing of Selected District  Roads; Lot 6: in Kamuli District  Silted culverts, damaged culvert bases,  washed off culvert backfill, damaged road  base, damaged end structures  12  Construction of Gem Farm Bailey  Bridge in Atiak, Amuru District  Collapsed gabion at Abutment 2 RHS,  Inadequate backfill at approach to the  bridge (LHS) in the corner, Need for river  training  13  Construction of Kisaigi Bridge in  Kakumiro District Lot 1  Honey combs, collapsing backfill, Crack at  Abutment wall, Formwork left within the  bridge structure at different locations  14  Construction of Kabindula Swamp  Crossing in Kyankwanzi District Lot 20  Extensive Honey combing, poor  workmanship on concrete works    The Accounting Officer indicated that contractors had been instructed to address the  identified defects prior to issue of the practical completion certificate.",high
"Gerenge Ferry Landing Site, Katabi Town Council",other_building,Gerenge,Wakiso,2023,1,1,delay_time_overrun,"  There was delayed completion of; Construction of a Ferry Landing Site at Gerenge  in Katabi Town Council, Civil Works for Upgrading of Shimon Roads (3.178km) and  Civil Works for the upgrading of Kiwogoloma-Kitukutwe-Kijabijjo road (4.5km) and  Bulindo-Nsansa-Namugongo road (4.56km), Ssezibwa (Bulandi –Gyira) Swamp  Crossing Between Kayunga and Nakasogola Districts as well as civil Works for  Upgrading of Kafunta-Buwampa Road (9.5KM).",high
Goma HC III Maternity Ward,hospital_health,Goma,Mukono,2018,1,1,delayed_payments,"Pader DLG    Un-disclosed Advances    Unaccounted for Funds      Performance of Youth Livelihood Programme    Funding of the Program    Noncompliance with the Repayment Schedule    Failure to transfer recovered funds to the  recovery account in BOU    Inspection of Performance of Youth projects    Implementation of the Uganda Road Funds    Budget Performance    Status of implementation        218      Unpaid Pensions Arrears    Under Collection of Local Revenue    Non-disbursement of YLP Project Funds to  Youth Interest Groups    Summary of exceptions raised in the PPDA  audit report    Management of natural resources    Lack of legal ownership of land, forests  reserves and wetlands    Unlicensed /illegal activities on Natural  resources    Status of Basic Medical Equipment    Physical Planning Committee    Existence of Physical Planning Committee    Performance of Physical Planning the  Committee    KAMPALA  BRANCH      7.",high
Gombe Hospital,hospital_health,Gombe,Butambala,2018,1,1,land_and_right_of_way,Butambala DLG   Performance of Youth Livelihood Programme    Implementation of the Uganda Road Funds  - Budget Performance  - Status of implementation  - Routine manual maintenance  - Routine mechanised maintenance  - Periodic maintenance  - In adequate Monitoring and Supervision of Road works      Un verified Outstanding Pension and Gratuity Payments    Under Staffing    Gombe Hospital    Inadequate Funding    Hospital Dilapidated Buildings    Discharge of Sewage into the Community by the Hospital    Lack of Land title for the Hospital   Management of Procurement   Drilling and Installation of Hand pump Borehole to Solar Powered  Boreholes   Failure to Meet Evaluation Criteria   Inspection of the motorized Pump    Procurement Evaluation for Construction of classrooms at Mavugera  P/S    Construction of Facilities at Bwetyabya UMEA P/S    Management of Natural Resources    Absence of Environment Committees        251      Conservation of Natural Resources    Encroachment on Forest Reserves    Un controlled Human Activities on Wetlands    Lack of a District Land Office    Lack of a Land Board    Inflated Pupil Enrolment    Status of Basic Medical Equipment at Gbe Hospital  70.,high
Gulu University Infrastructure,school,Gulu,Gulu,2018,1,1,delayed_payments,  Delayed execution of construction of National High Altitude  Training Centre (Kiprotich)     Irregularities in development of Secondary school program    Accumulation of Domestic Arrears UGX.,high
Gulu-Agago Transmission Line,power_transmission,Gulu;Agago,,2023,1,1,governance_and_controls,The other  six pillars which support the primary pillar include: Infrastructure and Economic Services;  Financial Inclusion (FI); Social Services; Community Mobilization and Mind-set Change;  Parish Development Management Information System (PDMIS); and Governance and  Administration.,high
Gwot Apwoyo Zonal Animal Disease Control Center,other_building,Gwot Apwoyo,,2022,1,1,governance_and_controls,  There was only one Multi-sectoral Steering committee sitting during the year out of the mandatory two (2) which  is a major internal control weakness and exposes the Project to performance challenges such as delays in project  implementation and unsatisfactory quality of works among others  4.,medium
Hoima City Stadium,stadium,Hoima,Hoima,2024,1,1,governance_and_controls,National Enterprises  Corporation (NEC) -  Construction Works  and Engineering Ltd  Governance  and  Security  Unqualified  i)  The Company had outstanding trade debtors worth UGX.20.37Bn by the  close of the financial year.,high
Hoima Regional Referral Hospital,hospital_health,Hoima,Hoima,2018,1,1,cost_overrun,"Fort Portal Regional Referral  Hospital    Unimplemented budget activities    Inadequate controls surrounding management of Domestic  arrears- UGX 362,688,782    Under Budgeting for Domestic Arrears    Unspent Balances    Unauthorized Excess Expenditure    Non Delivery of Ambulance Equipment    Lack of Skilled Staff to handle Medical Equipment    Inadequate Medical Equipment    Condition of Medical Equipment    Hospital Governing Board not fully constituted  129.",high
Hoima Town Roads,road,Hoima,Hoima,2022,1,1,contract_management,"  While UNRA obtained a certificate of no objection for the construction and construction supervision of Hoima Town  roads, certificate of no-objection was not obtained for the construction and construction supervision of Masindi  and Kigumba Town roads due to delays in approvals by the funders.",medium
Hoima-Busunju Road,road,Hoima;Busunju,,2025,1,1,delay_time_overrun,"xiii) Two (2) construction contracts worth UGX.16.91Bn were behind schedule, while  four (4) supplies worth UGX.3.03Bn procured and delivered to MAAIF and  NAGRC stores remained undistributed three (3) months after delivery.",high
Insurance Regulatory Authority Office Building,other_building,Kampala,Kampala,2018,1,1,claims_and_disputes,"Kampala Sanitation Program  (KSP) - National Water    Delay to pay contractors by GoU to the tune of  UGX.31,158,540,457    Impending Legal Suits on Disputed Compensation  Offers/claims i.e Amount Claimed is UGX 1,395,856,789 but  Compensated amount is UGX 115,616,970  32.",low
Ishasha Bridge,bridge,Ishasha,Kanungu,2022,1,1,delayed_payments,2022    Opinion  Unqualified      A review of the Interim payment certificates (IPCs) established that there was delayed certification of contractor’s  IPCs and subsequently delayed payments beyond the stipulated time period of 56 days with a time lag ranging  from 23-122 days for GOU portion and 44-101 days for IsDB portion.,high
Isimba-Bujagali Transmission Line,power_transmission,Isimba;Bujagali,,2019,1,1,land_and_right_of_way,"4.7  Value for Money Audit on compensation of Project Affected Persons under the  Karuma and Isimba Hydropower Projects and associated transmission lines    In a bid to increase electricity supply countrywide, GoU decided to construct Karuma and  Isimba Hydropower projects, as well as their associated transmission lines, namely Karuma- Kawanda, Karuma-Lira, Karuma-Olwiyo and Isimba-Bujagali.",high
Isingiro Fruit Factory,other_building,Isingiro,Isingiro,2018,1,1,claims_and_disputes,"  Payment of un-budgeted prior year arrears amounting to  UGX.48,634,712,458    Payment for tea lead agency fees for Kabale and Kisoro  districts        201     Flawed MOU with regard to measurement of  deliverables:   Rationale for the 30% Lead agency fee on distributed  tea:   Partial consent settlement without Guarantee;    Mischarge of Expenditure totalling to UGX.1,009,498,818    Nugatory Expenditure – UGX 93,159,046    Pending cases whose value was in excess of UGX.18 billion  pending resolution by court    Operation Wealth Creation vehicle status review    Basis for computation of transport costs to the tune of  UGX.1,978,744,208    Sugarcane Production in Northern Uganda   Cane seed procurement-UGX.4,518,260,220    Non consideration of the evaluation  methodology and criteria    Delayed delivery and Liquidated damages  charges    Expiry of the Advance payment guarantee   Bush Clearing, Land preparation, Planting cane, weed  management, manual and mechanical weeding, seed  cane harvesting and loading-UGX.15,526,487,530    Irregular Advance payment security in form  of Log books- UGX.4,657,946,259    Contract price adjustment:    NAADS’ restructuring and Legal Mandate   Irregular restructuring:-   Uncertainty on ownership of Assets:-   Liability against OWC:-    NAADS’ assets held by districts    Failure to execute performance security worth  UGX.23,325,873,958    Recruitment of Civilians under Operation Wealth Creation   Unclear Authority for the recruitment of civilians   Non deduction of PAYE from OWC civilian staff        202      TRADE SECTOR  103.",medium
Itula-Lomunga Parish Piped Water Extension,water_supply,Itula;Lomunga,,2023,1,1,delay_time_overrun,Delayed Completion of Works    I noted delays in completion of the works on seven (7) out of the fifteen (15) contracts  ranging from 30 to 182 days.,high
Jinja Goods Shed (Uganda Railways),other_building,Jinja,Jinja,2025,1,1,delay_time_overrun,"xiii) Of the sixty-one (61) road projects handed over to the Ministry at various stages  of implementation, thirty-four (34) were behind the planned level of physical  progress as at 30th June 2025, increasing the risk of delayed completion and  deterioration of earlier works.",high
KW-LV WATSAN II Package 4B (Kampala Water Treatment Plant),water_supply,Kampala,Kampala,2022,1,1,land_and_right_of_way,  I noted incidents where NWSC possessed land that had expired land leases; some titles were yet to be transferred  in the company names; some land housing NWSC infrastructure and which was given by other government  agencies had no MoUs signed; and some land was encroached on.,high
Kaabong Bridge,bridge,Kaabong,Kaabong,2019,1,1,procurement_irregularities,c)  Delayed procurement of the Consultant    The contractor for the civil works was procured on 8th February 2016 while the  commencement date of the project was 20th June 2016.,high
Kaabong Valley Dam,dam,Kaabong,Kaabong,2023,1,1,delay_time_overrun,  Two (2) contractors undertaking contract works for the valley dams in Moroto and  Kaabong districts are past the completion time but works are still significantly  behind schedule.,low
Kabaale Health Centre II,hospital_health,Kabaale,,2019,1,1,procurement_irregularities,"•  Under the UgIFT, I noted there were procurement delays of up to four months in the contract  for the upgrade of Kabaale health centre II.",high
Kabaale Industrial Park,other_building,Kabaale,Hoima,2022,1,1,procurement_irregularities,"  I noted that the Company was unable to secure a Joint Venture Partner for the planned Engineering, Procurement  and Construction (EPC) of the Kampala Storage Terminal.",high
Kabaale International Airport,airport,Kabaale,Hoima,2025,1,1,contract_management,"xxiii)  Weak controls were noted in safeguarding non-current assets, including  thirty-nine (39) Government vehicles used for road supervision that still had  private number plates and were not recorded in the fixed assets register.",high
Kabaale International Airport Access Road,road,Kabaale,Hoima,2025,1,1,delay_time_overrun,"xiii) Two (2) construction contracts worth UGX.16.91Bn were behind schedule, while  four (4) supplies worth UGX.3.03Bn procured and delivered to MAAIF and  NAGRC stores remained undistributed three (3) months after delivery.",high
Kabala-Kaket Road,road,Kabala;Kaket,,2019,1,1,delay_time_overrun,•  URF field inspection revealed incomplete works on Kabala-Kaket road.,medium
Kabale International Airport,airport,Kabale,Kabale,2024,1,1,delay_time_overrun,"This affected construction of 3 strategic bulk markets, 100        479      2000000947 and  ASAP Grant  No.2000000324 for  9-month period  ended 31st March  2024  demonstration water harvesting infrastructure and recruitment of 7  weather station workers  iii)  The maintenance of completed 1,138 Kms of community access  roads and 2 markets was not effectively undertaken by the districts  due to failure by management to put in place effective sustainability  measures  iv)  Inspection of Ayerolwango - Aswa River Community Road revealed  that although the project had spent UGX.0.799Bn, the works had  stalled due to the rocks in the basement, which were not envisioned  v)  Three projects namely; the bridge at St.",high
Kabale Regional Referral Hospital,hospital_health,Kabale,Kabale,2025,1,1,delayed_payments,"Kabale  Regional  Referral Hospital  Human  capital  development  Unqualified  i)  The statement of financial position reported an outstanding balance of  UGX.0.448Bn in respect of unpaid retention fees and other works on the interns’  hostel, and pension arrears of UGX.0.018Bn which remained unpaid.",high
Kabale Regional Referral Hospital Surgical Complex,hospital_health,Kabale,Kabale,2025,1,1,procurement_irregularities,"v)  The Regional Referral Hospital did not indicate the procurements reserved for  registered associations as required by the guidelines and as such, no contract  awards were made to the registered associations.",medium
Kaberamaido Technical Institute,school,Kaberamaido,Kaberamaido,2022,1,1,procurement_irregularities,"The audit made the following observations;      There was lack of competition during procurement of IPPs to the extent that 15  out of the 17 sampled small/mini hydro power plants, which commenced  construction and were commissioned after the enactment of the PPP Act 2015  and PPP regulations 2016, were not subjected to any competition before securing  the sites.",high
Kabindula Swamp Crossing,bridge,Kyankwanzi,Kyankwanzi,2019,1,1,contract_management,"Bleeding, broken end structures, broken and  scoured aprons, Stripped capping layer  along road carriageway, silted culverts  11  Low Cost Sealing of Selected District  Roads; Lot 6: in Kamuli District  Silted culverts, damaged culvert bases,  washed off culvert backfill, damaged road  base, damaged end structures  12  Construction of Gem Farm Bailey  Bridge in Atiak, Amuru District  Collapsed gabion at Abutment 2 RHS,  Inadequate backfill at approach to the  bridge (LHS) in the corner, Need for river  training  13  Construction of Kisaigi Bridge in  Kakumiro District Lot 1  Honey combs, collapsing backfill, Crack at  Abutment wall, Formwork left within the  bridge structure at different locations  14  Construction of Kabindula Swamp  Crossing in Kyankwanzi District Lot 20  Extensive Honey combing, poor  workmanship on concrete works    The Accounting Officer indicated that contractors had been instructed to address the  identified defects prior to issue of the practical completion certificate.",high
Kaitabawala-Kisozi-Busota Road,road,Kaitabawala;Kisozi;Busota,,2019,1,1,procurement_irregularities,c)  Delayed procurement of the Consultant    The contractor for the civil works was procured on 8th February 2016 while the  commencement date of the project was 20th June 2016.,medium
Kakogha Bridge,bridge,Kakogha,,2019,1,1,contract_management,"I also noted poor workmanship on Rwebisengo- Rwangara Road and  Rehabilitation of Rwensenene and Kakogha Bridges  •  A review of the cumulative water situation analysis of the 4 different types of water sources in  the district, revealed 35% of the water facilities were non-functional  •  Deductions of UGX 1.49Bn were noted in respect of statutory and other bodies but only UGX  1.41Bn was remitted resulting into under payment of UGX 82 million  •  Under UWEP, i noted that out of UGX 33 million collected; only UGX 15 million was transferred  to the Ministry of Gender leaving a balance of UGX 18 million.",medium
Kakyeka Stadium Redevelopment,stadium,Kakyeka,Mbarara,2024,1,1,governance_and_controls,National Enterprises  Corporation (NEC) -  Construction Works  and Engineering Ltd  Governance  and  Security  Unqualified  i)  The Company had outstanding trade debtors worth UGX.20.37Bn by the  close of the financial year.,high
Kalongo Technical Institute,school,Kalongo,Agago,2022,1,1,procurement_irregularities,"The audit made the following observations;      There was lack of competition during procurement of IPPs to the extent that 15  out of the 17 sampled small/mini hydro power plants, which commenced  construction and were commissioned after the enactment of the PPP Act 2015  and PPP regulations 2016, were not subjected to any competition before securing  the sites.",high
Kampala Institutional and Infrastructure Development Project (KIIDP2),other,Kampala,Kampala,2018,1,1,claims_and_disputes,"UGX.44,095,770,425    Legal costs paid - UGX19,445,101,578 and  UGX.5,032,868,969 provision for legal costs for the period  under review    UGX.433.8 million receivable from Multiplex as at 30th June  2018 and non-compliance of the contractor to contract  terms    Nugatory expenditure in the form of Interest on Delayed  Payments-UGX.",high
Kampala Northern Bypass Project Phase 2,road,Kampala,Kampala,2019,1,1,procurement_irregularities,•  URF and Public Procurement and Disposal of Public Assets Authority (PPDA) jointly entered into  a contract for the construction of PPDA-URF office building and the parties agreed to contribute  funds in equal proportion to finance the project.,high
Kampala-Namanve-Mukono Railway Line Refurbishment (26.8km),other,Kampala;Namanve;Mukono,,2024,1,1,procurement_irregularities,"2  Rehabilitation of Mukono- Malaba Railway Section  •  Procurement of contractor and supervising outside  the procurement plan  •  Inadequate  justification  for  use  of  direct  procurement  •  Unsupported increase of the estimated value for  rehabilitation    3  Rehabilitation of Tororo- Gulu railway line  •  Inadequate  justification  for  use  of  direct  procurement      Procurement inadequacies risk engaging contractors and consultants at uncompetitive  rates, increasing project costs and reducing value for money.",high
Kamuli Faecal Sludge Management Facility,other_building,Kamuli,Kamuli,2018,1,1,procurement_irregularities,"Regional  Pastoral  Livelihood  Improvement Project    Budget shortfall UGX.7.01bn    Under absorption of funds 32.6bn    Non-implementation of budgeted activities    Irregular payment of VAT on exempted supplies  –  UGX.139,703,172    Failure to supply vaccines    Delayed deliveries    Failure to deliver on second contract    Irregular transfer of District Project funds to General Fund  Account    Delayed procurement process for Consultancy services for the  design and construction of livestock watering facilities    Inadequate Project Monitoring    Delayed Disbursement of Funds to Implementing Districts    Unimplemented Activities(Inspection in Katakwi District)  27.",high
Kanginima Seed Secondary School,school,Kanginima,,2019,1,1,procurement_irregularities,•  Works under UgIFT were ongoing however there was delayed construction works at Kanginima  Seed Secondary School and delay in procurement process which resulted in delay of 7 months  from the plan.,high
Kapchorwa District Administration Block,other_building,Kapchorwa,Kapchorwa,2018,1,1,delay_time_overrun,"Kapchorwa DLG      YLP-Low Recovery of Funds    Performance of URF    Outstanding rent arrears    Missing vouchers    Failure to sign Financing agreements with Youth Groups    NUSAF Project Operations, shortcomings on Chebaser-kapkwateny car  sub-project (road construction)    Unrealized Royalties Revenue    Outstanding Rent Arrears    Shortfall in Central Government Transfers    Staffing Gaps    Stalled construction of the new Administration Block    Status of Medical Equipment in the Hospital    Inadequate medical equipment    Failure to prepare defect reports    Defects on the construction of maternity ward in Tumboboi Sub-county    Lack of legal ownership of land, forests reserves    Absence of a Distinct Environmental Committee    Unlicensed activities on Natural resources        265      Budget for the Physical Planning committee    Physical Planning Committee Performance  101.",medium
Kapchorwa-Suam Road Project,road,Kapchorwa;Suam,,2025,1,1,cost_overrun,"ii)  DFID funding of GBP 8.9Mn was fully disbursed, while GoU counterpart funding  exceeded the approved amount by UGX.48.20Bn due to increased land  acquisition and price variation costs.",high
Karera Technical Institute,school,Karera,Kazo,2022,1,1,procurement_irregularities,"The audit made the following observations;      There was lack of competition during procurement of IPPs to the extent that 15  out of the 17 sampled small/mini hydro power plants, which commenced  construction and were commissioned after the enactment of the PPP Act 2015  and PPP regulations 2016, were not subjected to any competition before securing  the sites.",medium
Karuma Interconnection Transmission Lines,power_transmission,Karuma,,2019,1,1,procurement_irregularities,"•  UETCL procured goods, works and services amounting to UGX 7,453,066,691 outside the  procurement plan.",medium
Karuma-Kawanda Transmission Line,power_transmission,Karuma;Kawanda,,2019,1,1,land_and_right_of_way,"4.7  Value for Money Audit on compensation of Project Affected Persons under the  Karuma and Isimba Hydropower Projects and associated transmission lines    In a bid to increase electricity supply countrywide, GoU decided to construct Karuma and  Isimba Hydropower projects, as well as their associated transmission lines, namely Karuma- Kawanda, Karuma-Lira, Karuma-Olwiyo and Isimba-Bujagali.",high
Karuma-Lira Transmission Line,power_transmission,Karuma;Lira,,2019,1,1,land_and_right_of_way,"4.7  Value for Money Audit on compensation of Project Affected Persons under the  Karuma and Isimba Hydropower Projects and associated transmission lines    In a bid to increase electricity supply countrywide, GoU decided to construct Karuma and  Isimba Hydropower projects, as well as their associated transmission lines, namely Karuma- Kawanda, Karuma-Lira, Karuma-Olwiyo and Isimba-Bujagali.",high
Karuma-Olwiyo Transmission Line,power_transmission,Karuma;Olwiyo,,2019,1,1,land_and_right_of_way,"4.7  Value for Money Audit on compensation of Project Affected Persons under the  Karuma and Isimba Hydropower Projects and associated transmission lines    In a bid to increase electricity supply countrywide, GoU decided to construct Karuma and  Isimba Hydropower projects, as well as their associated transmission lines, namely Karuma- Kawanda, Karuma-Lira, Karuma-Olwiyo and Isimba-Bujagali.",high
Kasenyi-Lyato Road,road,Kasenyi;Lyato,,2023,1,1,delay_time_overrun,Delayed Completion of Works    I noted delays in completion of the works on seven (7) out of the fifteen (15) contracts  ranging from 30 to 182 days.,medium
"Katete Seed Secondary School (unnamed, inferred)",school,Katete,,2019,1,1,procurement_irregularities,I further noted that the  Construction of Kihanga Seed School was not implemented due to delayed procurement process.,low
"Katikamu Seed Secondary School (unnamed, inferred)",school,Katikamu,Luwero,2019,1,1,delay_time_overrun,"•  Under UgIFT, works for upgrade of Katuugo Health Centre II had stalled and funds for the  construction of a Seed secondary school in Katikamu Sub County were not utilized.",low
Katozi Water Project,water_supply,Katozi,,2022,1,1,land_and_right_of_way,  I noted incidents where NWSC possessed land that had expired land leases; some titles were yet to be transferred  in the company names; some land housing NWSC infrastructure and which was given by other government  agencies had no MoUs signed; and some land was encroached on.,medium
Katuugo Health Centre II,hospital_health,Katuugo,,2019,1,1,delay_time_overrun,"•  Under UgIFT, works for upgrade of Katuugo Health Centre II had stalled and funds for the  construction of a Seed secondary school in Katikamu Sub County were not utilized.",high
Kawolo Hospital,hospital_health,Kawolo,Buikwe,2018,1,1,contract_management,"Buikwe DLG   Performance of Youth Livelihood Programme    Underfunding of the Programme    Non-compliance with the Repayment schedule    Transfer of recovered funds to the Recovery Account in BOU    Inspection of Njeru Youth Group project    Implementation of the Uganda Road Funds    Budget Performance    Status of Implementation    Routine Manual Maintenance    Periodic Maintenance   Outstanding Commitments of UGX.110,530,664    Un utilized Funds under ICEIDA Project    Insufficient School Infrastructure    Status of Fish handling Facility at Kiyindi    Inspection at Kawolo Hospital    Insufficient housing facilities at Kawolo Hospital    Stock out of Essential medicines and health supplies at Kawolo Hospital    Under staffing at Kawolo Hospital    Status of Basic Medical Equipment at Kawolo Hospital    Management and Utilization of Natural Resources    Pollution of Environment    Illegal sand mining on the lake    Lack of a fully constituted Physical Planning Committee  63.",high
Kayunga General Hospital,hospital_health,Kayunga,Kayunga,2018,1,1,land_and_right_of_way,- Noncompliance with the repayment schedule  - Transfer of the Recovered Funds to the Recovery Account in BOU  - Inspection of Performance of Youth projects  - Kayonjo Piggery Youth Project  - Record keeping  - Bwetyaba Youth dairy Production  - Record Keeping  - Failed Youth Livelihood Projects   Implementation of the Uganda Road Funds  - Budget Performance  - Status of implementation  - Routine manual maintenance  - Under Utilization of Road Gangs  - Routine mechanised maintenance  - Periodic maintenance  - Burnt district Grader   Outstanding Pensions   Outstanding Commitments   Construction of Nakyesa Public Latrine   High School Dropout Rates   Failure to collect Local service Tax (LST) fr Non-Government employees   Management and Utilisation of Natural Resources   Ruining and encroachment on wet land   Failure to demarcate wetlands   Lack of a District Environmental Action Plan        252     Status of Essential medical equipment at the Kayunga General Hospital   Challenges faced by Kayunga HCIVs   District Road Equipment Inadequate Road Equipment    In adequate Infrastructure in Primary schools  71.,medium
Kayunga-Nabuganyi Road,road,Kayunga;Nabuganyi,,2025,1,1,contract_management,"xxiii)  Weak controls were noted in safeguarding non-current assets, including  thirty-nine (39) Government vehicles used for road supervision that still had  private number plates and were not recorded in the fixed assets register.",high
Kebisoni Seed Secondary School,school,Kebisoni,,2019,1,1,delay_time_overrun,Field inspections revealed incomplete works for this project.,high
Kibale-Kasekulo-Ttubi Road,road,Kibale;Kasekulo;Ttubi,,2019,1,1,contract_management,Inspection of the Kibale – Kasekulo – Ttubi road revealed poor workmanship on  some road sections.,high
Kigarama Seed School,school,Kigarama,,2019,1,1,delay_time_overrun,Field inspections of road works revealed  lack of off shoot and incomplete works on some sections of the sampled roads.,high
Kigumba-Masindi-Hoima-Kabwoya Road (RSSP-4),road,Kigumba;Masindi;Hoima;Kabwoya,,2022,1,1,land_and_right_of_way,"Road Sector Support Project 4 (RSSP–4),  for the upgrading of Kigumba – Masindi  – Hoima – Kabwoya Road Project  implemented by UNRA    I noted during various grievances relating with the resettlement of PAPs for Lot 1.",high
Kihanga Seed School,school,Kihanga,,2019,1,1,delay_time_overrun,"•  Under URF, I noted a 100% release of the budget however, field inspections of road works  revealed some cases of incomplete works.",high
Kikondo-Kawule-Busowe-Abonera/Kabuwoko Road,road,Kikondo;Kawule;Busowe;Abonera;Kabuwoko,,2019,1,1,contract_management,"•  Under URF field inspections, I observed poor workmanship on the 10 km stretch of Kikondo –  Kawule – Busowe– Abonera/Kabuwoko road.",high
Kikoza-Kigoloba-Naluvule Road,road,Kikoza;Kigoloba;Naluvule,Luwero,2018,1,1,delayed_payments,Luwero DLG   Performance of Youth Livelihood Programme  - Under funding of the Programme  - Non Compliance with Repayments Schedules  - Un confirmed transfers of Recovered funds to Recovery Account in  BOU  - Inspection of performance of Youth Projects  - Nakigoza Youth Tato Growing Project  - Record keeping  - Kanyogoga Youth Piggery Project  - Poor Record keeping   Implementation of the Uganda Road Funds  - Inspection of Kikoza-Kigoloba-Naluvule Road (8.9Kms)  - Failure to carry out Routine Manual Maintenance on District Roads   Mischarge of Expenditure   Un accounted for funds   Financial Loss   Outstanding Creditors   Outstanding Salary and Pension Arrears   Diversion of PHC and Agricultural Extension Services Wage to Pay  Primary Teachers Salary   Un-updated property valuation list   Under staffing and related   Un Recovered UWEP Revolving Funds   Un approved borehole Rehabilitation Assessments   Difficulties in accessing Road equipment fr Regional Workshops   Failure to Perform Physical count for students under USE   Review of Eye Clinic Donation at Luwero Health Centre IV   Management of Procurement   Absence of a Contracts Register   Absence of 10% Performance securities for Procurement contracts        253     Lack of a representative of Lower Local Government on Evaluation  Committee   Management of Natural Resources   Environmental dilapidation of district wetlands   Failure to de-gazette Bombo Local Forest Reserve   Poor Status of basic Medical Equipment   Lack of a District Physical Development Plan   Absence of District land and Lease Registers   Absence of legitimate Registration of the District Land   Capitation Grants   Under funding of the USE and UPE capitation programs   Construction of a 2 classro block and others at Bulamba Primary Schoo   Status of Basic Medical Equipment  72.,high
Kindra-Lokajo Road,road,Kindra;Lokajo,,2019,1,1,procurement_irregularities,"•  Inspection of Kindra-Lokajo road revealed that a section of the road with a stream need a bridge,  there was no sign post and no records of community procurement and project management.",high
Kira Municipal Council Administration Building Phase II,other_building,Kira,Wakiso,2018,1,1,delay_time_overrun,Kira MC    Implementation of the Uganda Road Funds    Under-funded emergency Road Works        257      Fragmentation of Resources under Up-grading of un-paved Roads to  Bitumen standard    Inadequate Road Equipment    Incomplete works - Construction of Kira MC Administration Building  Phase II    Under staffing    Lack of Land titles for UPE Schools    Inspection of Primary Schools    Management and Utilization of Natural Resources    Failure to demarcate wetlands    Establishment of Urban Physical Planning Committees    Garbage Collection Management    Inadequate Garbage transportation equipment – Hiring of Equipment    MASAKA  BRANCH    78.,high
Kira-Matugga Road Project,road,Kira;Matugga,Wakiso,2024,1,1,contract_management,"ii) I noted that two (2) activities namely, construction works, rehabilitation  and upgrade of health facilities; and procurement of assorted medical  and laboratory equipment for 10 Health Centers, 2 ambulances, 5  supervision vehicles and 18 motorcycles valued at UGX.18.049Bn had  not been fully implemented by close of the year.",high
"Kira-Mukono Roads Lot 2 (Anthony-Kame, Kame Annex, Albert Cook-Cathedral Rise, Kame-Nabuti-Katosi)",road,Kira;Mukono,,2025,1,1,land_and_right_of_way,"The Accounting Officer explained that under absorption of capital budget was attributed  to delayed procurement processes, Prolonged Land acquisition processes, inadequate  budget provisions, limited capacity of the Contractors, and changes of designs during  execution, among others.",medium
"Kira-Mukono Roads Lot 3 (Nasuuti-Nakabago-Ntawo, Bajjo-Seeta, Serado Link, Kigunga Link)",road,Kira;Mukono,,2025,1,1,land_and_right_of_way,"The Accounting Officer explained that under absorption of capital budget was attributed  to delayed procurement processes, Prolonged Land acquisition processes, inadequate  budget provisions, limited capacity of the Contractors, and changes of designs during  execution, among others.",medium
Kisaigi Bridge,bridge,Kakumiro,Kakumiro,2019,1,1,contract_management,"Bleeding, broken end structures, broken and  scoured aprons, Stripped capping layer  along road carriageway, silted culverts  11  Low Cost Sealing of Selected District  Roads; Lot 6: in Kamuli District  Silted culverts, damaged culvert bases,  washed off culvert backfill, damaged road  base, damaged end structures  12  Construction of Gem Farm Bailey  Bridge in Atiak, Amuru District  Collapsed gabion at Abutment 2 RHS,  Inadequate backfill at approach to the  bridge (LHS) in the corner, Need for river  training  13  Construction of Kisaigi Bridge in  Kakumiro District Lot 1  Honey combs, collapsing backfill, Crack at  Abutment wall, Formwork left within the  bridge structure at different locations  14  Construction of Kabindula Swamp  Crossing in Kyankwanzi District Lot 20  Extensive Honey combing, poor  workmanship on concrete works    The Accounting Officer indicated that contractors had been instructed to address the  identified defects prior to issue of the practical completion certificate.",high
Kitgum Technical Institute,school,Kitgum,Kitgum,2022,1,1,procurement_irregularities,"The audit made the following observations;      There was lack of competition during procurement of IPPs to the extent that 15  out of the 17 sampled small/mini hydro power plants, which commenced  construction and were commissioned after the enactment of the PPP Act 2015  and PPP regulations 2016, were not subjected to any competition before securing  the sites.",high
Kiwogoloma-Kitukutwe-Kijabijjo Road,road,Kiwogoloma;Kitukutwe;Kijabijjo,,2023,1,1,delay_time_overrun,"  There was delayed completion of; Construction of a Ferry Landing Site at Gerenge  in Katabi Town Council, Civil Works for Upgrading of Shimon Roads (3.178km) and  Civil Works for the upgrading of Kiwogoloma-Kitukutwe-Kijabijjo road (4.5km) and  Bulindo-Nsansa-Namugongo road (4.56km), Ssezibwa (Bulandi –Gyira) Swamp  Crossing Between Kayunga and Nakasogola Districts as well as civil Works for  Upgrading of Kafunta-Buwampa Road (9.5KM).",high
Kiyindi Fish Handling Facility,other_building,Kiyindi,Buikwe,2018,1,1,contract_management,"Buikwe DLG   Performance of Youth Livelihood Programme    Underfunding of the Programme    Non-compliance with the Repayment schedule    Transfer of recovered funds to the Recovery Account in BOU    Inspection of Njeru Youth Group project    Implementation of the Uganda Road Funds    Budget Performance    Status of Implementation    Routine Manual Maintenance    Periodic Maintenance   Outstanding Commitments of UGX.110,530,664    Un utilized Funds under ICEIDA Project    Insufficient School Infrastructure    Status of Fish handling Facility at Kiyindi    Inspection at Kawolo Hospital    Insufficient housing facilities at Kawolo Hospital    Stock out of Essential medicines and health supplies at Kawolo Hospital    Under staffing at Kawolo Hospital    Status of Basic Medical Equipment at Kawolo Hospital    Management and Utilization of Natural Resources    Pollution of Environment    Illegal sand mining on the lake    Lack of a fully constituted Physical Planning Committee  63.",high
Kiziba Health Centre II-III Upgrade,hospital_health,Kiziba,,2019,1,1,procurement_irregularities,•  I noted procurement delays of 7 and 10 months in the signing of contracts for upgrading Kiziba  HC II to HC III and construction of Samson Kalibala Kamya Memorial Seed Secondary school  respectively.,high
Kole-Gulu-Nebbi-Arua Transmission Line,power_transmission,Kole;Gulu;Nebbi;Arua,,2023,1,1,governance_and_controls,The other  six pillars which support the primary pillar include: Infrastructure and Economic Services;  Financial Inclusion (FI); Social Services; Community Mobilization and Mind-set Change;  Parish Development Management Information System (PDMIS); and Governance and  Administration.,high
Kotido District Council Hall,other_building,Kotido,Kotido,2018,1,1,delayed_payments,Kotido DLG   Unsupported Pension  Payments      YLP-Low Recovery of Funds    URF-Performance of URF    Release of Funds for the implementation of  Duplicated Sub-Projects under NUSAF III    Un-Spent Conditional Grant    Under-Collection of Local Revenue    Delays in Implementation of NUSAF Sub- Projects    Construction of Council Hall    Incomplete and abandoned Contractual  Obligations    Un-Sustainable Accumulation of Domestic  Arrears    Lack of Land Titles    Inadequate Infrastructure in UPE Schools    Composition of Physical Planning Committee  11.,medium
Kurunga-Tokuru Road,road,Kurunga;Tokuru,Yumbe,2018,1,1,claims_and_disputes,"Yumbe DLG      YLP-Low Recovery of Funds    URF-Performance of URF    Unspent Balance not returned to the Consolidated Fund    Delayed Disbursement of Funds to Groups    Failure to Remit Sub-counties’ Share of Collected Local Revenue    Nugatory Expenditure    Lack of Budget Provisions for the Committee    Failure to Issue Occupational Permits, Monitor and Control Developments    Condition of Medical equipment    Inspections of Health Centres    Award of Contract to a Company that Failed the Eligibility Test    Wasteful Expenditure on Kurunga – Tokuru Road    PPDA Reports for FY 2017/18    10.",high
Kyayi Seed School,school,Kyayi,,2019,1,1,delay_time_overrun,"•  Under the UgIFT Program, I noted incomplete works for the upgrade of Ngomanene and Mamba  health centres IIs to IIIs whilst works on the construction of Kyayi seed school had not yet began  by 1/08/2019.",high
Kyoho Bridge,bridge,Kyoho,,2019,1,1,cost_overrun,•  I noted excess expenditure of UGX.0.19bn on the construction of Kyoho Bridge due to a decision  to change from force Account to irregular contracting of the unfinished works to a private  contractor.,high
Labworoyeng-Pawena-Laliya-Pawic-Lagot Anyara-Beyogoya Community Access Road,road,Labworoyeng;Pawena;Laliya;Pawic;Lagot Anyara;Beyogoya,,2025,1,1,procurement_irregularities,"viii) Three (3) years after the Presidential Directive to conclude a direct procurement  agreement for the construction of the Commission’s headquarters, the  Commission had not implemented the required agreement or contract.",high
Lake Katwe Technical Institute,school,Katwe,Kasese,2022,1,1,procurement_irregularities,"The audit made the following observations;      There was lack of competition during procurement of IPPs to the extent that 15  out of the 17 sampled small/mini hydro power plants, which commenced  construction and were commissioned after the enactment of the PPP Act 2015  and PPP regulations 2016, were not subjected to any competition before securing  the sites.",high
Lapu Health Centre II,hospital_health,Lapu,,2019,1,1,delay_time_overrun,"•  Under UgIFT, construction of Ogom Seed Secondary School was not undertaken and works at  Lapu HC II had stalled at beam level despite receipt of funds that were swept back at year end.",medium
Laroo-Pageya Road,road,Laroo;Pageya,Gulu,2018,1,1,claims_and_disputes,Gulu DLG    Performance of Youth Livelihood Programme    Failure to transfer recovered funds to the recovery account in BOU    Inspection of performance of youth projects    Implementation of the Uganda Road Funds    Budget performance    Status of implementation    Contingent liability    Unpaid pension and gratuity arrears    Payables    Incomplete and abandoned work    Incomplete renovation and expansion of OPD in Lugore HCII Palaro sub  county    Incomplete/ abandoned low cost sealing of Laroo- Pageya Road 2Km    Non- disbursement of YLP funds for financial year 2017/2018    Non-assessment of taxable revenue    Summary of exceptions raised in the PPDA report    Management of natural resources    Unlicensed activities on natural resources    The physical planning Committee    Establishment of the physical planning Committee    Performance of the physical planning Committee    Non budgeting for the physical planning Committee activities    Management of road equipment    Failure to maintain road equipment records    Non-functional/ grounded equipment    Status of basic medical equipment    Failure to record medical equipment in the district assets register    Missing procurement records  27.,high
Lira Regional Referral Hospital,hospital_health,Lira,Lira,2018,1,1,delayed_payments,"Lira Regional Referral  Hospital    Mischarged  Expenditure -  UGX.167,904,869    Unaccounted for  funds -  UGX.136,359,356    Non Tax Revenue (NTR) Spent at source -  UGX.15,475,663    Over statements of Benefits Expenditure -  UGX.170,282,724    Unsupported Payables/Domestic Arrears -  UGX.157,916,520        150      Undisclosed  Expenditure -  UGX.298,206,573    Overstatement of  Net worth -  UGX.108,735,083      Understaffing    Condition of Medical Equipment    Failure to plan for Consultancy Services    Failure to provide a Performance Security  12.",high
Loborom HC III Solar-Powered Water System,water_supply,Loborom,Kitgum,2018,1,1,delayed_payments,"Apac DLG   Unsupported  expenditure  transactions   Unexplained adjustment      Performance of Youth Livelihood Programme    Funding of the program    Non – compliance with the repayment  schedule    Transfer of recovered funds to the recovery  account in BOU    Inspection of performance of youth projects    Implementation of the Uganda Road Fund    Budget performance    Status of implementation    Unsupported domestic arrears    Unbudgeted for domestic arrears    Loss of district motor cycles    Outstanding electricity bill    Management of natural resources    Lack of legal ownership of land, forest  reserves and wetlands    Unlicensed/illegal activities on Natural  Resources    Physical Planning Committees    Existence of Physical Planning Committee    Capitation grant in Aninolal Primary school    Disclosure of capitation grant funds in financial  statements    Status of basic medical equipment    Inventory of Medical Equipment    Condition of Medical Equipment  3.",high
Lopei Bridge,bridge,Lopei,,2019,1,1,procurement_irregularities,c)  Delayed procurement of the Consultant    The contractor for the civil works was procured on 8th February 2016 while the  commencement date of the project was 20th June 2016.,high
Low Cost Sealing of Selected District Roads Lot 6 (Kamuli),road,Kamuli,Kamuli,2019,1,1,contract_management,"Bleeding, broken end structures, broken and  scoured aprons, Stripped capping layer  along road carriageway, silted culverts  11  Low Cost Sealing of Selected District  Roads; Lot 6: in Kamuli District  Silted culverts, damaged culvert bases,  washed off culvert backfill, damaged road  base, damaged end structures  12  Construction of Gem Farm Bailey  Bridge in Atiak, Amuru District  Collapsed gabion at Abutment 2 RHS,  Inadequate backfill at approach to the  bridge (LHS) in the corner, Need for river  training  13  Construction of Kisaigi Bridge in  Kakumiro District Lot 1  Honey combs, collapsing backfill, Crack at  Abutment wall, Formwork left within the  bridge structure at different locations  14  Construction of Kabindula Swamp  Crossing in Kyankwanzi District Lot 20  Extensive Honey combing, poor  workmanship on concrete works    The Accounting Officer indicated that contractors had been instructed to address the  identified defects prior to issue of the practical completion certificate.",high
Lubigi Primary Channel,other,Lubigi,Kampala,2019,1,1,cost_overrun,"•  I noted that the Council awarded a contract for the construction of a water borne toilet at UNMC  at UGX.43,770,330, while the approved budget was UGX.32,000,000 and there was no approved  supplementary budget to support the additional allocation of UGX 11,770,330.",high
Lugore HC II OPD Renovation/Expansion,hospital_health,Lugore (Palaro sub-county),Gulu,2018,1,1,claims_and_disputes,Gulu DLG    Performance of Youth Livelihood Programme    Failure to transfer recovered funds to the recovery account in BOU    Inspection of performance of youth projects    Implementation of the Uganda Road Funds    Budget performance    Status of implementation    Contingent liability    Unpaid pension and gratuity arrears    Payables    Incomplete and abandoned work    Incomplete renovation and expansion of OPD in Lugore HCII Palaro sub  county    Incomplete/ abandoned low cost sealing of Laroo- Pageya Road 2Km    Non- disbursement of YLP funds for financial year 2017/2018    Non-assessment of taxable revenue    Summary of exceptions raised in the PPDA report    Management of natural resources    Unlicensed activities on natural resources    The physical planning Committee    Establishment of the physical planning Committee    Performance of the physical planning Committee    Non budgeting for the physical planning Committee activities    Management of road equipment    Failure to maintain road equipment records    Non-functional/ grounded equipment    Status of basic medical equipment    Failure to record medical equipment in the district assets register    Missing procurement records  27.,high
Lukole Market,market,Lukole,Agago,2023,1,1,delay_time_overrun,  There was delayed completion of the construction of the two (2) markets namely  Opit in Omoro district and Lukole in Agago district by an average of eight (8)  months as at the time of audit in October 2023.,high
Lulyango Primary School Works,school,Lulyango,Nwoya,2018,1,1,contract_management,"Nwoya DLG    Performance of Youth Livelihood Programme    Funding of the Programme    Non-compliance with the Repayment Schedule    Transfer of recovered funds to the recovery account in BOU    Inspection of Performance of Youth projects    Implementation of the Uganda Road Funds    Budget performance    Status of implementation        235        Unpaid, Salaries , Pensions Gratuity Arrears    Payment for Work not done at Anaka Central P/S    Payment for Work not done at Todora HCII    Payment for Work not done at Lulyango Primary School    Construction of Box Culvert on Ceke Stream/ Diversion of Funds    Summary of exceptions raised in the PPDA audit reports    Management of Natural Resources    Lack of legal ownership of land, forests reserves and wetlands.",medium
Lusenke Ranch,other_building,Lusenke,Nakaseke,2018,1,1,claims_and_disputes,"  Non-implementation of planned activities    Contingent liability due to delay in site handover- UGX,6,630,071,834    Garnishee order on KIIDP2 Account - US$.",medium
Luuku-Kalangala-Mulabana Road,road,Luuku;Kalangala;Mulabana,Kalangala,2019,1,1,delay_time_overrun,Road Component    The road construction works for the upgrade of Luuku – Kalangala – Mulabana  (65.6 km) road from Class “C” to Class “B” gravel standards that were expected to  be executed within a period of twelve (12) months were completed after three  years in March 2016 resulting in a two years delay with no provisions for remedies/  penalties for delayed completion of the road construction works by the  implementation agreement.,high
Luwero Fruit Factory,other_building,Luwero,Luwero,2018,1,1,claims_and_disputes,"  Payment of un-budgeted prior year arrears amounting to  UGX.48,634,712,458    Payment for tea lead agency fees for Kabale and Kisoro  districts        201     Flawed MOU with regard to measurement of  deliverables:   Rationale for the 30% Lead agency fee on distributed  tea:   Partial consent settlement without Guarantee;    Mischarge of Expenditure totalling to UGX.1,009,498,818    Nugatory Expenditure – UGX 93,159,046    Pending cases whose value was in excess of UGX.18 billion  pending resolution by court    Operation Wealth Creation vehicle status review    Basis for computation of transport costs to the tune of  UGX.1,978,744,208    Sugarcane Production in Northern Uganda   Cane seed procurement-UGX.4,518,260,220    Non consideration of the evaluation  methodology and criteria    Delayed delivery and Liquidated damages  charges    Expiry of the Advance payment guarantee   Bush Clearing, Land preparation, Planting cane, weed  management, manual and mechanical weeding, seed  cane harvesting and loading-UGX.15,526,487,530    Irregular Advance payment security in form  of Log books- UGX.4,657,946,259    Contract price adjustment:    NAADS’ restructuring and Legal Mandate   Irregular restructuring:-   Uncertainty on ownership of Assets:-   Liability against OWC:-    NAADS’ assets held by districts    Failure to execute performance security worth  UGX.23,325,873,958    Recruitment of Civilians under Operation Wealth Creation   Unclear Authority for the recruitment of civilians   Non deduction of PAYE from OWC civilian staff        202      TRADE SECTOR  103.",high
Luwero Health Centre IV Eye Clinic,hospital_health,Luwero,Luwero,2018,1,1,delayed_payments,Luwero DLG   Performance of Youth Livelihood Programme  - Under funding of the Programme  - Non Compliance with Repayments Schedules  - Un confirmed transfers of Recovered funds to Recovery Account in  BOU  - Inspection of performance of Youth Projects  - Nakigoza Youth Tato Growing Project  - Record keeping  - Kanyogoga Youth Piggery Project  - Poor Record keeping   Implementation of the Uganda Road Funds  - Inspection of Kikoza-Kigoloba-Naluvule Road (8.9Kms)  - Failure to carry out Routine Manual Maintenance on District Roads   Mischarge of Expenditure   Un accounted for funds   Financial Loss   Outstanding Creditors   Outstanding Salary and Pension Arrears   Diversion of PHC and Agricultural Extension Services Wage to Pay  Primary Teachers Salary   Un-updated property valuation list   Under staffing and related   Un Recovered UWEP Revolving Funds   Un approved borehole Rehabilitation Assessments   Difficulties in accessing Road equipment fr Regional Workshops   Failure to Perform Physical count for students under USE   Review of Eye Clinic Donation at Luwero Health Centre IV   Management of Procurement   Absence of a Contracts Register   Absence of 10% Performance securities for Procurement contracts        253     Lack of a representative of Lower Local Government on Evaluation  Committee   Management of Natural Resources   Environmental dilapidation of district wetlands   Failure to de-gazette Bombo Local Forest Reserve   Poor Status of basic Medical Equipment   Lack of a District Physical Development Plan   Absence of District land and Lease Registers   Absence of legitimate Registration of the District Land   Capitation Grants   Under funding of the USE and UPE capitation programs   Construction of a 2 classro block and others at Bulamba Primary Schoo   Status of Basic Medical Equipment  72.,medium
Lwemikomago Health Centre II,hospital_health,Lwemikomago,,2019,1,1,delay_time_overrun,"•  Under the UgIFT program, I noted delays in contract execution of up to three months for the  upgrade of Lwemikomago health centre II and incomplete works.",high
"MTAC Centre, Mbale",other_building,Mbale,Mbale,2025,1,1,contract_management,"iv) The construction of the MTAC Centre in Mbale had not been formally transferred  to Nakawa Vocational Training College, raising supervision concerns.",high
"Makerere University Agricultural Research Institute Kabanyolo (MUARIK, inferred)",school,Kabanyolo,Wakiso,2023,1,1,land_and_right_of_way,"  The Institute owns land measuring 650 acres in Kabanyolo with a total of 15  Security guards, however, the land is encroached upon and a school is being built  on it, the land is not fully demated and not fully fenced.",low
Malaba One Stop Border Post,other_building,Malaba,Tororo,2021,1,1,land_and_right_of_way,"When the procurement  was completed and the Lands at Malaba, Busia and Elegu were handed over to the  contractor, the contractor could not access the sites as all the sites had encroachers  and subsequent land wrangles.",medium
Mamba Health Centre II-III Upgrade,hospital_health,Mamba,,2019,1,1,delay_time_overrun,"•  Under the UgIFT Program, I noted incomplete works for the upgrade of Ngomanene and Mamba  health centres IIs to IIIs whilst works on the construction of Kyayi seed school had not yet began  by 1/08/2019.",high
Masindi and Kigumba Town Roads,road,Masindi;Kigumba,,2022,1,1,contract_management,"  While UNRA obtained a certificate of no objection for the construction and construction supervision of Hoima Town  roads, certificate of no-objection was not obtained for the construction and construction supervision of Masindi  and Kigumba Town roads due to delays in approvals by the funders.",medium
Masindi-Biiso-Kabale-Kiziranfumbi-Hohwa-Nyairongo-Butole Road,road,Masindi;Biiso;Kabale;Kiziranfumbi;Hohwa;Nyairongo;Butole,,2025,1,1,delay_time_overrun,"xiii) Two (2) construction contracts worth UGX.16.91Bn were behind schedule, while  four (4) supplies worth UGX.3.03Bn procured and delivered to MAAIF and  NAGRC stores remained undistributed three (3) months after delivery.",high
Mavugera Primary School Classrooms,school,Mavugera,Butambala,2018,1,1,land_and_right_of_way,Butambala DLG   Performance of Youth Livelihood Programme    Implementation of the Uganda Road Funds  - Budget Performance  - Status of implementation  - Routine manual maintenance  - Routine mechanised maintenance  - Periodic maintenance  - In adequate Monitoring and Supervision of Road works      Un verified Outstanding Pension and Gratuity Payments    Under Staffing    Gombe Hospital    Inadequate Funding    Hospital Dilapidated Buildings    Discharge of Sewage into the Community by the Hospital    Lack of Land title for the Hospital   Management of Procurement   Drilling and Installation of Hand pump Borehole to Solar Powered  Boreholes   Failure to Meet Evaluation Criteria   Inspection of the motorized Pump    Procurement Evaluation for Construction of classrooms at Mavugera  P/S    Construction of Facilities at Bwetyabya UMEA P/S    Management of Natural Resources    Absence of Environment Committees        251      Conservation of Natural Resources    Encroachment on Forest Reserves    Un controlled Human Activities on Wetlands    Lack of a District Land Office    Lack of a Land Board    Inflated Pupil Enrolment    Status of Basic Medical Equipment at Gbe Hospital  70.,high
Mazuri Ranch,other_building,Mazuri,,2018,1,1,claims_and_disputes,"  Non-implementation of planned activities    Contingent liability due to delay in site handover- UGX,6,630,071,834    Garnishee order on KIIDP2 Account - US$.",medium
Mbale Regional Referral Hospital,hospital_health,Mbale,Mbale,2018,1,1,delayed_payments,"Mbale Regional  Referral Hospital    Unsupported  Gratuity Payments  UGX.695,585,680        Unsupported  domestic  arrears  UGX.752,666,672    Shortfall in Central Government Grants  UGX.141,57,943    Understaffing    Irregular Payment of Salaries to Retired Staff    Lack of land titles    shortage of medical equipment, (Condition of  the Medical equipment )    There was no fridge for storage of dead  bodies (State of the Hospital Mortuary)  13.",high
Mbale Satellite Centre Construction,other_building,Mbale,Mbale,2025,1,1,procurement_irregularities,"1.9.1 Inadequacies in the standardisation of specifications and prices for common  user works, services and supplies    Section 8 of the PPDA Act, Cap 205, empowers the Authority, where applicable, to  determine the prices of works, services and supplies which are used in common by two  or more procuring and disposing entities and which may be subject to common  procurement; and review the prices as may be necessary.",high
Mbale-Tororo Transmission Line,power_transmission,Mbale;Tororo,,2023,1,1,governance_and_controls,The other  six pillars which support the primary pillar include: Infrastructure and Economic Services;  Financial Inclusion (FI); Social Services; Community Mobilization and Mind-set Change;  Parish Development Management Information System (PDMIS); and Governance and  Administration.,high
Mbarara Regional Referral Hospital,hospital_health,Mbarara,Mbarara,2018,1,1,delayed_payments,Soroti Regional Referral Hospital    Revenue Shortfall    Budget Under Absorption    Unapproved Supplementary Funding    Un accounted for Funds    Under staffing    Unsupported Domestic Arrears    Lack of a Hospital Board    Management of the of Oxygen Plant and supply of oxygen        177      Shortage of medical equipment at the health facility    Utilization of Medical Equipment    Failure to supply ordered Medicines    Expired Drugs    Drug Stock Outs    Unapproved Variation  133.,high
Mirama-Kabale Transmission Line,power_transmission,Mirama;Kabale,,2023,1,1,governance_and_controls,The other  six pillars which support the primary pillar include: Infrastructure and Economic Services;  Financial Inclusion (FI); Social Services; Community Mobilization and Mind-set Change;  Parish Development Management Information System (PDMIS); and Governance and  Administration.,high
Mityana Substation,power_transmission,Mityana,Mityana,2023,1,1,contract_management,The delayed  completion of works creates risks of escalation of supervision and construction  costs.,high
Molo Sub-county Administration Block,other_building,Molo,,2019,1,1,delay_time_overrun,"•  I noted that the Construction of administration block had stalled  •  Under NUSAF, I noted delayed implementation of projects, and absence of internal audit  •  I noted during inspection YLP that youth groups received project funds however no records on  group management, group management and selection, repayment schedule were availed.",medium
Moroto Bus Terminal,other_building,Moroto,Moroto,2019,1,1,procurement_irregularities,•  I noted a delay of 22 days in the procurement process under UgIFT and works at one of the  structures was at foundation level.,high
Moroto Valley Dam,dam,Moroto,Moroto,2023,1,1,delay_time_overrun,  Two (2) contractors undertaking contract works for the valley dams in Moroto and  Kaabong districts are past the completion time but works are still significantly  behind schedule.,low
Moroto-Lokitanyala Road,road,Moroto;Lokitanyala,,2025,1,1,delay_time_overrun,"xiii) Two (2) construction contracts worth UGX.16.91Bn were behind schedule, while  four (4) supplies worth UGX.3.03Bn procured and delivered to MAAIF and  NAGRC stores remained undistributed three (3) months after delivery.",high
Mpoma Perimeter Wall,other_building,Mpoma,Mukono,2025,1,1,procurement_irregularities,"Climate Change and  Infectious Diseases  (One  Health  Approach”  -  CIDIMOH  Project  (MAK)  for  the  period ended 31st  December 2024  Human  Capital  Development  Unqualified  There were no reportable issues  Climate  Smart  Agriculture in Sub- Saharan  Africa  (CSA)  Project  (MUK)  for  the  period ended 31st  December 2024  Human  Capital  Development  Unqualified  There were no reportable issues  Energy Technology  Network  (Energynet) Project  Human  Capital  Development  Unqualified  There were no reportable issues    333  Entity Name  Programme  Name  Opinion    Summary of Key Findings  I noted that;  (MUK)  for  the  Period 1st Jan 2024  to 31st Dec 2024  Gender  and  Digitalization Across  Context  (GENDIG)  Project (MUK) for  period 1st Jan 2024  to 31st Dec 2024  Human  Capital  Development  Unqualified  There were no reportable issues  Enhanced Capacity  for  Aquatic  Resources in East  and  South  Africa  (ECARESA) Project  (MUK)  for  the  period 1st Jan 2024  to 31st Dec 2024  Human  Capital  Development  Unqualified  There were no reportable issues  Decolonizing  Epistemologies: The  Disciplines and the  University  in  relation  to  the  Society  and  the  World  Project  (MUK)  for  the  Period 1st Jan 2024  to 31st Dec 2024  Human  Capital  Development  Unqualified  There were no reportable issues    Co  -  Creating  Knowledge for Local  Adaptation  to  Climate Change in  LDCS  (COLOCAL)  Project (MUK) for  the period 1st Jan  2024 to 31st Dec  2024  Human  Capital  Development  Unqualified  There were no reportable issues    334  Entity Name  Programme  Name  Opinion    Summary of Key Findings  I noted that;  Competitiveness  and  Enterprise  Development  Project (CEDP-AF) –  MoFPED    Public  Sector  Transformation  &  Tourism  Development  Unqualified  i)  For procurements worth UGX.2.577Bn, the project shortlisted providers that  were not on its prequalified list of suppliers.",medium
Mpondwe Bridge,bridge,Mpondwe,Kasese,2019,1,1,procurement_irregularities,c)  Delayed procurement of the Consultant    The contractor for the civil works was procured on 8th February 2016 while the  commencement date of the project was 20th June 2016.,high
Mpungu Health Centre II-III Upgrade,hospital_health,Mpungu,,2019,1,1,delay_time_overrun,•  I noted incomplete works for construction of motorised pump boreholes three months after  contract expected completion date and thus communities could not realise the benefits.,high
MuJunza Health Centre,hospital_health,MuJunza,,2019,1,1,delay_time_overrun,•  Under UgIFT I noted incomplete works on the construction of a seed school at Banamywa Sub  County while the site for construction of MuJunza health centre appeared abandoned.,low
Mubende Regional Referral Hospital,hospital_health,Mubende,Mubende,2018,1,1,delayed_payments,"Mubende Regional  Referral Hospital    Mischarged  Expenditure  UGX.777,764,898    Un-supported  Receivables  UGX.215,408,183    Budget shortfall of UGX.1,057,562,572    Non construction of the paediatrics and  medical wards    Domestic Arrears UGX.1,543,294,611    Poor Condition of Medical Equipment    Poor maintenance of Medical Equipment    14.",high
Mubende Substation,power_transmission,Mubende,Mubende,2023,1,1,contract_management,The delayed  completion of works creates risks of escalation of supervision and construction  costs.,high
Mulago Hospital and Kampala City Capacity Project (MKCCAP),hospital_health,Kampala (Mulago),Kampala,2018,1,1,delayed_payments,"4,811,238,710    Unspent balances UGX.3,641,516,554    None Alignment of the Ministry’s budget with  the National Development Plan    Domestic arrears UGX.42,597,252,938    Improvement of Health Services at Mulago  Hospital and the City of Kampala Project  (MKCCAP)  o  Omission of essential components  of works during planning and  design review  o  Delayed execution of works  o  Validity of contractor’s all risk policy  o  Unspecified  percentage  for  Subcontracting of works  o  Non recovery of Advance Payment  worth  UGX.251,848,338,  and  retention worth UGX.628,710,846  o  Implementation and Payment of  some Addendum Works before  Contractual Approval by contracts  committee  o  Payment for unexecuted works  USD.221, 142.63  o  Delayed payment of VAT and IPCs  USD.",high
Mulago Specialized Women & Neonatal Hospital (MSWNH),hospital_health,Kampala (Mulago),Kampala,2025,1,1,delayed_payments,v)  The Hospital made payments for settlement of arrears worth UGX.0.29Bn beyond  the approved domestic arrears budget without seeking approvals of the PSST.,high
Mutundwe-Entebbe 132kV Double Circuit Transmission Line,power_transmission,Mutundwe;Entebbe,,2025,1,1,contract_management,Mutundwe-Entebbe  132  Kv  Double  Circuit Transmission  Line project for the  year  ended  30th  June 2024  Energy  Development  Unqualified  i)  There was no valid contract for provision of consultancy services between UETCL  and M/S GOPA Intec and yet there were defects liability period activities that  were supposed to be supervised.,high
Nakamiro Secondary Channel,other,Nakamiro,,2019,1,1,cost_overrun,"•  I noted that the Council awarded a contract for the construction of a water borne toilet at UNMC  at UGX.43,770,330, while the approved budget was UGX.32,000,000 and there was no approved  supplementary budget to support the additional allocation of UGX 11,770,330.",medium
Nakaseke Hospital,hospital_health,Nakaseke,Nakaseke,2018,1,1,delay_time_overrun,Nakaseke DLG  Performance of Youth Livelihood Programme  - Noncompliance with the Repayment schedule  - Inspection of Performance of Youth projects  - Lack of Project Records   Implementation of the Uganda Road Funds  - Budget Performance  - Status of implementation   Under staffing   Double Deployment of Head Teachers in One School   Delayed disbursement of funds to Youth and Wen Groups FYR 2017/18   Construction of Primary Schools under Global Partnership for Education   Direct Payments by the Ministry of Education to the Contractor   Incomplete works   Construction works under School Facilities Grant   Lack of Basic Infrastructure in Primary Schools   Inspection of Semuto HCIV   Inadequate Funding of Nakaseke Hospital   Theft of Hospital equipment at Nakaseke Hospital   Management and Utilisation of Natural Resources   Lack of legal ownership of Nabika forest reserves and wetlands   Absence of a Distinct Environmental Committee   Lack of Lease Register        254     Illegal Land Management of the District land by Luwero District Land  Board   Lack of a Wetlands Register   Degradation and Illegal activities on River Mayanja wetland   Lack of Land Title for health facilities    Status of basic medical equipment in health facilities    73.,high
Nakaseke Seed Secondary School,school,Nakaseke,Nakaseke,2019,1,1,delay_time_overrun,"•  Under UgIFT, Inspections revealed construction works of the Health Centre had stalled and  construction of Nakaseke Seed Secondary School had not commenced.",high
Nakaseta Primary School Pit Latrine,school,Nakaseta,Mityana,2018,1,1,delay_time_overrun,Mityana MC      Budget Performance under Uganda Road Fund  - Status of implementation  - Routine manual maintenance  - Routine mechanised maintenance  - Inspection of Wabigalo- Busubizi Road (Status of Road)  - The Poor state of Main Street  - Lack of Road Equipment    Under Collection of Local Revenue    Comingling of Property Tax with other Revenues    Lack of a Valuation Roll for Property Tax    Irregular Allocation of Classroom Block to Pre Primary Section    Incomplete works on Pit latrine constructed at NAKASETA P/S    Un Distributed Youth Livelihood program Funds financial year 2017/18    Non functionality of the Stores system    Lack of an owned Office Premises    Understaffing    Management and Utilization of Natural Resources    Lack of Land Titles    Lack of inventory of wetlands (Un known wetlands)    Human Activities on Lake Wamala Buffer Zone    Garbage Management    Littering of Garbage    Absence of by-laws on Garbage Management    Failure to Maintain Data and Records on Garbage Volume    In appropriate Location of the Landfill    Lack of a Physical Development Plan  77.,high
Nakitokolo Health Centre II,hospital_health,Nakitokolo,,2019,1,1,delay_time_overrun,"•  Under UgFIT, inspections revealed stalled works for Nakitokolo Health Centre II and Seed  Secondary School with both lacking land titles.",high
Nakitokolo Seed Secondary School,school,Nakitokolo,,2019,1,1,delay_time_overrun,"•  Under UgFIT, inspections revealed stalled works for Nakitokolo Health Centre II and Seed  Secondary School with both lacking land titles.",high
Nakyesa Public Latrine,other_building,Nakyesa,Kayunga,2018,1,1,land_and_right_of_way,- Noncompliance with the repayment schedule  - Transfer of the Recovered Funds to the Recovery Account in BOU  - Inspection of Performance of Youth projects  - Kayonjo Piggery Youth Project  - Record keeping  - Bwetyaba Youth dairy Production  - Record Keeping  - Failed Youth Livelihood Projects   Implementation of the Uganda Road Funds  - Budget Performance  - Status of implementation  - Routine manual maintenance  - Under Utilization of Road Gangs  - Routine mechanised maintenance  - Periodic maintenance  - Burnt district Grader   Outstanding Pensions   Outstanding Commitments   Construction of Nakyesa Public Latrine   High School Dropout Rates   Failure to collect Local service Tax (LST) fr Non-Government employees   Management and Utilisation of Natural Resources   Ruining and encroachment on wet land   Failure to demarcate wetlands   Lack of a District Environmental Action Plan        252     Status of Essential medical equipment at the Kayunga General Hospital   Challenges faced by Kayunga HCIVs   District Road Equipment Inadequate Road Equipment    In adequate Infrastructure in Primary schools  71.,low
Namagera Town Water Supply System,water_supply,Namagera,,2018,1,1,procurement_irregularities,"Regional  Pastoral  Livelihood  Improvement Project    Budget shortfall UGX.7.01bn    Under absorption of funds 32.6bn    Non-implementation of budgeted activities    Irregular payment of VAT on exempted supplies  –  UGX.139,703,172    Failure to supply vaccines    Delayed deliveries    Failure to deliver on second contract    Irregular transfer of District Project funds to General Fund  Account    Delayed procurement process for Consultancy services for the  design and construction of livestock watering facilities    Inadequate Project Monitoring    Delayed Disbursement of Funds to Implementing Districts    Unimplemented Activities(Inspection in Katakwi District)  27.",high
Namayemba Primary School Classroom Block,school,Namayemba,,2023,1,1,delay_time_overrun,Unjustified extensions of time lead  to delayed completion of the works.,high
Namisindwa District Administration Block,other_building,Namisindwa,Namisindwa,2018,1,1,cost_overrun,"Namisindwa DLG      Performance Of URF    YLP-low recovery of funds    Unpaid salaries    Excess Expenditure    Understaffing    Construction of District administration block    Failure to conduct a comprehensive revenue assessment    Disaster management - Effect of Heavy rains    Lack of legal ownership of land, forests reserves and wetlands    Lack of a District Environmental Committee    Unlicensed activities on Natural resources    Failure to maintain road equipment records    Condition of medical equipment  94.",medium
Namungoona-Nansana-Wakiso-Kakiri Road,road,Namungoona;Nansana;Wakiso;Kakiri,,2025,1,1,procurement_irregularities,Kapchorwa - Suam  Road-project  Integrated  transport  infrastructure  and  services  Unqualified  i)  The Commission did not reserve any procurements for registered associations  as required by the PPDA guidelines.,high
Namwiwa Town Water Supply System,water_supply,Namwiwa,,2018,1,1,procurement_irregularities,"Regional  Pastoral  Livelihood  Improvement Project    Budget shortfall UGX.7.01bn    Under absorption of funds 32.6bn    Non-implementation of budgeted activities    Irregular payment of VAT on exempted supplies  –  UGX.139,703,172    Failure to supply vaccines    Delayed deliveries    Failure to deliver on second contract    Irregular transfer of District Project funds to General Fund  Account    Delayed procurement process for Consultancy services for the  design and construction of livestock watering facilities    Inadequate Project Monitoring    Delayed Disbursement of Funds to Implementing Districts    Unimplemented Activities(Inspection in Katakwi District)  27.",high
Napak District Council Chambers,other_building,Napak,Napak,2018,1,1,delay_time_overrun,"Napak DLG      Performance of YLP    Performance Of URF    Accumulation of domestic arrears    Under Collection of Local Revenue        Unrealised Budget on grants    Stalled Construction of Council chambers    Lack of land titles    Under Staffing    Failure to meet the Minimum Standards in UPE Schools    Lack of a District Environment Committee    Lack of Register for Land, Wetlands and Forests    Unlicensed activities on the Natural Resources  136.",medium
Nasuleta Health Centre II,hospital_health,Nasuleta,Butebo,2018,1,1,land_and_right_of_way,Butebo DLG      Performance Of URF    Local Revenue Shortfall    Failure to carry out local revenue enumeration and assessment    Absence of a District Environmental Committee    Unlicensed activities carried out in the gazetted wetlands    Lack of clear boundaries of wetlands    Lack of Financial Statements for Nasenyi Primary School    Inadequate supervision by district officials    Lack of District Physical Planning Committee    Encroachment on council land at Nasuleta Health Centre II  100.,medium
Natete Police Station,other_building,Natete,Kampala,2018,1,1,land_and_right_of_way,"1,054,937,758    Inadequate provisions for maintenance of existing fleet    Lack of an approved fleet management policy    Inadequate controls for fleet operational costs    Delays in some construction projects such as Natete police  station    Un surveyed and untitled police land leading to encroachment    Non-operationalization of the Crime Records Management  Information System (CRMS) and Suspect Profile System (SPS)    Un satisfactory performance in the investigation of crimes  reported (only 22% successfully investigated and taken to  court)        153      6.",medium
National High Altitude Training Centre (Kiprotich),other_building,Teryet,Kapchorwa,2018,1,1,delayed_payments,"WSDF-E (2016/17)   Failure to achieve planned consumer connections i.e only 813  of the 1,205 made   Delayed Payments to Contractors  68.",high
National Metrology Laboratory at UNBS,other_building,,,2022,1,1,governance_and_controls,  There was only one Multi-sectoral Steering committee sitting during the year out of the mandatory two (2) which  is a major internal control weakness and exposes the Project to performance challenges such as delays in project  implementation and unsatisfactory quality of works among others  4.,medium
National Petroleum Data Repository Infrastructure Project,other_building,,,2024,1,1,governance_and_controls,"iv)  PAU lacks a consolidated regulatory oversight on the progress and  readiness  of  supporting  infrastructure  managed  by  other  government entities like Kabale International Airport managed by  Ministry of works, the Kabalega Industrial Park by the UNOC and an  electricity substation by UETCL.",low
National Science & Technology Entrepreneurship Innovation Centre,other_building,Namanve,Wakiso,2023,1,1,land_and_right_of_way,"  The land acquisition status report as at 30th June 2023 for road projects  implemented by UNRA revealed that UNRA cumulatively acquired a total of  28,960.87 acres from 172,608 PAPs for a total of UGX.3,263,758,811,455.",medium
Ngomanene Health Centre II-III Upgrade,hospital_health,Ngomanene,,2019,1,1,delay_time_overrun,"•  Under the UgIFT Program, I noted incomplete works for the upgrade of Ngomanene and Mamba  health centres IIs to IIIs whilst works on the construction of Kyayi seed school had not yet began  by 1/08/2019.",high
Nshaara Ranch,other_building,Nshaara,Kiruhura,2018,1,1,claims_and_disputes,"  Non-implementation of planned activities    Contingent liability due to delay in site handover- UGX,6,630,071,834    Garnishee order on KIIDP2 Account - US$.",medium
Nsongi Bridge,bridge,Nsongi,,2019,1,1,procurement_irregularities,c)  Delayed procurement of the Consultant    The contractor for the civil works was procured on 8th February 2016 while the  commencement date of the project was 20th June 2016.,medium
Ntungamo-Kabale-Katuna Road,road,Ntungamo;Kabale;Katuna,,2025,1,1,delay_time_overrun,"xiii) Two (2) construction contracts worth UGX.16.91Bn were behind schedule, while  four (4) supplies worth UGX.3.03Bn procured and delivered to MAAIF and  NAGRC stores remained undistributed three (3) months after delivery.",high
Nyakasharara Seed School,school,Nyakasharara,,2019,1,1,procurement_irregularities,"I also noted the construction  of a Seed Secondary School in Katete Sub-county did not take off due to incomplete procurement  process and funds worth UGX.731,049,478 was swept back to CF.",high
Nyakayojo Daily Matooke Market,market,Nyakayojo,Mbarara,2025,1,1,procurement_irregularities,"The status of some  of the Special Audits is as shown in the table below;    Table 58: Special Audits Conducted  SN  Subject of Investigation  Requester  of  Investigation  Entity  Under  Investigation  Status of  Audit  1  Mismanagement  of  USMID  projects, property rates income  and expenditure, street parking  tender  and  Nyakayojo  daily  matooke market tender  Office of the Speaker  of  Parliament  on  behalf of Member of  Parliament  Mbarara  City North Division  Mbarara City  Completed  2  Misappropriation  of  Road  Maintenance Grant funds by the  District  officials  in  Kiruhura  District  Member of Parliament  –  Kashongi  Constituency,  Kiruhura District  Kiruhura District Completed  3  End of Lease and Assignment  Agreement  Between  Umeme  Limited and Uganda Electricity  Distribution Company Limited  PS.",medium
Nyakinama Seed School,school,Nyakinama,,2019,1,1,procurement_irregularities,I further noted  that the construction of Kigarama Seed School was partially implemented due to delayed  procurement process.,high
Nyamitanga Technical Institute,school,Nyamitanga,Mbarara,2022,1,1,procurement_irregularities,"The audit made the following observations;      There was lack of competition during procurement of IPPs to the extent that 15  out of the 17 sampled small/mini hydro power plants, which commenced  construction and were commissioned after the enactment of the PPP Act 2015  and PPP regulations 2016, were not subjected to any competition before securing  the sites.",high
Nyamweru Seed School,school,Nyamweru,,2019,1,1,delay_time_overrun,•  I noted incomplete works for construction of motorised pump boreholes three months after  contract expected completion date and thus communities could not realise the benefits.,high
Nyendo Health Centre II-III Upgrade,hospital_health,Nyendo,Masaka,2019,1,1,delay_time_overrun,"•  Under the UgIFT program, I noted a delay in the upgrade of Nyendo health centre II to III of  five months and incomplete works despite payment of all the contract funds to the contractor.",high
Nyendo Market,market,Nyendo,Masaka,2018,1,1,delay_time_overrun,"40,563,582    Delayed completion of additional civil works for Nyendo Market    Performance as per the logical framework-additional works on  Nyendo market stalled  16.",high
"Office Block, Plot 92a Butabika Road/Plot 2-4 Bukasa Lane, Butabika",other_building,Butabika,Kampala,2024,1,1,contract_management,"vii)  Karuma Hydro Power plant (HPP) was commissioned on 12th June  2024, but there were 4,539 snags and outstanding scope of works  which would be addressed during the defect’s liability period.",high
Ogom Seed Secondary School,school,Ogom,,2019,1,1,delay_time_overrun,"•  Under UgIFT, construction of Ogom Seed Secondary School was not undertaken and works at  Lapu HC II had stalled at beam level despite receipt of funds that were swept back at year end.",high
Ogonyo-Odum Swamp Crossing,bridge,Ogonyo;Odum,,2019,1,1,delay_time_overrun,"•  Under RTI, there were incomplete works on Ogonyo- Odum of swamp filling and culvert  installations four months after project expected completion date.",medium
Olwiyo-Pakwach Road,road,Olwiyo;Pakwach,,2025,1,1,delay_time_overrun,"xiii) Two (2) construction contracts worth UGX.16.91Bn were behind schedule, while  four (4) supplies worth UGX.3.03Bn procured and delivered to MAAIF and  NAGRC stores remained undistributed three (3) months after delivery.",high
Opit Market,market,Opit,Omoro,2023,1,1,delay_time_overrun,  There was delayed completion of the construction of the two (2) markets namely  Opit in Omoro district and Lukole in Agago district by an average of eight (8)  months as at the time of audit in October 2023.,high
Ora Technical Institute,school,Ora,Zombo,2022,1,1,procurement_irregularities,"The audit made the following observations;      There was lack of competition during procurement of IPPs to the extent that 15  out of the 17 sampled small/mini hydro power plants, which commenced  construction and were commissioned after the enactment of the PPP Act 2015  and PPP regulations 2016, were not subjected to any competition before securing  the sites.",medium
Oru River Bridge (15m single span),bridge,Oru River,,2023,1,1,delay_time_overrun,Delayed Completion of Works    I noted delays in completion of the works on seven (7) out of the fifteen (15) contracts  ranging from 30 to 182 days.,high
Otwago Non-Formal Education Learning Centre Classroom Block,school,Otwago,Nebbi,2018,1,1,contract_management,Nebbi DLG      YLP-Low Recovery of Funds    URF-Performance of URF    Destruction of Artificial forest under NUSAF3 Project    Delayed Release of NUSAF 3 project Funds to the Beneficiary Groups    Defects identified in a two Class Ro Block at Otwago Non-Formal  Education Learning Centre    Understaffing    Failure to gazette and monitor wetlands    Failure to provide the prescribed documentation for road equipment    Lack of required Medical Equipment    Irregular Maintenance of Medical Equipment    5.,high
Otwee Health Centre II,hospital_health,Otwee,,2019,1,1,delay_time_overrun,228    SN  LOCAL  GOVERNMENTS  SUMMARY OF KEY FINDINGS  •  Construction works under UgIFT at Amuru Seed Secondary School and Otwee Health Centre II  were behind schedule.,medium
PPDA-URF Office Building,other_building,Kampala,Kampala,2019,1,1,procurement_irregularities,"6  Uganda Revenue  Authority (URA) –  Corporate Services      Opinion  Unqualified  •  URA irregularly used the direct procurement method to procure furniture for the new building at  UGX.4,461,861,429.",medium
"Police Hospital, Nsambya",hospital_health,Nsambya,Kampala,2024,1,1,cost_overrun,"vi) UNRA signed Addendum No.1 for the Kira-Matugga Road project  worth UGX.22.089Bn, with significant cost escalations up to 663% for  some items.",high
Rugaaga Health Centre IV Theatre/Staff Houses,hospital_health,Rugaaga,,2023,1,1,contract_management,"Construction of a mini piped water scheme at  Chungambe Trading Center  Sand, bricks  8  Construction of a theatre, 2 units of 2 in one staff  houses and fencing at Rugaaga Health Centre IV  Concrete blocks, sand,  aggregates  9  Full Rehabilitation of Tete Ogolo-liri road 15km  Concrete pipe culverts  10  Construction of two classroom blocks, one with an  office and store, construction of a 5 stance VIP latrine  for girls, construction of a 2 stance VIP lined latrine  for Teachers at Bwondha P/S  Aggregates, sand, concrete,  bricks  11  Construction of a Two(2) Classroom Block with Office  and Store at Namayemba P/S  Aggregates, sand, concrete,  bricks    Failure to undertake tests on materials used can lead to the use of substandard materials  thereby compromising the quality of works    I advised the Accounting Officer to always ensure that materials used are tested, results  reviewed and approved prior to their incorporation into the works    h.",high
Ruzairwe Bridge,bridge,Ruzairwe,,2019,1,1,procurement_irregularities,c)  Delayed procurement of the Consultant    The contractor for the civil works was procured on 8th February 2016 while the  commencement date of the project was 20th June 2016.,medium
Rwamucucu Seed School,school,Rwamucucu,,2019,1,1,delay_time_overrun,"•  Under UgIFT, I noted incomplete works on the upgrading of Mpungu HC II to HC III which was  awarded in the third quarter of the financial year I further noted 1.1% partial implementation in  construction of Nyamweru Seed School due to delayed procurement process.",high
Rwebisengo-Rwangara Road,road,Rwebisengo;Rwangara,Ntoroko,2019,1,1,contract_management,"I also noted poor workmanship on Rwebisengo- Rwangara Road and  Rehabilitation of Rwensenene and Kakogha Bridges  •  A review of the cumulative water situation analysis of the 4 different types of water sources in  the district, revealed 35% of the water facilities were non-functional  •  Deductions of UGX 1.49Bn were noted in respect of statutory and other bodies but only UGX  1.41Bn was remitted resulting into under payment of UGX 82 million  •  Under UWEP, i noted that out of UGX 33 million collected; only UGX 15 million was transferred  to the Ministry of Gender leaving a balance of UGX 18 million.",high
Rwensenene Bridge,bridge,Rwensenene,,2019,1,1,contract_management,"I also noted poor workmanship on Rwebisengo- Rwangara Road and  Rehabilitation of Rwensenene and Kakogha Bridges  •  A review of the cumulative water situation analysis of the 4 different types of water sources in  the district, revealed 35% of the water facilities were non-functional  •  Deductions of UGX 1.49Bn were noted in respect of statutory and other bodies but only UGX  1.41Bn was remitted resulting into under payment of UGX 82 million  •  Under UWEP, i noted that out of UGX 33 million collected; only UGX 15 million was transferred  to the Ministry of Gender leaving a balance of UGX 18 million.",medium
Ryeru Seed Secondary School,school,Ryeru,,2019,1,1,procurement_irregularities,"•  Out of the approved the structure of the District of the 214 positions, only 100(46.7%) positions  were filled leaving 114 (53.3%) positions vacant  •  Under UgIFT, I noted that the procurement process for the construction of Rwamucucu seed  school was delayed by 6months and field inspections revealed that project was incomplete at  foundation level.",high
Samson Kalibala Kamya Memorial Seed Secondary School,school,,,2019,1,1,procurement_irregularities,•  I noted procurement delays of 7 and 10 months in the signing of contracts for upgrading Kiziba  HC II to HC III and construction of Samson Kalibala Kamya Memorial Seed Secondary school  respectively.,medium
Selected Town Roads in Pallisa and Kumi,road,Pallisa;Kumi,,2025,1,1,delay_time_overrun,"xiii) Two (2) construction contracts worth UGX.16.91Bn were behind schedule, while  four (4) supplies worth UGX.3.03Bn procured and delivered to MAAIF and  NAGRC stores remained undistributed three (3) months after delivery.",medium
Semuto Health Centre IV,hospital_health,Semuto,Nakaseke,2018,1,1,delay_time_overrun,Nakaseke DLG  Performance of Youth Livelihood Programme  - Noncompliance with the Repayment schedule  - Inspection of Performance of Youth projects  - Lack of Project Records   Implementation of the Uganda Road Funds  - Budget Performance  - Status of implementation   Under staffing   Double Deployment of Head Teachers in One School   Delayed disbursement of funds to Youth and Wen Groups FYR 2017/18   Construction of Primary Schools under Global Partnership for Education   Direct Payments by the Ministry of Education to the Contractor   Incomplete works   Construction works under School Facilities Grant   Lack of Basic Infrastructure in Primary Schools   Inspection of Semuto HCIV   Inadequate Funding of Nakaseke Hospital   Theft of Hospital equipment at Nakaseke Hospital   Management and Utilisation of Natural Resources   Lack of legal ownership of Nabika forest reserves and wetlands   Absence of a Distinct Environmental Committee   Lack of Lease Register        254     Illegal Land Management of the District land by Luwero District Land  Board   Lack of a Wetlands Register   Degradation and Illegal activities on River Mayanja wetland   Lack of Land Title for health facilities    Status of basic medical equipment in health facilities    73.,medium
Shimoni Road Upgrade (3.178km),road,Shimoni,,2023,1,1,delay_time_overrun,"  There was delayed completion of; Construction of a Ferry Landing Site at Gerenge  in Katabi Town Council, Civil Works for Upgrading of Shimon Roads (3.178km) and  Civil Works for the upgrading of Kiwogoloma-Kitukutwe-Kijabijjo road (4.5km) and  Bulindo-Nsansa-Namugongo road (4.56km), Ssezibwa (Bulandi –Gyira) Swamp  Crossing Between Kayunga and Nakasogola Districts as well as civil Works for  Upgrading of Kafunta-Buwampa Road (9.5KM).",medium
Sipi Irrigation Scheme,other,Sipi,Kapchorwa,2024,1,1,procurement_irregularities,"These included the IT systems meant to support entity operations,        384      procurement of equipment and goods, consultancy services in support  of various initiatives, and construction of justice centres.",high
Siriba-Kalwala-Kiryampungula Road,road,Siriba;Kalwala;Kiryampungula,,2023,1,1,delay_time_overrun,Delayed Completion of Works    I noted delays in completion of the works on seven (7) out of the fifteen (15) contracts  ranging from 30 to 182 days.,high
Sleeper Making Factory at Kawolo Station,other_building,Kawolo,Buikwe,2022,1,1,land_and_right_of_way,"  Inspection of the project for Construction of the Sleeper making Factory at Kawolo Station at contract sum of  EUR.19,840,000 revealed that progress of works was approximately at 55% and land left outside the fence had  been encroached.",high
Soroti-Katakwi-Akisim Road,road,Soroti;Katakwi;Akisim,,2019,1,1,contract_management,"7  Lopei bridge  Camber loss on the road surface, spot pot holes, missing bolts,  rusting of some bolts, The lower end of the embankment that is  lower than the flood level  8  Kaabong bridge  Failed gabion/protection works- U/S of Kapedo side, Cracks in  stone pitching mortar, Eroded approach Embankment on Kapedo  side, Pothole on the approach slab area    101    S/No Contract road  name  Defects noted  9  Waiga  bridge,  Ruzairwe bridge,  Nsongi  bridge,  Mpondwe bridge  Ruzairwe; Guardrail end details not as per drawing, Rusted  guardrail posts and bolts, Missing hazard sign plate on Pacwa  side, Hazard sign installed in wrong location; Mpondwe; Hairline  cracks on walkway slab, Short and inadequate gabion works on  both downstream of Uganda and DR Congo side: Nsongi;  Hairline cracks on walkway slab, Eroded banks at mitre drain  location;  10  Kaitabawala- Kisozi-Busota  (58.2Km).",high
Ssezibwa (Bulandi-Gyira) Swamp Crossing,bridge,Bulandi;Gyira,Kayunga;Nakasongola,2023,1,1,delay_time_overrun,"  There was delayed completion of; Construction of a Ferry Landing Site at Gerenge  in Katabi Town Council, Civil Works for Upgrading of Shimon Roads (3.178km) and  Civil Works for the upgrading of Kiwogoloma-Kitukutwe-Kijabijjo road (4.5km) and  Bulindo-Nsansa-Namugongo road (4.56km), Ssezibwa (Bulandi –Gyira) Swamp  Crossing Between Kayunga and Nakasogola Districts as well as civil Works for  Upgrading of Kafunta-Buwampa Road (9.5KM).",high
Tete Ogolo-Liri Road,road,Tete;Ogolo;Liri,,2023,1,1,delay_time_overrun,Delayed Completion of Works    I noted delays in completion of the works on seven (7) out of the fifteen (15) contracts  ranging from 30 to 182 days.,high
Todora HC II Works,hospital_health,Todora,Nwoya,2018,1,1,contract_management,"Nwoya DLG    Performance of Youth Livelihood Programme    Funding of the Programme    Non-compliance with the Repayment Schedule    Transfer of recovered funds to the recovery account in BOU    Inspection of Performance of Youth projects    Implementation of the Uganda Road Funds    Budget performance    Status of implementation        235        Unpaid, Salaries , Pensions Gratuity Arrears    Payment for Work not done at Anaka Central P/S    Payment for Work not done at Todora HCII    Payment for Work not done at Lulyango Primary School    Construction of Box Culvert on Ceke Stream/ Diversion of Funds    Summary of exceptions raised in the PPDA audit reports    Management of Natural Resources    Lack of legal ownership of land, forests reserves and wetlands.",medium
Tonya Primary School Classroom Blocks,school,Tonya,,2023,1,1,delay_time_overrun,Unjustified extensions of time lead  to delayed completion of the works.,high
Tororo Warehouses (Uganda Property Holdings),other_building,Tororo,Tororo,2024,1,1,procurement_irregularities,"Uganda Electricity  Transmission  Company  2.17  2.02  The available funds are not excess in nature however  tagged and committed to several disbursements/activities  pending conclusion of the relevant processes under way  like procurements, RAP processes, fixed funds on bank  accounts for treasury management purposes.",medium
Tororo-Opuyo-Lira Transmission Line,power_transmission,Tororo;Opuyo;Lira,,2023,1,1,governance_and_controls,The other  six pillars which support the primary pillar include: Infrastructure and Economic Services;  Financial Inclusion (FI); Social Services; Community Mobilization and Mind-set Change;  Parish Development Management Information System (PDMIS); and Governance and  Administration.,high
Tumboboi Maternity Ward,hospital_health,Tumboboi,Kapchorwa,2018,1,1,delay_time_overrun,"Kapchorwa DLG      YLP-Low Recovery of Funds    Performance of URF    Outstanding rent arrears    Missing vouchers    Failure to sign Financing agreements with Youth Groups    NUSAF Project Operations, shortcomings on Chebaser-kapkwateny car  sub-project (road construction)    Unrealized Royalties Revenue    Outstanding Rent Arrears    Shortfall in Central Government Transfers    Staffing Gaps    Stalled construction of the new Administration Block    Status of Medical Equipment in the Hospital    Inadequate medical equipment    Failure to prepare defect reports    Defects on the construction of maternity ward in Tumboboi Sub-county    Lack of legal ownership of land, forests reserves    Absence of a Distinct Environmental Committee    Unlicensed activities on Natural resources        265      Budget for the Physical Planning committee    Physical Planning Committee Performance  101.",high
UHI 250-Bed Heart Hospital,hospital_health,Kampala (Mulago),Kampala,2023,1,1,procurement_irregularities,"Key issues noted and recommendations made in the said report related to the  performance of the Results Based Financing (RBF) Program, the Scholarship program,  delays in procurement of medicines, procurement of medical equipment and construction  of maternity units, birth and death notifications at health facilities, among others.",high
UTC Bushenyi (Lot 1),school,Bushenyi,Bushenyi,2022,1,1,procurement_irregularities,"The audit made the following observations;      There was lack of competition during procurement of IPPs to the extent that 15  out of the 17 sampled small/mini hydro power plants, which commenced  construction and were commissioned after the enactment of the PPP Act 2015  and PPP regulations 2016, were not subjected to any competition before securing  the sites.",high
UTC Bushenyi (Lot 2),school,Bushenyi,Bushenyi,2022,1,1,procurement_irregularities,"The audit made the following observations;      There was lack of competition during procurement of IPPs to the extent that 15  out of the 17 sampled small/mini hydro power plants, which commenced  construction and were commissioned after the enactment of the PPP Act 2015  and PPP regulations 2016, were not subjected to any competition before securing  the sites.",high
Uganda Blood Transfusion Service HQ (Nakasero),other_building,Nakasero,Kampala,2022,1,1,procurement_irregularities,"  Direct procurements worth UGX.571,826,881 were undertaken by the Hospital without justification while a total of  UGX.777,307,880 procurements were irregularly undertaken during the year.",medium
"Uganda Business Facilitation Centre (UBFC, inferred)",other_building,,,2025,1,1,contract_management,"The delay to rectify defects and formally hand over the  UBFC to beneficiary agencies, has compromised the building’s functionality and  safety.",low
Uganda Cancer Institute (UCI) Building,hospital_health,Kampala (Mulago),Kampala,2022,1,1,contract_management,The contract for consultancy services for the design and  construction supervision expired in April 2020 and had never been renewed.,medium
Uganda Oil Refinery Project,other_building,Kabaale,Hoima,2022,1,1,procurement_irregularities,"  I noted that the Company was unable to secure a Joint Venture Partner for the planned Engineering, Procurement  and Construction (EPC) of the Kampala Storage Terminal.",high
Uganda Revenue Authority Headquarters Building Project,other_building,Kampala,Kampala,2024,1,1,procurement_irregularities,"5.1.3 Implementation of Road Maintenance Grant    In a bid to reduce the Roads rehabilitation backlog, Government decided in February 2023  to allocate a Road Rehabilitation Development Grant of One (1) Billion shillings to each of  the 176 Local Government (LGs) comprising of 135 Districts, 10 Cities and 31 Municipal  Councils in the FY 2023/24.",medium
Wabigalo-Busubizi Road,road,Wabigalo;Busubizi,Mityana,2018,1,1,delay_time_overrun,Mityana MC      Budget Performance under Uganda Road Fund  - Status of implementation  - Routine manual maintenance  - Routine mechanised maintenance  - Inspection of Wabigalo- Busubizi Road (Status of Road)  - The Poor state of Main Street  - Lack of Road Equipment    Under Collection of Local Revenue    Comingling of Property Tax with other Revenues    Lack of a Valuation Roll for Property Tax    Irregular Allocation of Classroom Block to Pre Primary Section    Incomplete works on Pit latrine constructed at NAKASETA P/S    Un Distributed Youth Livelihood program Funds financial year 2017/18    Non functionality of the Stores system    Lack of an owned Office Premises    Understaffing    Management and Utilization of Natural Resources    Lack of Land Titles    Lack of inventory of wetlands (Un known wetlands)    Human Activities on Lake Wamala Buffer Zone    Garbage Management    Littering of Garbage    Absence of by-laws on Garbage Management    Failure to Maintain Data and Records on Garbage Volume    In appropriate Location of the Landfill    Lack of a Physical Development Plan  77.,high
Wadelai Irrigation Scheme,other,Wadelai,Pakwach,2024,1,1,procurement_irregularities,vi) There was delayed procurement of Civil works for Construction of Sipi  Irrigation Scheme.,high
Waiga Bridge,bridge,Waiga,,2019,1,1,procurement_irregularities,c)  Delayed procurement of the Consultant    The contractor for the civil works was procured on 8th February 2016 while the  commencement date of the project was 20th June 2016.,medium
Wakiso Health Centre IV,hospital_health,Wakiso,Wakiso,2018,1,1,delayed_payments,"Wakiso DLG     Performance of Youth Livelihood Programme   Implementation of the Uganda Road Funds   Delayed Works on Nansana-Kireka-Biira Road (1km)   Outstanding Commitments   Outstanding Salary Arrears of UGX.61,419,581   Pension Arrears   Shortfall in Government Releases   Unspent/Un-Utilized conditional Grant   Pensioners not on the Payroll   Unrealized Royalties fr Ministry of Energy   Failure to meet minimum standards at Wakiso Health Centre IV   Entebbe Hospital - Outstanding utility bills   Audit of UPE Schools Capitation Grant   Mismanagement of UPE Funds at Kyengeza Muslim P/S   Insufficient Infrastructure in UPE Schools   Management of Procurement   Failure to prepare Evaluation tools   Irregularities in the procurement for the Rehabilitation of Boreholes        247     Lack of signed contracts   Management and Utilisation of Natural Resources   Lack of a land Register   Lack of a lease Register   Management of Road Equipment   Lack of Road safety Equipment   Non-functioning Road equipment   Inadequate mechanical imprest   Lack of Physical Planning Committee   Entebbe Hospital   Existence and Status of Medical equipment   Essential Medicines and Health supplies Stock Outs  65.",medium
Water-Borne Toilet at UNMC,other_building,,,2019,1,1,contract_management,•  There were anomalies in the Institute’s Hospital Management Information System some of which  include: there are no Quality assurance and control reports from the contract management;  there were no change request documents and approved user systems access forms; Loss of  patients data or information due to poor configurations; delays in review of patients and ECHO  procedures; High downtime for the system; delays in retrieval and processing of patients data  leading to increase in waiting time; poor systems maintenance due to having only one IT officer  managing all systems.,low
Were-Asumuk Road,road,Were;Asumuk,Tororo,2019,1,1,cost_overrun,"•  Under URF field inspection revealed excess expenditures, some road sections were poorly  maintained with overgrown bushes, water logged spots and potholes and blocked road  drainages.",medium
