src_idx,year,source_pdf,sentence,primary_driver,all_drivers,has_named_project,project_name_clean,project_type,place_names,district,confidence
0,2018,2018_AGKHI@CON2018.pdf,"During the overall office wide planning, I identified risks such as inadequate release of  funds and failure to undertake budget monitoring and supervision that are likely to be  the causes of failure to implement the planned activities under Uganda road fund.",contract_management,contract_management,False,,,,,
1,2018,2018_AGKHI@CON2018.pdf,"During the overall office wide planning, I identified risks such as inadequate release of funds  and failure to undertake budget monitoring and supervision that are likely to be the causes of        35    failure to implement the planned activities under Uganda road fund.",contract_management,contract_management,False,,,,,
2,2018,2018_AGKHI@CON2018.pdf,"The occurrence of these unspent balances was attributed by Accounting Officers  to late release of funds from Ministry of Finance, Planning and Economic Development,  inefficiencies in procurement units and incompetent contractors among others.",procurement_irregularities,procurement_irregularities,False,,,,,
3,2018,2018_AGKHI@CON2018.pdf,"657,578.14)  2,450,004,629  -  6  Gulu University  324,624,045  -  7  Gulu Regional Referral Hospital  -  111,598,776  Total  2,775,690,674  24,724,815,955        44      3.1.4 Wasteful/ Nugatory Expenditure  Good practice requires Accounting Officers to reduce cases of apparent waste,  extravagant administration or failure to achieve value for money due to management’s  laxity in the conduct of operations.",claims_and_disputes,claims_and_disputes,False,,,,,
4,2018,2018_AGKHI@CON2018.pdf,"across the entire country)  3  Uganda Prisons  Services  Unaccounted for land at Luzira (106.692 acres),  Untitled and Unsurveyed land, Land with encroachments,  disputes and encumbrances at Arua, Namalu, Amita,  Ngenge, Ragem, Kotido, Bukedea and Budaka--un surveyed  and un titled land is equivalent to 89 pieces of varying sizes  across the country  4  Ministry of Defence  and Veterans Affairs  Compensation of Land at Usuk, Ngariam Katakwi, JIE Block  4, Plot 21, Nakapirimor, Kotido District, Petero Bashaija  (Estate of Maria Kakindu) Kabamba and Plot 20 Lugard  Avenue, Entebbe (Total 7.675bn)  5  Ministry of Agriculture  Animal Industry &  Fisheries  Untitled Land(VODP),Missing land title and loss of land to  Government Departments (Bukalasa Agricultural college)    6  Ministry of Tourism,  Wildlife and  Antiquities  6 pieces of land where museums are located did not have  titles  7  Ministry of Water and  Environment  Various water schemes built (construction cost over  UGX50bn) across the country have no land titles  8  Public Universities  (KYU, Soroti,  Busitema, Muni,  Gulu)  Illegal encroachment, underutilised and untitled land  9  Jinja Referral  Lack of Titles  10  Ministry of Science  and Technology  Lack of Land Titles for PIBID Land (land at Sanga  approximately 50 acres and land where the water source is  located at Kyamugambira approximately 4 acres).",land_and_right_of_way,land_and_right_of_way,False,,,,,
5,2018,2018_AGKHI@CON2018.pdf,"The Accounting Officer explained that the Tax and Energy incentive was not backed by  relevant resources, which created domestic arrears.",delayed_payments,delayed_payments,False,,,,,
6,2018,2018_AGKHI@CON2018.pdf,  Court cases relating to compensation of sub-surface rocks  I observed that there are a number of on-going court cases arising from legal suits by  Project Affected Persons (PAPs) against the Ministry of Energy and Mineral Development.,claims_and_disputes,claims_and_disputes,False,,,,,
7,2018,2018_AGKHI@CON2018.pdf,An amount of UGX379.1 billion relates to compensation claims for  land affected by the construction of Isimba HPP while UGX.,claims_and_disputes,claims_and_disputes,True,Isimba Hydropower Project (Isimba HPP),power_generation,Isimba,Kayunga,high
8,2018,2018_AGKHI@CON2018.pdf,These court cases may result into the delays in the construction of the strategic dams  thus resulting into increase of commitment fees and delay in achieving the intended  objective of the project.,claims_and_disputes,claims_and_disputes,False,,,,,
9,2018,2018_AGKHI@CON2018.pdf,  Delayed Completion of Projects due to Right of Way challenges  I noted that a number of Projects under the Energy sector were not completed within the  agreed contract periods.,delay_time_overrun,delay_time_overrun|land_and_right_of_way,False,,,,,
10,2018,2018_AGKHI@CON2018.pdf,"This was attributed to delays in compensation of Project Affected  Persons, hence failure to access Right of Way (ROW).",land_and_right_of_way,land_and_right_of_way,False,,,,,
11,2018,2018_AGKHI@CON2018.pdf,There is need for Government to fund research activities in line with the provisions of the  International Museum Standards a view of benefiting from global dynamic research  activities    3.3.6 Works Sector    Expiry of Standard Gauge Railway Board (SGR)  It was noted that all the Board members’ terms expired in November 2017 and have  not been renewed or replaced contrary to Section 4.4 of the SGR Project Governance  Manual which requires members of the Board to hold office for a period of 2 years  renewable at the discretion of the Minister of Works and Transport.,governance_and_controls,governance_and_controls,True,Standard Gauge Railway (SGR) Project,other,,,medium
12,2018,2018_AGKHI@CON2018.pdf,Procurement of consultancy services for construction of start-up infrastructure (Road and  Fence) is in advanced stage.,procurement_irregularities,procurement_irregularities,False,,,,,
13,2018,2018_AGKHI@CON2018.pdf,"Other reasons for delayed  execution of works were; increased scope of works, late instructions and pending  information from the consultant, delayed payment of VAT amounts, and delayed payment        62    of IPC no.13 by 69 days.",delayed_payments,delayed_payments,False,,,,,
14,2018,2018_AGKHI@CON2018.pdf,"Delayed execution of works resulted into additional costs of USD  380,000 incurred in extension of the supervising consultant’s contract.",cost_overrun,cost_overrun,False,,,,,
15,2018,2018_AGKHI@CON2018.pdf,"Entity  Profit  before  Interest  (Operating  Profit) (UGX)  Interest  (Financing  cost) (UGX)  Number of  Times  1  NEC Luwero Industries Limited  231,972,069  1,898,740  122.2  2  National Water and Sewerage  Corporation  58,889,248,000  891,744,000  66.0  3  NEC Tractor Hire Scheme  Limited  765,650,619  13,368,513  57.3  4  NEC Construction Works &  Engineering Limited  810,468,628  14,548,220  55.7  5  NEC Tractor Project  69,353,628  1,282,575  54.1  6  Bank of Uganda  442,262,000,000  18,149,000,000  24.4  7  Uganda Property Holdings  Limited  672,423,379  229,649,582  2.9  8  Uganda Post Limited  600,331,000  626,531,000  1.0  9  National  Housing  and  Construction  Company  Limited  (101,502,000)  1,949,498,000  -0.1  10  Uganda  Electricity  Transmission  Company  Limited  (106,636,000,00 0)  588,000,000  -181.4    Through its oversight role, government should caution the management of these  enterprises to limit the amounts of debt to manageable levels guaranteed by improved  profitability.",governance_and_controls,governance_and_controls,False,,,,,
16,2018,2018_AGKHI@CON2018.pdf,"Absence of a Board of Directors since January, 2008  3  Uganda Free Zones Authority  Lack of an Internal Audit function  4  National Agricultural Advisory  Services-NAADS  legal mandate of NAADS (Irregular restructuring)  5  Management Training and  Advisory Centre (MTAC)  Lack of a governing council  6  National Drug Authority  Board not fully constituted  7  National Medical Stores  Failure to provide for position of Deputy General  Manager  8  National Information  Technology Authority -Uganda  Board not fully constituted  9  Uganda Communication  Commission  Conflicting sections of the Law in Regard to the  Position of the Executive Director also being a Board  Member  10  Uganda Institute of  Communication and  Information Technology  Unclear governance structure and legal status of  the Institute  11  Uganda Posts Limited  Expired Contracts for Members of the UPL Board  12  Uganda Human Rights  Commission  Only 3 of the 7 members were appointed  13  National Identification and  Registration Authority (NIRA)  Lack of a fully constituted Board  14  National Planning Authority  Board not fully constituted  15  National Council for Disability  Failure to Hold Annual General Meeting  16  Uganda National Cultural  Centre  Expiry of Board Tenure  17  Uganda National Children’s'  Authority  Lack of a governing board  18  Uganda Industrial Research  Institute  Absence of a Board of Directors  19  Uganda National Council for  Science and Technology  Absence of a fully constituted Governing Council,  only 9 out of the 36 members are appointed  20  National Enterprise Corporation  Absence of an Audit Committee  21  Uganda Veterans Assistance  Board  Failure to implement the mandate of Uganda  Veterans Assistance Board  22  Uganda Wildlife Research and  Training Institute  Inappropriate composition of the Governing  Council and absence of academic Board        76    23  Nile Hotel International Limited  Continuous stay of the Board after the expiry of the  two  terms  and  override  of  managements  responsibility by the board  24  Uganda National  Meteorological Authority  Lack of a Board of Directors  25  Uganda Road Fund  Board misunderstandings.",governance_and_controls,governance_and_controls,False,,,,,
17,2018,2018_AGKHI@CON2018.pdf,"In spite of several  meetings, chairperson has not signed any minutes  25  Civil Aviation Authority  Failure to assess likelihood of fraud and absence of  related policies  26  Uganda Railways Corporation - SGR  The terms of all Board members for the Standard  Gauge Railway Board had expired in November  2017    Noncompliance with corporate governance principles hinders oversight and may affect the  implementation of the organisation policies and procedures.",governance_and_controls,governance_and_controls,True,Standard Gauge Railway (SGR) Project,other,,,medium
18,2018,2018_AGKHI@CON2018.pdf,"of cases  outstanding  Estimated legal  cost-UGX  Remark  1  National  Agricultural  Advisory Services- NAADS  15  18,000,000,000 Estimated  costs  for  outstanding court cases  2  Kampala Sanitation  Program (KSP) -  National Water  1  1,395,856,789 Impending Legal Suits  on  Disputed  Compensation  Offers/claims  3  Kampala Capital  City Authority  N/A  39,818,479,736 For existing and potential  legal claims  4  National Social  Security Fund  (NSSF)  1  42,200,000,000 Tax dispute with URA  5  Uganda National  Roads Authority  N/a  430,013,722,276 Contingent Liabilities    Total    531,428,058,801    Their eventual determination and/or payment could negatively affect the cash flows and  ability of the concerned entities to continue as going concerns.",claims_and_disputes,claims_and_disputes,True,Kampala Sanitation Program (KSP),water_supply,Kampala,Kampala,medium
19,2018,2018_AGKHI@CON2018.pdf,"10  Hoima Nkenda transmission line  Delays in land titling  11  Mbarara Nkenda transmission  line  Delays in land transfer and titling        84    12  Uganda National Oil Company  Lack of Title for assets transferred to the Company  13  Uganda Posts Limited  Lack of Land Titles for UPL Land - Plot 40 Margarita  Road, Kasese; Plot 18-20 Gogonyo Road, Pallisa; Plot  76 Mawokota Block 92, Mpigi; Plot 6-10 Birch Avenue,  Masaka; Plot 2-6 Mutekanga Road, Kamuli; Plot 1-11  Nsambya Road, Kampala  14  Law Development Centre  • Untitled Land on plots 34, 89, 155, 159, 166, 170,  221, 222, 245, 450, 451, 464, 465, 466, 482, 481,  508-510, 613-615  • Untitled Land in Kyadodndo and Bukoto  15  Uganda Human Rights  Commission  Inadequate management of land assets  16  Parliamentary Commission  Absence of land titles for 3 plots; 16-18 on Parliament  Avenue  17  National Library of Uganda  Forfeiture of land/Loss of land  18  NEC Head Quarter  Undeveloped Plot in Namanve Industrial Park  19  NEC Farm Katonga  Un-surveyed Land/untitled land blocks 274,378 and  386  20  National Water & Sewerage  Corporation  Absence of land titles for assets taken over  21  National Forestry Authority  • Over 2m Hectares of Forest cover lost in last 10yrs   Loss of land in Buhungiro Central Forest Reserve in  Kyegegwa District  • Encroachment on Namanve Central Forest Reserve  22  Uganda National Road Authority    Delayed return of residual Titles to Project Affected  Persons (PAPs)  23  Uganda Railway Corporation    Un-titled land of over 362 sq meters at Nalukolongo  leading to encroachment of some plots    I advised Management of the affected entities to process land titles and institute measures  to recover land from the encroachers.",land_and_right_of_way,land_and_right_of_way,True,Mbarara-Nkenda Transmission Line,power_transmission,Mbarara;Nkenda,,high
19,2018,2018_AGKHI@CON2018.pdf,"10  Hoima Nkenda transmission line  Delays in land titling  11  Mbarara Nkenda transmission  line  Delays in land transfer and titling        84    12  Uganda National Oil Company  Lack of Title for assets transferred to the Company  13  Uganda Posts Limited  Lack of Land Titles for UPL Land - Plot 40 Margarita  Road, Kasese; Plot 18-20 Gogonyo Road, Pallisa; Plot  76 Mawokota Block 92, Mpigi; Plot 6-10 Birch Avenue,  Masaka; Plot 2-6 Mutekanga Road, Kamuli; Plot 1-11  Nsambya Road, Kampala  14  Law Development Centre  • Untitled Land on plots 34, 89, 155, 159, 166, 170,  221, 222, 245, 450, 451, 464, 465, 466, 482, 481,  508-510, 613-615  • Untitled Land in Kyadodndo and Bukoto  15  Uganda Human Rights  Commission  Inadequate management of land assets  16  Parliamentary Commission  Absence of land titles for 3 plots; 16-18 on Parliament  Avenue  17  National Library of Uganda  Forfeiture of land/Loss of land  18  NEC Head Quarter  Undeveloped Plot in Namanve Industrial Park  19  NEC Farm Katonga  Un-surveyed Land/untitled land blocks 274,378 and  386  20  National Water & Sewerage  Corporation  Absence of land titles for assets taken over  21  National Forestry Authority  • Over 2m Hectares of Forest cover lost in last 10yrs   Loss of land in Buhungiro Central Forest Reserve in  Kyegegwa District  • Encroachment on Namanve Central Forest Reserve  22  Uganda National Road Authority    Delayed return of residual Titles to Project Affected  Persons (PAPs)  23  Uganda Railway Corporation    Un-titled land of over 362 sq meters at Nalukolongo  leading to encroachment of some plots    I advised Management of the affected entities to process land titles and institute measures  to recover land from the encroachers.",land_and_right_of_way,land_and_right_of_way,True,Hoima-Nkenda Transmission Line,power_transmission,Hoima;Nkenda,,high
20,2018,2018_AGKHI@CON2018.pdf,"MWE should continuously engage MAAIF, MLHUD and other players to:   Expand interventions which seek to prevent wetland (re-)encroachment by addressing  the factors that lead to encroachment such as declining fertility of traditional farmlands,  water scarcity, unplanned urban expansion, to other areas not covered by the GCF  projects;   Implement the plan to extend irrigation infrastructure especially in rice-growing regions  to encourage the farmers to leave wetlands, after which they can re-generate on their  own, saving government restoration costs;  v.",land_and_right_of_way,land_and_right_of_way,False,,,,,
21,2018,2018_AGKHI@CON2018.pdf,Extent to which procedures were undertaken in regard to the manual  Contrary to operational guidelines I noted that LDCs did not submit all required annual  work plans and budgets in a timely manner and REA management contract management  reports were not fully submitted.,contract_management,contract_management,False,,,,,
22,2018,2018_AGKHI@CON2018.pdf,"122    OVERALL AUDIT CONCLUSION  Whereas the Rural Electrification Agency under the Output Based Aid project was reported  to have achieved 75.7 % of the project targeted connections of 152,861, inadequacies in  planning, procurement, financial/contract management and reporting led to lower  performance of a majority of LDCs.",contract_management,contract_management|procurement_irregularities,False,,,,,
23,2018,2018_AGKHI@CON2018.pdf,Failure to absorb funds was attributed to procurement delays and delayed verification of  decentralised pensioners in Regional Referral Hospitals.,procurement_irregularities,procurement_irregularities,False,,,,,
24,2018,2018_AGKHI@CON2018.pdf,The Sector Development Plan (2015/16-2019/20) and Annual Sector Performance Report  2016/17 highlights various challenges within the sector such as inadequate funding; high  costs of acquisition of land for the right of way for the development of infrastructure  projects coupled with unfavourable land law which affects budget performance especially  for externally financed projects in terms of project costs and completion period.,land_and_right_of_way,land_and_right_of_way,False,,,,,
25,2018,2018_AGKHI@CON2018.pdf,"In UNRA  for example, procurement delays were mainly caused by administrative reviews and  sometimes bureaucratic processes to which procurements are subjected in fulfillment of  the financing requirements.",procurement_irregularities,procurement_irregularities,False,,,,,
26,2018,2018_AGKHI@CON2018.pdf,The Ministry together with UNRA should continue engaging the responsible authorities  to address the impediments to land acquisition for infrastructure projects.,land_and_right_of_way,land_and_right_of_way,False,,,,,
27,2018,2018_AGKHI@CON2018.pdf,"4,811,238,710    Unspent balances UGX.3,641,516,554    None Alignment of the Ministry’s budget with  the National Development Plan    Domestic arrears UGX.42,597,252,938    Improvement of Health Services at Mulago  Hospital and the City of Kampala Project  (MKCCAP)  o  Omission of essential components  of works during planning and  design review  o  Delayed execution of works  o  Validity of contractor’s all risk policy  o  Unspecified  percentage  for  Subcontracting of works  o  Non recovery of Advance Payment  worth  UGX.251,848,338,  and  retention worth UGX.628,710,846  o  Implementation and Payment of  some Addendum Works before  Contractual Approval by contracts  committee  o  Payment for unexecuted works  USD.221, 142.63  o  Delayed payment of VAT and IPCs  USD.",delayed_payments,delayed_payments,True,Mulago Hospital and Kampala City Capacity Project (MKCCAP),hospital_health,Kampala (Mulago),Kampala,high
28,2018,2018_AGKHI@CON2018.pdf,"583,965,423    Unimplemented budget activities    Inadequate Controls Surrounding  Management of Domestic Arrears – UGX  1,649,847,321    Unacknowledged Withholding Tax  Remittances - UGX 111,598,776    Diversion of funds meant for construction of  54 Unit staff houses - UGX 146,500,000    Lack of Key senior staffs    Underpayment of Disturbance Allowances to  staff UGX.",delayed_payments,delayed_payments,False,,,,,
29,2018,2018_AGKHI@CON2018.pdf,"Lira Regional Referral  Hospital    Mischarged  Expenditure -  UGX.167,904,869    Unaccounted for  funds -  UGX.136,359,356    Non Tax Revenue (NTR) Spent at source -  UGX.15,475,663    Over statements of Benefits Expenditure -  UGX.170,282,724    Unsupported Payables/Domestic Arrears -  UGX.157,916,520        150      Undisclosed  Expenditure -  UGX.298,206,573    Overstatement of  Net worth -  UGX.108,735,083      Understaffing    Condition of Medical Equipment    Failure to plan for Consultancy Services    Failure to provide a Performance Security  12.",delayed_payments,delayed_payments,True,Lira Regional Referral Hospital,hospital_health,Lira,Lira,high
30,2018,2018_AGKHI@CON2018.pdf,"Mbale Regional  Referral Hospital    Unsupported  Gratuity Payments  UGX.695,585,680        Unsupported  domestic  arrears  UGX.752,666,672    Shortfall in Central Government Grants  UGX.141,57,943    Understaffing    Irregular Payment of Salaries to Retired Staff    Lack of land titles    shortage of medical equipment, (Condition of  the Medical equipment )    There was no fridge for storage of dead  bodies (State of the Hospital Mortuary)  13.",delayed_payments,delayed_payments,True,Mbale Regional Referral Hospital,hospital_health,Mbale,Mbale,high
31,2018,2018_AGKHI@CON2018.pdf,"Mubende Regional  Referral Hospital    Mischarged  Expenditure  UGX.777,764,898    Un-supported  Receivables  UGX.215,408,183    Budget shortfall of UGX.1,057,562,572    Non construction of the paediatrics and  medical wards    Domestic Arrears UGX.1,543,294,611    Poor Condition of Medical Equipment    Poor maintenance of Medical Equipment    14.",delayed_payments,delayed_payments,True,Mubende Regional Referral Hospital,hospital_health,Mubende,Mubende,high
32,2018,2018_AGKHI@CON2018.pdf,"1,054,937,758    Inadequate provisions for maintenance of existing fleet    Lack of an approved fleet management policy    Inadequate controls for fleet operational costs    Delays in some construction projects such as Natete police  station    Un surveyed and untitled police land leading to encroachment    Non-operationalization of the Crime Records Management  Information System (CRMS) and Suspect Profile System (SPS)    Un satisfactory performance in the investigation of crimes  reported (only 22% successfully investigated and taken to  court)        153      6.",land_and_right_of_way,land_and_right_of_way,True,Natete Police Station,other_building,Natete,Kampala,medium
33,2018,2018_AGKHI@CON2018.pdf,"40,563,582    Delayed completion of additional civil works for Nyendo Market    Performance as per the logical framework-additional works on  Nyendo market stalled  16.",delay_time_overrun,delay_time_overrun,True,Nyendo Market,market,Nyendo,Masaka,high
34,2018,2018_AGKHI@CON2018.pdf,"PRELNOR   Budget shortfall of UGX.3.19bn   Discrepancy between the project’s and Ministry’s budgets on  GoU counterpart funding- UGX.417,593,000   Diversion of GOU counterpart funding contribution to non - project activities- UGX.113,954,732   Delay in acquisition of land for the construction of eight (8)  satellite and three (3) bulk markets    MoU with District Farmers Association (DFA)-Under  performance as per the annual performance targets with  the District Farmers Association (DFA)    MoU with District Farmers Association (DFA)    Under performance as per the annual performance targets  with the District Farmers Association (DFA)    Delayed procurement of walking tractors    Project performance against the Logical framework-partial/  non implementation of some activities    SECURITY    19.",procurement_irregularities,procurement_irregularities,False,,,,,
35,2018,2018_AGKHI@CON2018.pdf,"764,230,132,962  yet  budget  was  UGX.145,592,926,044    Irregular Patient Referrals to Nakasero Hospital    Unjustifiable Compensation for land occupied by UPDF at Usuk,  Ngariam, Katakwi District   Un justifiable Payment to Pajimolugwar clan and Pajimokal clan  in respect of land – UGX.1,756,170,429   Un justified Payment of Land at JIE Block 4, Plot 21,  Nakapirimor, Kotido District – UGX.3,327,577,000    Un justified Land compensation for Plot 20 Lugard Avenue,  Entebbe – UGX.575,000,000    Incomplete works at Peace Support Operation Training Centre  (PSO TC)-SINGO    Abandoned motor vehicles at Peace Support Operation  Training Centre (PSO TC)-SINGO   Abandoned Kaweweta construction sites works– UGX.3.1 billion   Incomplete Renovation works on the Administration Block at  Lugazi   Land disputes at Kimaka   Failure to implement Presidential directive   Doubtful Supply of Jet Ranger spare parts by YAMASEC Ltd –  USD.479,030.12   Doubtful Fuel supply by Hared Petroleum Limited  20.",delay_time_overrun,delay_time_overrun,False,,,,,
36,2018,2018_AGKHI@CON2018.pdf,"Regional  Pastoral  Livelihood  Improvement Project    Budget shortfall UGX.7.01bn    Under absorption of funds 32.6bn    Non-implementation of budgeted activities    Irregular payment of VAT on exempted supplies  –  UGX.139,703,172    Failure to supply vaccines    Delayed deliveries    Failure to deliver on second contract    Irregular transfer of District Project funds to General Fund  Account    Delayed procurement process for Consultancy services for the  design and construction of livestock watering facilities    Inadequate Project Monitoring    Delayed Disbursement of Funds to Implementing Districts    Unimplemented Activities(Inspection in Katakwi District)  27.",procurement_irregularities,procurement_irregularities,True,Namagera Town Water Supply System,water_supply,Namagera,,high
36,2018,2018_AGKHI@CON2018.pdf,"Regional  Pastoral  Livelihood  Improvement Project    Budget shortfall UGX.7.01bn    Under absorption of funds 32.6bn    Non-implementation of budgeted activities    Irregular payment of VAT on exempted supplies  –  UGX.139,703,172    Failure to supply vaccines    Delayed deliveries    Failure to deliver on second contract    Irregular transfer of District Project funds to General Fund  Account    Delayed procurement process for Consultancy services for the  design and construction of livestock watering facilities    Inadequate Project Monitoring    Delayed Disbursement of Funds to Implementing Districts    Unimplemented Activities(Inspection in Katakwi District)  27.",procurement_irregularities,procurement_irregularities,True,Bulegenyi Town Council Water Supply System,water_supply,Bulegenyi,,high
36,2018,2018_AGKHI@CON2018.pdf,"Regional  Pastoral  Livelihood  Improvement Project    Budget shortfall UGX.7.01bn    Under absorption of funds 32.6bn    Non-implementation of budgeted activities    Irregular payment of VAT on exempted supplies  –  UGX.139,703,172    Failure to supply vaccines    Delayed deliveries    Failure to deliver on second contract    Irregular transfer of District Project funds to General Fund  Account    Delayed procurement process for Consultancy services for the  design and construction of livestock watering facilities    Inadequate Project Monitoring    Delayed Disbursement of Funds to Implementing Districts    Unimplemented Activities(Inspection in Katakwi District)  27.",procurement_irregularities,procurement_irregularities,True,Namwiwa Town Water Supply System,water_supply,Namwiwa,,high
36,2018,2018_AGKHI@CON2018.pdf,"Regional  Pastoral  Livelihood  Improvement Project    Budget shortfall UGX.7.01bn    Under absorption of funds 32.6bn    Non-implementation of budgeted activities    Irregular payment of VAT on exempted supplies  –  UGX.139,703,172    Failure to supply vaccines    Delayed deliveries    Failure to deliver on second contract    Irregular transfer of District Project funds to General Fund  Account    Delayed procurement process for Consultancy services for the  design and construction of livestock watering facilities    Inadequate Project Monitoring    Delayed Disbursement of Funds to Implementing Districts    Unimplemented Activities(Inspection in Katakwi District)  27.",procurement_irregularities,procurement_irregularities,True,Kamuli Faecal Sludge Management Facility,other_building,Kamuli,Kamuli,high
37,2018,2018_AGKHI@CON2018.pdf,"Water and Sanitation  Development Facility -Eastern  (2017/18)    Revenue shortfall i.e only UGX.13,570,088,440 was received  resulting into a shortfall of UGX.7,616,911,560 representing  36%    Delayed completion of Namwiwa Town Water Supply System  and Kamuli Faecal Sludge Management Facility    Delayed completion of Bulegenyi Town Council water supply  system    Failure to recover connection fees from Local Governments    Failure to operationalize Namagera Town Water Supply System  (TWSS)  53.",delay_time_overrun,delay_time_overrun,False,,,,,
38,2018,2018_AGKHI@CON2018.pdf,"Water and Sanitation  Development Facility -South  West (2017/18)    Budget on the GoU component of UGX.9,662,000,000, of which  only UGX.9,033,240,721 was realised leading to a funding gap  of UGX 628,759,279(7%)    Delayed Completion of Projects    Lack of Land titles for water Scheme    Under  absorption  of  funds  i.e  received  funding  of  UGX.9,033,413,054 of which only UGX.8,518,800,507 was  utilized leaving a balance of UGX.514,612,547 (6%)  54.",delay_time_overrun,delay_time_overrun,False,,,,,
39,2018,2018_AGKHI@CON2018.pdf,"WSDF-E (2016/17)   Failure to achieve planned consumer connections i.e only 813  of the 1,205 made   Delayed Payments to Contractors  68.",delayed_payments,delayed_payments,True,National High Altitude Training Centre (Kiprotich),other_building,Teryet,Kapchorwa,high
40,2018,2018_AGKHI@CON2018.pdf,  Delayed execution of construction of National High Altitude  Training Centre (Kiprotich)     Irregularities in development of Secondary school program    Accumulation of Domestic Arrears UGX.,delayed_payments,delayed_payments,True,Gulu University Infrastructure,school,Gulu,Gulu,high
41,2018,2018_AGKHI@CON2018.pdf,"Gulu University    Unimplemented budget activities     Un disclosed Domestic Arrears UGX.5,216,963,475    Teaching of Un-reviewed programs    Un-Collected premium and ground rent    Irregular Occupation of Premises-    Statutory Deductions-PAYE of UGX.324,624,045 not remitted    Undeveloped Land    Inadequate University Infrastructure    Loss of cash in transit- UGX.48, 527,800    Staffing Gaps    Inadequate budget allocation to the Library  94.",delayed_payments,delayed_payments,True,Fort Portal Regional Referral Hospital,hospital_health,Fort Portal,Kabarole,high
42,2018,2018_AGKHI@CON2018.pdf,"Fort Portal Regional Referral  Hospital    Unimplemented budget activities    Inadequate controls surrounding management of Domestic  arrears- UGX 362,688,782    Under Budgeting for Domestic Arrears    Unspent Balances    Unauthorized Excess Expenditure    Non Delivery of Ambulance Equipment    Lack of Skilled Staff to handle Medical Equipment    Inadequate Medical Equipment    Condition of Medical Equipment    Hospital Governing Board not fully constituted  129.",cost_overrun,cost_overrun|delayed_payments,True,Hoima Regional Referral Hospital,hospital_health,Hoima,Hoima,high
43,2018,2018_AGKHI@CON2018.pdf,Hoima Regional Referral Hospital    Domestic Arrears    Inadequate medical equipment        176      Expired Drugs    Ineligible occupants in staff houses    Un-habitable houses    Irregularities in Prior year force account works    Collection of NTR on collection bank accounts    Utilisation of revenue at source    Staffing gaps  130.,delayed_payments,delayed_payments,True,Soroti Regional Referral Hospital,hospital_health,Soroti,Soroti,high
44,2018,2018_AGKHI@CON2018.pdf,Soroti Regional Referral Hospital    Revenue Shortfall    Budget Under Absorption    Unapproved Supplementary Funding    Un accounted for Funds    Under staffing    Unsupported Domestic Arrears    Lack of a Hospital Board    Management of the of Oxygen Plant and supply of oxygen        177      Shortage of medical equipment at the health facility    Utilization of Medical Equipment    Failure to supply ordered Medicines    Expired Drugs    Drug Stock Outs    Unapproved Variation  133.,delayed_payments,delayed_payments,True,Mbarara Regional Referral Hospital,hospital_health,Mbarara,Mbarara,high
45,2018,2018_AGKHI@CON2018.pdf,"Mbarara Regional Referal  Hospital    Domestic Arrears UGX.1,925,001,338    Unauthorized Utilization of Non-Tax Revenue (NTR)    Understaffing in the Hospital    Expired Drugs    medical equipment is obsolete, faulty (Condition of medical  equipment )  134.",delayed_payments,delayed_payments,False,,,,,
46,2018,2018_AGKHI@CON2018.pdf,"16,580,982    Understaffing at the Hospital    Outdated Staff Establishment Structure    Grounded Motor Vehicles    Lack of a Technical Person on the Evaluation Committee  (Irregularities in supply of station wagon)    Irregular award of Contract (Irregularities in supply of station  wagon)     Irregular  Composition  of  the  Evaluation  Committee  (Irregularities in the Contract for Construction of a Seven  Storey Staff House)    Irregular Contingencies in the Contract Sum (Irregularities in  the Contract for Construction of a Seven Storey Staff House )    Irregular Arithmetic Correction of the BoQS (Irregularities in  the Contract for Construction of a Seven Storey Staff House)    Irregular Award of a Contract for Consultancy in Supervision    Expired Period of the Hospital Board    Non-functional Medical Equipment  135.",contract_management,contract_management|procurement_irregularities,True,Butabika National Referral Mental Hospital,hospital_health,Butabika,Kampala,high
47,2018,2018_AGKHI@CON2018.pdf,"Butabika Mental National referral  hospital    Under collection of NTR (AIA) (UGX.381,300,537)    Unspent releases (UGX.482,532,497)    Irregular Procurement of the Supervision team for Construction  works    Protocol for approval of variations not followed    Absence of measurement sheets for certified works    Release of retention monies before issuance of a certificate of  substantial completion (UGX 100,358,206)    Quality of construction works not tested    Use of different rates for similar items in variations    Omission of as-built drawings in the contract    Liquidated damages of UGX 87,683,718 not charged    Overpayment of UGX 81,267,400 due to discrepancies in  certified quantities measured  141.",claims_and_disputes,claims_and_disputes|contract_management|procurement_irregularities,True,Mulago National Referral Hospital,hospital_health,Kampala (Mulago),Kampala,high
48,2018,2018_AGKHI@CON2018.pdf,"Mulago National Referral Hospital   Unspent releases (UGX.3,502,000,000)    Absence of an approved strategic plan    Delays in Banking of Collections    Lack of Hospital Management Board    Staffing gaps    Use of Inappropriate procurement method    Procurement and execution of works worth (UGX 709,716,746)  before Solicitor General’s clearance    Failure to obtain a performance security  144.",procurement_irregularities,procurement_irregularities,True,China-Uganda Friendship Hospital (Naguru),hospital_health,Naguru,Kampala,medium
49,2018,2018_AGKHI@CON2018.pdf,"China- Uganda Friendship  Hospital    Accumulation of utility arrears (UGX.344,755,371)    Lack of a housing policy    Failure to sign evaluation reports by some evaluation  committee members    Failure to state the date of expiry of bid validity in the bidding  document  145.",delayed_payments,delayed_payments|procurement_irregularities,False,,,,,
50,2018,2018_AGKHI@CON2018.pdf,180      Under absorption of funds meant for Construction of a new  office block and staff parking UGX.6.962bn    Underfunding of subventions UGX.12.1Bn    Domestic arrears of UGX.193.113bn    Irregularities in the implementation of the USD.5 Cents/KWH  Subsidy for the textile industry    Failure by GoU to meet contractual obligations with an Edible  Oil refinery    Failure to recruit staff for the PPP Unit (Public-Private  Partnerships Unit)    Escalating outstanding payables UGX.,delayed_payments,delayed_payments,False,,,,,
51,2018,2018_AGKHI@CON2018.pdf,"Ministry Of Science, Technology  And Innovation    Budget shortfall UGX.4.034bn    Understaffing    Lack of Contract Management Plans    Lack of Strategic Plan    Absence of an Audit Committee    Under releases of UGX.2.048bn    Un spent expenditure balances UGX.3,250bn    Failure to Return Unspent Balances UGX.1.303bn    Expired Term of the Board and Management Committee    Lack of Internal Audit Function    Lack of Land Titles for PIBID Land    Incomplete Works (Audit Inspection of TBI Factory)    Redundant Machinery (Audit Inspection of TBI Factory)  153.",delay_time_overrun,delay_time_overrun|contract_management,False,,,,,
52,2018,2018_AGKHI@CON2018.pdf,"Ministry  Of  Information  Communication Technology And  National Guidance    Budget shortfall UGX.4,641bn    Under absorption of the funds UGX.2.99 bn    Outstanding domestic Arrears UGX.0.216bn    Unjustified Direct Procurements - UGX.0.457bn    Irregular Issuance of Framework Contract for Supply of IT  Equipment - UGX.0.574 bn  WORKS SECTOR  154.",delayed_payments,delayed_payments|procurement_irregularities,False,,,,,
53,2018,2018_AGKHI@CON2018.pdf,"Electricity Regulatory  Authority    Nugatory Expenditure UGX 108,389,948    Underperformance in prepayment Meter conversion targets  of UMEME    Absence of a methodology for verifying costs    High energy losses in the service territories    Non-compliances to Quality of Standards by UMEME  11.",claims_and_disputes,claims_and_disputes|contract_management,True,Mbarara-Nkenda Transmission Line,power_transmission,Mbarara;Nkenda,,high
53,2018,2018_AGKHI@CON2018.pdf,"Electricity Regulatory  Authority    Nugatory Expenditure UGX 108,389,948    Underperformance in prepayment Meter conversion targets  of UMEME    Absence of a methodology for verifying costs    High energy losses in the service territories    Non-compliances to Quality of Standards by UMEME  11.",claims_and_disputes,claims_and_disputes|contract_management,True,Tororo-Lira Transmission Line,power_transmission,Tororo;Lira,,high
54,2018,2018_AGKHI@CON2018.pdf,"Mbarara-Nkenda And Tororo- Lira Transmission Lines  Project    Interest claims and additional Costs on late invoice  payments UGX.5,076,700,788    Delayed implementation of contracts        185      Supervising consultant cost escalations UGX.3,019,220,561    Cancellation of loan by ADB    Delays in land transfer and titling process    Outstanding compensations to Project Affected Persons  (PAPs) - 5,899 PAPs out of 6,509 compensated  14.",cost_overrun,cost_overrun,False,,,,,
55,2018,2018_AGKHI@CON2018.pdf,"Rural Electrification Agency    Budget Shortfall UGX.35,914,900,941    Revenue Arrears UGX.10,358,804,214    Escalating Receivables from the Uganda Electricity  Transmission Company Limited 5% Levy by 44% from  UGX.50,645,352,876 to UGX.73,003,978,668.",delayed_payments,delayed_payments,False,,,,,
56,2018,2018_AGKHI@CON2018.pdf,"Uganda Electricity  Transmission Company Ltd  (UETCL)    Avoidable costs incurred - surcharges for delayed payments  to Bujagali Energy Limited (BEL) amounting  UGX.391,752,610    Loss arising out of weaknesses in asset management –  Vandalism of equipment worth UGX1,980,454,206.",delayed_payments,delayed_payments,False,,,,,
57,2018,2018_AGKHI@CON2018.pdf,Uganda Rural Electricity  Access Project (UREAP)    Delayed Completion of Projects    WATER AND ENVIRONMENT SECTOR  27.,delay_time_overrun,delay_time_overrun,True,Kampala Sanitation Program (KSP),water_supply,Kampala,Kampala,medium
58,2018,2018_AGKHI@CON2018.pdf,"Kampala Sanitation Program  (KSP) - National Water    Delay to pay contractors by GoU to the tune of  UGX.31,158,540,457    Impending Legal Suits on Disputed Compensation  Offers/claims i.e Amount Claimed is UGX 1,395,856,789 but  Compensated amount is UGX 115,616,970  32.",claims_and_disputes,claims_and_disputes,True,Insurance Regulatory Authority Office Building,other_building,Kampala,Kampala,low
59,2018,2018_AGKHI@CON2018.pdf,"Insurance Regulatory  Authority    Unimplemented activities - contracts valued at  UGX.83,397,132 and the setting up of Insurance Appeals  Tribunal    Outstanding Receivables - 64,957,554    Delays in Construction of Insurance Regulatory Authority  Office Building    Incomplete Procurements valued at UGX.210,684,500  48.",procurement_irregularities,procurement_irregularities,False,,,,,
60,2018,2018_AGKHI@CON2018.pdf,"Uganda Posts Limited    Budget shortfall of UGX.2,852,589,691    Purchase of power backup UGX.263,450,880 not budgeted  for    Outstanding Trade and other Payables -  UGX.13,341,472,070    Unpaid up Share Capital UGX.5,512,825,000 for 220,513  shares    Overdue Receivables - UGX.7,855,540,320    Outstanding Levy on Gross Annual Revenue of  UGX.631,517,772    Nugatory Expenditure (fines, court awards and legal fees) of  UGX.330, 537,700    Expired Contracts for Members of the UPL Board    Lack of Land Titles for UPL Land - Plot 40 Margarita Road,  Kasese; Plot 18-20 Gogonyo Road, Pallisa; Plot 76 Mawokota  Block 92, Mpigi; Plot 6-10 Birch Avenue, Masaka; Plot 2-6  Mutekanga Road, Kamuli; Plot 1-11 Nsambya Road,  Kampala    High Rate of Staff Turnover – 21 staff left org but were not  replaced    Outstanding Tax Payments - UGX.4,317,502,160 (PAYE -  UGX.1,035,638,150, VAT - UGX.3,281,864,010)    Non Alignment of Strategic Plan to the National  Development Plan  65.",claims_and_disputes,claims_and_disputes,False,,,,,
61,2018,2018_AGKHI@CON2018.pdf,"UGX.44,095,770,425    Legal costs paid - UGX19,445,101,578 and  UGX.5,032,868,969 provision for legal costs for the period  under review    UGX.433.8 million receivable from Multiplex as at 30th June  2018 and non-compliance of the contractor to contract  terms    Nugatory expenditure in the form of Interest on Delayed  Payments-UGX.",claims_and_disputes,claims_and_disputes|contract_management,True,Kampala Institutional and Infrastructure Development Project (KIIDP2),other,Kampala,Kampala,high
62,2018,2018_AGKHI@CON2018.pdf,"  Non-implementation of planned activities    Contingent liability due to delay in site handover- UGX,6,630,071,834    Garnishee order on KIIDP2 Account - US$.",claims_and_disputes,claims_and_disputes,True,Nshaara Ranch,other_building,Nshaara,Kiruhura,medium
62,2018,2018_AGKHI@CON2018.pdf,"  Non-implementation of planned activities    Contingent liability due to delay in site handover- UGX,6,630,071,834    Garnishee order on KIIDP2 Account - US$.",claims_and_disputes,claims_and_disputes,True,Mazuri Ranch,other_building,Mazuri,,medium
62,2018,2018_AGKHI@CON2018.pdf,"  Non-implementation of planned activities    Contingent liability due to delay in site handover- UGX,6,630,071,834    Garnishee order on KIIDP2 Account - US$.",claims_and_disputes,claims_and_disputes,True,Lusenke Ranch,other_building,Lusenke,Nakaseke,medium
62,2018,2018_AGKHI@CON2018.pdf,"  Non-implementation of planned activities    Contingent liability due to delay in site handover- UGX,6,630,071,834    Garnishee order on KIIDP2 Account - US$.",claims_and_disputes,claims_and_disputes,True,Njeru Stock Farm,other_building,Njeru,Buikwe,medium
63,2018,2018_AGKHI@CON2018.pdf,"National Animal Genetics  Centre and Data Bank    Budget shortfall of UGX.2,910,000,000    Unimplemented budget activities    Non-compliance with commitment control procedures-  UGX.149,453,000    Unbudgeted for domestic arrears- UGX.302,491,433    Encroachment of ranch Land        200      Loss of Livestock, imported eggs and parent stock    Incomplete construction works in Mazuri Ranch, Njeru Stock  Farm, Lusenke Ranch and Nshaara Ranch    Ineligible occupants in staff houses    Un-habitable houses due to fire and lack of roofs    Irregularities in Prior year force account works    Non-compliance with the Non Tax Revenue collection  process    Utilisation of revenue at source UGX.68,243,150    Staffing gaps 142 out 313 positions filled  100.",land_and_right_of_way,land_and_right_of_way|contract_management|delayed_payments,False,,,,,
64,2018,2018_AGKHI@CON2018.pdf,"366,052,835    Untitled land    Non-Operational milk processing factory    Encroachment of school land    Expiry of Performance Security    Failure to collect cess    Staffing Gaps 65 out of 140 positions filled  102.",land_and_right_of_way,land_and_right_of_way,False,,,,,
65,2018,2018_AGKHI@CON2018.pdf,"  Payment of un-budgeted prior year arrears amounting to  UGX.48,634,712,458    Payment for tea lead agency fees for Kabale and Kisoro  districts        201     Flawed MOU with regard to measurement of  deliverables:   Rationale for the 30% Lead agency fee on distributed  tea:   Partial consent settlement without Guarantee;    Mischarge of Expenditure totalling to UGX.1,009,498,818    Nugatory Expenditure – UGX 93,159,046    Pending cases whose value was in excess of UGX.18 billion  pending resolution by court    Operation Wealth Creation vehicle status review    Basis for computation of transport costs to the tune of  UGX.1,978,744,208    Sugarcane Production in Northern Uganda   Cane seed procurement-UGX.4,518,260,220    Non consideration of the evaluation  methodology and criteria    Delayed delivery and Liquidated damages  charges    Expiry of the Advance payment guarantee   Bush Clearing, Land preparation, Planting cane, weed  management, manual and mechanical weeding, seed  cane harvesting and loading-UGX.15,526,487,530    Irregular Advance payment security in form  of Log books- UGX.4,657,946,259    Contract price adjustment:    NAADS’ restructuring and Legal Mandate   Irregular restructuring:-   Uncertainty on ownership of Assets:-   Liability against OWC:-    NAADS’ assets held by districts    Failure to execute performance security worth  UGX.23,325,873,958    Recruitment of Civilians under Operation Wealth Creation   Unclear Authority for the recruitment of civilians   Non deduction of PAYE from OWC civilian staff        202      TRADE SECTOR  103.",claims_and_disputes,claims_and_disputes|delayed_payments|procurement_irregularities,True,Luwero Fruit Factory,other_building,Luwero,Luwero,high
65,2018,2018_AGKHI@CON2018.pdf,"  Payment of un-budgeted prior year arrears amounting to  UGX.48,634,712,458    Payment for tea lead agency fees for Kabale and Kisoro  districts        201     Flawed MOU with regard to measurement of  deliverables:   Rationale for the 30% Lead agency fee on distributed  tea:   Partial consent settlement without Guarantee;    Mischarge of Expenditure totalling to UGX.1,009,498,818    Nugatory Expenditure – UGX 93,159,046    Pending cases whose value was in excess of UGX.18 billion  pending resolution by court    Operation Wealth Creation vehicle status review    Basis for computation of transport costs to the tune of  UGX.1,978,744,208    Sugarcane Production in Northern Uganda   Cane seed procurement-UGX.4,518,260,220    Non consideration of the evaluation  methodology and criteria    Delayed delivery and Liquidated damages  charges    Expiry of the Advance payment guarantee   Bush Clearing, Land preparation, Planting cane, weed  management, manual and mechanical weeding, seed  cane harvesting and loading-UGX.15,526,487,530    Irregular Advance payment security in form  of Log books- UGX.4,657,946,259    Contract price adjustment:    NAADS’ restructuring and Legal Mandate   Irregular restructuring:-   Uncertainty on ownership of Assets:-   Liability against OWC:-    NAADS’ assets held by districts    Failure to execute performance security worth  UGX.23,325,873,958    Recruitment of Civilians under Operation Wealth Creation   Unclear Authority for the recruitment of civilians   Non deduction of PAYE from OWC civilian staff        202      TRADE SECTOR  103.",claims_and_disputes,claims_and_disputes|delayed_payments|procurement_irregularities,True,Atiak Sugar Factory,other_building,Atiak,Amuru,high
65,2018,2018_AGKHI@CON2018.pdf,"  Payment of un-budgeted prior year arrears amounting to  UGX.48,634,712,458    Payment for tea lead agency fees for Kabale and Kisoro  districts        201     Flawed MOU with regard to measurement of  deliverables:   Rationale for the 30% Lead agency fee on distributed  tea:   Partial consent settlement without Guarantee;    Mischarge of Expenditure totalling to UGX.1,009,498,818    Nugatory Expenditure – UGX 93,159,046    Pending cases whose value was in excess of UGX.18 billion  pending resolution by court    Operation Wealth Creation vehicle status review    Basis for computation of transport costs to the tune of  UGX.1,978,744,208    Sugarcane Production in Northern Uganda   Cane seed procurement-UGX.4,518,260,220    Non consideration of the evaluation  methodology and criteria    Delayed delivery and Liquidated damages  charges    Expiry of the Advance payment guarantee   Bush Clearing, Land preparation, Planting cane, weed  management, manual and mechanical weeding, seed  cane harvesting and loading-UGX.15,526,487,530    Irregular Advance payment security in form  of Log books- UGX.4,657,946,259    Contract price adjustment:    NAADS’ restructuring and Legal Mandate   Irregular restructuring:-   Uncertainty on ownership of Assets:-   Liability against OWC:-    NAADS’ assets held by districts    Failure to execute performance security worth  UGX.23,325,873,958    Recruitment of Civilians under Operation Wealth Creation   Unclear Authority for the recruitment of civilians   Non deduction of PAYE from OWC civilian staff        202      TRADE SECTOR  103.",claims_and_disputes,claims_and_disputes|delayed_payments|procurement_irregularities,True,Isingiro Fruit Factory,other_building,Isingiro,Isingiro,medium
66,2018,2018_AGKHI@CON2018.pdf,"Uganda Development  Corporation    Uncertainty of viability in investments of;    Lake Victoria Glass Works Limited UGX.215,219,000,    Atiak Sugar Factory-Horyal Investments Holding Company  Ltd (HIHC) UGX.19,811,808,120    Non transfer of shares to Ministry of Science, Technology  and Innovations by UDC    Luwero Fruit factory Land not titled and valued    Limited progress on the development of the fruit factory    Delayed commencement of the fruit processing Plant    Investment of funds in Isingiro Fruit Factory without a  memorandum of understanding    Failure to takeover Embassy House    Failure to take over Government interest in Munyonyo  Commonwealth Resort Limited    Delays in transferring the supervision role of Phenix Logistics  (Uganda) Limited to UDC  104.",contract_management,contract_management,True,UWEC Floating Restaurant (Pier),other_building,Entebbe,Wakiso,high
67,2018,2018_AGKHI@CON2018.pdf,Uganda Wildlife Conservation  & Education Center (UWEC)    Stalled Construction of the Floating Restaurant (Pier)    Inadequate Maintenance of Accommodation Facilities    Staffing Gaps 39 out of 59 positions filled  108.,delay_time_overrun,delay_time_overrun,False,,,,,
68,2018,2018_AGKHI@CON2018.pdf,"Uganda Road Fund    Undisclosed non-produced assets worth UGX.1,510,000,000    Mischarge of expenditure – UGX.418,598,288    Reporting Inconsistencies    Governance Issues   Unsigned board minutes        206     Non consideration of internal audit reports by the  board    Unrecovered PAYE amounting to UGX.55,602,000    Emergency road funds   Unverified emergency sites   Inadequate emergency intervention fund    Failure to apply the allocation formula for road maintenance  funds  122.",governance_and_controls,governance_and_controls,True,Entebbe International Airport Expansion Project,airport,Entebbe,Wakiso,high
69,2018,2018_AGKHI@CON2018.pdf,"Civil Aviation Authority (for  the year ended 30th June  2016)    Entebbe International Airport -Expansion Project  Management   Inconsistencies in the operationalization of the  requirements of the agreements signed   Absence of evidence of involvement of an  independent consultant and verification report during  the year ended 30 June 2016   Need for a technical and final audit of the project    Management of Trade and Other Payables and Supplier  Relationships    Recovery of Receivables from Government Entities   Nakasongola Project Funding-Ugx 23 Billion   Non-existence of recovery plan for Government debts    Compliance with safety regulations requirements - ICAO  Safety Report    Corporate Governance (failure to assess likelihood of fraud  or its consequences, absence of whistle blowing policy and  no fraud Tracker)  123.",governance_and_controls,governance_and_controls,True,Busega-Mpigi Road Project,road,Busega;Mpigi,,high
70,2018,2018_AGKHI@CON2018.pdf,"Busega – Mpigi Road Project    Funds Utilization   Diversion of Project funds – UGX.36,431,557,233    Low disbursement of project funds    Delayed procurement        207    125.",procurement_irregularities,procurement_irregularities,False,,,,,
71,2018,2018_AGKHI@CON2018.pdf,Road Sector Support Project 4  (RSSP4)    Compensation to the Project Affected Persons (PAPs)   Delayed payment to Project Affected Persons (PAPs)   Land Acquisition ( Transfer/ sub-division of land)   Delayed civil works   Lack of evidence on approval of reviewed designs    Inter – Project Re-allocations-UGX.,land_and_right_of_way,land_and_right_of_way|delayed_payments,True,Mandela National Stadium (Namboole),stadium,Namboole,Wakiso,medium
72,2018,2018_AGKHI@CON2018.pdf,"  Revenue shortfall of UGX  694,000,000 (15%)    Irregularities in outsourcing of  Mandela Sports Hotel    Increased Encroachment on Stadium  Land.",land_and_right_of_way,land_and_right_of_way,False,,,,,
73,2018,2018_AGKHI@CON2018.pdf,211      Implementation of Road maintenance  projects;   Absence of detailed road  condition assessment   Delayed advance payment   Expired and Invalid  performance guarantees   Delayed payment of interim  payment certificates   Delayed project works against  schedule.,delayed_payments,delayed_payments,False,,,,,
74,2018,2018_AGKHI@CON2018.pdf,"Uganda Railway  Corporation    Overstatement of  revaluation gains on  PPE –  UGX.169,750,536,720    Unspent balance of  UGX.15,185,202,331    Doubtful receivables not provided for  – UGX.11,389,270,000    Increase in trade and other  receivables from UGX.15,870,630,000  to UGX.17,276,742,000    Increase in trade and other payables  by 27% from UGX.4,956,919,000 to  UGX.6,287,874,000    Absence of a joint verification report  on termination of the concession        212      Failure to amend the accounting  manual following abolition of pre- audit function    Untitled land of over 362 square  meters at Nalukolongo leading to  encroachment of some of the plots      1.1  Other Audits    S/N  ENTITY  REMARK    EDUCATION SECTOR  1.",land_and_right_of_way,land_and_right_of_way,False,,,,,
75,2018,2018_AGKHI@CON2018.pdf,"Apac DLG   Unsupported  expenditure  transactions   Unexplained adjustment      Performance of Youth Livelihood Programme    Funding of the program    Non – compliance with the repayment  schedule    Transfer of recovered funds to the recovery  account in BOU    Inspection of performance of youth projects    Implementation of the Uganda Road Fund    Budget performance    Status of implementation    Unsupported domestic arrears    Unbudgeted for domestic arrears    Loss of district motor cycles    Outstanding electricity bill    Management of natural resources    Lack of legal ownership of land, forest  reserves and wetlands    Unlicensed/illegal activities on Natural  Resources    Physical Planning Committees    Existence of Physical Planning Committee    Capitation grant in Aninolal Primary school    Disclosure of capitation grant funds in financial  statements    Status of basic medical equipment    Inventory of Medical Equipment    Condition of Medical Equipment  3.",delayed_payments,delayed_payments,True,Loborom HC III Solar-Powered Water System,water_supply,Loborom,Kitgum,high
76,2018,2018_AGKHI@CON2018.pdf,"Kitgum DLG   Unaccounted for funds      Performance of Youth Livelihood Programme    Funding of the programme    Non- compliance with the repayment schedule    Transfer of recovered funds to the recovery  account in BOU    Inspection of performance of youth projects    Implementation of the Uganda Road Funds    Budget performance        216      Status of implementation    Pension and gratuity arrears    Local revenue shortfall    Unaccounted for SFG funds    Diversion of funds to non- budgeted for  projects    Abandoned construction of motorized water  solar system in Loborom HCIII Labongo  Layamo sub counties    Summary of exceptions raised in the PPDA  report    Management of natural resources    Lack of legal ownership of land, forests  reserves and wetlands    Unlicensed Activities on Natural Resources    Absence of a District Environmental  Committee    Management of road equipment    Failure to Maintain Road Equipment Records    Status of basic medical equipment    Absence of Basic Medical Equipment    Poor condition of medical equipment    Lack of qualified staff to Operate medical  equipment in Health Units    Physical planning committee    Existence of Physical Planning Committee  4.",delayed_payments,delayed_payments,False,,,,,
77,2018,2018_AGKHI@CON2018.pdf,"Lira DLG   Mischarged expenditure   Unaccounted for funds   Unreconciled payments  on the Lira DLG General  Account   Unexplained payments   Unacknowledged  remittances to Financial  Institutions      Performance of Youth Livelihood Programme    Funding of the Programme    Non-compliance with the repayment schedule    Failure to Transfer recovered funds to the  recovery account in BOU    Implementation of the Uganda Road Fund    Budget Performance    Status of Implementation    Under collection of local revenue    Unpaid salaries, pension and gratuity arrears    Understaffing    Summary of exceptions raised in the PPDA  audit report      Management of Natural Resources    Unlicensed activities on natural resources    Management of solid waste at Aler Farm    Physical Planning Committee    Existence of Physical Planning Committee    Status of Basic Medical Equipment    Condition of Medical Equipment  6.",contract_management,contract_management|delayed_payments,False,,,,,
78,2018,2018_AGKHI@CON2018.pdf,"Pader DLG    Un-disclosed Advances    Unaccounted for Funds      Performance of Youth Livelihood Programme    Funding of the Program    Noncompliance with the Repayment Schedule    Failure to transfer recovered funds to the  recovery account in BOU    Inspection of Performance of Youth projects    Implementation of the Uganda Road Funds    Budget Performance    Status of implementation        218      Unpaid Pensions Arrears    Under Collection of Local Revenue    Non-disbursement of YLP Project Funds to  Youth Interest Groups    Summary of exceptions raised in the PPDA  audit report    Management of natural resources    Lack of legal ownership of land, forests  reserves and wetlands    Unlicensed /illegal activities on Natural  resources    Status of Basic Medical Equipment    Physical Planning Committee    Existence of Physical Planning Committee    Performance of Physical Planning the  Committee    KAMPALA  BRANCH      7.",delayed_payments,delayed_payments,True,Goma HC III Maternity Ward,hospital_health,Goma,Mukono,high
79,2018,2018_AGKHI@CON2018.pdf,Mukono MC Misstatement of Financial  Statement    Budget Performance under Uganda Road Fund    Under collection of Revenue - Property Tax    Compliance Matters    Lack of a landfill at the compositing facility    Lack of Contract management plans and  Implementation Reports    Construction of a 10 bed Maternity ward at  Goma HC III    Lack of a contract Implementation plan and  Supervision Reports    MASAKA  BRANCH              8.,contract_management,contract_management,False,,,,,
80,2018,2018_AGKHI@CON2018.pdf,Ishaka- Bushenyi MC   Missing Procurement  Records        Incompletely constituted Urban Physica    Planning Committee Incompletely constituted  Urban Physical Planning Committee    Condition of Medical Equipment in Health  Centre IV    Inadequate Equipment for Garbage Collection  and Disposal    MOROTO  BRANCH      10.,procurement_irregularities,procurement_irregularities,False,,,,,
81,2018,2018_AGKHI@CON2018.pdf,Kotido DLG   Unsupported Pension  Payments      YLP-Low Recovery of Funds    URF-Performance of URF    Release of Funds for the implementation of  Duplicated Sub-Projects under NUSAF III    Un-Spent Conditional Grant    Under-Collection of Local Revenue    Delays in Implementation of NUSAF Sub- Projects    Construction of Council Hall    Incomplete and abandoned Contractual  Obligations    Un-Sustainable Accumulation of Domestic  Arrears    Lack of Land Titles    Inadequate Infrastructure in UPE Schools    Composition of Physical Planning Committee  11.,delayed_payments,delayed_payments,True,Kotido District Council Hall,other_building,Kotido,Kotido,medium
82,2018,2018_AGKHI@CON2018.pdf,Amolatar  DLG   Unaccounted for Funds   Unverified Expenditure   Unsupported Payments  for Pension and  Gratuity Arrears      YLP-Low Recovery of Funds    URF-Performance of URF    Under Collection of Local Revenue    Financing the NUSAF 3 Program    Under Absorption of NUSAF 3 Project Funds    Failure to Dispose of Assets    Lack of Basic Medical Equipment in Health  Facilities    Carrying out illegal activities on the Wet lands  and Lake shores        221      Encroachment on forests reserves    Lack of proper demarcation of Natural  resources’ boundaries    Fairness of Evaluation    Tarmacking/Low cost Sealing of Corner  Bangladesh    Award of VAT Contracts to non VAT registered  contractor    Un-Updated Procurement contract Register    Capitation - Lack of Financial statements    Capitation Grant release to School    Procurement Compliance review by PPDA  14.,land_and_right_of_way,land_and_right_of_way|delayed_payments|procurement_irregularities,True,Corner Bangladesh Road Sealing,road,Corner Bangladesh,Amolatar,medium
83,2018,2018_AGKHI@CON2018.pdf,Amuria DLG   Unsupported Pension  and Gratuity Payments   Mischarge of  Expenditure   Non-Disclosure of Un- Spent Balance in the  Financial statements      YLP-Low Recovery of Funds    URF-Performance of URF    Domestic Arrears    Under Collection of Local Revenue    Under Staffing    Infrastructure in UPE Schools    Construction of Two classroom block at  Agereger Primary School    Missing District Assets      Shortage of Medical equipment in various  departments    Lack of a District Physical Development Plan    Unlicensed activities on the Natural Resources  15.,delayed_payments,delayed_payments,True,Agereger Primary School Classroom Block,school,Agereger,Amuria,high
84,2018,2018_AGKHI@CON2018.pdf,Nebbi DLG      YLP-Low Recovery of Funds    URF-Performance of URF    Destruction of Artificial forest under NUSAF3 Project    Delayed Release of NUSAF 3 project Funds to the Beneficiary Groups    Defects identified in a two Class Ro Block at Otwago Non-Formal  Education Learning Centre    Understaffing    Failure to gazette and monitor wetlands    Failure to provide the prescribed documentation for road equipment    Lack of required Medical Equipment    Irregular Maintenance of Medical Equipment    5.,contract_management,contract_management,True,Otwago Non-Formal Education Learning Centre Classroom Block,school,Otwago,Nebbi,high
85,2018,2018_AGKHI@CON2018.pdf,"Koboko MC      YLP-Low Recovery of Funds    URF-Performance of URF    Under collection of revenue/Local revenue shortfall UGX 171,767,355    Unaccounted for funds UGX 10,621,002    Cash Payments for various activities using the imprest account    Unpaid Pension and Gratuity Liabilities UGX 156,655,291    Failure to maintain logbooks for road equipment and machinery    By-laws regarding garbage management in the Municipality still in Draft  form    Lack of garbage transportation equipment and machinery    Lack of legal ownership of the wetlands of the Municipality        225      Encroachment on Apa river wetlands    Unlicensed Car Washing Point in the wetlands along Apa River    9.",land_and_right_of_way,land_and_right_of_way,False,,,,,
86,2018,2018_AGKHI@CON2018.pdf,"Yumbe DLG      YLP-Low Recovery of Funds    URF-Performance of URF    Unspent Balance not returned to the Consolidated Fund    Delayed Disbursement of Funds to Groups    Failure to Remit Sub-counties’ Share of Collected Local Revenue    Nugatory Expenditure    Lack of Budget Provisions for the Committee    Failure to Issue Occupational Permits, Monitor and Control Developments    Condition of Medical equipment    Inspections of Health Centres    Award of Contract to a Company that Failed the Eligibility Test    Wasteful Expenditure on Kurunga – Tokuru Road    PPDA Reports for FY 2017/18    10.",claims_and_disputes,claims_and_disputes,True,Kurunga-Tokuru Road,road,Kurunga;Tokuru,Yumbe,high
87,2018,2018_AGKHI@CON2018.pdf,Bundibugyo DLG    URF-Performance of URF    Funds not accounted for    Local Revenue Shortfall    Underfunding of Youth Livelihood Programme    Inspection of Performance of Youth Projects    Garnish Orders fr Court Cases    Failure to remit Statutory deductions    Capitation Grants   Lack of Financial Statements and Books of Accounts - Busu  Primary School    Management of Natural Resources   Failure to Demarcate and Monitor Natural resources   Unlicensed Activities on the Forest Reserves   Failure to Constitute the District Environment Committee      Management of Procurement    Payments made to companies over and above the awarded contract price    Status of Basic Medical Equipment   Inadequate Medical Equipment    18.,claims_and_disputes,claims_and_disputes|procurement_irregularities,False,,,,,
88,2018,2018_AGKHI@CON2018.pdf,Bunyangabu DLG    PERFORMANCE OF URF URF-Performance of URF    Lack of Land Titles    Management of Procurement    Irregular Direct Procurements    Management of Natural Resources        229      Illegal Activities on Natural Resources    Absence of a District Environmental Committee    Inadequate/ Un-available/ Faulty Medical Equipment    Availability of Skilled Personnel to Manage Medical Equipment    Road Equipment    Lack of Logbooks for Se Motor Vehicles    Audit of Physical Planning Committees    Lack of a District Physical Development Plan    Budget for the Physical Planning Committee  20.,procurement_irregularities,procurement_irregularities,False,,,,,
89,2018,2018_AGKHI@CON2018.pdf,  Inspection of Performance of Youth projects    PERFORMANCE OF URF    Donor Funds Shortfall    Local Revenue Shortfall    Domestic Arrears    Management of Road Equipment    Idle Road Equipment    Garbage Management    Non-functional Equipment for Garbage collection and disposal    Lack of a Proper Solid Waste Management System    Management of Natural Resources    Lack of Legal Ownership of Land and Wetlands    Budgets for the Physical Planning Committee    GULU BRANCH    23.,delayed_payments,delayed_payments,False,,,,,
90,2018,2018_AGKHI@CON2018.pdf,Agago DLG    Performance of Youth Livelihood Program    Funding of the program    Non – compliance with the repayment schedule    Transfer of recovered funds to the recovery account in BOU    Inspection of performance of youth projects    Gratuity and pension arrears    Motor vehicles due for disposal    Summary of exceptions raised in the PPDA report        231      Management of Natural Resources    Absence of a district environmental Committee    Management of road equipment    Failure to maintain road equipment records    Inadequate maintenance of road equipment    Physical planning Committee    Existence of physical planning Committee    Capitation grant    Lack of financial statements  24.,delayed_payments,delayed_payments,False,,,,,
91,2018,2018_AGKHI@CON2018.pdf,"Alebtong DLG    Performance of Youth Livelihood Program    Funding of the program    Non – compliance with the repayment schedule    Transfer of recovered funds to the recovery account in BOU    Inspection of performance of youth projects    Implementation of Uganda Road Funds    Unpaid gratuity, salaries and pension arrears    Payment for no work done    Under staffing    Management of natural resources    Lack of legal ownership of land, forests reserves and wetlands    Existence of land office and staffing    District environment Committee    Unlicensed/ Illegal activities on natural resources    Management of road equipment    Failure to maintain road equipment records    Status of basic medical equipment    Physical planning Committee    Failure to institute a physical planning Committee    Capitation grant    Capitation grant releases to Agoro primary school    Supervision and monitoring reports by the district  25.",contract_management,contract_management|delayed_payments,False,,,,,
92,2018,2018_AGKHI@CON2018.pdf,"Apac municipal  council    Implementation of the Uganda Road Funds    Unpaid Pension Liabilities    Salary arrears    Management of natural resources        232      Lack of legal ownership of land, forests reserves and wetlands    Unlicensed/ illegal activities on natural resources    Management of Garbage    Lack of bye-laws regarding garbage management    Lack of a garbage management system  26.",delayed_payments,delayed_payments,False,,,,,
93,2018,2018_AGKHI@CON2018.pdf,Gulu DLG    Performance of Youth Livelihood Programme    Failure to transfer recovered funds to the recovery account in BOU    Inspection of performance of youth projects    Implementation of the Uganda Road Funds    Budget performance    Status of implementation    Contingent liability    Unpaid pension and gratuity arrears    Payables    Incomplete and abandoned work    Incomplete renovation and expansion of OPD in Lugore HCII Palaro sub  county    Incomplete/ abandoned low cost sealing of Laroo- Pageya Road 2Km    Non- disbursement of YLP funds for financial year 2017/2018    Non-assessment of taxable revenue    Summary of exceptions raised in the PPDA report    Management of natural resources    Unlicensed activities on natural resources    The physical planning Committee    Establishment of the physical planning Committee    Performance of the physical planning Committee    Non budgeting for the physical planning Committee activities    Management of road equipment    Failure to maintain road equipment records    Non-functional/ grounded equipment    Status of basic medical equipment    Failure to record medical equipment in the district assets register    Missing procurement records  27.,claims_and_disputes,claims_and_disputes|delayed_payments|procurement_irregularities,True,Laroo-Pageya Road,road,Laroo;Pageya,Gulu,high
93,2018,2018_AGKHI@CON2018.pdf,Gulu DLG    Performance of Youth Livelihood Programme    Failure to transfer recovered funds to the recovery account in BOU    Inspection of performance of youth projects    Implementation of the Uganda Road Funds    Budget performance    Status of implementation    Contingent liability    Unpaid pension and gratuity arrears    Payables    Incomplete and abandoned work    Incomplete renovation and expansion of OPD in Lugore HCII Palaro sub  county    Incomplete/ abandoned low cost sealing of Laroo- Pageya Road 2Km    Non- disbursement of YLP funds for financial year 2017/2018    Non-assessment of taxable revenue    Summary of exceptions raised in the PPDA report    Management of natural resources    Unlicensed activities on natural resources    The physical planning Committee    Establishment of the physical planning Committee    Performance of the physical planning Committee    Non budgeting for the physical planning Committee activities    Management of road equipment    Failure to maintain road equipment records    Non-functional/ grounded equipment    Status of basic medical equipment    Failure to record medical equipment in the district assets register    Missing procurement records  27.,claims_and_disputes,claims_and_disputes|delayed_payments|procurement_irregularities,True,Lugore HC II OPD Renovation/Expansion,hospital_health,Lugore (Palaro sub-county),Gulu,high
94,2018,2018_AGKHI@CON2018.pdf,Kitgum municipal  council    Implementation of the Uganda Road Funds    Loss of funds due to garnishing    Payment for shoddy works    Under staffing    Delayed disbursement of funds to approved beneficiary groups  2017/2018    Unexplained variances in amounts disbursed to YIGs    Failure to conduct property valuation    Garbage Management    Lack of bye-laws regarding garbage management    Break down of garbage collection equipment    Lack of a garbage management system    Performance of the Physical Planning Committee    Irregular appointment of a Land Surveyor    Inadequate funding of the physical planning Committee activities    Inadequate Performance of the Physical Planning Committee    Lack of contract management files  29.,contract_management,contract_management,False,,,,,
95,2018,2018_AGKHI@CON2018.pdf,"Lamwo DLG    Performance of Youth Livelihood Programme    Pension and Gratuity Arrears    Loss of 3 Motor Cycles        234      Summary of exceptions raised in the PPDA audit report    Management of natural resources    Lack of legal ownership of land, forests reserves and wetlands    Unlicensed activities on natural resources    Lack of District Land Office    Absence of the District Environmental Committee    Capitation grant    Capitation grant releases to school    Status of basic medical equipment    Poor condition medical equipment    Lack of Competent staff to Handle Medical Equipment    30.",delayed_payments,delayed_payments,False,,,,,
96,2018,2018_AGKHI@CON2018.pdf,"Lira municipal  council    Performance of Youth Livelihood Programme    Funding of the Programme    Non-compliance with the Repayment Schedule    Transfer of recovered funds to the recovery account in BOU    Inspection of Performance of Youth projects    Implementation of the Uganda road Funds    Support to Municipal Infrastructure Development Program (USMID)    Management of natural resources    Lack of legal ownership of land, forests reserves and wetlands    Municipal Environmental Committee    Unlicensed/ illegal activities on Natural resources    Garbage management    Bye-laws regarding garbage management    Poor management of Solid Waste at Aler Composite Plant    Establishment of Urban Physical Planning Committees  31.",contract_management,contract_management,False,,,,,
97,2018,2018_AGKHI@CON2018.pdf,"Nwoya DLG    Performance of Youth Livelihood Programme    Funding of the Programme    Non-compliance with the Repayment Schedule    Transfer of recovered funds to the recovery account in BOU    Inspection of Performance of Youth projects    Implementation of the Uganda Road Funds    Budget performance    Status of implementation        235        Unpaid, Salaries , Pensions Gratuity Arrears    Payment for Work not done at Anaka Central P/S    Payment for Work not done at Todora HCII    Payment for Work not done at Lulyango Primary School    Construction of Box Culvert on Ceke Stream/ Diversion of Funds    Summary of exceptions raised in the PPDA audit reports    Management of Natural Resources    Lack of legal ownership of land, forests reserves and wetlands.",contract_management,contract_management|delayed_payments,True,Anaka Central Primary School Works,school,Anaka,Nwoya,medium
97,2018,2018_AGKHI@CON2018.pdf,"Nwoya DLG    Performance of Youth Livelihood Programme    Funding of the Programme    Non-compliance with the Repayment Schedule    Transfer of recovered funds to the recovery account in BOU    Inspection of Performance of Youth projects    Implementation of the Uganda Road Funds    Budget performance    Status of implementation        235        Unpaid, Salaries , Pensions Gratuity Arrears    Payment for Work not done at Anaka Central P/S    Payment for Work not done at Todora HCII    Payment for Work not done at Lulyango Primary School    Construction of Box Culvert on Ceke Stream/ Diversion of Funds    Summary of exceptions raised in the PPDA audit reports    Management of Natural Resources    Lack of legal ownership of land, forests reserves and wetlands.",contract_management,contract_management|delayed_payments,True,Todora HC II Works,hospital_health,Todora,Nwoya,medium
97,2018,2018_AGKHI@CON2018.pdf,"Nwoya DLG    Performance of Youth Livelihood Programme    Funding of the Programme    Non-compliance with the Repayment Schedule    Transfer of recovered funds to the recovery account in BOU    Inspection of Performance of Youth projects    Implementation of the Uganda Road Funds    Budget performance    Status of implementation        235        Unpaid, Salaries , Pensions Gratuity Arrears    Payment for Work not done at Anaka Central P/S    Payment for Work not done at Todora HCII    Payment for Work not done at Lulyango Primary School    Construction of Box Culvert on Ceke Stream/ Diversion of Funds    Summary of exceptions raised in the PPDA audit reports    Management of Natural Resources    Lack of legal ownership of land, forests reserves and wetlands.",contract_management,contract_management|delayed_payments,True,Lulyango Primary School Works,school,Lulyango,Nwoya,medium
97,2018,2018_AGKHI@CON2018.pdf,"Nwoya DLG    Performance of Youth Livelihood Programme    Funding of the Programme    Non-compliance with the Repayment Schedule    Transfer of recovered funds to the recovery account in BOU    Inspection of Performance of Youth projects    Implementation of the Uganda Road Funds    Budget performance    Status of implementation        235        Unpaid, Salaries , Pensions Gratuity Arrears    Payment for Work not done at Anaka Central P/S    Payment for Work not done at Todora HCII    Payment for Work not done at Lulyango Primary School    Construction of Box Culvert on Ceke Stream/ Diversion of Funds    Summary of exceptions raised in the PPDA audit reports    Management of Natural Resources    Lack of legal ownership of land, forests reserves and wetlands.",contract_management,contract_management|delayed_payments,True,Box Culvert on Ceke Stream,bridge,Ceke Stream,Nwoya,medium
98,2018,2018_AGKHI@CON2018.pdf,Oyam DLG    Performance of Youth Livelihood Programme    Funding of the Programme    Non-compliance with the repayment schedule    Transfer of recovered funds to the recovery account in BOU        236      Inspection of Performance of Youth projects    Implementation of the Uganda Road Funds    Unpaid Gratuity Arrears    Over expenditure on Council activities    Construction of Abok Seed School    Supply of Double Cabin Pickup    Summary of exceptions raised in the PPDA audit report    Incomplete Physical Planning Committee    Status of Basic Medical Equipment    Condition of Medical Equipment    Management of natural resources    Unlicensed /illegal activities on Natural resources    HOIMA BRANCH    34.,contract_management,contract_management|delayed_payments,True,Abok Seed School Construction,school,Abok,Oyam,high
99,2018,2018_AGKHI@CON2018.pdf,Hoima DLG    YLP-Low Recovery Of Funds    Performance Of URF    Under Collection of Local Revenue    Procurement Compliance review by PPDA    Failure to maintain records for the management of road equipment    Natural Resources Management    Lack of Environment Committee    Un-licensed activities on Gazetted Natural Resources    Inadequate Medical Equipment    Lack of Land Titles  35.,procurement_irregularities,procurement_irregularities,False,,,,,
100,2018,2018_AGKHI@CON2018.pdf,Hoima DLG      YLP-Low Recovery Of Funds    Performance Of URF    Procurement Compliance review by PPDA    Failure to maintain records for the management of road equipment    Lack of Environment Committee    Un-licensed activities on Gazetted Natural Resources    Inadequate Medical Equipment    Lack of Land Titles  43.,procurement_irregularities,procurement_irregularities,False,,,,,
101,2018,2018_AGKHI@CON2018.pdf,"Masindi DLG    YLP-Low Recovery Of Funds    Performance Of URF        239      Pension Liability    Payables    Contingent Liabilities    Budget performance for Youth livelihood program for the FY 2017/18    Failure to maintain road equipment records    Inadequate maintenance of road equipment    Lack of legal ownership of land, forests reserves and wetlands    Absence of a Distinct Environmental Committee    Unlicensed/ un approved activities on Natural resources    Physical planning at the district    Non-existence of Physical Planning Committee    45.",claims_and_disputes,claims_and_disputes,False,,,,,
102,2018,2018_AGKHI@CON2018.pdf,"Bugiri DA      Performance of Youth Livelihood Programme    Implementation of the Uganda Road Fund    Under Collection of Local Revenue    Understaffing    Court cases    District Education Service Delivery    Summary of exceptions raised in the PPDA audit report of the District  for the financial year ended 30th June, 2018        240      Management of Road Equipment    Physical Planning Committee    Medical Equipment    Management of natural resources    Capitation Grant  47.",claims_and_disputes,claims_and_disputes,False,,,,,
103,2018,2018_AGKHI@CON2018.pdf,"Iganga MC      Performance of Youth Livelihood Programme    Implementation of the Uganda Road Fund (PERFORMANCE OF URF)    Domestic Arrears    Receivables    Capitalization of expenses on Roads and Bridges, computers and other  equipment’s in the financial statements    Failure to implement activities as per the Municipal Development Plan  for the period 2015/16 - 2019/20    Understaffing    Payment of deductions to Financial Institutions    Education Service delivery    Primary Leaving Performance    Staff Accommodation    Court cases    Natural Resources    Unlicensed/unapproved activities on Natural resources    Garbage Collection for Municipalities    Management of Road Equipment in the Local Governments        241      Failure to dispose of assets    Physical Planning Committees  49.",claims_and_disputes,claims_and_disputes|delayed_payments,False,,,,,
104,2018,2018_AGKHI@CON2018.pdf,Jinja MC      Performance of Youth Livelihood Programme    Implementation of the Uganda Road Fund    Payables and Pension Liabilities    Receivables    Domestic arrears paid outside appropriation    Uganda Support to Municipal Infrastructure Development Programme  (USMID)    Management of Natural resources    Garbage Collection    Status of basic medical equipment    Management of Road Equipment in the Local Governments  50.,delayed_payments,delayed_payments,False,,,,,
105,2018,2018_AGKHI@CON2018.pdf,Iganga DA      Performance of Youth Livelihood Programme    Implementation of the Uganda Road Fund (PERFORMANCE OF URF)    Lack of Land Titles    Court Cases    Payroll Management    Procurement    Capitation Grant    Status of basic medical equipment    Uganda Wen Empowerment Project    Management of Natural Resources    Failure to approve building plans  51.,claims_and_disputes,claims_and_disputes|procurement_irregularities,False,,,,,
106,2018,2018_AGKHI@CON2018.pdf,Luuka DA      Performance of Youth Livelihood Programme    Implementation of the Uganda Road Fund    Outstanding Payables and Pension Liability    Court cases    Lack of land titles    Management of Natural resources    Capitation Grant    Status of Basic Medical Equipment    Condition of Medical Equipment    Performance of the Physical Planning Committee    Road Equipment  54.,claims_and_disputes,claims_and_disputes,False,,,,,
107,2018,2018_AGKHI@CON2018.pdf,Namutumba DA      Performance of Youth Livelihood Programme    Implementation of the Uganda Road Fund    Payables (Domestic Arrears)    Under Collection of Local Revenue    Over payment of salary    Education Service Delivery    Management of Natural Resources    Lack of Land Titles    Status of basic medical equipment    Physical planning Committee    Capitation Grant  56.,delayed_payments,delayed_payments,False,,,,,
108,2018,2018_AGKHI@CON2018.pdf,Lugazi MC      Implementation of the Uganda Road Fund    Accumulation of domestic arrears    Failure to Implement Budget as approved by Council    Over Payments of Salary    Lack of Land Titles    Failure to communicate arithmetic corrections and price adjustments    Understaffing    Garbage Collection for Municipalities    Management of Road Equipment in the Local Governments    Physical Planning Committee  57.,delayed_payments,delayed_payments,False,,,,,
109,2018,2018_AGKHI@CON2018.pdf,Jinja DA      Management of the Youth Livelihood project    Implementation of the Uganda Road Fund Domestic Arrears    Audit of Primary School    Understaffing    Management of Natural Resources    Status of Basic Medical Equipment in Health Facilities    Physical Planning Committees        244    58.,delayed_payments,delayed_payments,False,,,,,
110,2018,2018_AGKHI@CON2018.pdf,Buyende DA      Performance of Youth Livelihood Programme    Implementation of the Uganda Road Fund    Domestic arrears    Budget Performance    Excess payment of VAT to Contractors    Unlicensed Activities on Natural Resources    Composition of the District Physical Planning Committee    Medical Equipment    Inadequate Basic Medical Equipment at Kidera HC IV  59.,delayed_payments,delayed_payments,False,,,,,
111,2018,2018_AGKHI@CON2018.pdf,Kaliro DA      Performance of Youth Livelihood Programme    Implementation of the Uganda Road Fund Failure to implement Budget  as approved by Council    Understaffing    Inadequate Water Coverage    Accessibility Indicators    Management of Natural Resources    Status of basic Medical Equipment    Procurement  61.,procurement_irregularities,procurement_irregularities,False,,,,,
112,2018,2018_AGKHI@CON2018.pdf,"Buikwe DLG   Performance of Youth Livelihood Programme    Underfunding of the Programme    Non-compliance with the Repayment schedule    Transfer of recovered funds to the Recovery Account in BOU    Inspection of Njeru Youth Group project    Implementation of the Uganda Road Funds    Budget Performance    Status of Implementation    Routine Manual Maintenance    Periodic Maintenance   Outstanding Commitments of UGX.110,530,664    Un utilized Funds under ICEIDA Project    Insufficient School Infrastructure    Status of Fish handling Facility at Kiyindi    Inspection at Kawolo Hospital    Insufficient housing facilities at Kawolo Hospital    Stock out of Essential medicines and health supplies at Kawolo Hospital    Under staffing at Kawolo Hospital    Status of Basic Medical Equipment at Kawolo Hospital    Management and Utilization of Natural Resources    Pollution of Environment    Illegal sand mining on the lake    Lack of a fully constituted Physical Planning Committee  63.",contract_management,contract_management,True,Kawolo Hospital,hospital_health,Kawolo,Buikwe,high
112,2018,2018_AGKHI@CON2018.pdf,"Buikwe DLG   Performance of Youth Livelihood Programme    Underfunding of the Programme    Non-compliance with the Repayment schedule    Transfer of recovered funds to the Recovery Account in BOU    Inspection of Njeru Youth Group project    Implementation of the Uganda Road Funds    Budget Performance    Status of Implementation    Routine Manual Maintenance    Periodic Maintenance   Outstanding Commitments of UGX.110,530,664    Un utilized Funds under ICEIDA Project    Insufficient School Infrastructure    Status of Fish handling Facility at Kiyindi    Inspection at Kawolo Hospital    Insufficient housing facilities at Kawolo Hospital    Stock out of Essential medicines and health supplies at Kawolo Hospital    Under staffing at Kawolo Hospital    Status of Basic Medical Equipment at Kawolo Hospital    Management and Utilization of Natural Resources    Pollution of Environment    Illegal sand mining on the lake    Lack of a fully constituted Physical Planning Committee  63.",contract_management,contract_management,True,Kiyindi Fish Handling Facility,other_building,Kiyindi,Buikwe,high
113,2018,2018_AGKHI@CON2018.pdf,Mukono DLG   Performance of Youth Livelihood Programme   Funding of the Programme   Non-compliance with the Repayment Schedule   Transfer of recovered funds to the Recovery Account in BOU        246     Review of Sampled Youth Groups Files   Implementation of the Uganda Road Funds   Failure to carry out Property Valuation   Misdirected Secondary School Grants   Insufficient Infrastructure in UPE Schools   Under staffing   Management and Utilisation of Natural resources   Lack of a District Environment Committee   Lack of proper demarcation of wetlands   Unlicensed Activities in the Wetlands   Status of Basic Medical Equipment at Kojja HC IV   Poorly equipped Ophthalmic Department   Inadequate Beds in the Maternity Ward   Physical Planning Committees   Inadequate composition of the District Physical planning Committee   Lack of Physical Development Plans  64.,contract_management,contract_management,False,,,,,
114,2018,2018_AGKHI@CON2018.pdf,"Wakiso DLG     Performance of Youth Livelihood Programme   Implementation of the Uganda Road Funds   Delayed Works on Nansana-Kireka-Biira Road (1km)   Outstanding Commitments   Outstanding Salary Arrears of UGX.61,419,581   Pension Arrears   Shortfall in Government Releases   Unspent/Un-Utilized conditional Grant   Pensioners not on the Payroll   Unrealized Royalties fr Ministry of Energy   Failure to meet minimum standards at Wakiso Health Centre IV   Entebbe Hospital - Outstanding utility bills   Audit of UPE Schools Capitation Grant   Mismanagement of UPE Funds at Kyengeza Muslim P/S   Insufficient Infrastructure in UPE Schools   Management of Procurement   Failure to prepare Evaluation tools   Irregularities in the procurement for the Rehabilitation of Boreholes        247     Lack of signed contracts   Management and Utilisation of Natural Resources   Lack of a land Register   Lack of a lease Register   Management of Road Equipment   Lack of Road safety Equipment   Non-functioning Road equipment   Inadequate mechanical imprest   Lack of Physical Planning Committee   Entebbe Hospital   Existence and Status of Medical equipment   Essential Medicines and Health supplies Stock Outs  65.",delayed_payments,delayed_payments|procurement_irregularities,True,Wakiso Health Centre IV,hospital_health,Wakiso,Wakiso,medium
114,2018,2018_AGKHI@CON2018.pdf,"Wakiso DLG     Performance of Youth Livelihood Programme   Implementation of the Uganda Road Funds   Delayed Works on Nansana-Kireka-Biira Road (1km)   Outstanding Commitments   Outstanding Salary Arrears of UGX.61,419,581   Pension Arrears   Shortfall in Government Releases   Unspent/Un-Utilized conditional Grant   Pensioners not on the Payroll   Unrealized Royalties fr Ministry of Energy   Failure to meet minimum standards at Wakiso Health Centre IV   Entebbe Hospital - Outstanding utility bills   Audit of UPE Schools Capitation Grant   Mismanagement of UPE Funds at Kyengeza Muslim P/S   Insufficient Infrastructure in UPE Schools   Management of Procurement   Failure to prepare Evaluation tools   Irregularities in the procurement for the Rehabilitation of Boreholes        247     Lack of signed contracts   Management and Utilisation of Natural Resources   Lack of a land Register   Lack of a lease Register   Management of Road Equipment   Lack of Road safety Equipment   Non-functioning Road equipment   Inadequate mechanical imprest   Lack of Physical Planning Committee   Entebbe Hospital   Existence and Status of Medical equipment   Essential Medicines and Health supplies Stock Outs  65.",delayed_payments,delayed_payments|procurement_irregularities,True,Nansana-Kireka-Biira Road,road,Nansana;Kireka;Biira,Wakiso,high
114,2018,2018_AGKHI@CON2018.pdf,"Wakiso DLG     Performance of Youth Livelihood Programme   Implementation of the Uganda Road Funds   Delayed Works on Nansana-Kireka-Biira Road (1km)   Outstanding Commitments   Outstanding Salary Arrears of UGX.61,419,581   Pension Arrears   Shortfall in Government Releases   Unspent/Un-Utilized conditional Grant   Pensioners not on the Payroll   Unrealized Royalties fr Ministry of Energy   Failure to meet minimum standards at Wakiso Health Centre IV   Entebbe Hospital - Outstanding utility bills   Audit of UPE Schools Capitation Grant   Mismanagement of UPE Funds at Kyengeza Muslim P/S   Insufficient Infrastructure in UPE Schools   Management of Procurement   Failure to prepare Evaluation tools   Irregularities in the procurement for the Rehabilitation of Boreholes        247     Lack of signed contracts   Management and Utilisation of Natural Resources   Lack of a land Register   Lack of a lease Register   Management of Road Equipment   Lack of Road safety Equipment   Non-functioning Road equipment   Inadequate mechanical imprest   Lack of Physical Planning Committee   Entebbe Hospital   Existence and Status of Medical equipment   Essential Medicines and Health supplies Stock Outs  65.",delayed_payments,delayed_payments|procurement_irregularities,True,Entebbe Hospital,hospital_health,Entebbe,Wakiso,medium
115,2018,2018_AGKHI@CON2018.pdf,Buvuma DLG   Performance of Youth Livelihood Programme   Underfunding of the Programme   Non Compliance with the Repayment Schedule   Transfer of recovered funds to the recovery account in BOU   Implementation of the Uganda Road Funds   Routine manual maintenance   Routine Mechanised Maintenance   Periodic Maintenance   Lack of Property Valuation Roll   Construction of the District Administration Block under Phase II   Un Confirmed Ownership of Land   Lack of Land titles   Under Staffing   Management and Utilization of Natural Resources   Lack of a District Environment Committee   Failure to carry out demarcation of Wetlands   Encroachment on Natural Resources   Status of Medical Equipment at Buvuma Health Centre IV   Lack of Essential Medical Equipment   Lack of Power at the Health Centre IV   Lack of a fully Constituted District Physical Planning Committee  66.,land_and_right_of_way,land_and_right_of_way,True,Buvuma District Administration Block Phase II,other_building,Buvuma,Buvuma,medium
115,2018,2018_AGKHI@CON2018.pdf,Buvuma DLG   Performance of Youth Livelihood Programme   Underfunding of the Programme   Non Compliance with the Repayment Schedule   Transfer of recovered funds to the recovery account in BOU   Implementation of the Uganda Road Funds   Routine manual maintenance   Routine Mechanised Maintenance   Periodic Maintenance   Lack of Property Valuation Roll   Construction of the District Administration Block under Phase II   Un Confirmed Ownership of Land   Lack of Land titles   Under Staffing   Management and Utilization of Natural Resources   Lack of a District Environment Committee   Failure to carry out demarcation of Wetlands   Encroachment on Natural Resources   Status of Medical Equipment at Buvuma Health Centre IV   Lack of Essential Medical Equipment   Lack of Power at the Health Centre IV   Lack of a fully Constituted District Physical Planning Committee  66.,land_and_right_of_way,land_and_right_of_way,True,Buvuma Health Centre IV,hospital_health,Buvuma,Buvuma,medium
116,2018,2018_AGKHI@CON2018.pdf,Nakasongola DLG    Performance of Youth Livelihood Programme  - Underfunding of the Programme        248    - Non-compliance with the Repayment Schedule  - Transfer of Recovered Funds to the Recovery Account in BOU  - Inspection of Performance of Youth Projects    Implementation of the Uganda Road Funds  - Budget Performance  - Status of Implementation  - Routine Manual Maintenance  - Routine Mechanised Maintenance    Outstanding Pension and Un Paid Salaries   Under staffing   Staff on Interdiction   Lack of Property Valuation List   Delayed Disbursement of funds to Youth Groups for FYR:2017/18   Non-functional wells and hand pumps   Management of Natural Resources   Lack of Land Register   Failure to secure Land Titles   Lack of Lease Register   Lack of a District Environment Committee   Insufficient Funding to the Natural Resources Unit   Unlicensed Activities carried out in the Gazetted Wetlands   Status of Basic Medical Equipment at Nakasongola HC IV   Physical Planning Committee   Lack of a fully constituted Physical Planning Committee   Inadequate Physical Planning Committee Meetings   Lack of Physical Development Plans  67.,contract_management,contract_management,False,,,,,
117,2018,2018_AGKHI@CON2018.pdf,Mpigi DLG   Performance of Youth Livelihood Programme   Underfunding of the Programme   Non-compliance with the Repayment schedule   Transfer recovered funds to the recovery account in BoU   Inspection of Nabusanke Youth Piggery Project   Lack of Physical address   Disintegration of Nabusanke Youth Piggery Project   Implementation of the Uganda Road Funds   Budget Performance   Status of implementation   Routine manual maintenance   Routine mechanised maintenance   Outstanding Pension and Gratuity Arrears   Lack of Property Valuation List   Insufficient School Infrastructure   Status of Lake Victoria Environment Management Project Phase II  (LVEMP II)   Management of Natural Resources   Lack of Lease Register   Failure to Secure Land titles        250     Under performance of the district land board   Irregular Issuance of two land titles on the same piece of Land in  Kamaliba   Lack of a District Environment Committee   Unlicenced Sand mining carried out in the Gazetted Wetlands   Lack of a District Environment Action Plan   Status of Basic Medical Equipment at Mpigi HC IV   Lack of Physical Development Plans   Inadequate Funding for the Physical Planning Committee  69.,contract_management,contract_management|delayed_payments,False,,,,,
118,2018,2018_AGKHI@CON2018.pdf,Butambala DLG   Performance of Youth Livelihood Programme    Implementation of the Uganda Road Funds  - Budget Performance  - Status of implementation  - Routine manual maintenance  - Routine mechanised maintenance  - Periodic maintenance  - In adequate Monitoring and Supervision of Road works      Un verified Outstanding Pension and Gratuity Payments    Under Staffing    Gombe Hospital    Inadequate Funding    Hospital Dilapidated Buildings    Discharge of Sewage into the Community by the Hospital    Lack of Land title for the Hospital   Management of Procurement   Drilling and Installation of Hand pump Borehole to Solar Powered  Boreholes   Failure to Meet Evaluation Criteria   Inspection of the motorized Pump    Procurement Evaluation for Construction of classrooms at Mavugera  P/S    Construction of Facilities at Bwetyabya UMEA P/S    Management of Natural Resources    Absence of Environment Committees        251      Conservation of Natural Resources    Encroachment on Forest Reserves    Un controlled Human Activities on Wetlands    Lack of a District Land Office    Lack of a Land Board    Inflated Pupil Enrolment    Status of Basic Medical Equipment at Gbe Hospital  70.,land_and_right_of_way,land_and_right_of_way|contract_management|procurement_irregularities,True,Bwetyabya UMEA Primary School Facilities,school,Bwetyabya,Butambala,high
118,2018,2018_AGKHI@CON2018.pdf,Butambala DLG   Performance of Youth Livelihood Programme    Implementation of the Uganda Road Funds  - Budget Performance  - Status of implementation  - Routine manual maintenance  - Routine mechanised maintenance  - Periodic maintenance  - In adequate Monitoring and Supervision of Road works      Un verified Outstanding Pension and Gratuity Payments    Under Staffing    Gombe Hospital    Inadequate Funding    Hospital Dilapidated Buildings    Discharge of Sewage into the Community by the Hospital    Lack of Land title for the Hospital   Management of Procurement   Drilling and Installation of Hand pump Borehole to Solar Powered  Boreholes   Failure to Meet Evaluation Criteria   Inspection of the motorized Pump    Procurement Evaluation for Construction of classrooms at Mavugera  P/S    Construction of Facilities at Bwetyabya UMEA P/S    Management of Natural Resources    Absence of Environment Committees        251      Conservation of Natural Resources    Encroachment on Forest Reserves    Un controlled Human Activities on Wetlands    Lack of a District Land Office    Lack of a Land Board    Inflated Pupil Enrolment    Status of Basic Medical Equipment at Gbe Hospital  70.,land_and_right_of_way,land_and_right_of_way|contract_management|procurement_irregularities,True,Mavugera Primary School Classrooms,school,Mavugera,Butambala,high
118,2018,2018_AGKHI@CON2018.pdf,Butambala DLG   Performance of Youth Livelihood Programme    Implementation of the Uganda Road Funds  - Budget Performance  - Status of implementation  - Routine manual maintenance  - Routine mechanised maintenance  - Periodic maintenance  - In adequate Monitoring and Supervision of Road works      Un verified Outstanding Pension and Gratuity Payments    Under Staffing    Gombe Hospital    Inadequate Funding    Hospital Dilapidated Buildings    Discharge of Sewage into the Community by the Hospital    Lack of Land title for the Hospital   Management of Procurement   Drilling and Installation of Hand pump Borehole to Solar Powered  Boreholes   Failure to Meet Evaluation Criteria   Inspection of the motorized Pump    Procurement Evaluation for Construction of classrooms at Mavugera  P/S    Construction of Facilities at Bwetyabya UMEA P/S    Management of Natural Resources    Absence of Environment Committees        251      Conservation of Natural Resources    Encroachment on Forest Reserves    Un controlled Human Activities on Wetlands    Lack of a District Land Office    Lack of a Land Board    Inflated Pupil Enrolment    Status of Basic Medical Equipment at Gbe Hospital  70.,land_and_right_of_way,land_and_right_of_way|contract_management|procurement_irregularities,True,Gombe Hospital,hospital_health,Gombe,Butambala,high
119,2018,2018_AGKHI@CON2018.pdf,- Noncompliance with the repayment schedule  - Transfer of the Recovered Funds to the Recovery Account in BOU  - Inspection of Performance of Youth projects  - Kayonjo Piggery Youth Project  - Record keeping  - Bwetyaba Youth dairy Production  - Record Keeping  - Failed Youth Livelihood Projects   Implementation of the Uganda Road Funds  - Budget Performance  - Status of implementation  - Routine manual maintenance  - Under Utilization of Road Gangs  - Routine mechanised maintenance  - Periodic maintenance  - Burnt district Grader   Outstanding Pensions   Outstanding Commitments   Construction of Nakyesa Public Latrine   High School Dropout Rates   Failure to collect Local service Tax (LST) fr Non-Government employees   Management and Utilisation of Natural Resources   Ruining and encroachment on wet land   Failure to demarcate wetlands   Lack of a District Environmental Action Plan        252     Status of Essential medical equipment at the Kayunga General Hospital   Challenges faced by Kayunga HCIVs   District Road Equipment Inadequate Road Equipment    In adequate Infrastructure in Primary schools  71.,land_and_right_of_way,land_and_right_of_way,True,Nakyesa Public Latrine,other_building,Nakyesa,Kayunga,low
119,2018,2018_AGKHI@CON2018.pdf,- Noncompliance with the repayment schedule  - Transfer of the Recovered Funds to the Recovery Account in BOU  - Inspection of Performance of Youth projects  - Kayonjo Piggery Youth Project  - Record keeping  - Bwetyaba Youth dairy Production  - Record Keeping  - Failed Youth Livelihood Projects   Implementation of the Uganda Road Funds  - Budget Performance  - Status of implementation  - Routine manual maintenance  - Under Utilization of Road Gangs  - Routine mechanised maintenance  - Periodic maintenance  - Burnt district Grader   Outstanding Pensions   Outstanding Commitments   Construction of Nakyesa Public Latrine   High School Dropout Rates   Failure to collect Local service Tax (LST) fr Non-Government employees   Management and Utilisation of Natural Resources   Ruining and encroachment on wet land   Failure to demarcate wetlands   Lack of a District Environmental Action Plan        252     Status of Essential medical equipment at the Kayunga General Hospital   Challenges faced by Kayunga HCIVs   District Road Equipment Inadequate Road Equipment    In adequate Infrastructure in Primary schools  71.,land_and_right_of_way,land_and_right_of_way,True,Kayunga General Hospital,hospital_health,Kayunga,Kayunga,medium
120,2018,2018_AGKHI@CON2018.pdf,Luwero DLG   Performance of Youth Livelihood Programme  - Under funding of the Programme  - Non Compliance with Repayments Schedules  - Un confirmed transfers of Recovered funds to Recovery Account in  BOU  - Inspection of performance of Youth Projects  - Nakigoza Youth Tato Growing Project  - Record keeping  - Kanyogoga Youth Piggery Project  - Poor Record keeping   Implementation of the Uganda Road Funds  - Inspection of Kikoza-Kigoloba-Naluvule Road (8.9Kms)  - Failure to carry out Routine Manual Maintenance on District Roads   Mischarge of Expenditure   Un accounted for funds   Financial Loss   Outstanding Creditors   Outstanding Salary and Pension Arrears   Diversion of PHC and Agricultural Extension Services Wage to Pay  Primary Teachers Salary   Un-updated property valuation list   Under staffing and related   Un Recovered UWEP Revolving Funds   Un approved borehole Rehabilitation Assessments   Difficulties in accessing Road equipment fr Regional Workshops   Failure to Perform Physical count for students under USE   Review of Eye Clinic Donation at Luwero Health Centre IV   Management of Procurement   Absence of a Contracts Register   Absence of 10% Performance securities for Procurement contracts        253     Lack of a representative of Lower Local Government on Evaluation  Committee   Management of Natural Resources   Environmental dilapidation of district wetlands   Failure to de-gazette Bombo Local Forest Reserve   Poor Status of basic Medical Equipment   Lack of a District Physical Development Plan   Absence of District land and Lease Registers   Absence of legitimate Registration of the District Land   Capitation Grants   Under funding of the USE and UPE capitation programs   Construction of a 2 classro block and others at Bulamba Primary Schoo   Status of Basic Medical Equipment  72.,delayed_payments,delayed_payments|procurement_irregularities,True,Bulamba Primary School Classroom Block,school,Bulamba,Luwero,high
120,2018,2018_AGKHI@CON2018.pdf,Luwero DLG   Performance of Youth Livelihood Programme  - Under funding of the Programme  - Non Compliance with Repayments Schedules  - Un confirmed transfers of Recovered funds to Recovery Account in  BOU  - Inspection of performance of Youth Projects  - Nakigoza Youth Tato Growing Project  - Record keeping  - Kanyogoga Youth Piggery Project  - Poor Record keeping   Implementation of the Uganda Road Funds  - Inspection of Kikoza-Kigoloba-Naluvule Road (8.9Kms)  - Failure to carry out Routine Manual Maintenance on District Roads   Mischarge of Expenditure   Un accounted for funds   Financial Loss   Outstanding Creditors   Outstanding Salary and Pension Arrears   Diversion of PHC and Agricultural Extension Services Wage to Pay  Primary Teachers Salary   Un-updated property valuation list   Under staffing and related   Un Recovered UWEP Revolving Funds   Un approved borehole Rehabilitation Assessments   Difficulties in accessing Road equipment fr Regional Workshops   Failure to Perform Physical count for students under USE   Review of Eye Clinic Donation at Luwero Health Centre IV   Management of Procurement   Absence of a Contracts Register   Absence of 10% Performance securities for Procurement contracts        253     Lack of a representative of Lower Local Government on Evaluation  Committee   Management of Natural Resources   Environmental dilapidation of district wetlands   Failure to de-gazette Bombo Local Forest Reserve   Poor Status of basic Medical Equipment   Lack of a District Physical Development Plan   Absence of District land and Lease Registers   Absence of legitimate Registration of the District Land   Capitation Grants   Under funding of the USE and UPE capitation programs   Construction of a 2 classro block and others at Bulamba Primary Schoo   Status of Basic Medical Equipment  72.,delayed_payments,delayed_payments|procurement_irregularities,True,Luwero Health Centre IV Eye Clinic,hospital_health,Luwero,Luwero,medium
120,2018,2018_AGKHI@CON2018.pdf,Luwero DLG   Performance of Youth Livelihood Programme  - Under funding of the Programme  - Non Compliance with Repayments Schedules  - Un confirmed transfers of Recovered funds to Recovery Account in  BOU  - Inspection of performance of Youth Projects  - Nakigoza Youth Tato Growing Project  - Record keeping  - Kanyogoga Youth Piggery Project  - Poor Record keeping   Implementation of the Uganda Road Funds  - Inspection of Kikoza-Kigoloba-Naluvule Road (8.9Kms)  - Failure to carry out Routine Manual Maintenance on District Roads   Mischarge of Expenditure   Un accounted for funds   Financial Loss   Outstanding Creditors   Outstanding Salary and Pension Arrears   Diversion of PHC and Agricultural Extension Services Wage to Pay  Primary Teachers Salary   Un-updated property valuation list   Under staffing and related   Un Recovered UWEP Revolving Funds   Un approved borehole Rehabilitation Assessments   Difficulties in accessing Road equipment fr Regional Workshops   Failure to Perform Physical count for students under USE   Review of Eye Clinic Donation at Luwero Health Centre IV   Management of Procurement   Absence of a Contracts Register   Absence of 10% Performance securities for Procurement contracts        253     Lack of a representative of Lower Local Government on Evaluation  Committee   Management of Natural Resources   Environmental dilapidation of district wetlands   Failure to de-gazette Bombo Local Forest Reserve   Poor Status of basic Medical Equipment   Lack of a District Physical Development Plan   Absence of District land and Lease Registers   Absence of legitimate Registration of the District Land   Capitation Grants   Under funding of the USE and UPE capitation programs   Construction of a 2 classro block and others at Bulamba Primary Schoo   Status of Basic Medical Equipment  72.,delayed_payments,delayed_payments|procurement_irregularities,True,Kikoza-Kigoloba-Naluvule Road,road,Kikoza;Kigoloba;Naluvule,Luwero,high
121,2018,2018_AGKHI@CON2018.pdf,Nakaseke DLG  Performance of Youth Livelihood Programme  - Noncompliance with the Repayment schedule  - Inspection of Performance of Youth projects  - Lack of Project Records   Implementation of the Uganda Road Funds  - Budget Performance  - Status of implementation   Under staffing   Double Deployment of Head Teachers in One School   Delayed disbursement of funds to Youth and Wen Groups FYR 2017/18   Construction of Primary Schools under Global Partnership for Education   Direct Payments by the Ministry of Education to the Contractor   Incomplete works   Construction works under School Facilities Grant   Lack of Basic Infrastructure in Primary Schools   Inspection of Semuto HCIV   Inadequate Funding of Nakaseke Hospital   Theft of Hospital equipment at Nakaseke Hospital   Management and Utilisation of Natural Resources   Lack of legal ownership of Nabika forest reserves and wetlands   Absence of a Distinct Environmental Committee   Lack of Lease Register        254     Illegal Land Management of the District land by Luwero District Land  Board   Lack of a Wetlands Register   Degradation and Illegal activities on River Mayanja wetland   Lack of Land Title for health facilities    Status of basic medical equipment in health facilities    73.,delay_time_overrun,delay_time_overrun,True,Semuto Health Centre IV,hospital_health,Semuto,Nakaseke,medium
121,2018,2018_AGKHI@CON2018.pdf,Nakaseke DLG  Performance of Youth Livelihood Programme  - Noncompliance with the Repayment schedule  - Inspection of Performance of Youth projects  - Lack of Project Records   Implementation of the Uganda Road Funds  - Budget Performance  - Status of implementation   Under staffing   Double Deployment of Head Teachers in One School   Delayed disbursement of funds to Youth and Wen Groups FYR 2017/18   Construction of Primary Schools under Global Partnership for Education   Direct Payments by the Ministry of Education to the Contractor   Incomplete works   Construction works under School Facilities Grant   Lack of Basic Infrastructure in Primary Schools   Inspection of Semuto HCIV   Inadequate Funding of Nakaseke Hospital   Theft of Hospital equipment at Nakaseke Hospital   Management and Utilisation of Natural Resources   Lack of legal ownership of Nabika forest reserves and wetlands   Absence of a Distinct Environmental Committee   Lack of Lease Register        254     Illegal Land Management of the District land by Luwero District Land  Board   Lack of a Wetlands Register   Degradation and Illegal activities on River Mayanja wetland   Lack of Land Title for health facilities    Status of basic medical equipment in health facilities    73.,delay_time_overrun,delay_time_overrun,True,Nakaseke Hospital,hospital_health,Nakaseke,Nakaseke,high
122,2018,2018_AGKHI@CON2018.pdf,Makindye MC    Implementation of the Uganda Road Funds  - Budget Performance  - Status of implementation  - Routine manual maintenance  - Routine mechanized maintenance  - Periodic maintenance  - Unimplemented works  - Inspection of Bunamwaya-Kisigula-Mutundwe Mirembe Road  - Inadequate Road Equipment  - Lack of Bill of Quantities/Detailed scope of works  - Outstanding Commitments    Unspent Conditional Grants    Revenue Management    Lack of Local Revenue appeals tribunal    Under staffing    Lack of legal ownership of Municipal Assets    Developments on untitled land    Underfunded Youth Livelihood Program    Management and Utilization of Natural Resources    Illegal developments in Kaliddubi wetland    Status of Basic Medical Equipment at Ndejje HC1V    Garbage Management    Management of Procurement    Irregular Procurement for construction of a perimeter wall    Lack of Contract Implementation plans and management Reports    Physical Planning Committee    Capitation Grants    Under realization of Capitation Grants        255      Insufficient School Infrastructure  74.,procurement_irregularities,procurement_irregularities,True,Bunamwaya-Kisigula-Mutundwe-Mirembe Road,road,Bunamwaya;Kisigula;Mutundwe;Mirembe,Wakiso,high
123,2018,2018_AGKHI@CON2018.pdf,Mityana MC      Budget Performance under Uganda Road Fund  - Status of implementation  - Routine manual maintenance  - Routine mechanised maintenance  - Inspection of Wabigalo- Busubizi Road (Status of Road)  - The Poor state of Main Street  - Lack of Road Equipment    Under Collection of Local Revenue    Comingling of Property Tax with other Revenues    Lack of a Valuation Roll for Property Tax    Irregular Allocation of Classroom Block to Pre Primary Section    Incomplete works on Pit latrine constructed at NAKASETA P/S    Un Distributed Youth Livelihood program Funds financial year 2017/18    Non functionality of the Stores system    Lack of an owned Office Premises    Understaffing    Management and Utilization of Natural Resources    Lack of Land Titles    Lack of inventory of wetlands (Un known wetlands)    Human Activities on Lake Wamala Buffer Zone    Garbage Management    Littering of Garbage    Absence of by-laws on Garbage Management    Failure to Maintain Data and Records on Garbage Volume    In appropriate Location of the Landfill    Lack of a Physical Development Plan  77.,delay_time_overrun,delay_time_overrun,True,Nakaseta Primary School Pit Latrine,school,Nakaseta,Mityana,high
123,2018,2018_AGKHI@CON2018.pdf,Mityana MC      Budget Performance under Uganda Road Fund  - Status of implementation  - Routine manual maintenance  - Routine mechanised maintenance  - Inspection of Wabigalo- Busubizi Road (Status of Road)  - The Poor state of Main Street  - Lack of Road Equipment    Under Collection of Local Revenue    Comingling of Property Tax with other Revenues    Lack of a Valuation Roll for Property Tax    Irregular Allocation of Classroom Block to Pre Primary Section    Incomplete works on Pit latrine constructed at NAKASETA P/S    Un Distributed Youth Livelihood program Funds financial year 2017/18    Non functionality of the Stores system    Lack of an owned Office Premises    Understaffing    Management and Utilization of Natural Resources    Lack of Land Titles    Lack of inventory of wetlands (Un known wetlands)    Human Activities on Lake Wamala Buffer Zone    Garbage Management    Littering of Garbage    Absence of by-laws on Garbage Management    Failure to Maintain Data and Records on Garbage Volume    In appropriate Location of the Landfill    Lack of a Physical Development Plan  77.,delay_time_overrun,delay_time_overrun,True,Wabigalo-Busubizi Road,road,Wabigalo;Busubizi,Mityana,high
124,2018,2018_AGKHI@CON2018.pdf,Kira MC    Implementation of the Uganda Road Funds    Under-funded emergency Road Works        257      Fragmentation of Resources under Up-grading of un-paved Roads to  Bitumen standard    Inadequate Road Equipment    Incomplete works - Construction of Kira MC Administration Building  Phase II    Under staffing    Lack of Land titles for UPE Schools    Inspection of Primary Schools    Management and Utilization of Natural Resources    Failure to demarcate wetlands    Establishment of Urban Physical Planning Committees    Garbage Collection Management    Inadequate Garbage transportation equipment – Hiring of Equipment    MASAKA  BRANCH    78.,delay_time_overrun,delay_time_overrun,True,Kira Municipal Council Administration Building Phase II,other_building,Kira,Wakiso,high
125,2018,2018_AGKHI@CON2018.pdf,"Namisindwa DLG      Performance Of URF    YLP-low recovery of funds    Unpaid salaries    Excess Expenditure    Understaffing    Construction of District administration block    Failure to conduct a comprehensive revenue assessment    Disaster management - Effect of Heavy rains    Lack of legal ownership of land, forests reserves and wetlands    Lack of a District Environmental Committee    Unlicensed activities on Natural resources    Failure to maintain road equipment records    Condition of medical equipment  94.",cost_overrun,cost_overrun,True,Namisindwa District Administration Block,other_building,Namisindwa,Namisindwa,medium
126,2018,2018_AGKHI@CON2018.pdf,Bududa DLG      YLP-low recovery of funds    Performance of URF    Salary Arrears    Contingent Liabilities      Inadequate maintenance of road equipment    Non-functional and non-existent medical equipment    Un-licenced mining and quarrying    Inactive District Environment Committee    Staffing and Human Resource Management    Understaffing    Un-reconciling enrollment figures    Lack of Land Titles    Non-disposal of Obsolete Assets  96.,claims_and_disputes,claims_and_disputes|delayed_payments,False,,,,,
127,2018,2018_AGKHI@CON2018.pdf,Butebo DLG      Performance Of URF    Local Revenue Shortfall    Failure to carry out local revenue enumeration and assessment    Absence of a District Environmental Committee    Unlicensed activities carried out in the gazetted wetlands    Lack of clear boundaries of wetlands    Lack of Financial Statements for Nasenyi Primary School    Inadequate supervision by district officials    Lack of District Physical Planning Committee    Encroachment on council land at Nasuleta Health Centre II  100.,land_and_right_of_way,land_and_right_of_way|contract_management,True,Nasuleta Health Centre II,hospital_health,Nasuleta,Butebo,medium
128,2018,2018_AGKHI@CON2018.pdf,"Kapchorwa DLG      YLP-Low Recovery of Funds    Performance of URF    Outstanding rent arrears    Missing vouchers    Failure to sign Financing agreements with Youth Groups    NUSAF Project Operations, shortcomings on Chebaser-kapkwateny car  sub-project (road construction)    Unrealized Royalties Revenue    Outstanding Rent Arrears    Shortfall in Central Government Transfers    Staffing Gaps    Stalled construction of the new Administration Block    Status of Medical Equipment in the Hospital    Inadequate medical equipment    Failure to prepare defect reports    Defects on the construction of maternity ward in Tumboboi Sub-county    Lack of legal ownership of land, forests reserves    Absence of a Distinct Environmental Committee    Unlicensed activities on Natural resources        265      Budget for the Physical Planning committee    Physical Planning Committee Performance  101.",delay_time_overrun,delay_time_overrun|contract_management|delayed_payments,True,Kapchorwa District Administration Block,other_building,Kapchorwa,Kapchorwa,medium
128,2018,2018_AGKHI@CON2018.pdf,"Kapchorwa DLG      YLP-Low Recovery of Funds    Performance of URF    Outstanding rent arrears    Missing vouchers    Failure to sign Financing agreements with Youth Groups    NUSAF Project Operations, shortcomings on Chebaser-kapkwateny car  sub-project (road construction)    Unrealized Royalties Revenue    Outstanding Rent Arrears    Shortfall in Central Government Transfers    Staffing Gaps    Stalled construction of the new Administration Block    Status of Medical Equipment in the Hospital    Inadequate medical equipment    Failure to prepare defect reports    Defects on the construction of maternity ward in Tumboboi Sub-county    Lack of legal ownership of land, forests reserves    Absence of a Distinct Environmental Committee    Unlicensed activities on Natural resources        265      Budget for the Physical Planning committee    Physical Planning Committee Performance  101.",delay_time_overrun,delay_time_overrun|contract_management|delayed_payments,True,Tumboboi Maternity Ward,hospital_health,Tumboboi,Kapchorwa,high
128,2018,2018_AGKHI@CON2018.pdf,"Kapchorwa DLG      YLP-Low Recovery of Funds    Performance of URF    Outstanding rent arrears    Missing vouchers    Failure to sign Financing agreements with Youth Groups    NUSAF Project Operations, shortcomings on Chebaser-kapkwateny car  sub-project (road construction)    Unrealized Royalties Revenue    Outstanding Rent Arrears    Shortfall in Central Government Transfers    Staffing Gaps    Stalled construction of the new Administration Block    Status of Medical Equipment in the Hospital    Inadequate medical equipment    Failure to prepare defect reports    Defects on the construction of maternity ward in Tumboboi Sub-county    Lack of legal ownership of land, forests reserves    Absence of a Distinct Environmental Committee    Unlicensed activities on Natural resources        265      Budget for the Physical Planning committee    Physical Planning Committee Performance  101.",delay_time_overrun,delay_time_overrun|contract_management|delayed_payments,True,Chebaser-Kapkwateny Road (NUSAF sub-project),road,Chebaser;Kapkwateny,Kapchorwa,medium
129,2018,2018_AGKHI@CON2018.pdf,"Kibuku DLG      YLP-Low Recovery of Funds    Performance of URF    Double transfer of UWEP funds    Staffing Gaps    Irregular Payment of Salaries to Retired Staff    Natural Resources    Lack of Certificate of Ownership of Wetlands    Unlicensed Activities in Wet Lands    Mismanagement of the District’s Natural Resources    Lack of Land Titles    Poor condition of medical equipment    Lack of skilled personnel to manage medical equipment    Non-disposal of obsolete equipment    Defects regarding the slitting, drilling and installation of bore holes    Failure to meet minimum required Standards of UPE School  l    Evaluation of Internal Audit function  103.",contract_management,contract_management,False,,,,,
130,2018,2018_AGKHI@CON2018.pdf,Tororo DLG    YLP-Low Recovery Of Funds    Performance of URF    Transfers of UWEP funds to MoGLSD    Failure of council to sit in the whole financial Year    Non-operational district service commission    Lack of Local Environment Committees    Inadequate monitoring and supervision of the usage of Natural Resources    Existence of land office and staffing    Demarcations and size of the wetlands    Failure to report a fraudulent company to PPDA    Procurement not in the procurement Plan    Audit of SOP-SOP Primary School under capitation Grant    Inadequate ambulance services    Inadequate Health and safety measures    Status of the Basic Medical equipment    Understaffing    Failure to Implement Budget as approved by Parliament    Local Revenue Shortfall        268      Revenue Accountability and contracts    109.,contract_management,contract_management|governance_and_controls|procurement_irregularities,False,,,,,
131,2018,2018_AGKHI@CON2018.pdf,Mbarara DLG      YLP-Low Recovery Of Funds    Shortfall in central government grants    Mischarge of expenditure    Nugatory Expenditure    Irregular Payment of VAT    District Natural Resources    Delayed Modification Works on Defective Road Equipment    PPDA Findings  111.,claims_and_disputes,claims_and_disputes|contract_management,False,,,,,
132,2018,2018_AGKHI@CON2018.pdf,"Bushenyi DLG      YLP-Low Recovery Of Funds    Performance of URF    Under-collection of revenue    Outstanding receivables not supported    Delayed Modification Works on Defective Road Equipment    Lack of Land Titles    PPDA Report    Legal ownership of land, Forests Reserves and Wetlands    Unlicensed Activities in Wetlands and Forest Reserves    Condition of medical equipment  112.",contract_management,contract_management,False,,,,,
133,2018,2018_AGKHI@CON2018.pdf,Sheema DLG      YLP-LOW RECOVERY OF FUNDS    PERFORMANCE OF URF    Pension and Gratuity arrears    Under-collection of local revenue    Shortfall in Government grants    Audit of procurement of public works  6    Contract Awards that did not meet the evaluation criteria    Lack of evidence of receipt of invitation to Bid by bidders 7    Absence of a Physical Planner on the Physical Planning committee (PPC)    Budget Allocation to the Physical planning committee    Lack of a wetlands register        270      Lack of key personnel in the Natural resources department    Lack of Basic Medical Equipment    Poor Condition of Medical Equipment    Non-maintenance of records    Safe Equipment operation practices    1nadequate capitation grant releases to the school 15    115.,delayed_payments,delayed_payments|procurement_irregularities,False,,,,,
134,2018,2018_AGKHI@CON2018.pdf,Isingiro DLG      PERFORMANCE OF URF    Under Collection of Local Revenue    Unaccounted for Funds    Under collection of revenue    Lack of land titles    Land Encroachment    Under funding of Kyashojwa Primary School    Lack of a fully-fledged district lands office    Unlicensed activities on Natural resources    124.,land_and_right_of_way,land_and_right_of_way,False,,,,,
135,2018,2018_AGKHI@CON2018.pdf,Ibanda DLG      YLP-LOW RECOVERY OF FUNDS    PERFORMANCE OF URF    Pension and Gratuity arrears    Understaffing    Inadequate medical equipment    Condition of medical equipment        273      Failure to demarcate Natural Resources    Construction of Mortuary and 2 stance VIP latrine    125.,delayed_payments,delayed_payments,False,,,,,
136,2018,2018_AGKHI@CON2018.pdf,"Rukungiri DLG      YLP-LOW RECOVERY OF FUNDS    Under Collection of Local Revenue    Unbudgeted Destic Arrears    Lack of legal ownership of land, forests reserves and wetlands    Unlicensed activities on Natural resources    Lack of up to date wetlands register    Non-Demarcation of Natural Resources    Inadequate maintenance of road equipment    Existence of Physical Planning Committee    Obsolete and faulty medical equipment    Lack of Basic Medical Equipment    Payroll    Understaffing  127.",delayed_payments,delayed_payments,False,,,,,
137,2018,2018_AGKHI@CON2018.pdf,  Under-funding of the Natural Resources sector    Unlicensed Activities on Natural Resources    Absence of a District Environmental Committee    Inadequate Medical Equipment in Health Centre IVs    Lack of a Physical Planning committee    Management of Road Equipment    Delayed Modification Works on Defective Road Equipment  130.,contract_management,contract_management,False,,,,,
138,2018,2018_AGKHI@CON2018.pdf,Ntungamo DLG      YLP-LOW RECOVERY OF FUNDS    PERFORMANCE OF URF        275      Payables and pension liability    Emoluments to Councilors    Encroachment on Natural Resources    Condition of medical equipment    Grounded Road Equipment  132.,land_and_right_of_way,land_and_right_of_way,False,,,,,
139,2018,2018_AGKHI@CON2018.pdf,"Abim DLG      Performance of YLP    Performance Of URF    Accumulation of domestic arrears    Under Collection of Local Revenue    Failure to apply prescribed guidelines in operating road equipment    Lack of a Physical Planning Committee        276      Failure to constitute a District Environmental Committee    Lack of a District Environment Action Plan    Lack of Register for Land, Wetlands and Forests    Unlicensed activities on the Natural Resources  135.",delayed_payments,delayed_payments,False,,,,,
140,2018,2018_AGKHI@CON2018.pdf,"Napak DLG      Performance of YLP    Performance Of URF    Accumulation of domestic arrears    Under Collection of Local Revenue        Unrealised Budget on grants    Stalled Construction of Council chambers    Lack of land titles    Under Staffing    Failure to meet the Minimum Standards in UPE Schools    Lack of a District Environment Committee    Lack of Register for Land, Wetlands and Forests    Unlicensed activities on the Natural Resources  136.",delay_time_overrun,delay_time_overrun|delayed_payments,True,Napak District Council Chambers,other_building,Napak,Napak,medium
141,2018,2018_AGKHI@CON2018.pdf,Moroto DLG      Performance of YLP    Performance Of URF    Accumulation of domestic arrears    Unspent balance    Irregular payment of night allowances to council members    Failure to apply prescribed guidelines in operating the road equipment    Failure to constitute a District Environment Committee    Lack of a District Environment Action Plan    Lack of Register for Wetlands and Forests  137.,delayed_payments,delayed_payments,False,,,,,
142,2018,2018_AGKHI@CON2018.pdf,"Nakapiripirit DLG      Performance of YLP    Performance Of URF    Domestic Arrears    Un-Spent Conditional Grants    Failure to Utilize Appropriated NUSAF II Funds        277      Under Collection of Local Revenue    Abandoned Motor Vehicle    Irregular Sale of Solar Panels    Diversion of Council Assets to Personal Use    Grounded Motor Vehicles    Failure to access the payroll by new staff    Failure to access Pensions by Eligible Pensioners    Construction of an irrigation system    Un-demarcated Natural Resources    Illegal activities on gazetted natural resources    Failure to appoint a District Environment Committee    Lack of legal ownership of land, forest reserves and wetlands    Absence of a District Lands Office    Status of health facilities    Shortage of Medical Equipment    Medical equipment in poor working condition    Under Staffing    Failure to appoint Contract managers/supervisors  138.",delayed_payments,delayed_payments,False,,,,,
143,2018,2018_AGKHI@CON2018.pdf,"113,148,947    Unbanked Local Revenue    Over expenditure regarding PERFORMANCE OF URF operations    Irregular award of road rehabilitation Contract UGX.430,379,418    Direct Procurements worth UGX 35,000,000    Acquisition of land without Technical input of the Chief government  Valuer    Failure to avail work plans and budgets for USMID expenditure    Failure to account for funds on a quarterly basis using the prescribed  forms    Un-availed USMID Procurement Files    Failure by Moroto Municipal Council to develop by-laws on garbage  collection    SOROTI BRANCH    140.",procurement_irregularities,procurement_irregularities,False,,,,,
144,2018,2018_AGKHI@CON2018.pdf,BUKEDEA DLG      Performance of YLP    Performance Of URF    Pension and Gratuity Arrears    Un-Spent Conditional Grant    Reconciliation of Central Government Releases    Salary Arrears    Lack of Annual Budgets by Primary Schools    Dilapidated school Accommodation and Classroom Structures    Poor pupil to facilities ratio    Unlicensed activities on Natural resources    Shortage of medical equipment at the health facility    Non-Functional Medical Equipment    Idle and non-functioning dental machine  141.,delayed_payments,delayed_payments,False,,,,,
145,2018,2018_AGKHI@CON2018.pdf,DOKOLO DLG      Performance of YLP    Performance Of URF    Pension and Gratuity Arrears        279      Under Collection of Local Revenue    Reconciliation of Central Government Releases    Accumulation of Arrears of Revenue    Un remitted Payroll deductions    Under Staffing    Audit of UPE Schools    Delayed Release of Approved funds 2017/2018    Lack of legal ownership of Forest reserves and Wetlands    Unlicensed Activities on Natural Resources    Shortage of Medical Equipment at Dokolo HC IV    Inadequate availability of protective wear    Absence of district physical planning committee  142.,delayed_payments,delayed_payments,False,,,,,
146,2018,2018_AGKHI@CON2018.pdf,KABERAMAIDO  DLG      Performance of YLP    Performance Of URF    Salary and Pension Arrears    Payment of avoidable court awards    Un-Spent Conditional Grant    Under Staffing    Delayed deletion of retired/dead staff    Capitation Grants in UPE Schools    Non-disposal of obsolete Assets        280      Lack of the district environmental committee    Unlicensed activities on Natural resources    Shortage of medical equipment at the health facility    Inadequate availability of protective wear    Lack of skilled personnel to operate specialty equipment    Absence of district physical planning committee  144.,delayed_payments,delayed_payments,False,,,,,
147,2018,2018_AGKHI@CON2018.pdf,KUMI DLG      Performance of YLP    Performance Of URF    Domestic Arrears    Under-collection of Local Revenue    Pension and Gratuity Arrears    Revenue Budget Performance    Under Staffing    Lack of Capacity to Develop Prime Land    Poor Pupil to Facilities Ratio in Primary Schools    High Number of Court Cases and Contingencies    Delayed Release of Approved funds for 2017/2018    Lack of Legal Ownership of Forest Reserves and Wetlands    Unlicensed Activities On Natural Resources    Shortage of medical equipment at the health facility    Inadequate availability of protective wear  145.,claims_and_disputes,claims_and_disputes|delayed_payments,False,,,,,
148,2018,2018_AGKHI@CON2018.pdf,OTUKE DLG      Performance of YLP        281      Performance Of URF    Unsupported Pension and Gratuity Payments    Revenue Budget Performance    Under-collection of Local Revenue    Under Staffing in Orum HCIV    Poor pupil to facilities ratio    Lack of legal ownership of Forest reserves and Wetlands    Unlicensed activities on Natural resources    Shortage of medical equipment at the health facility    Lack of Budget for the Physical Planning committee    Revenue generated by committees    Lack of Safe Work Procedures for the road equipment    Procurement Compliance review by PPDA  147.,procurement_irregularities,procurement_irregularities,False,,,,,
149,2018,2018_AGKHI@CON2018.pdf,SOROTI DLG      Performance of YLP    Performance Of URF    Under-collection of Local Revenue    Revenue Budget Performance    Un-Spent Conditional Grant    Pension and Gratuity Arrears    Lack of Land Titles for the District Land    Under Staffing    Minimum Infrastructure Requirements at the Schools    Poor pupil to facilities ratio    Delayed Release of Approved funds for 2017/2018    Budget Performance UWEP    Unlicensed Activities on the Natural Resources    Lack of Medical Equipment    Non Functioning Medical Equipment    Failure to allocate funds to the Physical Planning Committee  148.,delayed_payments,delayed_payments,False,,,,,
150,2019,2019_AGRPT@CON2019.pdf,"This year’s major thematic  areas are 1) Budget Implementation by government entities, 2) Compensations of project affected  persons and acquisition of right of way, 3) Management of the National Backbone Project and 4) Staff  Performance Management.",land_and_right_of_way,land_and_right_of_way,False,,,,,
151,2019,2019_AGRPT@CON2019.pdf,"of  times)  1  NEC  Luwero  Industries  Limited  1,605,446,322  2,898,800  553.8  2  Uganda Property Holding  2,295,266,559  18,139,200  126.5  3  NEC Construction Works &  Engineering Limited  1,174,872,802  12,636,474  93.0  4  NEC Tractor Hire Scheme  Limited  1,031,670,365  21,136,041  48.8  5  NEC Farm Katonga Limited  28,230,596  1,499,906  18.8  6  National  Water  and  Sewerage Corporation  55,246,011,000  5,993,271,000  9.2  7  Uganda Development Bank  (Dec 2018)  15,810,821,000  2,217,024,000  7.1  8  Uganda Post Limited  307,786,000  54,711,000  5.6  9  Pride Micro Finance (Dec  2018)  28,944,865,000  7,666,079,000  3.8  10  Uganda  Electricity  Generation Company  23,922,515,000  8,256,418,000  2.9  11  Civil Aviation Authority June  2019  48,737,266,000  20,574,758,000  2.4  12  Post Bank Uganda Limited  (Dec 2018)  14,004,100,319  8,465,096,709  1.7  13  Bank of Uganda  (727,747,000,000)  127,835,000,000  -5.7  14  Uganda  Broadcasting  Corporation  (6,790,341,186)  34,468,397  -197.0  15  NEC Tractor Project  (390,592,922)  1,287,200  -303.4  Through its oversight role, Government should caution the management of these  enterprises to limit the amounts of debt to manageable levels guaranteed by improved  profitability.",governance_and_controls,governance_and_controls,False,,,,,
152,2019,2019_AGRPT@CON2019.pdf,"The theme for the budget  was “Industrialization for job creation and shared prosperity” The focus was productivity  improvement, infrastructure development, improvement in the delivery of services,  investment promotion and private sector growth, harnessing tourism potential, improving  governance and pay reform and public debt management.",governance_and_controls,governance_and_controls,False,,,,,
153,2019,2019_AGRPT@CON2019.pdf,"This was majorly attributed to delays in approving work plans, long procurement  processes, delays in signing of contracts and slow execution of works among others.",procurement_irregularities,procurement_irregularities,False,,,,,
154,2019,2019_AGRPT@CON2019.pdf,"As a result of the delay, 37 legal suits were made against UETCL amounting  to UGX.42.9 billion.",claims_and_disputes,claims_and_disputes,False,,,,,
155,2019,2019_AGRPT@CON2019.pdf,"Field inspections on 50 of the sampled Local Governments revealed that despite of the  URF intervention, the road network was not in a very good state characterised by;  Incomplete works on roads, culverts lacking head walls, poor drainage, potholes and  gullies on several roads, roads in immotorable state and narrowed carriage way.",delay_time_overrun,delay_time_overrun,False,,,,,
156,2019,2019_AGRPT@CON2019.pdf,"Besides, procurements were in lots whereby a contractor had several contracts  which were beyond the contactors capacity thereby delaying contract works.",procurement_irregularities,procurement_irregularities,False,,,,,
157,2019,2019_AGRPT@CON2019.pdf,"Consequently, projects whose construction had started stalled as a result of these  disputes.",delay_time_overrun,delay_time_overrun,False,,,,,
158,2019,2019_AGRPT@CON2019.pdf,"➢  Task and Guidance No.5 of the above procedures require that procurement  of contractors be made in clusters of 5 LGs to attract competent, experienced  contractors to enable the benefits of economies of scale.",procurement_irregularities,procurement_irregularities,False,,,,,
159,2019,2019_AGRPT@CON2019.pdf,"I advised the Ministries of Education and Health to enhance the capacity of  procurement and engineering functions, liaise with the Ministry of Works to develop  standard guideline for costing infrastructural works, enhance Quality control and quality  assurance of works during construction.",procurement_irregularities,procurement_irregularities,False,,,,,
160,2019,2019_AGRPT@CON2019.pdf,"62      Government should adequately fund the auxiliary activities of training, monitoring and  supervision and properly support sub-groups in project selection and capacity building  to enable proper implementation of project activities.",contract_management,contract_management,False,,,,,
161,2019,2019_AGRPT@CON2019.pdf,"f)  Procurement delays    I noted that unutilised amounts relate to funds earmarked for construction projects,  procurement of specialized medical equipment, among others.",procurement_irregularities,procurement_irregularities,False,,,,,
162,2019,2019_AGRPT@CON2019.pdf,"4.7  Value for Money Audit on compensation of Project Affected Persons under the  Karuma and Isimba Hydropower Projects and associated transmission lines    In a bid to increase electricity supply countrywide, GoU decided to construct Karuma and  Isimba Hydropower projects, as well as their associated transmission lines, namely Karuma- Kawanda, Karuma-Lira, Karuma-Olwiyo and Isimba-Bujagali.",land_and_right_of_way,land_and_right_of_way|procurement_irregularities,True,Karuma Hydropower Project,power_generation,Karuma,Kiryandongo,high
162,2019,2019_AGRPT@CON2019.pdf,"4.7  Value for Money Audit on compensation of Project Affected Persons under the  Karuma and Isimba Hydropower Projects and associated transmission lines    In a bid to increase electricity supply countrywide, GoU decided to construct Karuma and  Isimba Hydropower projects, as well as their associated transmission lines, namely Karuma- Kawanda, Karuma-Lira, Karuma-Olwiyo and Isimba-Bujagali.",land_and_right_of_way,land_and_right_of_way|procurement_irregularities,True,Isimba Hydropower Project (Isimba HPP),power_generation,Isimba,Kayunga,high
162,2019,2019_AGRPT@CON2019.pdf,"4.7  Value for Money Audit on compensation of Project Affected Persons under the  Karuma and Isimba Hydropower Projects and associated transmission lines    In a bid to increase electricity supply countrywide, GoU decided to construct Karuma and  Isimba Hydropower projects, as well as their associated transmission lines, namely Karuma- Kawanda, Karuma-Lira, Karuma-Olwiyo and Isimba-Bujagali.",land_and_right_of_way,land_and_right_of_way|procurement_irregularities,True,Karuma-Kawanda Transmission Line,power_transmission,Karuma;Kawanda,,high
162,2019,2019_AGRPT@CON2019.pdf,"4.7  Value for Money Audit on compensation of Project Affected Persons under the  Karuma and Isimba Hydropower Projects and associated transmission lines    In a bid to increase electricity supply countrywide, GoU decided to construct Karuma and  Isimba Hydropower projects, as well as their associated transmission lines, namely Karuma- Kawanda, Karuma-Lira, Karuma-Olwiyo and Isimba-Bujagali.",land_and_right_of_way,land_and_right_of_way|procurement_irregularities,True,Karuma-Lira Transmission Line,power_transmission,Karuma;Lira,,high
162,2019,2019_AGRPT@CON2019.pdf,"4.7  Value for Money Audit on compensation of Project Affected Persons under the  Karuma and Isimba Hydropower Projects and associated transmission lines    In a bid to increase electricity supply countrywide, GoU decided to construct Karuma and  Isimba Hydropower projects, as well as their associated transmission lines, namely Karuma- Kawanda, Karuma-Lira, Karuma-Olwiyo and Isimba-Bujagali.",land_and_right_of_way,land_and_right_of_way|procurement_irregularities,True,Karuma-Olwiyo Transmission Line,power_transmission,Karuma;Olwiyo,,high
162,2019,2019_AGRPT@CON2019.pdf,"4.7  Value for Money Audit on compensation of Project Affected Persons under the  Karuma and Isimba Hydropower Projects and associated transmission lines    In a bid to increase electricity supply countrywide, GoU decided to construct Karuma and  Isimba Hydropower projects, as well as their associated transmission lines, namely Karuma- Kawanda, Karuma-Lira, Karuma-Olwiyo and Isimba-Bujagali.",land_and_right_of_way,land_and_right_of_way|procurement_irregularities,True,Isimba-Bujagali Transmission Line,power_transmission,Isimba;Bujagali,,high
163,2019,2019_AGRPT@CON2019.pdf,"Acquisition of project land and compensation of persons affected by these projects was  supposed to be undertaken by Ministry of Energy and Mineral Development (MEMD) and    73    Uganda Electricity Transmission Company Limited (UETCL) but delays in this process and  potential increments in land acquisition costs were reported owing to rejection of  compensation rates offered, as well as demands for compensation for rock deposits thus  affecting timely completion of the electricity projects.",land_and_right_of_way,land_and_right_of_way,False,,,,,
164,2019,2019_AGRPT@CON2019.pdf,"I undertook a study to find out the extent to which land acquisition and compensation of  Project Affected Persons (PAPs) had been done in a cost-effective, fair and timely manner  and observed the following;    a)  Status of RAP implementation/land acquisition    A total of UGX.94.88 bn (86.82%) had been paid to 8,285 PAPs (90.65%) for 8,365.16  acres (89.55%) of the land required.",land_and_right_of_way,land_and_right_of_way,False,,,,,
165,2019,2019_AGRPT@CON2019.pdf,"Regarding resettlement, by 16th December 2019  (over six years after construction works were launched), MEMD had not built  resettlement houses for the 119 vulnerable PAPs displaced by Karuma dam while  UETCL had, on the other hand, constructed and handed over 34 out of 50 planned  resettlement houses to vulnerable PAPs affected by the transmission lines under their  charge.",land_and_right_of_way,land_and_right_of_way,True,Karuma Hydropower Project,power_generation,Karuma,Kiryandongo,high
166,2019,2019_AGRPT@CON2019.pdf,"f)  Titling of acquired land and registration of easements    Titling of project land was still incomplete, largely due to on-going land acquisition,  reluctance by land owners to hand over titles, and delays in the land registration  process largely at the Uganda Land Commission and the Land Registry in the Ministry  of Lands, and no easements had been registered in the wayleaves for the transmission  lines.",land_and_right_of_way,land_and_right_of_way,False,,,,,
167,2019,2019_AGRPT@CON2019.pdf,g)  Timeliness of cash compensation    It was noted that all project sites were handed over to contractors before land  acquisition was completed contrary to the requirements in the Land Acquisition Act.,land_and_right_of_way,land_and_right_of_way,False,,,,,
168,2019,2019_AGRPT@CON2019.pdf,Road Component    The road construction works for the upgrade of Luuku – Kalangala – Mulabana  (65.6 km) road from Class “C” to Class “B” gravel standards that were expected to  be executed within a period of twelve (12) months were completed after three  years in March 2016 resulting in a two years delay with no provisions for remedies/  penalties for delayed completion of the road construction works by the  implementation agreement.,delay_time_overrun,delay_time_overrun,True,Luuku-Kalangala-Mulabana Road,road,Luuku;Kalangala;Mulabana,Kalangala,high
169,2019,2019_AGRPT@CON2019.pdf,"I advised the Ministries of Education and Health to enhance the capacity of  procurement and engineering functions, liaise with the Ministry of Works to develop  standard guideline for costing infrastructural works, ensure that all infrastructure  projects are subjected to Environmental and social Impact Assessment, enhance  Quality control and quality assurance of works during construction, prioritise repair and  maintenance, ensure user needs analysis is properly undertaken to guide the selection    83    of the facilities to be constructed and continue with the efforts to secure funding for  the provision of vital infrastructure.",procurement_irregularities,procurement_irregularities,False,,,,,
170,2019,2019_AGRPT@CON2019.pdf,"Key audit findings resulting from the engineering audit and corresponding recommendations  resulting from the engineering audit for the Kayunga and Yumbe Hospital rehabilitation  projects are presented below, detailed findings, quality results, quantity verification and  pictures of defective works are presented in a separate report which has been issued on  infrastructure component.",contract_management,contract_management,True,Kayunga Hospital Rehabilitation Project,hospital_health,Kayunga,Kayunga,high
170,2019,2019_AGRPT@CON2019.pdf,"Key audit findings resulting from the engineering audit and corresponding recommendations  resulting from the engineering audit for the Kayunga and Yumbe Hospital rehabilitation  projects are presented below, detailed findings, quality results, quantity verification and  pictures of defective works are presented in a separate report which has been issued on  infrastructure component.",contract_management,contract_management,True,Yumbe Hospital Rehabilitation Project,hospital_health,Yumbe,Yumbe,high
171,2019,2019_AGRPT@CON2019.pdf,"5.1.1 Kayunga hospital  The rehabilitation and construction works of Kayunga hospital were contracted to Arab  Contractors Osman Ahmed Osman at a contract price of USD.16,670,711 and supervised by  Dar Engineering in association with Joadah Consult Ltd at a supervision cost of  USD.1,433,803.",contract_management,contract_management,True,Kayunga Hospital Rehabilitation Project,hospital_health,Kayunga,Kayunga,high
172,2019,2019_AGRPT@CON2019.pdf,"86    5.1.2 Yumbe hospital  The rehabilitation and construction works of Yumbe hospital were contracted to Sadeem Al- Kuwait General Trading and Contracting Company at a contract price of USD.18,601,958.21  and supervised by Dar Engineering in association with Joadah Consult Ltd at a supervision  cost of USD 1,433,803.",contract_management,contract_management,True,Yumbe Hospital Rehabilitation Project,hospital_health,Yumbe,Yumbe,high
173,2019,2019_AGRPT@CON2019.pdf,b)  The design phase was scheduled to take a period of six (06) months from the date of  contract but took 11 months implying a delay of five (05) months which led to the  delayed procurement of the works contractor.,procurement_irregularities,procurement_irregularities,False,,,,,
174,2019,2019_AGRPT@CON2019.pdf,"Review of the payments for preliminaries revealed the following:  a)  I noted that USD.124,900 was remitted to the contractor to cater for the consultant’s  supervision and thus the salaries for the project manager and two clerks of works were  paid through the contractor.",contract_management,contract_management,False,,,,,
175,2019,2019_AGRPT@CON2019.pdf,"d)  Progress of Works    Of the fourteen (14) projects assessed, five (5) projects were found to have been  completed within the contractual timelines, seven (7) had been delayed; one (1) was  still on-going within the extended period but was lagging behind schedule while works  for one (1) had been suspended.",delay_time_overrun,delay_time_overrun,False,,,,,
176,2019,2019_AGRPT@CON2019.pdf,"However, it is the opinion  of audit that the extension of time granted was unjustified due to failure to use the  procedures set out in section 1229 of the general specifications for road and bridge  works when computing the extension time and lack of authenticated rainfall data  provided by the contractor.",delay_time_overrun,delay_time_overrun,False,,,,,
177,2019,2019_AGRPT@CON2019.pdf,"These  included; road bleeding, stripping, silted and cracked access culvert, damaged stone  pitching and end structures, pothole development, Gullies on carriageway, Collapsed  gabion, Extensive Honey combing and poor workmanship among others.",contract_management,contract_management,False,,,,,
178,2019,2019_AGRPT@CON2019.pdf,"Bleeding, broken end structures, broken and  scoured aprons, Stripped capping layer  along road carriageway, silted culverts  11  Low Cost Sealing of Selected District  Roads; Lot 6: in Kamuli District  Silted culverts, damaged culvert bases,  washed off culvert backfill, damaged road  base, damaged end structures  12  Construction of Gem Farm Bailey  Bridge in Atiak, Amuru District  Collapsed gabion at Abutment 2 RHS,  Inadequate backfill at approach to the  bridge (LHS) in the corner, Need for river  training  13  Construction of Kisaigi Bridge in  Kakumiro District Lot 1  Honey combs, collapsing backfill, Crack at  Abutment wall, Formwork left within the  bridge structure at different locations  14  Construction of Kabindula Swamp  Crossing in Kyankwanzi District Lot 20  Extensive Honey combing, poor  workmanship on concrete works    The Accounting Officer indicated that contractors had been instructed to address the  identified defects prior to issue of the practical completion certificate.",contract_management,contract_management,True,Gem Farm Bailey Bridge,bridge,Atiak,Amuru,high
178,2019,2019_AGRPT@CON2019.pdf,"Bleeding, broken end structures, broken and  scoured aprons, Stripped capping layer  along road carriageway, silted culverts  11  Low Cost Sealing of Selected District  Roads; Lot 6: in Kamuli District  Silted culverts, damaged culvert bases,  washed off culvert backfill, damaged road  base, damaged end structures  12  Construction of Gem Farm Bailey  Bridge in Atiak, Amuru District  Collapsed gabion at Abutment 2 RHS,  Inadequate backfill at approach to the  bridge (LHS) in the corner, Need for river  training  13  Construction of Kisaigi Bridge in  Kakumiro District Lot 1  Honey combs, collapsing backfill, Crack at  Abutment wall, Formwork left within the  bridge structure at different locations  14  Construction of Kabindula Swamp  Crossing in Kyankwanzi District Lot 20  Extensive Honey combing, poor  workmanship on concrete works    The Accounting Officer indicated that contractors had been instructed to address the  identified defects prior to issue of the practical completion certificate.",contract_management,contract_management,True,Low Cost Sealing of Selected District Roads Lot 6 (Kamuli),road,Kamuli,Kamuli,high
178,2019,2019_AGRPT@CON2019.pdf,"Bleeding, broken end structures, broken and  scoured aprons, Stripped capping layer  along road carriageway, silted culverts  11  Low Cost Sealing of Selected District  Roads; Lot 6: in Kamuli District  Silted culverts, damaged culvert bases,  washed off culvert backfill, damaged road  base, damaged end structures  12  Construction of Gem Farm Bailey  Bridge in Atiak, Amuru District  Collapsed gabion at Abutment 2 RHS,  Inadequate backfill at approach to the  bridge (LHS) in the corner, Need for river  training  13  Construction of Kisaigi Bridge in  Kakumiro District Lot 1  Honey combs, collapsing backfill, Crack at  Abutment wall, Formwork left within the  bridge structure at different locations  14  Construction of Kabindula Swamp  Crossing in Kyankwanzi District Lot 20  Extensive Honey combing, poor  workmanship on concrete works    The Accounting Officer indicated that contractors had been instructed to address the  identified defects prior to issue of the practical completion certificate.",contract_management,contract_management,True,Kisaigi Bridge,bridge,Kakumiro,Kakumiro,high
178,2019,2019_AGRPT@CON2019.pdf,"Bleeding, broken end structures, broken and  scoured aprons, Stripped capping layer  along road carriageway, silted culverts  11  Low Cost Sealing of Selected District  Roads; Lot 6: in Kamuli District  Silted culverts, damaged culvert bases,  washed off culvert backfill, damaged road  base, damaged end structures  12  Construction of Gem Farm Bailey  Bridge in Atiak, Amuru District  Collapsed gabion at Abutment 2 RHS,  Inadequate backfill at approach to the  bridge (LHS) in the corner, Need for river  training  13  Construction of Kisaigi Bridge in  Kakumiro District Lot 1  Honey combs, collapsing backfill, Crack at  Abutment wall, Formwork left within the  bridge structure at different locations  14  Construction of Kabindula Swamp  Crossing in Kyankwanzi District Lot 20  Extensive Honey combing, poor  workmanship on concrete works    The Accounting Officer indicated that contractors had been instructed to address the  identified defects prior to issue of the practical completion certificate.",contract_management,contract_management,True,Kabindula Swamp Crossing,bridge,Kyankwanzi,Kyankwanzi,high
179,2019,2019_AGRPT@CON2019.pdf,"5.3.1 Design and build of Entebbe International Airport upgrading and expansion project    The is supervised by Dar Al-Handasah (Shair & Partners) supervising consultants’ at a  supervision cost of USD.1,183,821,789 VAT Inc.",contract_management,contract_management,False,,,,,
180,2019,2019_AGRPT@CON2019.pdf,b)  Lack of review of feasibility study report from CCCC during procurement of  works    Review of documents revealed that the EPC Contractor CCCC pre-financed the  feasibility study for the Design and Build of the Upgrading and Expansion of Entebbe  International Airport Project.,procurement_irregularities,procurement_irregularities,True,Entebbe International Airport Upgrading and Expansion Project,airport,Entebbe,Wakiso,high
181,2019,2019_AGRPT@CON2019.pdf,g)  Delayed payment of Interim payment certificates (IPCs)    Clause 14.7 of Addendum No.1 of the works contract page 28 /29 of the particular  conditions of contract state that payments right from the Interim payment certificate  and the final payment certificate shall be made within 56 days upon receipt of the  relevant certificates by the Employer.,delayed_payments,delayed_payments,True,Entebbe International Airport Upgrading and Expansion Project,airport,Entebbe,Wakiso,high
182,2019,2019_AGRPT@CON2019.pdf,"A review of payments to the contractor revealed delayed payment of 22 IPCs (IPCs No  11,12,13,14,15 to No 22) with an invoice value of USD.23,130,646.",delayed_payments,delayed_payments,False,,,,,
183,2019,2019_AGRPT@CON2019.pdf,Delayed payment of IPCs causes delays in the progress of works and may result in the  contractor charging interest.,delayed_payments,delayed_payments,False,,,,,
184,2019,2019_AGRPT@CON2019.pdf,i)  Delayed Procurement of Supervision Consultants    It was noted that the consultant commenced services 10 months after the works  commenced.,contract_management,contract_management|procurement_irregularities,False,,,,,
185,2019,2019_AGRPT@CON2019.pdf,"h)  Supervision of Works    Through audit inspection of works, it was noted that in spite of the magnitude of the  project, only a clerk of works is present on site to supervise all the works.",contract_management,contract_management,False,,,,,
186,2019,2019_AGRPT@CON2019.pdf,"They however had outstanding  snags to be rectified as detailed in the report and summarized in table below;    Table 39: Showing Outstanding defects  S/No Contract road  name  Defects noted  1  Soroti - Katakwi  - Akisim road  Stripping at various sections, scouring of embankment, no  rounding on terminal end of walkways, eroded and silted stone  pitching works, spot honey combs at box and culvert wing walls,  full flow for culverts, vandalism of reflectors and hazard signs,  missing bolts on guard rails and omission anti-theft protection on  bolts and nuts on some guard rails.",contract_management,contract_management,False,,,,,
187,2019,2019_AGRPT@CON2019.pdf,"7  Lopei bridge  Camber loss on the road surface, spot pot holes, missing bolts,  rusting of some bolts, The lower end of the embankment that is  lower than the flood level  8  Kaabong bridge  Failed gabion/protection works- U/S of Kapedo side, Cracks in  stone pitching mortar, Eroded approach Embankment on Kapedo  side, Pothole on the approach slab area    101    S/No Contract road  name  Defects noted  9  Waiga  bridge,  Ruzairwe bridge,  Nsongi  bridge,  Mpondwe bridge  Ruzairwe; Guardrail end details not as per drawing, Rusted  guardrail posts and bolts, Missing hazard sign plate on Pacwa  side, Hazard sign installed in wrong location; Mpondwe; Hairline  cracks on walkway slab, Short and inadequate gabion works on  both downstream of Uganda and DR Congo side: Nsongi;  Hairline cracks on walkway slab, Eroded banks at mitre drain  location;  10  Kaitabawala- Kisozi-Busota  (58.2Km).",contract_management,contract_management,True,Soroti-Katakwi-Akisim Road,road,Soroti;Katakwi;Akisim,,high
188,2019,2019_AGRPT@CON2019.pdf,c)  Delayed procurement of the Consultant    The contractor for the civil works was procured on 8th February 2016 while the  commencement date of the project was 20th June 2016.,procurement_irregularities,procurement_irregularities,True,Lopei Bridge,bridge,Lopei,,high
188,2019,2019_AGRPT@CON2019.pdf,c)  Delayed procurement of the Consultant    The contractor for the civil works was procured on 8th February 2016 while the  commencement date of the project was 20th June 2016.,procurement_irregularities,procurement_irregularities,True,Kaabong Bridge,bridge,Kaabong,Kaabong,high
188,2019,2019_AGRPT@CON2019.pdf,c)  Delayed procurement of the Consultant    The contractor for the civil works was procured on 8th February 2016 while the  commencement date of the project was 20th June 2016.,procurement_irregularities,procurement_irregularities,True,Waiga Bridge,bridge,Waiga,,medium
188,2019,2019_AGRPT@CON2019.pdf,c)  Delayed procurement of the Consultant    The contractor for the civil works was procured on 8th February 2016 while the  commencement date of the project was 20th June 2016.,procurement_irregularities,procurement_irregularities,True,Nsongi Bridge,bridge,Nsongi,,medium
188,2019,2019_AGRPT@CON2019.pdf,c)  Delayed procurement of the Consultant    The contractor for the civil works was procured on 8th February 2016 while the  commencement date of the project was 20th June 2016.,procurement_irregularities,procurement_irregularities,True,Mpondwe Bridge,bridge,Mpondwe,Kasese,high
188,2019,2019_AGRPT@CON2019.pdf,c)  Delayed procurement of the Consultant    The contractor for the civil works was procured on 8th February 2016 while the  commencement date of the project was 20th June 2016.,procurement_irregularities,procurement_irregularities,True,Kaitabawala-Kisozi-Busota Road,road,Kaitabawala;Kisozi;Busota,,medium
188,2019,2019_AGRPT@CON2019.pdf,c)  Delayed procurement of the Consultant    The contractor for the civil works was procured on 8th February 2016 while the  commencement date of the project was 20th June 2016.,procurement_irregularities,procurement_irregularities,True,Ruzairwe Bridge,bridge,Ruzairwe,,medium
189,2019,2019_AGRPT@CON2019.pdf,"g)  Delayed payment of IPCs    A review of the payment certificates revealed that all the IPCs were not paid within the  stipulated time period as provided for in the contract with h IPC No 7 submitted on 10th  November 2017 yet to be paid,    103      Delays in payments to the contractor lead to disruptions of contractor cash flow and  affects ability of the contractor to execute works efficiently.",delayed_payments,delayed_payments,False,,,,,
190,2019,2019_AGRPT@CON2019.pdf,"Activities critical to the roadmap that should have been implemented include; demarcation  of electoral areas, re-organization of polling stations, specialised training (ICT, biometrics  and due diligences of ICT procurement), voter education, acquisition of biometric voter  verification system, developing election document management system, digitizing election  documents and setting up an election digital archive among others.",procurement_irregularities,procurement_irregularities,False,,,,,
191,2019,2019_AGRPT@CON2019.pdf,•  There was delayed Supply and Installation Works for Solar powered Irrigation Equipment which  exposed the Project to a risk of abandoned works and delayed service delivery to the beneficiary  communities.,delay_time_overrun,delay_time_overrun,False,,,,,
192,2019,2019_AGRPT@CON2019.pdf,•  I noted delays of more than two years in the procurement of 50 walking tractors and construction  of selected markets.,procurement_irregularities,procurement_irregularities,False,,,,,
193,2019,2019_AGRPT@CON2019.pdf,"a) Drainage works of Lot 1 Lubigi Primary  Channel, and Nakamiro Secondary - Procurement not yet concluded, the contract for Lubigi still  with the funders for no-objection and the contract for Nakamiro still with solicitor General and  b) Compensation of PAPs- for drainage works - Out of the 329 PAPs identified only 106 have  been so far paid.",procurement_irregularities,procurement_irregularities,False,,,,,
194,2019,2019_AGRPT@CON2019.pdf,"•  I noted that the Council awarded a contract for the construction of a water borne toilet at UNMC  at UGX.43,770,330, while the approved budget was UGX.32,000,000 and there was no approved  supplementary budget to support the additional allocation of UGX 11,770,330.",cost_overrun,cost_overrun,True,Lubigi Primary Channel,other,Lubigi,Kampala,high
194,2019,2019_AGRPT@CON2019.pdf,"•  I noted that the Council awarded a contract for the construction of a water borne toilet at UNMC  at UGX.43,770,330, while the approved budget was UGX.32,000,000 and there was no approved  supplementary budget to support the additional allocation of UGX 11,770,330.",cost_overrun,cost_overrun,True,Nakamiro Secondary Channel,other,Nakamiro,,medium
195,2019,2019_AGRPT@CON2019.pdf,•  There were anomalies in the Institute’s Hospital Management Information System some of which  include: there are no Quality assurance and control reports from the contract management;  there were no change request documents and approved user systems access forms; Loss of  patients data or information due to poor configurations; delays in review of patients and ECHO  procedures; High downtime for the system; delays in retrieval and processing of patients data  leading to increase in waiting time; poor systems maintenance due to having only one IT officer  managing all systems.,contract_management,contract_management,True,Water-Borne Toilet at UNMC,other_building,,,low
196,2019,2019_AGRPT@CON2019.pdf,•  Delayed compensation for acquisition of land for right of way affects implementation of approved  projects.,land_and_right_of_way,land_and_right_of_way,False,,,,,
197,2019,2019_AGRPT@CON2019.pdf,"•  UNRA made incurred nugatory expenditure amounting to UGX 8,099,940,759 and USD  880,448.97 that arose out of penalties for the court cases and interest on delayed payments of  advances and IPCs invoices from various contractors.",claims_and_disputes,claims_and_disputes|delayed_payments,False,,,,,
198,2019,2019_AGRPT@CON2019.pdf,"•  I reviewed land compensation activities on a sample of roads and noted issues such as failure  to publish legal notification and gazette of land for public use, failure to set a cut-off date on  Kampala Northern bypass project phase 2, delays in payment for valued land and properties,  payment of PAPs (at non-reviewed rates ) and delays in transfer of titles to Government  •  In noted delays in delivery of procurement supplies worth UGX 24,018,395,488 occasioned by  the lengthy processes of opening up and amending letters of credit with Bank of Uganda.",procurement_irregularities,procurement_irregularities,False,,,,,
199,2019,2019_AGRPT@CON2019.pdf,•  URF and Public Procurement and Disposal of Public Assets Authority (PPDA) jointly entered into  a contract for the construction of PPDA-URF office building and the parties agreed to contribute  funds in equal proportion to finance the project.,procurement_irregularities,procurement_irregularities,True,Kampala Northern Bypass Project Phase 2,road,Kampala,Kampala,high
200,2019,2019_AGRPT@CON2019.pdf,"6  Uganda Revenue  Authority (URA) –  Corporate Services      Opinion  Unqualified  •  URA irregularly used the direct procurement method to procure furniture for the new building at  UGX.4,461,861,429.",procurement_irregularities,procurement_irregularities,True,PPDA-URF Office Building,other_building,Kampala,Kampala,medium
201,2019,2019_AGRPT@CON2019.pdf,The construction works were  behind schedule by almost 6 months.,delay_time_overrun,delay_time_overrun,False,,,,,
202,2019,2019_AGRPT@CON2019.pdf,"It was however, noted that the construction of the second and third floors of the  floating restaurant has stalled.",delay_time_overrun,delay_time_overrun,False,,,,,
203,2019,2019_AGRPT@CON2019.pdf,"•  The Facility planned to procure consultants to carry out feasibility studies and designs for various  projects, construct town water supply systems, and also procure providers for goods and  services, but only 56% of these procurements were implemented leaving 44% of the  procurements un-implemented.",procurement_irregularities,procurement_irregularities,True,UWEC Floating Restaurant (Pier),other_building,Entebbe,Wakiso,medium
204,2019,2019_AGRPT@CON2019.pdf,21  Water  Management and  Development  Project (WMDP) –  NWSC    Opinion  Unqualified  •  I was not availed with proof that the Performance Certificate was issued to the contractor  (El Nasr and DOTT Services Limited) to prove expiry of defects notification period  and as a basis of accepting works delivered by the contractor.,contract_management,contract_management,False,,,,,
205,2019,2019_AGRPT@CON2019.pdf,"•  Contingent Liabilities of UGX.6,071,073,253 relating to compensations for way leaves of power  lines constructed by the agency as at 30th June 2019, may result into cash outflow from the  Agency if they crystallize.",claims_and_disputes,claims_and_disputes|land_and_right_of_way,False,,,,,
206,2019,2019_AGRPT@CON2019.pdf,"•  There was non-compliance to the Quality of Service Standards 1 and 2 by UMEME whereby 90%  and 89% of customers were delayed to be connected within 10 and 15 days of standard  connection period, respectively.",contract_management,contract_management,False,,,,,
207,2019,2019_AGRPT@CON2019.pdf,"Furthermore, delays in land acquisition  and construction works for the transmission lines under Karuma interconnection had hampered  project progress.",land_and_right_of_way,land_and_right_of_way,False,,,,,
208,2019,2019_AGRPT@CON2019.pdf,"•  UETCL procured goods, works and services amounting to UGX 7,453,066,691 outside the  procurement plan.",procurement_irregularities,procurement_irregularities,True,Karuma Interconnection Transmission Lines,power_transmission,Karuma,,medium
209,2019,2019_AGRPT@CON2019.pdf,"•  Procurement for the contract for the installation and maintenance of solar PV systems for schools,  was not undertaken as planned by 16th August 2019.",procurement_irregularities,procurement_irregularities,False,,,,,
210,2019,2019_AGRPT@CON2019.pdf,"• There was a delay of 21 months by the Consultant for the development of 6 Pico/micro hydro  power schemes, while implementation of the Contract for the supply, Installation and  commissioning of electro-mechanical equipment for the power plants was behind schedule by 12  months.",delay_time_overrun,delay_time_overrun,False,,,,,
211,2019,2019_AGRPT@CON2019.pdf,"199    Sn  SECTOR AND  ENTITY  SUMMARY OF KEY FINDINGS  Opinion  Unqualified  23  Mbarara - Nkenda;  Tororo - Lira  Transmission Lines    Opinion  Unqualified  •  There are standing time costs resulting from a claim by a contractor due to delayed acquisition  of right of way amounting to USD.9,769,837 and UGX.4,548,082,000 and interest amounting to  USD.166,378.10 and UGX.528,618,788.",land_and_right_of_way,land_and_right_of_way,False,,,,,
212,2019,2019_AGRPT@CON2019.pdf,"This was attributed  to delays in acquisition of right of way, delays in procurement processes and approval of drawings,  change orders and shifting the scope of works.",land_and_right_of_way,land_and_right_of_way|procurement_irregularities,True,Mbarara-Nkenda Transmission Line,power_transmission,Mbarara;Nkenda,,high
212,2019,2019_AGRPT@CON2019.pdf,"This was attributed  to delays in acquisition of right of way, delays in procurement processes and approval of drawings,  change orders and shifting the scope of works.",land_and_right_of_way,land_and_right_of_way|procurement_irregularities,True,Tororo-Lira Transmission Line,power_transmission,Tororo;Lira,,high
213,2019,2019_AGRPT@CON2019.pdf,"•  There was direct procurement of some non-assigned sub-contractors initially engaged by the  terminated contractor to complete works, some of whom had sued UETCL over issues concerning  the termination of the main contractor.",claims_and_disputes,claims_and_disputes|procurement_irregularities,False,,,,,
214,2019,2019_AGRPT@CON2019.pdf,"25  Hoima - Nkenda  Transmission Lines    Opinion  Unqualified  •  A sum of UGX.12,662,000,172 meant to fund Resettlement Action Plan activities (way leaves and  easement), remained un-disbursed to the Project Affected Persons as at 30th June 2019 despite  the project completion on 31st July 2018.",land_and_right_of_way,land_and_right_of_way,False,,,,,
215,2019,2019_AGRPT@CON2019.pdf,"• The School accumulated domestic arrears of UGX.19,084,373,665 by the end of the financial year  under review.",delayed_payments,delayed_payments,True,Hoima-Nkenda Transmission Line,power_transmission,Hoima;Nkenda,,high
216,2019,2019_AGRPT@CON2019.pdf,"Also,  included in the arrears total balance is UGX.8,610,930,762 payable to Uganda Consolidated Fund  which resulted from the School’s failure to transfer back some of money advanced from UCF and  functional fees of UGX.975,461,400 due to Makerere University for the financial year 2018/ 2019  not paid.",delayed_payments,delayed_payments,False,,,,,
217,2019,2019_AGRPT@CON2019.pdf,"I however noted that M/s Fortune Energy  Limited had breached contract with accumulated arrears totalling to UGX.1,375,569,240 and  Mandela National Stadium (MNSL) has since not taken any legal step to have the arrears  recovered but instead M/s Fortune Energy Limited had taken the Stadium to court.",delayed_payments,delayed_payments,False,,,,,
218,2019,2019_AGRPT@CON2019.pdf,Field inspection  revealed improper drainage especially at points that required installation of culverts and one  contract had expired with incomplete works while there were no signposts warning roader  users from using the bridge.,delay_time_overrun,delay_time_overrun,True,Mandela National Stadium (Namboole),stadium,Namboole,Wakiso,high
219,2019,2019_AGRPT@CON2019.pdf,"•   UGX.5,798,400 allocated as contingency was not accounted for in the certificates presented for  payment  •  Under UgIFT, I noted irregularities in hybrid procurement, irregular award of tender to a higher  Bidder for seed school construction while inspection revealed delayed works for the projects.",procurement_irregularities,procurement_irregularities,False,,,,,
220,2019,2019_AGRPT@CON2019.pdf,"However, 53kms were  done at a cost of UGX 0.118Bn leading to excess expenditure of UGX 2 million further inspections  revealed bushes alongside many of the Municipal roads were overgrown and in some cases  significantly reduced the road width.",cost_overrun,cost_overrun,False,,,,,
221,2019,2019_AGRPT@CON2019.pdf,"•  Under Environmental Impact Assessment, interviews and a review of documents revealed that  no environment impact assessment was done for any of the road works  •  Under procurement I noted Low bidder participation which defeats the objective of public  procurement of promoting competitiveness and quality services.",procurement_irregularities,procurement_irregularities,False,,,,,
222,2019,2019_AGRPT@CON2019.pdf,"•  Under UgIFT, I noted failure to include the construction of seed secondary school in the  consolidated procurement plan.",procurement_irregularities,procurement_irregularities,False,,,,,
223,2019,2019_AGRPT@CON2019.pdf,•  Physical inspection on the upgrading of Chakulia Health Center II to Health Center III revealed  that the project was behind schedule.,delay_time_overrun,delay_time_overrun,True,Chakulia Health Centre II to III Upgrade,hospital_health,Chakulia,,high
224,2019,2019_AGRPT@CON2019.pdf,"•  Inspection of Kindra-Lokajo road revealed that a section of the road with a stream need a bridge,  there was no sign post and no records of community procurement and project management.",procurement_irregularities,procurement_irregularities,True,Kindra-Lokajo Road,road,Kindra;Lokajo,,high
225,2019,2019_AGRPT@CON2019.pdf,•  I noted excess expenditure of UGX.0.19bn on the construction of Kyoho Bridge due to a decision  to change from force Account to irregular contracting of the unfinished works to a private  contractor.,cost_overrun,cost_overrun,True,Kyoho Bridge,bridge,Kyoho,,high
226,2019,2019_AGRPT@CON2019.pdf,"I also noted poor workmanship on Rwebisengo- Rwangara Road and  Rehabilitation of Rwensenene and Kakogha Bridges  •  A review of the cumulative water situation analysis of the 4 different types of water sources in  the district, revealed 35% of the water facilities were non-functional  •  Deductions of UGX 1.49Bn were noted in respect of statutory and other bodies but only UGX  1.41Bn was remitted resulting into under payment of UGX 82 million  •  Under UWEP, i noted that out of UGX 33 million collected; only UGX 15 million was transferred  to the Ministry of Gender leaving a balance of UGX 18 million.",contract_management,contract_management,True,Rwensenene Bridge,bridge,Rwensenene,,medium
226,2019,2019_AGRPT@CON2019.pdf,"I also noted poor workmanship on Rwebisengo- Rwangara Road and  Rehabilitation of Rwensenene and Kakogha Bridges  •  A review of the cumulative water situation analysis of the 4 different types of water sources in  the district, revealed 35% of the water facilities were non-functional  •  Deductions of UGX 1.49Bn were noted in respect of statutory and other bodies but only UGX  1.41Bn was remitted resulting into under payment of UGX 82 million  •  Under UWEP, i noted that out of UGX 33 million collected; only UGX 15 million was transferred  to the Ministry of Gender leaving a balance of UGX 18 million.",contract_management,contract_management,True,Kakogha Bridge,bridge,Kakogha,,medium
226,2019,2019_AGRPT@CON2019.pdf,"I also noted poor workmanship on Rwebisengo- Rwangara Road and  Rehabilitation of Rwensenene and Kakogha Bridges  •  A review of the cumulative water situation analysis of the 4 different types of water sources in  the district, revealed 35% of the water facilities were non-functional  •  Deductions of UGX 1.49Bn were noted in respect of statutory and other bodies but only UGX  1.41Bn was remitted resulting into under payment of UGX 82 million  •  Under UWEP, i noted that out of UGX 33 million collected; only UGX 15 million was transferred  to the Ministry of Gender leaving a balance of UGX 18 million.",contract_management,contract_management,True,Rwebisengo-Rwangara Road,road,Rwebisengo;Rwangara,Ntoroko,high
227,2019,2019_AGRPT@CON2019.pdf,"•  Under URF, I noted poor workmanship on Cathedral and Mugurusi Road.",contract_management,contract_management,True,Cathedral-Mugurusi Road,road,Cathedral;Mugurusi,,medium
228,2019,2019_AGRPT@CON2019.pdf,•  URF field inspection revealed incomplete works on Kabala-Kaket road.,delay_time_overrun,delay_time_overrun,True,Kabala-Kaket Road,road,Kabala;Kaket,,medium
229,2019,2019_AGRPT@CON2019.pdf,228    SN  LOCAL  GOVERNMENTS  SUMMARY OF KEY FINDINGS  •  Construction works under UgIFT at Amuru Seed Secondary School and Otwee Health Centre II  were behind schedule.,delay_time_overrun,delay_time_overrun,True,Otwee Health Centre II,hospital_health,Otwee,,medium
229,2019,2019_AGRPT@CON2019.pdf,228    SN  LOCAL  GOVERNMENTS  SUMMARY OF KEY FINDINGS  •  Construction works under UgIFT at Amuru Seed Secondary School and Otwee Health Centre II  were behind schedule.,delay_time_overrun,delay_time_overrun,True,Amuru Seed Secondary School,school,Amuru,Amuru,high
230,2019,2019_AGRPT@CON2019.pdf,"•  Under UgIFT, I noted that Aduku Seed Secondary School had no land title and construction  works were behind schedule with all structures at ring beam level.",delay_time_overrun,delay_time_overrun,True,Aduku Seed Secondary School,school,Aduku,Kwania,high
231,2019,2019_AGRPT@CON2019.pdf,"•  URF field inspections revealed that some road sections were poorly maintained with silted  culverts and no headwalls, poor drainage, broken culverts and incomplete shoddy works.",contract_management,contract_management,False,,,,,
232,2019,2019_AGRPT@CON2019.pdf,•  URF field inspection revealed poorly maintained road sections with culvert installation and  incomplete works on projects.,delay_time_overrun,delay_time_overrun,False,,,,,
233,2019,2019_AGRPT@CON2019.pdf,"•  Under UgIFT, construction of Ogom Seed Secondary School was not undertaken and works at  Lapu HC II had stalled at beam level despite receipt of funds that were swept back at year end.",delay_time_overrun,delay_time_overrun,True,Ogom Seed Secondary School,school,Ogom,,high
233,2019,2019_AGRPT@CON2019.pdf,"•  Under UgIFT, construction of Ogom Seed Secondary School was not undertaken and works at  Lapu HC II had stalled at beam level despite receipt of funds that were swept back at year end.",delay_time_overrun,delay_time_overrun,True,Lapu Health Centre II,hospital_health,Lapu,,medium
234,2019,2019_AGRPT@CON2019.pdf,"•  Under RTI, there were incomplete works on Ogonyo- Odum of swamp filling and culvert  installations four months after project expected completion date.",delay_time_overrun,delay_time_overrun,True,Ogonyo-Odum Swamp Crossing,bridge,Ogonyo;Odum,,medium
235,2019,2019_AGRPT@CON2019.pdf,•  There was delayed completion on construction of 2 storied 54 staff unit houses as construction  works were still at wall plate.,delay_time_overrun,delay_time_overrun,False,,,,,
236,2019,2019_AGRPT@CON2019.pdf,•  I noted that the project for construction of 16-unit staff houses was behind schedule.,delay_time_overrun,delay_time_overrun,False,,,,,
237,2019,2019_AGRPT@CON2019.pdf,"•  I noted that while some of the district’s key programmes were fully implemented, others were  not fully implemented  •  I noted that domestic arrears to a tune of UGX.18,026,430 was paid out without evidence of  Council approval  •  Under URF, for routine manual maintenance i noted that road gangs did not work during quarter  4 but were paid UGX.",delayed_payments,delayed_payments,False,,,,,
238,2019,2019_AGRPT@CON2019.pdf,•  Under UgIFT I noted incomplete works on the construction of a seed school at Banamywa Sub  County while the site for construction of MuJunza health centre appeared abandoned.,delay_time_overrun,delay_time_overrun,True,MuJunza Health Centre,hospital_health,MuJunza,,low
238,2019,2019_AGRPT@CON2019.pdf,•  Under UgIFT I noted incomplete works on the construction of a seed school at Banamywa Sub  County while the site for construction of MuJunza health centre appeared abandoned.,delay_time_overrun,delay_time_overrun,True,Banamywa Seed School,school,Banamywa,,medium
239,2019,2019_AGRPT@CON2019.pdf,"•  Under UgIFT Inspections revealed that there were incomplete works  •  Under URF Inspections revealed that there was no provision for drainage channels, culverts and  gullies and overgrown vegetation  •  Under Capitation grant, I noted that sampled school did not prepare financial statements for the  year under review.",delay_time_overrun,delay_time_overrun,False,,,,,
240,2019,2019_AGRPT@CON2019.pdf,"•  Under UgIFT, I noted that the district did not participate in stages of procurement of some  contractors since this was done MoH.",procurement_irregularities,procurement_irregularities,False,,,,,
241,2019,2019_AGRPT@CON2019.pdf,An inspection of the site for upgrading Bulaga  health centre revealed that the site had been abandoned which resulted in delayed completion  of works.,delay_time_overrun,delay_time_overrun,False,,,,,
242,2019,2019_AGRPT@CON2019.pdf,"•  Under URF Inspection on selected roads revealed that there was poor contract management  characterised by absence of headwalls, culverts, unprotected culverts, gullies and over grown  bushes.",contract_management,contract_management,True,Bulaga Health Centre Upgrade,hospital_health,Bulaga,,high
243,2019,2019_AGRPT@CON2019.pdf,"•  I noted that under budgeting for domestic arrears to a tune of UGX 195,080,167  •  The hospital has an approved staff structure of 421 staff but only 338 are filled leaving a staffing  gap of 83 positions (20%).",delayed_payments,delayed_payments,False,,,,,
244,2019,2019_AGRPT@CON2019.pdf,"•  Under UgIFT, there was delayed procurement of the contractor for the construction of the School  leading to delays in start of works for 1 month and failure to absorb all available funds worth  UGX.",procurement_irregularities,procurement_irregularities,False,,,,,
245,2019,2019_AGRPT@CON2019.pdf,•  Under URF Implementation; I noted that the works undertaken under routine manual  maintenance and routine mechanised maintenance were shoddy with road deterioration and  developed potholes.,contract_management,contract_management,False,,,,,
246,2019,2019_AGRPT@CON2019.pdf,"•  Under UgFIT, inspections revealed stalled works for Nakitokolo Health Centre II and Seed  Secondary School with both lacking land titles.",delay_time_overrun,delay_time_overrun,True,Nakitokolo Health Centre II,hospital_health,Nakitokolo,,high
246,2019,2019_AGRPT@CON2019.pdf,"•  Under UgFIT, inspections revealed stalled works for Nakitokolo Health Centre II and Seed  Secondary School with both lacking land titles.",delay_time_overrun,delay_time_overrun,True,Nakitokolo Seed Secondary School,school,Nakitokolo,,high
247,2019,2019_AGRPT@CON2019.pdf,"Further, only 2  Direct Road Committee meetings had been held out the required 4 and inspections revealed  deterioration and incomplete works on three roads.",delay_time_overrun,delay_time_overrun,False,,,,,
248,2019,2019_AGRPT@CON2019.pdf,"•  Under UgIFT, construction works of Bukamba Health Centre worth UGX.0.488bn had stalled after  payment of UGX.0.292bn and the district did not have a land title for the land.",delay_time_overrun,delay_time_overrun,True,Bukamba Health Centre,hospital_health,Bukamba,,high
249,2019,2019_AGRPT@CON2019.pdf,"•  Under UgFIT, inspections revealed incomplete and stalled project works.",delay_time_overrun,delay_time_overrun,False,,,,,
250,2019,2019_AGRPT@CON2019.pdf,"•  Under UgIFT, Inspections revealed construction works of the Health Centre had stalled and  construction of Nakaseke Seed Secondary School had not commenced.",delay_time_overrun,delay_time_overrun,True,Nakaseke Seed Secondary School,school,Nakaseke,Nakaseke,high
251,2019,2019_AGRPT@CON2019.pdf,"•  Under UgIFT, works for upgrade of Katuugo Health Centre II had stalled and funds for the  construction of a Seed secondary school in Katikamu Sub County were not utilized.",delay_time_overrun,delay_time_overrun,True,Katuugo Health Centre II,hospital_health,Katuugo,,high
251,2019,2019_AGRPT@CON2019.pdf,"•  Under UgIFT, works for upgrade of Katuugo Health Centre II had stalled and funds for the  construction of a Seed secondary school in Katikamu Sub County were not utilized.",delay_time_overrun,delay_time_overrun,True,"Katikamu Seed Secondary School (unnamed, inferred)",school,Katikamu,Luwero,low
252,2019,2019_AGRPT@CON2019.pdf,"•  Under UgIFT, there was unspent balance of 0.125bn on the contract for the upgrade of Butaaka  Health Centre II and inspections revealed incomplete and shoddy works at the facility.",contract_management,contract_management,True,Butaaka Health Centre II,hospital_health,Butaaka,,high
253,2019,2019_AGRPT@CON2019.pdf,Inspection of the Kibale – Kasekulo – Ttubi road revealed poor workmanship on  some road sections.,contract_management,contract_management,True,Kibale-Kasekulo-Ttubi Road,road,Kibale;Kasekulo;Ttubi,,high
254,2019,2019_AGRPT@CON2019.pdf,"•  Under UgIFT, I noted that funds to the tune of UGX.0.354Bn planned and disbursed for  construction of Bukango seed school in the financial year 2018/19 were swept back to the  consolidated fund due to failure to undertake timely procurement.",procurement_irregularities,procurement_irregularities,True,Bukango Seed School,school,Bukango,,high
255,2019,2019_AGRPT@CON2019.pdf,"•  Under URF field inspections, I observed poor workmanship on the 10 km stretch of Kikondo –  Kawule – Busowe– Abonera/Kabuwoko road.",contract_management,contract_management,True,Kikondo-Kawule-Busowe-Abonera/Kabuwoko Road,road,Kikondo;Kawule;Busowe;Abonera;Kabuwoko,,high
256,2019,2019_AGRPT@CON2019.pdf,"•  Under the UgIFT Program, I noted incomplete works for the upgrade of Ngomanene and Mamba  health centres IIs to IIIs whilst works on the construction of Kyayi seed school had not yet began  by 1/08/2019.",delay_time_overrun,delay_time_overrun,True,Ngomanene Health Centre II-III Upgrade,hospital_health,Ngomanene,,high
256,2019,2019_AGRPT@CON2019.pdf,"•  Under the UgIFT Program, I noted incomplete works for the upgrade of Ngomanene and Mamba  health centres IIs to IIIs whilst works on the construction of Kyayi seed school had not yet began  by 1/08/2019.",delay_time_overrun,delay_time_overrun,True,Kyayi Seed School,school,Kyayi,,high
256,2019,2019_AGRPT@CON2019.pdf,"•  Under the UgIFT Program, I noted incomplete works for the upgrade of Ngomanene and Mamba  health centres IIs to IIIs whilst works on the construction of Kyayi seed school had not yet began  by 1/08/2019.",delay_time_overrun,delay_time_overrun,True,Mamba Health Centre II-III Upgrade,hospital_health,Mamba,,high
257,2019,2019_AGRPT@CON2019.pdf,"•  Under the UgIFT program, I noted a delay in the upgrade of Nyendo health centre II to III of  five months and incomplete works despite payment of all the contract funds to the contractor.",delay_time_overrun,delay_time_overrun,True,Nyendo Health Centre II-III Upgrade,hospital_health,Nyendo,Masaka,high
258,2019,2019_AGRPT@CON2019.pdf,•  I noted procurement delays of 7 and 10 months in the signing of contracts for upgrading Kiziba  HC II to HC III and construction of Samson Kalibala Kamya Memorial Seed Secondary school  respectively.,procurement_irregularities,procurement_irregularities,True,Samson Kalibala Kamya Memorial Seed Secondary School,school,,,medium
258,2019,2019_AGRPT@CON2019.pdf,•  I noted procurement delays of 7 and 10 months in the signing of contracts for upgrading Kiziba  HC II to HC III and construction of Samson Kalibala Kamya Memorial Seed Secondary school  respectively.,procurement_irregularities,procurement_irregularities,True,Kiziba Health Centre II-III Upgrade,hospital_health,Kiziba,,high
259,2019,2019_AGRPT@CON2019.pdf,"Furthermore, I  noted poor workmanship in renovation works of the hospital mortuary.",contract_management,contract_management,False,,,,,
260,2019,2019_AGRPT@CON2019.pdf,"•  Under the UgIFT, I noted there were procurement delays of up to four months in the contract  for the upgrade of Kabaale health centre II.",procurement_irregularities,procurement_irregularities,True,Kabaale Health Centre II,hospital_health,Kabaale,,high
261,2019,2019_AGRPT@CON2019.pdf,"•  Under the UgIFT program, I noted delays in contract execution of up to three months for the  upgrade of Lwemikomago health centre II and incomplete works.",delay_time_overrun,delay_time_overrun,True,Lwemikomago Health Centre II,hospital_health,Lwemikomago,,high
262,2019,2019_AGRPT@CON2019.pdf,I further noted delay in the  procurement process and late release of funds for one seed school.,procurement_irregularities,procurement_irregularities,False,,,,,
263,2019,2019_AGRPT@CON2019.pdf,•  Works under UgIFT were ongoing however there was delayed construction works at Kanginima  Seed Secondary School and delay in procurement process which resulted in delay of 7 months  from the plan.,procurement_irregularities,procurement_irregularities,True,Kanginima Seed Secondary School,school,Kanginima,,high
264,2019,2019_AGRPT@CON2019.pdf,"•  Under URF field inspection revealed some incomplete works such as Drainage works, culvert  cleaning, failure to test road construction materials and late transfer of funds to lower local  governments  •  Works under UgIFT were ongoing with however there was delayed Completion of the upgrade  of Bunambutye Health centre II to health centre III and no evidence of materials testing was  availed  •  Under NUSAF-3 UGX.0.907Bn was used to support beneficiary sub-groups.",delay_time_overrun,delay_time_overrun,True,Bunambutye Health Centre II-III Upgrade,hospital_health,Bunambutye,,high
265,2019,2019_AGRPT@CON2019.pdf,•  I noted shoddy works in the construction of administration block at Molo Sub-county.,contract_management,contract_management,False,,,,,
266,2019,2019_AGRPT@CON2019.pdf,"•  I noted that the Construction of administration block had stalled  •  Under NUSAF, I noted delayed implementation of projects, and absence of internal audit  •  I noted during inspection YLP that youth groups received project funds however no records on  group management, group management and selection, repayment schedule were availed.",delay_time_overrun,delay_time_overrun,True,Molo Sub-county Administration Block,other_building,Molo,,medium
267,2019,2019_AGRPT@CON2019.pdf,I further noted a 4 months delay in procurement for the  construction of Nyakasharara Seed School.,procurement_irregularities,procurement_irregularities,False,,,,,
268,2019,2019_AGRPT@CON2019.pdf,"I also noted the construction  of a Seed Secondary School in Katete Sub-county did not take off due to incomplete procurement  process and funds worth UGX.731,049,478 was swept back to CF.",procurement_irregularities,procurement_irregularities,True,Nyakasharara Seed School,school,Nyakasharara,,high
269,2019,2019_AGRPT@CON2019.pdf,I further noted that the  Construction of Kihanga Seed School was not implemented due to delayed procurement process.,procurement_irregularities,procurement_irregularities,True,"Katete Seed Secondary School (unnamed, inferred)",school,Katete,,low
270,2019,2019_AGRPT@CON2019.pdf,"•  Under URF, I noted a 100% release of the budget however, field inspections of road works  revealed some cases of incomplete works.",delay_time_overrun,delay_time_overrun,True,Kihanga Seed School,school,Kihanga,,high
271,2019,2019_AGRPT@CON2019.pdf,I further noted that the construction of  Kebisoni Seed Secondary school was not implemented due to delayed procurement process by  11months.,procurement_irregularities,procurement_irregularities,False,,,,,
272,2019,2019_AGRPT@CON2019.pdf,Field inspections revealed incomplete works for this project.,delay_time_overrun,delay_time_overrun,True,Kebisoni Seed Secondary School,school,Kebisoni,,high
273,2019,2019_AGRPT@CON2019.pdf,I further noted that the construction of  Nyakinama Seed School was not implemented due to delayed procurement process.,procurement_irregularities,procurement_irregularities,False,,,,,
274,2019,2019_AGRPT@CON2019.pdf,I further noted  that the construction of Kigarama Seed School was partially implemented due to delayed  procurement process.,procurement_irregularities,procurement_irregularities,True,Nyakinama Seed School,school,Nyakinama,,high
275,2019,2019_AGRPT@CON2019.pdf,Field inspections of road works revealed  lack of off shoot and incomplete works on some sections of the sampled roads.,delay_time_overrun,delay_time_overrun,True,Kigarama Seed School,school,Kigarama,,high
276,2019,2019_AGRPT@CON2019.pdf,•  I noted further that construction of Buhara Seed Secondary School under UgIFT did not take off  due to disagreements in the procurement process and all funds swept to CF.,procurement_irregularities,procurement_irregularities,False,,,,,
277,2019,2019_AGRPT@CON2019.pdf,I further noted that the  construction of Ryeru Seed Secondary School was not implemented due to delayed procurement  process.,procurement_irregularities,procurement_irregularities,True,Buhara Seed Secondary School,school,Buhara,,high
278,2019,2019_AGRPT@CON2019.pdf,"•  Out of the approved the structure of the District of the 214 positions, only 100(46.7%) positions  were filled leaving 114 (53.3%) positions vacant  •  Under UgIFT, I noted that the procurement process for the construction of Rwamucucu seed  school was delayed by 6months and field inspections revealed that project was incomplete at  foundation level.",procurement_irregularities,procurement_irregularities,True,Ryeru Seed Secondary School,school,Ryeru,,high
279,2019,2019_AGRPT@CON2019.pdf,"•  Under UgIFT, I noted incomplete works on the upgrading of Mpungu HC II to HC III which was  awarded in the third quarter of the financial year I further noted 1.1% partial implementation in  construction of Nyamweru Seed School due to delayed procurement process.",delay_time_overrun,delay_time_overrun|procurement_irregularities,True,Rwamucucu Seed School,school,Rwamucucu,,high
280,2019,2019_AGRPT@CON2019.pdf,•  I noted incomplete works for construction of motorised pump boreholes three months after  contract expected completion date and thus communities could not realise the benefits.,delay_time_overrun,delay_time_overrun,True,Nyamweru Seed School,school,Nyamweru,,high
280,2019,2019_AGRPT@CON2019.pdf,•  I noted incomplete works for construction of motorised pump boreholes three months after  contract expected completion date and thus communities could not realise the benefits.,delay_time_overrun,delay_time_overrun,True,Mpungu Health Centre II-III Upgrade,hospital_health,Mpungu,,high
281,2019,2019_AGRPT@CON2019.pdf,•  Under URF field inspection I noted road sections had been destroyed by cows and oxen during  the rainy season for works under routine mechanized maintenance and substandard works were  noted under emergency works with overgrown grass on road sections.,contract_management,contract_management,False,,,,,
282,2019,2019_AGRPT@CON2019.pdf,"107.8million was overpaid on supervision of Moroto Bus Terminal civil works contract  •  Under URF, the contractor was irregularly advanced 68% of funds for periodic maintenance and  some road sections were poorly done and remained incomplete.",contract_management,contract_management,False,,,,,
283,2019,2019_AGRPT@CON2019.pdf,•  I noted a delay of 22 days in the procurement process under UgIFT and works at one of the  structures was at foundation level.,procurement_irregularities,procurement_irregularities,True,Moroto Bus Terminal,other_building,Moroto,Moroto,high
284,2019,2019_AGRPT@CON2019.pdf,"Out of the 8  subprojects inspected I noted implementation challenges such as failure to implement activities,  underutilization of project funds, delayed implementation of projects and incomplete works on  CARs  •  URF field inspection revealed sections of some roads worked on were poorly maintained with  overgrown grass.",delay_time_overrun,delay_time_overrun,False,,,,,
285,2019,2019_AGRPT@CON2019.pdf,"282    SN  LOCAL  GOVERNMENTS  SUMMARY OF KEY FINDINGS  •  Field inspection revealed that Were-Asumuk road had excess expenditure of UGX.96,830,800,  and no road signage.",cost_overrun,cost_overrun,False,,,,,
286,2019,2019_AGRPT@CON2019.pdf,"•  Under URF field inspection revealed excess expenditures, some road sections were poorly  maintained with overgrown bushes, water logged spots and potholes and blocked road  drainages.",cost_overrun,cost_overrun,True,Were-Asumuk Road,road,Were;Asumuk,Tororo,medium
287,2019,2019_AGRPT@CON2019.pdf,"•  Under URF field inspection revealed excess expenditures, some roads sections lacked drainages  hence prone to damage by running water, potholes, some roads were poorly maintained with  overgrown bushes, lack of road signposts and low cost sealing.",cost_overrun,cost_overrun,False,,,,,
288,2020,2020_STRGPLN25@STRGPLN2020.pdf,"E X T E R N A L   E N V I R O N M E N T E X T E R N A L   E N V I R O N M E N T INPUTS LEGAL FRAMEWORK RESOURCES SUPPORT STRUCTURES QUALITY ASSURANCE COMMUNICATION AND STAKEHOLDER MANAGEMENT OAG VALUE CREATION  AND SYSTEMS OAG OUTPUTS VALUE AND BENEFITS GOVERNANCE AUDIT QUALITY AND REPORTING Constitution of the Republic of  Uganda,1995,as ammended Public Finance and  Management Act,2015 Local Government Act,  1997 Other Acts of Parliament National Audit Act,2008 Application of ISSAIs,  financial, Compliance &  performance Audits OAG Audit Manuals SORA Process and Annual  Overall Audit Plan Integrated Audit Approach Application of INTOSAI  Principles, Guidelines Financial Resources Infrastructure Time Human Resource Human Resources Information Technology Procurement Legal Finance & Administration Internal Audit Executive Support Monitoring & Evaluation Financial / Compliance  Audit Reports Value For Money &  Specialised Audits IT Audit Reports Production Sharing  Agreements Audits Special Audit Reports Forensic Investigations Other Reports produced  by OAG Governance structure and  systems Corporate Strategy Risk Management Mission, Vision and Values Outcomes and Impact  resulting from Audit work Page 15 strategic report Accountability and Reporting The Office plays a vital role in the National Accountability Value Chain in providing assurance on  the use of funds appropriated by Parliament and management of other resources by the Executive  in the delivery of public services  An illustration of the accountability cycle, which shows Auditor General’s relationship with  Parliament and the Executive.",governance_and_controls,governance_and_controls|procurement_irregularities,False,,,,,
289,2020,2020_STRGPLN25@STRGPLN2020.pdf,"Our assessment to identify the areas of interventions was based on the following strategic  domains as per the AFROSAI-E Institutional Capacity Building Framework: Governance,  Organizational performance, Financial and operational independence, Quality of audits, Follow up  of audit recommendations, Human resources, Communication, and stakeholder engagement.",governance_and_controls,governance_and_controls,False,,,,,
290,2020,2020_STRGPLN25@STRGPLN2020.pdf,"extractives,  infrastructure projects, revenue, PFM  reforms, ICT, etc.) 2.0  Enhance institutional capacity  to effectively and efficiently deliver the  mandate 2.1  To improve internal governance  for enhanced compliance and robust risk  management.",governance_and_controls,governance_and_controls,False,,,,,
291,2020,2020_STRGPLN25@STRGPLN2020.pdf,"2.3.1  Enhance transparency and  efficacy of planning, budgeting, and  performance reporting 2.3.2  Efficient Financial management  and reporting 2.3.3  Improve efficiency and  effectiveness of procurement and disposal  processes to enhance compliance, value  for money, and transparency 2.3.4  Effective, efficient, and  sustainable construction and maintenance  of all OAG premises 2.3.5  Efficient acquisition and  management of inventory, fleet and  security 2.4  Improve IT as a business  enabler through greater collaboration,  resource optimization, and innovation.",procurement_irregularities,procurement_irregularities,False,,,,,
292,2020,2020_STRGPLN25@STRGPLN2020.pdf,"The Office is currently supported by Development Partners in undertaking high-cost audits,  infrastructure projects, capacity building, and some downward accountability stakeholder  initiatives.",governance_and_controls,governance_and_controls,False,,,,,
293,2020,2020_STRGPLN25@STRGPLN2020.pdf,"Innovations: In response to government priorities, specifically implementing E-governance, Extractive industries  initiatives, and increasing investment in infrastructure, the Office has planned for activities to  enhance its capacity through innovation by acquiring appropriate technologies and equipping staff  with the necessary skills to undertake audits in the above priority areas.",governance_and_controls,governance_and_controls,False,,,,,
294,2020,2020_STRGPLN25@STRGPLN2020.pdf,"The Government continues to invest heavily in infrastructure developments, e-governance, and  extractives.",governance_and_controls,governance_and_controls,False,,,,,
295,2020,2020_STRGPLN25@STRGPLN2020.pdf,"Governance, Risk and  Compliance: Ensure the effective management  of the OAG’s risk profile and  mitigation strategies across all  areas of the OAG and its business Project Perfomance  Management: Key need to provide the office with  a closed loop control system which  deploys policy and strategy for all  projects and programmers ran by  the OAG IT Infrastructure  Management: Need to replace all the equipment  in the OAG Data Center as all  existing equipment is End-Of-Life Integration of OAG into the  National Data Centre and Disaster  Recovery site Business Intelligence and  Reporting: Requirement to collect complete  and comprehensive data for  analyzing, in order to help the OAG  management team make better  strategic and operational business  decisions Electronic Document  Management: Improving process efficiency in  document management and  retrieval Key requirements for access  control to records and audit trail  capability EDMS system should have native  ERP & Project systems Page 62 strategic report Project Cost and Implementation Period The project is estimated to cost UGX 28.5 Bn and will be implemented over three years.",governance_and_controls,governance_and_controls,False,,,,,
296,2020,2020_STRGPLN25@STRGPLN2020.pdf,"STAKEHOLDER(S) INTERESTS AND  EXPECTATIONS OPPORTUNITIES FOR OAG 14 INTOSAI AFROSAI and Other SAIs •  Compliance with ISSAIs •  Improved SAI Capacity  through training and knowledge  sharing to deliver their mandate •  Improved audit reports,  business processes, and reporting  •  Strengthening accountability  and transparency of SAIs •  Building capacity of OAG to  deliver its mandate •  Guidance on  implementation of ISSAIs  •  International exposure with  other SAIs 15 Professional bodies •  Professional development  and capacity building •  Improved implementation  of audit standards •  A strong partnership  for capacity building and  professionalization •  Improve the capacity of  audit firms (Local content) 16 International Organisations such as  the UN, world bank, AU, etc.",governance_and_controls,governance_and_controls,False,,,,,
297,2020,2020_STRGPLN25@STRGPLN2020.pdf,"•  Improved Uganda  governance, accountability, and  transparency systems •  Proper accountability for  their funding support •  Improved service delivery  •  Improved International OAG  image  •  Lobby to undertake audits  in these International Organisations  and earn foreign exchange •  Opportunities for increased  funding 17 URA •  Tax-related matters in OAG  audit reports •  OAG compliance with tax  laws •  Follow up on tax audit- related recommendations •  Capacity building of OAG  staff in tax management and audit 18 Public (Citizens) •  Information on service  delivery  •  Easy access to simple  comprehensive and user-friendly  audit information •  Transparency,  accountability, and good governance •  Complaints and feedback  mechanism •  Corporate social  responsibilities  •  Creation of strong  whistleblower relationship  •  Creation of demand for  accountability hence follow up of  audit reports and recommendations Page 67 strategic report NO.",governance_and_controls,governance_and_controls,False,,,,,
298,2020,2020_STRGPLN25@STRGPLN2020.pdf,"STAKEHOLDER(S) INTERESTS AND  EXPECTATIONS OPPORTUNITIES FOR OAG 19 Suppliers (Audit firms and other  service providers) •  Transparency procurement  processes •  Fair business opportunities •  Profile improvement of  service providers •  Capacity building through  attachments and conducting joint  audits with international firms •  Support private sector by  building capacity for audit firms  to deliver high-quality audits and  services •  Better services rendered  20 PPDA •  OAG Compliance to  procurement laws, regulations, and  guidelines •  Collaboration and  Knowledge sharing on procurement  audits  •  Enhance collaboration  and improve capacity to audit  procurements and place reliance on  audits performed by PPDA hence  harnessing synergies and improve  efficiency •  Improved procurement  processes 21 Internal Audit •  Timely audit reports (Clear  and user friendly ) •  Establish a collaboration  mechanism and improve capacity  to undertake audits and place  reliance on audits performed by  Internal Audit hence harnessing  synergies and improve efficiency 22 Attorney General/Solicitor General •  Compliance with legal  requirements •  Consultations on  governance-related legal matters Page 68 strategic report 2.",governance_and_controls,governance_and_controls|procurement_irregularities,False,,,,,
299,2020,2020_STRGPLN25@STRGPLN2020.pdf,"Create awareness  to promote compliance  with procurement laws and  regulations Head  Procurement  and Disposal  Unit AAG-C and  Director  Corporate  Support 21.7 21.7 21.7 21.7 21.7 108.5 GOU 2.3.4 Effective, efficient  and sustainable  construction and  maintenance of OAG  premises.",procurement_irregularities,procurement_irregularities,False,,,,,
300,2020,2020_STRGPLN25@STRGPLN2020.pdf,"extractives,  infrastructure  projects, revenue,  PFM reforms, VFM  PPP, ICT etc.) Audits in  emerging  areas  undertaken  Average  % Level of  implementation  of emerging  area Audit  strategies NA 80 % 40  % 50  %  60  % 70  % 80  % QA reports 2024-25 2024-25 2024-25 2024-25 2024-25 Page 109 strategic report Objectives Result Indicators Baseline Overall  target Annualized Targets Means of  Verification Strategic objective 2: Enhance institutional capacity to effectively and efficiently  deliver our mandate Outcomes: Improved efficiency and effectiveness of institution operations Indicator 1: Percentage of audit coverage Baseline: 14.21% Target: 40% Indicator 3: Government Annual Performance Rating Baseline(FY 2018/2019): 50% Target:90% Indicator 4: Annual NPA compliance rating Baseline:51.4% Target:85% Indicator 5: External Auditors opinion Baseline(FY 2018/19): Unqualified opinion Target: Unqualified opinion Specific  Objective 2.1:  To improve  internal  governance  for enhanced  compliance  and robust risk  management Improved  internal  governance  structures  % level of staff  satisfaction  NA 80 % 70  % 80  % Internal  perception  survey Intervention  2.1.1:  Strengthen OAG  legal framework  and compliance  for effective  corporate  governance Enhanced  OAG legal  framework Number of  legal litigation  cases against  AG and OAG 5 3 5 4 4 3 3 Performance  reports 2024-25 2024-25 2024-25 2024-25 2024-25 Page 110 strategic report Objectives Result Indicators Baseline Overall  target Annualized Targets Means of  Verification Intervention  2.1.2:  Strengthen  internal controls  and mitigation  of risks for  improved  governance and  compliance Strong control  environment  % level of  internal audit  recommenda­ tions imple­ mented  100 % 100 % 100  % 100  % 100  % 100  % 100  % Internal audit  reports Intervention  2.1.3: Improve  performance  management  through robust  Monitoring  and Evaluation  processes Enhanced  performance % of planned  strategic  activities  implemented NA 98 % 80  % 85  % 90  % 95  % 98  % Performance  reports Number  of Impact  Evaluation  reports 1 7 1 1 1 2 2 Impact  assessment  reports Specific  objective  2.2: Attract,  develop and  manage human  resources  to improve  performance Improved  human  resource  capacity to  deliver  % of staff  satisfaction  NA 70 % 60  % 70  % Perception  survey Intervention  2.2.1:  Implement  performance  management  system and  instil a culture of  excellence.",claims_and_disputes,claims_and_disputes|governance_and_controls,False,,,,,
301,2020,2020_STRGPLN25@STRGPLN2020.pdf,"Improved  office  performance  % increase  of staff with  satisfactory  performance  NA 90% 70% 75% 80% 90% Staff  performance  report  2024-25 2024-25 2024-25 2024-25 2024-25 Page 111 strategic report Objectives Result Indicators Baseline Overall  target Annualized Targets Means of  Verification Intervention  2.2.3: Attract,  retain and  manage talent  to strengthen  office capacity  in a dynamic  environment Effective  Human  resource  management  % level of staff  satisfaction  NA 70 % 60  % 70  % Staff  satisfaction  survey report  Intervention  2.2.4:  Implement  appropriate  Human  Resources  policies and  structures to  effectively  manage staff Effective  policies and  structures  developed and  implemented  % level of staff  satisfaction  with  implementation  of policies  NA 100 % 100  % 100  % 100  % 100  % 100  % Staff  satisfaction  survey report Intervention  2.2.5: Establish  a system that  enables the  highest ethical  and professional  standards in all  our work Enhanced  integrity of  staff  Improved  internal  integrity rating  NA 100 % 60  % 70  % 80  % 90  % 95  % Internal  Integrity  survey reports Specific  Objective  2.3: Enhance  financial  management  and operational  efficiency Improved  financial  management  and  operational  efficiency Budget  performance  rating  81.34 % 95 % 85  % 90  % 95  % 95  % 95  % Ministerial  policy  statement,  Annual  Financial  statements Intervention  2.3.1: Enhance  transparency  and efficacy  of planning,  budgeting and  performance  reporting Timely and  accurate  prioritized  plans and  budget  performance  reports  Level of  compliance  with the budget  timelines and  performance  reporting  framework 100 % 100 % 100  % 100  % 100  % 100  % 100  % Budget  framework  paper,  Ministerial  Policy  statement,  Performance  reports 2024-25 2024-25 2024-25 2024-25 2024-25 Page 112 strategic report Objectives Result Indicators Baseline Overall  target Annualized Targets Means of  Verification Intervention  2.3.2: Efficient  Financial  management  and timely  reporting  Timely and  accurate  financial  statements  % of  unqualified  opinions  100% 100% 100% 100% 100% 100% 100% External Audit  reports  Average  % level of  implementation  of external Audit  recommendations  100% 100% 100% 100% 100% 100% 100% External Audit  report, Sub  Committee on  Finance and  Budget minute  extracts  Interven­ tion2.3.3:  Improve  efficiency and  effectiveness  of procurement  and disposal  processes to  enhance com­ pliance, value  for money and  transparency efficient and  effective  procurement  and disposal  processes Average %  of supplier  satisfaction(in­ cluding audit  firms)  NA 90% 65% 70% 75% 80% 90% Perception  survey Intervention  2.3.4: Effective,  efficient and  sustainable  construction and  maintenance  of all OAG  premises Suitable office  accommoda­ tion  Staff perception NA 85% 85% 85% Perception  survey Intervention  2.3.5: Efficient  acquisition and  management of  inventory, fleet  and security Cost effective  fleet and  inventory % reduction of  fleet average  maintenance  and inventory  cost  NA 10% 2% 4% 6% 8% 10% Periodic  financial  reports Office  properties  secured  % level of staff  satisfaction  NA 90% 80% 90% Perception  survey 2024-25 2024-25 2024-25 2024-25 2024-25 Page 113 strategic report 2024-25 2024-25 2024-25 2024-25 2024-25 Objectives Result Indicators Baseline Overall  target Annualized Targets Means of  Verification Specific  Objective 2.4:  Improve IT as a  business enabler  through greater  collaboration,  resource  optimization and  innovation.",procurement_irregularities,procurement_irregularities,False,,,,,
302,2020,2020_STRGPLN25@STRGPLN2020.pdf,"Approved  Job  evaluation  report  implemen­ tation plan Timing of  develop­ ment and  approval NA Q2 Document  review Once  Head HRMD AAG/C  and  Director  Corporate  Support Top  man­ agement  approval  minute  extract  Delayed  approval by  top man­ agement %-age Lev­ el of imple­ mentation  of approved  plan NA 60  % 70  % 80  % 85  % 90  % Document  review  Annual  Head HRMD AAG/C  and  Director  Corporate  Support Job  Evalu­ ation  report  Imple­ menta­ tion plan Inadequate  funding  Page 163 strategic report Activities Output Indicator Base­ line FY  2019/20 Target (2020/21, 2021/22,  2022/23, 2023/24,  2024/25) Data col­ lection  method Fre­ quency Responsi­ ble centre To be  Consult­ ed Means  of veri­ fication Associated  risks 1 2 3 4 5 Intervention  2.2.5: Establish  a system that  enables the  highest ethical  and professional  standards in all  our work 2.2.5.1:  Review and  Update  OAG code  of conduct OAG code  of conduct  reviewed Timing of  review and  update Q1 Document  review  Once  Head HRMD AAG/C  and  Director  Corporate  Support Updated  OAG  code of  conduct None  Percentage  of reported  non- compliance  cases  handled O 100  % 100  % 100  % 100  % 100  % Document  review  Annual  Head HRMD AAG/C  and  Director  Corporate  Support HRAC  reports  Delays  in HRAC  resolving  the cases 2.2.5.2:  Establish  sensitiza­ tion pro­ grammes  to promote  high ethical  and pro­ fessional  standards Sensitiza­ tion pro­ grammes  imple­ mented  Number  of pro­ grammes  implement­ ed NA 0 2 4 4 4 Document  review  Annual  Head HRMD AAG/C  and  Director  Corporate  Support Activity  reports  Resistance  to change  2.2.5.3:  Conduct  periodic  integrity  surveys Periodic  integrity  survey  reports  produced Number of  integrity  surveys NA 1 1 Document  review Every  two  years  Head HRMD AAG/C  and  Director  Corporate  Support Integrity  reports  Lack of  skills to  conduct  integrity  surveys  Page 164 strategic report Activities Output Indicator Base­ line FY  2019/20 Target (2020/21, 2021/22,  2022/23, 2023/24,  2024/25) Data col­ lection  method Fre­ quency Responsi­ ble centre To be  Consult­ ed Means  of veri­ fication Associated  risks 1 2 3 4 5 Specific objective 2.3: Enhance financial management and operational efficiency Intervention  2.3.1: Enhance  transparency  and efficacy  of planning,  budgeting and  performance  reporting 2.3.1.1:  Improve  decentral­ ization of  planning  and budget  execution  according  to office  structures  and out­ comes Decen­ tralized  approved  budgets  and func­ tional com­ mitment  control  system Timing of  review and  approval  of commit­ ment con­ trol system NA 1 Document  review Once Head  Planning AAG-C  and  Director  Corporate  Support  Top  man­ agement  minute  extract Delays in  Top man­ agement  approval % level of  compliance  to decen­ tralized  budgeting  systems NA 50  % 70  % 75  % 80  % Document  review Annual Head  Planning AAG-C  and  Director  Corporate  Support  Internal  audit  reports Resistance  to change Approved  and  functional  PBS pro­ gramme  budgeting  system  based on  OAG struc­ tures Timing of  review and  approval  of OAG  programme  based  budgeting  structure  NA Q2 Document  review Once  Head  Planning AAG-C  and  Director  Corporate  Support  Ap­ proved  and  function­ al PBS  pro­ gramme  bud­ geting  system  based  on OAG  struc­ tures Delayed  Top man­ agement  approval Page 165 strategic report Activities Output Indicator Base­ line FY  2019/20 Target (2020/21, 2021/22,  2022/23, 2023/24,  2024/25) Data col­ lection  method Fre­ quency Responsi­ ble centre To be  Consult­ ed Means  of veri­ fication Associated  risks 1 2 3 4 5 Authorized  PBS users  trained Number of  PBS users  trained  1 14 14 14 Document  review  Every  one  year Head  Planning AAG-C  and  Director  Corporate  Support  Training  report Delayed  uptake 2.3.1.2:  Implement  holistic  operational  plan­ ning and  budgeting  to ensure  effective  resource  allocation  and utiliza­ tion Effec­ tive and  inclusive  operational  plans NPA annual  compliance  rating 51.4 % 60  % 65  % 70  % 85  %  85  % Document  review Annual Head  planning AAG-C  and  Director  Corporate  Support  NPA cer­ tificate  of com­ pliance  report Uncoor­ dinated  operational  planning  Stream­ lined annu­ al audit  plans  aligned to  Financial  Year out­ comes Timing of  production  and approv­ al of con­ solidated  operational  plan Q4 Q4 Q4 Q4 Q4 Q4 Document  review Annual Head  Planning  AAG-C  and  Director  Corporate  Support  Consol­ idated  opera­ tional  plan Delayed  Top man­ agement  approval Number of  planning  meetings 3 3 3 3 3 3 Document  review  Annual Head  Planning AAG-C  and  Director  Corporate  Support  Atten­ dance  list Inadequate  funding,  Audit and  corporate  divergent  planning  period Page 166 strategic report Activities Output Indicator Base­ line FY  2019/20 Target (2020/21, 2021/22,  2022/23, 2023/24,  2024/25) Data col­ lection  method Fre­ quency Responsi­ ble centre To be  Consult­ ed Means  of veri­ fication Associated  risks 1 2 3 4 5 2.3.1.3:  Improve on  coordina­ tion and  alignment  of func­ tional  strategies  to the OAG  overall  strategic  plan(over­ all multi­ year Audit  strategy,  IT, HR,  communi­ cation and  stakehold­ er, energy  sector, LG,  engineer­ ing Audit,  VFM, FIIT) Functional  strategies  aligned to  the OAG  strategic  plan Level of  alignment  to the OAG  strategic  plan NA 80  % 100  % 100  % 100  % 100  % Document  review  Annual Head  Planning  AAG-C  and  Director  Corporate  Support  Budget  perfor­ mance  report  No  adherence  to the  planning  roadmap Number of  functional  strategies  assessed 9 0 9 9 9 9 Document  review  Annual Head  Planning  AAG-C  and  Director  Corporate  Support  Self-as­ sess­ ment  report  Capacity  gaps Page 167 strategic report Activities Output Indicator Base­ line FY  2019/20 Target (2020/21, 2021/22,  2022/23, 2023/24,  2024/25) Data col­ lection  method Fre­ quency Responsi­ ble centre To be  Consult­ ed Means  of veri­ fication Associated  risks 1 2 3 4 5 2.3.1.4:  Enhance  the time­ liness and  accuracy  of budget  perfor­ mance  reporting Timely and  accurate  budget  perfor­ mance  reports Timing of  produc­ tion and  approval  by 30th of  the month  succeeding  the quarter  NA 4 4 4 4 4 Document  review Quar­ terly  Head  Planning AAG-C  and  Director  Corporate  Support Quar­ terly  budget  perfor­ mance  report Delayed  approval,  delayed  cost Centre  submission 2.3.1.5:  Develop  the OAG  strategic  plan 2025- 2030 OAG stra­ tegic plan  developed  and ap­ proved Timing of  develop­ ment and  approval  of the OAG  strategic  plan NA Q4 Document  review Once  Head  Planning  AAG-C,  AAAG-A,  Directors  of Audit  and  Director  Corporate  Support  OAG  strategic  plan  2025- 2030 Inadequate  funding and  delayed  Top man­ agement  approval Page 168 strategic report Activities Output Indicator Base­ line FY  2019/20 Target (2020/21, 2021/22,  2022/23, 2023/24,  2024/25) Data col­ lection  method Fre­ quency Responsi­ ble centre To be  Consult­ ed Means  of veri­ fication Associated  risks 1 2 3 4 5 Intervention  2.3.2: Efficient  Financial  management  and timely  reporting  2.3.2.1:  Effective  mobiliza­ tion and  manage­ ment of  Financial  resources  to enhance  perfor­ mance Financial  resources  secured  and man­ aged Timing of  produc­ tion of  financial re­ ports(quar­ terly and  Annual) 5 5 5 5 5 5 Document  review  Annual  Head  Finance and  Admin AAG-C  and  Director  Corporate  Support  Periodic  financial  state­ ments  System  failures,  delay data  submission  %-age  of Total  budget  requirement  funded  NA 70  % 75  % 80  % 85  %  90  % Document  review  Annual Head  Finance and  Admin AAG-C  and  Director  Corporate  Support  Budget  perfor­ mance  report  None 2.3.2.2:  Review and  implement  the OAG  finance,  account­ ing and  reporting  framework Reviewed  and func­ tional OAG  finance,  account­ ing and  reporting  framework Timing of  review  NA Q1 Document  review Once Head  Finance and  Admin AAG-C  and  Director  Corporate  Support  Re­ viewed  and  function­ al OAG  finance,  account­ ing and  report­ ing  frame­ work None % -age  Level of  compliance  NA 85  % 90  % 100  % 100  % Document  review Annual Head  Finance and  Admin AAG-C  and  Director  Corporate  Support  Self-as­ sess­ ment  reports None Page 169 strategic report Activities Output Indicator Base­ line FY  2019/20 Target (2020/21, 2021/22,  2022/23, 2023/24,  2024/25) Data col­ lection  method Fre­ quency Responsi­ ble centre To be  Consult­ ed Means  of veri­ fication Associated  risks 1 2 3 4 5 2.3.2.3:  Ensuring  compliance  to other  National  financial  regula­ tions and  instructions  where  applicable Compli­ ance with  National  financial  regulations  and in­ structions % -age  Level of  compliance NA 100  % 100  % 100  % 100  % 100  % Document  review Annual Head  Finance and  Admin AAG-C  and  Director  Corporate  Support  None 2.3.2.4:  Develop  and imple­ ment an  asset man­ agement  policy and  strategy Approved  asset man­ agement  policy Timing of  produc­ tion and  approval NA Q3 Document  review Once  Head  Finance and  Admin AAG/C  AAG-C  and  Director  Corporate  Support Ap­ proved  asset  man­ agement  policy Delayed  Top Man­ agement  approval  Inadequate  funding  %-age  Level of  compliance NA 85  % 90  % Document  review Annual Head  Finance and  Admin AAG-C  and  Director  Corporate  Support Self-as­ sess­ ment  reports None Approved  asset man­ agement strategy Timing of  produc­ tion and  approval NA Q1 Document  review Once Head  Finance and  Admin AAG-C  and  Director  Corporate  Support Ap­ proved  asset  manage­ ment strategy Inadequate  funding,  delayed  Top Man­ agement  approval Page 170 strategic report Activities Output Indicator Base­ line FY  2019/20 Target (2020/21, 2021/22,  2022/23, 2023/24,  2024/25) Data col­ lection  method Fre­ quency Responsi­ ble centre To be  Consult­ ed Means  of veri­ fication Associated  risks 1 2 3 4 5   %-age  Level of  compliance NA 85  % 90  % Document  review Annual Head  Finance and  Admin AAG-C  and  Director  Corporate  Support Self  -assess­ ment  reports None  Intervention  2.3.3: Improve  efficiency and  effectiveness  of procurement  and disposal  processes  to enhance  compliance,  value for  money and  transparency 2.3.3.1:  Analyze  procure­ ment and  out­ sourcing  processes  to identify  noncompli­ ance areas,  gaps and  delays in  processes  to improve  efficiency Procure­ ment  compliant  self-as­ sessment  report Number  of self-as­ sessment  reports  produced NA Q2 Q2 Document  review  Every  two  years  Head Pro­ curement  and Dis­ posal Unit,  Secretary  outsourcing  AAG-C  and  Director  Corporate  Support Self-as­ sess­ ment  report Inadequate  coordination  between  PDU and  outsourcing  %-age of  self-as­ sessment  recommen­ dations NA 70  % 80  % Document  review  Every  two  years  Head  Procure­ ment and  Disposal,  Secretary  Outsourcing  AAG-C  and  Director  Corporate  Support Self-as­ sess­ ment  report,  quarterly  reports  Inadequate  coordination  between  PDU and  outsourcing Average  turnaround  time tagged  to legal re­ quirements NA + 25  days +  20  days +15  days +13 days +10 days Document  review Annual Head Pro­ curement  and Dis­ posal Unit,  Secretary  Outsourcing AAG/C  AAG-C  and  Director  Corporate  Support Self-as­ sess­ ment  report,  quarterly  reports Lack of  capacity Page 171 strategic report Activities Output Indicator Base­ line FY  2019/20 Target (2020/21, 2021/22,  2022/23, 2023/24,  2024/25) Data col­ lection  method Fre­ quency Responsi­ ble centre To be  Consult­ ed Means  of veri­ fication Associated  risks 1 2 3 4 5 2.3.3.2:  Carryout  market  research  on regular  intervals  to create  an average  market  price da­ tabase for  common  user items Average  market  price da­ tabase for  common  user items  developed Timing of  database  establish­ ment NA Q1 Q1 Document  review Every  two  years  Head Pro­ curement  and Dispos­ al Unit AAG-C  and  Director  Corporate  Support Data­ base  devel­ oped  High Market  price  fluctuations  2.3.3.3:  Design a  mechanism  to mon­ itor the  progress  of awarded  contracts  against set  delivera­ bles and  timelines  Functional  contract  tracking  mechanism  developed Timing of  establish­ ment of the  mechanism Q3 Document  review Once  Head Pro­ curement  and Dispos­ al Unit AAG-C  and  Director  Corporate  Support Estab­ lished  Mecha­ nism None  %-age of  multi-year  contracts  renewed / terminate  on time NA 85  % 90  % 95  % 95  % Document  review Annual  Head Pro­ curement  and Dispos­ al Unit AAG-C  and  Director  Corporate  Support Func­ tional  contract  tracking  mecha­ nism  None  Page 172 strategic report Activities Output Indicator Base­ line FY  2019/20 Target (2020/21, 2021/22,  2022/23, 2023/24,  2024/25) Data col­ lection  method Fre­ quency Responsi­ ble centre To be  Consult­ ed Means  of veri­ fication Associated  risks 1 2 3 4 5 2.3.3.4:  Create  awareness  to promote  compliance  with pro­ curement  laws and  regulations Stake­ holders  sensitized  on pro­ curement  laws and  regulations  Number  of sensiti­ zation en­ gagements  held NA 2 2 2 2 2 Document  review Annual  Head Pro­ curement  and Dispos­ al Unit AAG/C  AAG-C  and  Director  Corporate  Support Activity  report  Inadequate  funding  Intervention  2.3.4: Effective,  efficient and  sustainable  construction  and  maintenance of  OAG premises 2.3.4.1:  Acquisition  of addi­ tional land  for the  proposed  Center of  Audit Ex­ cellence Land for  the skills  enhance­ ment  facility,  laborato­ ries and  Kampala  branch  acquired  (3 acres) Number  of acres  acquired  2 3 Document  review Annual  Head  Estates  AAG/C  AAG-C  and  Director  Corporate  Support Land  title Inadequate  funding Page 173 strategic report Activities Output Indicator Base­ line FY  2019/20 Target (2020/21, 2021/22,  2022/23, 2023/24,  2024/25) Data col­ lection  method Fre­ quency Responsi­ ble centre To be  Consult­ ed Means  of veri­ fication Associated  risks 1 2 3 4 5 2.3.4.2:  Construct  and equip­ ping the  proposed  Center of  Audit Ex­ cellence OAG skills  enhance­ ment  facility,  Laborato­ ries and  accom­ modate  Kampala  branch  construct­ ed and  equipped  Timing of  construct­ ing and  equipping  NA 1 Document  review Annual  Head  Estates  AAG-C  and  Director  Corporate  Support Signed  con­ tracts,  com­ pleted  designs  and  complet­ ed con­ struction Inadequate  funding  2.3.4.3:  Remod­ eling and  re-con­ struction of  Soroti and  Masaka  branches Soroti  remodeled  and con­ structed  Timing of  remodeling  and con­ struction NA Q4 Document  review Once  Head  Estates AAG/C  AAG-C  and  Director  Corporate  Support Signed  con­ tracts,  com­ pleted  designs  and  complet­ ed con­ struction  Inadequate  funding Page 174 strategic report Activities Output Indicator Base­ line FY  2019/20 Target (2020/21, 2021/22,  2022/23, 2023/24,  2024/25) Data col­ lection  method Fre­ quency Responsi­ ble centre To be  Consult­ ed Means  of veri­ fication Associated  risks 1 2 3 4 5 Masaka,  remodeled  and con­ structed Timing of  remodeling  and con­ struction NA Q4 Document  review Once  Head  Estates AAG/C  AAG-C  and  Director  Corporate  Support Signed  con­ tracts,  com­ pleted  designs  and  complet­ ed con­ struction Inadequate  funding 2.3.4.4:  Conduct  water us­ age studies  Sustain­ able man­ agement  of utilities  (water) Timing of  study NA Q4 Document  review Annual Head of  Estates  AAG-C  and  Director  Corporate  Support Study  report None  %-age level  of imple­ mentation  of recom­ mendations NA 70  % 85  % 100  % Document  review Annual  Head of  Estates AAG-C  and  Director  Corporate  Support  Study  report,  unit  quarterly  reports Inadequate  funding  Average  cost of wa­ ter bills per  staff Pa UGx  354,796.11 95  % 90  % 85  % 80  % 80  % Analytics  Quar­ terly Head of  Estates AAG-C  and  Director  Corporate  Support Perfor­ mance  reports,  financial  state­ ments Inadequate  funding  Page 175 strategic report Activities Output Indicator Base­ line FY  2019/20 Target (2020/21, 2021/22,  2022/23, 2023/24,  2024/25) Data col­ lection  method Fre­ quency Responsi­ ble centre To be  Consult­ ed Means  of veri­ fication Associated  risks 1 2 3 4 5 2.3.4.5:  Carry out  energy  studies Sustain­ able man­ agement  of utilities  (electricity,  air condi­ tioning and  generator  fuel) Timing of  study NA Q4 Document  review Annu­ ally Head of  Estates AAG/C AAG-C  and  Director  Corporate  Support Study  report None %-age level  of imple­ mentation  of recom­ mendations NA 75  % 85  % 100  % Document  review Annu­ ally Head of  Estates AAG/C AAG-C  and  Director  Corporate  Support Study  report,  unit  quarterly  reports Inadequate  funding Average  cost of  energy bills  per staff UGx 1,  044,  906.15 95  % 90  % 85  % 80  % 80  % Analytics Quar­ terly  Head of  Estates AAG/C AAG-C  and  Director  Corporate  Support Perfor­ mance  reports,  financial  state­ ments Inadequate  funding 2.3.4.6  Installation  of a third  elevator  in Audit  House Third  elevator  installed Timing of  installation NA 1 Observa­ tion  Once  Head  Estates  AAG-C  and  Director  Corporate  Support  Elevator  Inadequate  funding  Page 176 strategic report Activities Output Indicator Base­ line FY  2019/20 Target (2020/21, 2021/22,  2022/23, 2023/24,  2024/25) Data col­ lection  method Fre­ quency Responsi­ ble centre To be  Consult­ ed Means  of veri­ fication Associated  risks 1 2 3 4 5 Intervention  2.3.5: Efficient  acquisition and  management of  inventory, fleet  and security 2.3.5.1:  Effective  inventory  manage­ ment and  safe guard  office prop­ erties Updated  inventory  register Timing of  updating  the register NA Q4 Q4 Q4 Q4 Q4 Document  review Annual Head  Accounts AAG-C  and  Director  Corporate  Support  Updated  inven­ tory  register Inadequate  manpower Inventory  acquired  and dis­ posed of Timing of  acquisition  of inventory NA 4 4 4 4 4 Document  review Quar­ terly  Head Admin AAG-C  and  Director  Corporate  Support  Monthly  PDU  reports Emerging  general  government  guidelines,  inadequate  funding  Timing of  disposal of  inventory NA 1 1 1 1 1 Document Annual Head Admin AAG/C AAG-C  and  Director  Corporate  Support Disposal  reports Emerging  general  government  guidelines 2.3.5.2:  Review  fleet man­ agement  policy and  enhance  fleet man­ agement  to create  efficiency Fleet man­ agement  policy  reviewed Timing of  approv­ al of the  reviewed  policy NA 1 1 Document  review Every 2  years Head Admin AAG/C AAG-C  and  Director  Corporate  Support Re­ viewed  Fleet  man­ agement  policy Limitation  arising with  complying  with GOU  guidelines Fleet pro­ cured Number  of vehicles  procured NA 15 15 15 15 15 Document  review Annual Head Admin AAG-C  and  Director  Corporate  Support  Procure­ ment  reports Inadequate  funding  Page 177 strategic report Activities Output Indicator Base­ line FY  2019/20 Target (2020/21, 2021/22,  2022/23, 2023/24,  2024/25) Data col­ lection  method Fre­ quency Responsi­ ble centre To be  Consult­ ed Means  of veri­ fication Associated  risks 1 2 3 4 5 2.3.5.3:  Improve  physical  security  manage­ ment for  the office Office  premises  secured Number  of security  incidents  reported NA 4 2 1 0 0 Document  review Annual  Head Admin AAG-C  and  Director  Corporate  Support Security  reports Security  equipment  acquired  and  installed  (cctv,  metal  detectors  and walk- through) Lots of  security  equipment  procured NA 3 3 3 2 Document  review Annual  Head Admin AAG-C  and  Director  Corporate  Support Procure­ ment  reports Inadequate  funding  Security  awareness  activities  conducted Number of  sensitization  sessions  on security  awareness NA 4 4 4 4 4 Document  review Annual  Head Admin AAG/C AAG-C  and  Director  Corporate  Support Activity  reports Inadequate  funding  2.3.5.4:  Devel­ op and  implement  awareness  campaigns  to promote  fire safety Fire safety  awareness  campaigns  across  the office  developed  and imple­ mented Number of  awareness  campaigns  implement­ ed NA 1 1 1 1 1 Document  review Annual Head Admin AAG-C  and  Director  Corporate  Support  Activity  reports Inadequate  funding  Page 178 strategic report Activities Output Indicator Base­ line FY  2019/20 Target (2020/21, 2021/22,  2022/23, 2023/24,  2024/25) Data col­ lection  method Fre­ quency Responsi­ ble centre To be  Consult­ ed Means  of veri­ fication Associated  risks 1 2 3 4 5 Specific objective 2.4: Improve IT as a business enabler through greater collaboration, resource optimization and  innovation.",procurement_irregularities,procurement_irregularities,False,,,,,
303,2021,2021_COVID19THEM21@CON2021.pdf,"Management explained that the procurement, supply and delivery/distribution of masks  was an emergency operation to fight COVID – 19, which needed to be handled quickly  to enable lifting of the lockdown, the opening of schools, and later enable safe  45    community participation in the January 2021 Presidential and Parliamentary as well as  local council elections.",procurement_irregularities,procurement_irregularities,False,,,,,
304,2021,2021_COVID19THEM21@CON2021.pdf,"When the procurement  was completed and the Lands at Malaba, Busia and Elegu were handed over to the  contractor, the contractor could not access the sites as all the sites had encroachers  and subsequent land wrangles.",land_and_right_of_way,land_and_right_of_way|procurement_irregularities,True,Elegu One Stop Border Post,other_building,Elegu,Amuru,medium
304,2021,2021_COVID19THEM21@CON2021.pdf,"When the procurement  was completed and the Lands at Malaba, Busia and Elegu were handed over to the  contractor, the contractor could not access the sites as all the sites had encroachers  and subsequent land wrangles.",land_and_right_of_way,land_and_right_of_way|procurement_irregularities,True,Malaba One Stop Border Post,other_building,Malaba,Tororo,medium
304,2021,2021_COVID19THEM21@CON2021.pdf,"When the procurement  was completed and the Lands at Malaba, Busia and Elegu were handed over to the  contractor, the contractor could not access the sites as all the sites had encroachers  and subsequent land wrangles.",land_and_right_of_way,land_and_right_of_way|procurement_irregularities,True,Busia One Stop Border Post,other_building,Busia,Busia,medium
305,2021,2021_COVID19THEM21@CON2021.pdf,"2.7  MINISTRY OF ENERGY  EXPENDITURE ON SUBSTATIONS IN INDUSTRIAL PARKS    a) Utilization of Funds for Substations under Industrial Parks    According to Sections 15 (1), 15 (3), 18 (1) (c) and 18(2) (b) of the Public Finance  Management Act, 2015 (as amended), it is stipulated that after approval of the annual  budget by Parliament, the Secretary to Treasury shall issue the annual cash flow plan of  Government, based on the procurement plans, work plans and recruitment plans  approved by Parliament.",procurement_irregularities,procurement_irregularities,False,,,,,
306,2021,2021_COVID19THEM21@CON2021.pdf,"I further noted that Loan Financing for the Industrial Park Phase 2 was not yet  approved, therefore funding under the Contract for Procurement of Plant, Design,  Supply, Installation, and Commissioning of the substations has not been availed.",procurement_irregularities,procurement_irregularities,False,,,,,
307,2021,2021_COVID19THEM21@CON2021.pdf,I advised management to expedite the Approval of the Resettlement Action Plan Report  and activities under Land acquisition to enable implementation of project activities.,land_and_right_of_way,land_and_right_of_way,False,,,,,
308,2022,2022_AGRPT@CON2022.pdf,Management explained that the project execution has delayed because of protracted  procurement processes by UNRA.,procurement_irregularities,procurement_irregularities,False,,,,,
309,2022,2022_AGRPT@CON2022.pdf,This  followed the contractor’s notice of suspension of works due to delayed payment.,delay_time_overrun,delay_time_overrun|delayed_payments,False,,,,,
310,2022,2022_AGRPT@CON2022.pdf,I advised the Government to ensure that appropriate procurement methods are adhered to in  regards to land acquisitions.,land_and_right_of_way,land_and_right_of_way|procurement_irregularities,False,,,,,
311,2022,2022_AGRPT@CON2022.pdf,"Inadequate budgeting for land acquisition may lead to  mischarges, diversions, interest costs arising from delayed  payments and accumulation of Domestic arrears while under  absorption and failure to acquire the planned size of land  affects the entities abilities to achieve the intended objectives  for Land acquisition.",land_and_right_of_way,land_and_right_of_way|delayed_payments,False,,,,,
312,2022,2022_AGRPT@CON2022.pdf,"Failure to put in use completed infrastructure subprojects, delays in implementation of  subprojects and subgroups, and failure to complete the infrastructure subprojects was  attributed to none appointment of contract managers.",delay_time_overrun,delay_time_overrun,False,,,,,
313,2022,2022_AGRPT@CON2022.pdf,"Similarly, the failure to put in use completed infrastructure subprojects, delays in  implementation of subprojects and subgroups, and failure to complete the  infrastructure subprojects was attributed to failure to undertake monitoring and  supervision of the subprojects by the LGs and OPM.",delay_time_overrun,delay_time_overrun|contract_management,False,,,,,
314,2022,2022_AGRPT@CON2022.pdf,"  1 procurement worth UGX.250,000,000 in Yumbe DLG was awarded to a  contractor who lacked capacity as required by the procurement selection criteria.",procurement_irregularities,procurement_irregularities,False,,,,,
315,2022,2022_AGRPT@CON2022.pdf,I advised OPM to harmonise the DRDIP guidelines with the procurement laws to guide  the process of procuring contractors.,procurement_irregularities,procurement_irregularities,False,,,,,
316,2022,2022_AGRPT@CON2022.pdf,I further noted  there were delays in procurement processes in 40 HLGs which delayed the  commencement of works.,procurement_irregularities,procurement_irregularities,False,,,,,
317,2022,2022_AGRPT@CON2022.pdf,The Accounting Officer explained that there was delayed procurement of the  contractors as well as delayed release of funds.,procurement_irregularities,procurement_irregularities,False,,,,,
318,2022,2022_AGRPT@CON2022.pdf,"In addition, in order to complete the project, more time will be required  to re-tender the works causing extra delays to deliver services to the community.",procurement_irregularities,procurement_irregularities,False,,,,,
319,2022,2022_AGRPT@CON2022.pdf,"86    The Accounting Officers attributed delayed completion of works to weaknesses in  contract supervision, limited capacity of contractors in terms of equipment, finance  and human resources as well as the effects of Covid-19 restrictions that curtailed  mobilisation of equipment, materials and manpower.",delay_time_overrun,delay_time_overrun|contract_management,False,,,,,
320,2022,2022_AGRPT@CON2022.pdf,"The Accounting Officers attributed this to delayed procurement of contractors by  Ministry of lands, Housing and Urban Development as well as delays in design review  by the contractor.",procurement_irregularities,procurement_irregularities,False,,,,,
321,2022,2022_AGRPT@CON2022.pdf,The Accounting Officers explained that the Indicative Planning Figures are issued by  MoFPED for which they had no control while under absorption was attributed to  delayed completion of the infrastructure projects by the contractors and bottlenecks  in the procurement process.,delay_time_overrun,delay_time_overrun|procurement_irregularities,False,,,,,
322,2022,2022_AGRPT@CON2022.pdf,The Accounting Officers attributed the non-implementation to the delays in  procurement processes and the phased approach of the infrastructure projects.,procurement_irregularities,procurement_irregularities,False,,,,,
323,2022,2022_AGRPT@CON2022.pdf,"I noted that at the time of writing this report in December 2022, the Authority did not have a  clear strategy and roadmap on how and when the new IDs will be rolled out, the costs  involved, sensitization arrangements of the public were also not clear and other key activities  such as signing of contracts for supply of the blank cards, procurement of equipment and  recruitment of staff to manage the exercise were yet to be undertaken.",procurement_irregularities,procurement_irregularities,False,,,,,
324,2022,2022_AGRPT@CON2022.pdf,A review of the status reports provided to the MOFPED by UEGCL on the execution of  the project revealed that the UEGCL had expensed some funds totalling UGX.2.695Bn  towards the compensation of Project Affected Persons (PAPs) and acquisition of land.,land_and_right_of_way,land_and_right_of_way,False,,,,,
325,2022,2022_AGRPT@CON2022.pdf,"d)  Delayed Completion of the consultancy for the unit cost study for road  construction and maintenance in Uganda  On 30th July 2019, the Ministry entered into a contract for a unit cost study for road  construction and maintenance in Uganda at a contract price of UGX.2,102,966,500.",delay_time_overrun,delay_time_overrun,False,,,,,
326,2022,2022_AGRPT@CON2022.pdf,  For Mulago National Referral Hospital I undertook a special audit which included among  others the procurement and maintenance of medical equipment and noted various  anomalies in the payments for maintenance of medical equipment.,procurement_irregularities,procurement_irregularities,True,Mulago National Referral Hospital,hospital_health,Kampala (Mulago),Kampala,high
327,2022,2022_AGRPT@CON2022.pdf,"Failure to  prepare financial statements hinders effective oversight over expenditure, revenue, assets  and liabilities of the school.",governance_and_controls,governance_and_controls,False,,,,,
328,2022,2022_AGRPT@CON2022.pdf,Accumulation of payables damages the School’s creditworthiness and  could lead to litigation  v.,claims_and_disputes,claims_and_disputes,False,,,,,
329,2022,2022_AGRPT@CON2022.pdf,49 schools did not have procurement plans to guide the procurement processes executed  during the year.,procurement_irregularities,procurement_irregularities,False,,,,,
330,2022,2022_AGRPT@CON2022.pdf,"Additionally, in terms of the operating and management costs of power lines,  they were deemed high due to a number of factors such as transformers,  defective or rotten poles which needed replacement in the shortest of time after  the commissioning of these lines.",contract_management,contract_management,False,,,,,
331,2022,2022_AGRPT@CON2022.pdf,The outstanding amounts owed to contractor’s firms are paid for works that  are completed and verified to avoid incurring penalties on delayed payments.,delayed_payments,delayed_payments,False,,,,,
332,2022,2022_AGRPT@CON2022.pdf,To continuously address Environmental and social issues in contracts and their  implementation and ensure that all contracts for implementation of GRID power  projects make it mandatory for the implementation firms to prepare  environmental and social impact assessment (ESIA) reports in addition to  resultant Environmental Management Plans (EMP) and Resettlement Action  Management Plans (RAMPs).,land_and_right_of_way,land_and_right_of_way,False,,,,,
333,2022,2022_AGRPT@CON2022.pdf,"MEMD strengthens project management, monitoring and supervision  arrangements for GRID power projects to ensure that all GRID projects are  implemented within project time lines, indicated in the approved activity work  programs and contracts.",contract_management,contract_management,False,,,,,
334,2022,2022_AGRPT@CON2022.pdf,"5.64Bn was incurred as a result of failure to access land for road  project sites in 6 road projects, this arose from delayed compensation of Project  affected Persons (PAPs) for acquisition of land for right of way resulting in the  contractors charging UNRA for time related obligations due to failure to access project  site and charging UNRA for idle time.",land_and_right_of_way,land_and_right_of_way,False,,,,,
335,2022,2022_AGRPT@CON2022.pdf,Delays in completion of design reviews    I noted delays in completion of design reviews which delayed timely issuance of  instructions to contractors with the maximum time taken of 24 months.,delay_time_overrun,delay_time_overrun,False,,,,,
336,2022,2022_AGRPT@CON2022.pdf,Interest charges of UGX.1.82Bn on delayed payment of Interim Payment  Certificates (IPCs) to the Contractors    I established that payments of interim payment certificates to the contractors for eight  projects were not on time.,delayed_payments,delayed_payments,False,,,,,
337,2022,2022_AGRPT@CON2022.pdf,Procurement of the USDP Infrastructure Projects  I reviewed procurement documentation for the 20 USDP Projects and noted the  following;    a.,procurement_irregularities,procurement_irregularities,False,,,,,
338,2022,2022_AGRPT@CON2022.pdf,Delayed Completion of Works  I noted delays in completion of the works on ten (10) contracts ranging from 15 to  330 days.,delay_time_overrun,delay_time_overrun,False,,,,,
339,2022,2022_AGRPT@CON2022.pdf,Resulting from these delays were liquidated damages totalling UGX.3.77Bn  that were not charged from the contractors as per contract terms.,claims_and_disputes,claims_and_disputes,False,,,,,
340,2022,2022_AGRPT@CON2022.pdf,"The table below  refers;    Table 70: Unclaimed liquidated damages  S/No Contract  Delays  (days)   Uncharged  Liquidated Damages  (UGX)  1  Bukalasa Agricultural College Lot 1  90  748,388,026  2  Kaberamaido Technical Institute  110  540,383,514  3  Kalongo Technical Institute  15  41,378,333  4  Ora Technical Institute  44  104,234,819  5  Kitgum Technical Institute  100  293,682,207  6  UTC Bushenyi Lot 1  76  746,294,824  7  UTC Bushenyi Lot 2  330  762,408,141  8  Nyamitanga Technical Institute  226  228,585,432  9  Karera Technical Institute  125  225,437,823  10  Lake Katwe Technical Institute  30  84,004,849    TOTAL    3,774,797,968    I advised the Accounting Officer to review the above contracts and recover the  penalties due.",claims_and_disputes,claims_and_disputes,False,,,,,
341,2022,2022_AGRPT@CON2022.pdf,"The audit made the following observations;      There was lack of competition during procurement of IPPs to the extent that 15  out of the 17 sampled small/mini hydro power plants, which commenced  construction and were commissioned after the enactment of the PPP Act 2015  and PPP regulations 2016, were not subjected to any competition before securing  the sites.",procurement_irregularities,procurement_irregularities,True,Karera Technical Institute,school,Karera,Kazo,medium
341,2022,2022_AGRPT@CON2022.pdf,"The audit made the following observations;      There was lack of competition during procurement of IPPs to the extent that 15  out of the 17 sampled small/mini hydro power plants, which commenced  construction and were commissioned after the enactment of the PPP Act 2015  and PPP regulations 2016, were not subjected to any competition before securing  the sites.",procurement_irregularities,procurement_irregularities,True,Kaberamaido Technical Institute,school,Kaberamaido,Kaberamaido,high
341,2022,2022_AGRPT@CON2022.pdf,"The audit made the following observations;      There was lack of competition during procurement of IPPs to the extent that 15  out of the 17 sampled small/mini hydro power plants, which commenced  construction and were commissioned after the enactment of the PPP Act 2015  and PPP regulations 2016, were not subjected to any competition before securing  the sites.",procurement_irregularities,procurement_irregularities,True,Kalongo Technical Institute,school,Kalongo,Agago,high
341,2022,2022_AGRPT@CON2022.pdf,"The audit made the following observations;      There was lack of competition during procurement of IPPs to the extent that 15  out of the 17 sampled small/mini hydro power plants, which commenced  construction and were commissioned after the enactment of the PPP Act 2015  and PPP regulations 2016, were not subjected to any competition before securing  the sites.",procurement_irregularities,procurement_irregularities,True,Ora Technical Institute,school,Ora,Zombo,medium
341,2022,2022_AGRPT@CON2022.pdf,"The audit made the following observations;      There was lack of competition during procurement of IPPs to the extent that 15  out of the 17 sampled small/mini hydro power plants, which commenced  construction and were commissioned after the enactment of the PPP Act 2015  and PPP regulations 2016, were not subjected to any competition before securing  the sites.",procurement_irregularities,procurement_irregularities,True,Kitgum Technical Institute,school,Kitgum,Kitgum,high
341,2022,2022_AGRPT@CON2022.pdf,"The audit made the following observations;      There was lack of competition during procurement of IPPs to the extent that 15  out of the 17 sampled small/mini hydro power plants, which commenced  construction and were commissioned after the enactment of the PPP Act 2015  and PPP regulations 2016, were not subjected to any competition before securing  the sites.",procurement_irregularities,procurement_irregularities,True,UTC Bushenyi (Lot 1),school,Bushenyi,Bushenyi,high
341,2022,2022_AGRPT@CON2022.pdf,"The audit made the following observations;      There was lack of competition during procurement of IPPs to the extent that 15  out of the 17 sampled small/mini hydro power plants, which commenced  construction and were commissioned after the enactment of the PPP Act 2015  and PPP regulations 2016, were not subjected to any competition before securing  the sites.",procurement_irregularities,procurement_irregularities,True,UTC Bushenyi (Lot 2),school,Bushenyi,Bushenyi,high
341,2022,2022_AGRPT@CON2022.pdf,"The audit made the following observations;      There was lack of competition during procurement of IPPs to the extent that 15  out of the 17 sampled small/mini hydro power plants, which commenced  construction and were commissioned after the enactment of the PPP Act 2015  and PPP regulations 2016, were not subjected to any competition before securing  the sites.",procurement_irregularities,procurement_irregularities,True,Nyamitanga Technical Institute,school,Nyamitanga,Mbarara,high
341,2022,2022_AGRPT@CON2022.pdf,"The audit made the following observations;      There was lack of competition during procurement of IPPs to the extent that 15  out of the 17 sampled small/mini hydro power plants, which commenced  construction and were commissioned after the enactment of the PPP Act 2015  and PPP regulations 2016, were not subjected to any competition before securing  the sites.",procurement_irregularities,procurement_irregularities,True,Lake Katwe Technical Institute,school,Katwe,Kasese,high
341,2022,2022_AGRPT@CON2022.pdf,"The audit made the following observations;      There was lack of competition during procurement of IPPs to the extent that 15  out of the 17 sampled small/mini hydro power plants, which commenced  construction and were commissioned after the enactment of the PPP Act 2015  and PPP regulations 2016, were not subjected to any competition before securing  the sites.",procurement_irregularities,procurement_irregularities,True,Bukalasa Agricultural College,school,Bukalasa,Wakiso,high
342,2022,2022_AGRPT@CON2022.pdf,"  Additionally, in terms of the operating and management costs of power lines,  they were deemed high due to a number of factors such as transformers,  defective or rotten poles which needed replacement in the shortest of time after  the commissioning of these lines.",contract_management,contract_management,False,,,,,
343,2022,2022_AGRPT@CON2022.pdf,I have made the following recommendations to the Accounting Officer of Ministry of  Energy and Mineral Development (MEMD) which has now inherited the functions of  the Rural Electrification Agency (REA) under which the GRID power projects were  implemented and recommended that;     The outstanding amounts owed to contractor’s firms are paid for works that  are completed and verified to avoid incurring penalties on delayed payments     To continuously address Environmental and social issues in contracts and their  implementation and ensure that all contracts for implementation of GRID power  projects make it mandatory for the implementation firms to prepare  environmental and social impact assessment (ESIA) reports in addition to  resultant Environmental Management Plans (EMP) and Resettlement Action  Management Plans (RAMPs).,land_and_right_of_way,land_and_right_of_way|delayed_payments,False,,,,,
344,2022,2022_AGRPT@CON2022.pdf," MEMD strengthens project management, monitoring and supervision  arrangements for GRID power projects to ensure that all GRID projects are  implemented within project time lines, indicated in the approved activity work  programs and contracts.",contract_management,contract_management,False,,,,,
345,2022,2022_AGRPT@CON2022.pdf,"  The Procurement process for goods, services and works have greatly imporved  with better compliance with the PPDA rules and regulations.",procurement_irregularities,procurement_irregularities,False,,,,,
346,2022,2022_AGRPT@CON2022.pdf,"Summary of Auditor General’s findings and recommendations of previous  audit report and actions taken by Ministry of Works and Transport (MOWT)  The Ministry of Works and Transport (MoWT) had made efforts to implement the  Auditor General’s recommendations, resulting in improvements in oversight of the  Construction Sector in Uganda.",governance_and_controls,governance_and_controls,False,,,,,
347,2022,2022_AGRPT@CON2022.pdf,"The Table below presents, in detail, the recommendations of the 2015 audit, and the  extent to which they have been implemented:  Table 78: Recommendations of the 2015 audit  S/N  Audit recommendation  Status  of  implementation  as reported by  mowt  Audit  comment  on  resolving  previous  condition/problem  by  actions of management  Mandate and Regulatory Framework for the construction industry  1  The Ministry should refocus on its  core mandate to enable effective  provision of oversight in the  Construction Sector.",governance_and_controls,governance_and_controls,False,,,,,
348,2022,2022_AGRPT@CON2022.pdf,"Over the years, the Ministry noted several challenges affecting performance of rural  water piped water schemes including; delays in land acquisition, budget cuts, delayed  release of funds, vandalism of the water infrastructure, and the effects of Covid19  lockdown, among others.",land_and_right_of_way,land_and_right_of_way,False,,,,,
349,2022,2022_AGRPT@CON2022.pdf,"The  delay in implementation was attributed to the delays in commencement of  construction works by contractors of up to 5 months, delayed payment to  contractors for certified works by over four months, affecting their cash flows;  internal borrowing of project funds of up to UGX5.7 Billion to implement activities  outside the approved work plans; and delays resulting from the restrictions under  the Covid19 Pandemic.",delayed_payments,delayed_payments,False,,,,,
350,2022,2022_AGRPT@CON2022.pdf,"Consequently, the use of substandard  materials/equipment to implement the piped water schemes by contractors were  not timely identified; and delays by the contractors to implement monitoring  recommendations and supervisory instructions were not followed.",contract_management,contract_management,False,,,,,
351,2022,2022_AGRPT@CON2022.pdf,"These have been  occasioned by delays in land acquisition, vandalism of the water system infrastructure,  limitations in affordability of the service, inadequate monitoring and contract  management, among others.",land_and_right_of_way,land_and_right_of_way,False,,,,,
352,2022,2022_AGRPT@CON2022.pdf,"of  SACCOs  funded  SACCO s not  funded  SACCOs  funded in  un- gazetted  parishes  Approved  budget  (UGX)  Release (UGX)  Variance  (UGX)  Planned  funding per  SACCO  (UGX)  Actual  funding  per  SACCO  (UGX)  Funding  gap per  PDM  SACCO  (UGX)    Total  10,191  8,703  1,502  0  175,429,879, 581  108,857,715,3 67  66,572,164, 214          Appendix 5 b: Parish Development Model  SN  Entity name  Funds  repurposed to  the revolving  fund  Funds diverted  from the  revolving fund  Failure to send funds  directly to the PDM  SACCO Amount  Number of  unregistered  SACCOs   Amount sent to  unregistered SACCOS  Amount  unaccounted for  1  Kagadi DLG  0  0  0  0  0  0  2  Kibaale DLG  139,623,956  0  446,506,992  57  446,506,992  0  3  Kyankwanzi DLG  602,411,574  0  1,121,394,573  0  0  0  4  Buliisa DLG  4,585,581  0  225,593,699  0  0  0  5  Kiboga DLG  194,863,213  0  673,117,066  58  673,117,066  0  6  Kiryandongo DLG  11,035,537  0  305,554,087  43  305,554,087  0  7  Kayunga DLG  0  53,213,435  430,432,548  0  0  0  8  Kira MC  25,355,296  0  51,000,000  0  0  0  9  Mukono DLG  110,557,437  0  639,044,406  0  0  0  10  Nakaseke DLG  188,059,087  0  612,155,745  0  0  0  11  Nansana MC  19,648,782  0  217,536,255  0  0  0  12  Wakiso DLG  422,411,449  0  1,083,778,521  98  1,083,778,521  0  13  Buhweju DLG  105,977,134  0  512,154,216  68  512,154,216  0  14  Kabale DLG  75,892,014  0  476,095,903  0  0  0  15  Kanungu DLG  0  0  649,232,325  36  649,232,325  0  16  Kisoro DLG  76,476,259  0  444,561,910  58  444,561,910  0  17  Mbarara City  14,630,844  0  152,014,268  0  0  0  18  Rubirizi DLG  116,507,539  0  485,643,852  0  0  0  19  Rukungiri DLG  178,162,896  0  660,785,344  39  660,785,344  0  20  Rwampara DLG  32,848,782  0  206,528,709  0  0  0  21  Bugiri DLG  148,986,153  0  646,000,000  0  0  0  22  Bugiri MC  6,796,300  0  34,290,630  0  0  0  23  Bugweri DLG  105,582,934  0  320,617,860  0  0  0  24  Iganga DLG  186,569,757  0  354,135,967  0  0  0  25  Iganga MC  14,294,884  0  80,000,000  0  0  0  26  Jinja City  40,494,619  0  195,797,611  0  0  0    321    SN  Entity name  Funds  repurposed to  the revolving  fund  Funds diverted  from the  revolving fund  Failure to send funds  directly to the PDM  SACCO Amount  Number of  unregistered  SACCOs   Amount sent to  unregistered SACCOS  Amount  unaccounted for  27  Jinja DLG  38,512,366  0  244,388,400  0  0  0  28  Kamuli MC  0  0  85,054,970  0  0  0  29  Luuka DLG  127,715,688  0  510,000,000  0  0  0  30  Mayuge DLG  270,104,947  0  771,911,058  0  0  0  31  Namayingo DLG  56,635,832  0  359,176,351  0  0  0  32  Nebbi MC  31,902,007  0  85,667,800  0  0  0  33  Butaleja DLG  108,982,819  0  453,962,621  76  562,945,440  0  34  Tororo DLG  258,488,000  0  1,184,332,817  0  0  0  35  Kazo DLG  76,000,000  0  476,000,000  0  0  0  36  Kiruhura DLG  185,754,545  0  520,802,132  0  0  0  37  Mbale DLG  102,005,164  0  756,363,187  67  756,363,187  0  38  Bududa DLG  180,102,000  0  1,129,839,000  159  1,129,839,000  0  39  Mityana DLG  208,132,547  0  594,967,852  0  0  0  40  Nakasongola DLG  77,024,730  0  534,240,626  6  47,138,879  0  41  Mitooma DLG  191,792,187  0  651,728,000  73  651,728,000  0  42  Rubanda DLG  78,157,447  0  490,307,721  0  0  0  43  Rukiga DLG  33,918,498  0  213,177,269  13  213,918,498  0  44  Sheema MC  26,052,482  0  163,435,906  0  0  0  45  Bukedea DLG  172,172,948  0  1,080,098,233  0  0  0  46  Katakwi DLG  195,491,952  0  846,569,922  0  0  0  47  Soroti DLG  67,204,885  0  389,757,273  0  0  0  48  Moroto DLG  57,371,962  0  511,334,582  0  0  0  49  Nakapiripirit DLG  0  0  0  0  0  0  50  Mbale City  68,465,226  0  375,062,679  47  375,062,679  0  51  Sironko DLG  765,170,964  0  1,792,400,736  224  1,792,400,736  0  52  Butebo DLG  0  129,639,841  348,905,563  61  348,905,563  0  53  Namisindwa DLG  281,963,611  0  1,255,594,106  163  1,255,594,106  0  54  Makindye0Ssabagabo MC  8,863,749  0  74,294,282  0  0  0  55  Mityana MC  16,990,750  0  106,588,636  0  0  0  56  Mpigi DLG  6,786,926  0  341,285,699  0  0  0  57  Ibanda DLG  153,625,148  0  396,122,422  0  0  0  58  Mbarara DLG  52,104,966  0  326,989,932  0  0  0  59  Sheema DLG  52,705,304  0  333,977,728  51  333,977,728  0  60  Njeru MC  0  0  144,800,000  0  0  0  61  Namutumba DLG  237,976,652  0  901,000,000  0  0  0    322    SN  Entity name  Funds  repurposed to  the revolving  fund  Funds diverted  from the  revolving fund  Failure to send funds  directly to the PDM  SACCO Amount  Number of  unregistered  SACCOs   Amount sent to  unregistered SACCOS  Amount  unaccounted for  62  Lugazi MC  14,630,714  0  134,094,562  0  0  7,057,609  63  Kamuli DLG  282,492,532  0  760,347,922  77  760,347,922  0  64  Kaliro DLG  98,546,346  0  669,415,608  0  0  0  65  Buyende DLG  82,688,314  0  436,043,043  0  0  0  66  Bushenyi DLG  159,529,388  0  500,001,354  56  500,001,354  0  67  Ishaka0 Bushenyi MC  18,134,466  0  135,560,041  16  135,650,041  0  68  Isingiro DLG  507,727,681  0  1,290,215,882  0  0  0  69  Kabale MC  0  0  0  0  0  0  70  Kisoro MC  11,893,525  0  49,906,927  7  49,906,927  0  71  Ntungamo DLG  177,397,292  0  1,401,258,493  0  0  0  72  Ntungamo MC  0  0 N/A  0  0  0  73  Rukungiri MC  13,592,600  0  114,652,374  12  114,652,374  0  74  Hoima City  0  0  95,571,078  0  0  0  75  Masindi DLG  52,104,965  0  326,871,814  0  0  0  76  Masindi MC  18,511,222  0  84,216,532  0  0  0  77  Kikuube DLG  32,848,782  0  206,071,361  0  0  0  78  Hoima DLG  33,428,795  0  368,101,668  0  0  0  79  Kakumiro DLG  214,674,248  0  841,859,446  0  0  0  80  Kween DLG  312,165,004  0  915,457,434  101  915,457,434  0  81  Bulambuli DLG  449,305,824  0  1,178,035,294  121  1,168,379,267  0  82  Busia MC  9,061,734  0  56,800,000  8  56,800,000  0  83  Kibuku DLG  139,084,068  0  688,617,766  0  0  0  84  Manafwa DLG  414,574,586  0  1,345,901,947  156  1,345,901,947  0  85  Budaka DLG  0  0  696,395,770  73  696,395,770  0  86  Pallisa DLG  0  0  765,000,000  45  765,000,000  0  87  Kapchorwa DLG  167,727,288  0  514,172,444  58  514,172,444  0  88  Kapchorwa MC  30,583,000  0  191,860,042  27  191,860,042  0  89  Tororo MC  0  0  74,000,000  0  0  0  90  Terego DLG  85,190,295  0  336,064,374  42  336,064,374  0  91  Zombo DLG  467,809,017  0  467,809,000  0  0  0  92  Moyo DLG  0  0  287,100,000  0  0  0  93  Nebbi DLG  185,436,733  0  607,460,580  0  0  0  94  Yumbe DLG  313,042,456  0  1,526,761,354  0  0  0  95  Pader DLG  53,804,040  0  780,897,821  0  0  0  96  Koboko MC  0  0  119,463,847  0  0  0    323    SN  Entity name  Funds  repurposed to  the revolving  fund  Funds diverted  from the  revolving fund  Failure to send funds  directly to the PDM  SACCO Amount  Number of  unregistered  SACCOs   Amount sent to  unregistered SACCOS  Amount  unaccounted for  97  Maracha DLG  103,095,772  0  646,656,278  0  0  0  98  Pakwach DLG  81,555,598  0  368,268,830  0  0  0  99  Madi0Okollo DLG  0  0  409,998,000  0  0  0  100  Koboko DLG  146,087,826  0  438,774,252  0  0  0  101  Adjumani DLG  115,002,455  0  784,000,000  0  0  0  102  Arua City  0  0  564,939,853  15  255,000,000  0  103  Bukomansimbi DLG  0  0  305,995,370  0  0  0  104  Rakai DLG  124,032,471  0  652,429,223  0  0  0  105  Kalungu DLG  64,289,926  0  284,605,389  0  0  0  106  Sembabule DLG  128,462,780  0  478,781,550  0  0  0  107  Gomba DLG  35,529,540  0  348,215,767  0  0  0  108  Kyotera DLG  74,759,298  0  468,989,994  0  0  0  109  Lwengo DLG  3,132,343  0  271,926,000  0  0  0  110  Lyantonde DLG  34,564,119  0  213,759,890  0  0  0  111  Mubende MC  20,388,900  0  127,906,363  0  0  0  112  Bundibugyo DLG  298,410,307  0  960,057,188  127  960,115,919  0  113  Kyegegwa DLG  91,750,048  0  575,578,630  0  0  0  114  Kamwenge DLG  79,007,003  0  449,344,938  62  449,344,938  0  115  Kasese DLG  571,631,558  0  1,733,717,779  196  1,733,717,979  0  116  Kyenjojo DLG  275,641,516  0  1,484,926,831  88  1,484,926,831  0  117  Bunyangabu DLG  90,152,406  0  382,838,832  48  382,838,832  0  118  Kabarole DLG  168,620,537  0  479,226,540  52  479,226,540  0  119  Alebtong DLG  193,804,280  0  605,954,554  0  0  0  120  Gulu DLG  6,211,063  0  286,951,103  0  0  0  121  Oyam DLG  83,821,030  0  525,837,266  0  0  0  122  Fort Portal City  108,026,667  0  255,704,547  21  255,704,547  0  123  Kole DLG  58,901,264  0  369,507,268  0  0  0  124  Masaka DLG  20,388,899  0  99,600,000  0  0  0  125  Mubende DLG  89,484,617  0  561,366,823  0  0  0  126  Masaka City  28,317,916  0  177,647,725  0  0  0  127  Lamwo DLG  183,305,456  0  697,000,000  41  697,000,000  0  128  Lira City  196,098,471  0  781,471,322  0  0  0  129  Kalaki DLG  51,739,782  0  254,828,322  0  0  0  130  Amuria DLG  43,657,420  0  635,003,465  0  0  0  131  Amolatar DLG  137,475,698  0  659,972,691  0  0  0    324    SN  Entity name  Funds  repurposed to  the revolving  fund  Funds diverted  from the  revolving fund  Failure to send funds  directly to the PDM  SACCO Amount  Number of  unregistered  SACCOs   Amount sent to  unregistered SACCOS  Amount  unaccounted for  132  Soroti City  28,317,916  0  177,647,728  0  0  0  133  Kumi DLG  158,580,328  0  994,827,260  0  0  0  134  Ngora DLG  241,999,964  0  518,304,964  0  0  0  135  Dokolo DLG  153,903,341  0  578,000,000  0  0  0  136  Otuke DLG  140,206,260  0  456,785,456  0  0  0  137  Kapelebyong DLG  161,760,977  0  496,284,240  0  0  0  138  Kumi MC  18,880,705  0  84,950,521  0  0  0  139  Serere DLG  67,859,764  0  568,633,170  0  0  0  140  Napak DLG  0  0  766,572,309  57  766,572,309  0  141  Moroto MC  6,000,000  0  46,136,435  0  0  0  142  Bukwo DLG  168,747,224  0  651,077,968  0  0  0  143  Arua DLG  36,246,932  0  227,389,088  0  0  0  144  Gulu City  0  93,782,026  157,358,080  0  0  11,233,000  145  Kaberamaido DLG  49,273,173  0  222,495,752  0  0  0  146  Kitgum DLG  81,555,596  0  52,560,000  0  0  241,516,100  147  Nwoya DLG  49,839,532  0  104,064,268  0  0  276,158,113  148  Obongi DLG  16,723,001  0  213,635,452  0  0  0  149  Agago DLG  90,038,926  0  788,902,434  117  788,902,434  0  150  Apac DLG  0  0  349,790,966  0  0  0  151  Busia DLG  165,624,265  0  564,200,000  62  564,200,000  0  152  Buvuma DLG  43,043,234  0  270,024,544  0  0  0  153  Kalangala DLG  19,256,182  0  120,800,452  0  0  0  154  Kitagwenda DLG  13,931,479  0  342,457,060  55  342,457,060  0  155  Kitgum MC  33,690,512  0  59,883,750  11  59,883,750  0  156  Mukono MC  0  0  44,919,841  0  0  0  157  Entebbe MC  4,530,867  0  28,423,636  0  0  0  158  Amuru DLG  0  48,415,580  298,029,578  0  0  58,827,429  159  Kwania DLG  111,010,105  0  348,198,967  0  0  0  160  Lira DLG  232,449,790  0  683,489,847  0  0  0  161  Buikwe DLG  20,279,133  0  220,290,991  0  0  0  162  Ibanda MC  32,787,050  0  158,224,038  0  0  0  163  Butambala DLG  60,953,556  0  210,284,125  0  0  0  164  Amudat DLG  0  33,018,689  312,161,601  0  0  0  165  Ntoroko DLG  76,300,139  0  359,654,807  48  382,838,832  0  166  Kasese MC  53,158,768  0  128,680,076  18  126,680,076  0    325    SN  Entity name  Funds  repurposed to  the revolving  fund  Funds diverted  from the  revolving fund  Failure to send funds  directly to the PDM  SACCO Amount  Number of  unregistered  SACCOs   Amount sent to  unregistered SACCOS  Amount  unaccounted for  167  Kassanda DLG  104,209,930  0  544,000,000  0  0  0  168  Omoro DLG  87,104,006  0  475,361,510  0  0  0  169  Luwero DLG  300,181,433  0  807,697,000  0  0  0    Total  17,891,724,298  358,069,571  79,214,076,265  3,214  29,523,564,220  594,792,251    Appendix 6 a: Funding for DRDIP subprojects  SN  Entity Name  Approved budget  (UGX)  Warrants/ Release  (UGX)  Under funding  (UGX)  Transfers/  Expenditure (UGX)  Failure to fund subprojects          Unutilised warrants  Number of  subprojects  not funded                  1  Adjumani DLG  26,629,455,734  20,112,227,243  6,517,228,491   20,112,227,243   0  0  2  Arua DLG  12,211,720,404  7,703,246,463  4,508,473,941   7,596,050,122   107,196,341  0  3  Hoima DLG  11,402,789,340  7,886,733,487  3,516,055,853   7,886,733,487   0  0  4  Isingiro DLG  36,952,472,146  20,645,657,738  16,306,814,408   20,645,657,738   0  0  5  Kamwenge DLG  16,096,871,843  15,526,567,396  570,304,447   13,642,495,005   1,884,072,391  1  6  Kikuube DLG  14,763,545,466  14,763,545,466  0   14,763,545,466   0  0  7  Kiryandongo DLG  13,147,932,451  11,153,517,611  1,994,414,840   11,153,517,611   0  0  8  Koboko DLG  12,972,115,413  10,398,654,382  2,573,461,031   10,397,654,382   1,000,000  0  9  Kyegegwa DLG  13,158,909,516  12,952,563,516  206,346,000   1,519,174,433   11,433,389,083  45  10  Lamwo DLG  24,133,897,361  20,214,341,243  3,919,556,118   20,214,341,243   0  0  11  Madi0Okollo DLG  18,612,180,000  8,727,243,898  9,884,936,102   8,727,243,898   0  0  12  Moyo DLG  12,353,082,000  4,377,696,778  7,975,385,222   4,377,684,416   12,362  0  13  Obongi DLG  30,708,745,913  17,640,110,305  13,068,635,608   17,639,083,305   1,027,000  0  14  Terego DLG  19,147,604,808  19,147,604,808  0   19,147,298,822   305,986  0  15  Yumbe DLG  22,849,046,751  20,733,598,950  2,115,447,801   20,733,598,950   0  0     Total  285,140,369,146  211,983,309,284  73,157,059,862  198,556,306,121  13,427,003,163  46                326    Appendix 6 b: DRDIP – Implementation of Infrastructure subprojects funded in FY2021/22      Infrastructure subprojects funded in FY2021/22  SN  Entity Name   Total funds  disbursed    Number  of  projects  funded    Fully Implemented  Partially implemented  Not implemented  Number  Subproject  Value  Number   Subproject  Value  Number   Subproject value  1  Adjumani DLG  17,327,580,369  33  0  0  0  0  33  17,327,580,369  2  Arua DLG  7,420,864,349  13  0  0  3  410,864,349  10  7,010,000,000  3  Hoima DLG  5,108,839,519  11  0  0  0  0  11  5,108,839,519  4  Isingiro DLG  14,696,882,245  13  0  0  0  0  13  14,696,882,245  5  Kamwenge DLG  8,281,650,800  9  4  5,347,500,000  0  0  5  2,934,150,800  6  Kikuube DLG  10,772,200,000  13  0  0  0  0  13  10,772,200,000  7  Kiryandongo DLG  8,334,384,709  11  0  0  0  0  11  8,334,384,709  8  Koboko DLG  5,881,538,969  10  2  707,000,000  1  989,800,000  7  4,184,738,969  9  Kyegegwa DLG  1,005,487,006  3  0  0  0  0  3  1,005,487,006  10  Lamwo DLG  12,880,500,000  12  0  0  0  0  12  12,880,500,000  11  Madi0Okollo DLG  7,516,671,712  9  0  0  0  0  9  7,516,671,712  12  Moyo DLG  2,292,750,000  2  0  0  0  0  2  2,292,750,000  13  Obongi DLG  11,191,012,386  14  0  0  0  0  14  11,191,012,386  14  Terego DLG  13,421,816,827  14  0  0  0  0  14  13,421,816,827  15  Yumbe DLG  16,734,700,000  25  0  0  0  0  25  16,734,700,000     Total  142,866,878,891  192  6  6,054,500,000  4  1,400,664,349  182  135,411,714,542    Appendix 6 c: DRDIP – Implementation of Livelihoods Program FY2021/22      Livelihoods Program FY2021/22  SN  Entity Name  Total funds  disbursed    Number  of  projects  funded  Fully Implemented  Partially implemented  Not implemented  Number  Subproject Value Number  Subproject Value Number   Subproject Value  1  Adjumani DLG  1,665,000,000  30  0  0  0  0  30  1,665,000,000  2  Arua DLG  0  0  0  0  0  0  0  0  3  Hoima DLG  999,000,000  54  0  0  0  0  54  999,000,000  4  Isingiro DLG  3,567,700,000  11  11  3,567,700,000  0  0  0  0  5  Kamwenge DLG  3,424,850,000  170  165  3,147,350,000  5  277,500,000  0  0  6  Kikuube DLG  1,409,200,000  35  0  0  0  0  35  1,409,200,000  7  Kiryandongo DLG  1,965,649,500  49  0    24  786,149,500  25  1,179,500,000  8  Koboko DLG  2,014,500,000  43  0  0  0  0  43  2,014,500,000  9  Kyegegwa DLG  0  0  0  0  0  0  0  0    327    10  Lamwo DLG  4,803,163,682  106  0  0  0  0  106  4,803,163,682  11  Madi0Okollo DLG  610,500,000  11  0  0  0  0  11  610,500,000  12  Moyo DLG  1,604,500,000  29  0  0  29  1,604,500,000  0  0  13  Obongi DLG  1,998,000,000  36  36  1,998,000,000  0  0  0  0  14  Terego DLG  2,301,831,152  38  0  0  35  2,135,331,152  3  166,500,000  15  Yumbe DLG  3,420,300,000  56  0  0  56  3,420,300,000  0  0     Total  29,784,194,334  668  212  8,713,050,000  149  8,223,780,652  307  12,847,363,682    Appendix 6 d: DRDIP – Implementation of Sustainable Environmental Management FY2021/22      Sustainable Environmental Management FY2021/22  SN  Entity Name  Total funds  disbursed  Number  of  projects  funded  Fully Implemented  Partially implemented  Not implemented  Number  Subproject  Value  Number  Subproject  Value  Number   Subproject Value  1  Adjumani DLG  509,043,120  10  0  0  0  0  10  509,043,120  2  Arua DLG  0  0  0  0  0  0  0  0  3  Hoima DLG  1,412,387,418  26  0  0  0  0  26  1,412,387,418  4  Isingiro DLG  1,859,059,593  26  0  0  0  0  26  1,859,059,593  5  Kamwenge DLG  1,406,893,658            0  1,406,893,658  6  Kikuube DLG  1,935,293,956  26  0  0  0  0  26  1,935,293,956  7  Kiryandongo DLG  283,464,452  5  0  0  0  0  5  283,464,452  8  Koboko DLG  1,985,681,487  33  0  0  0  0  33  1,985,681,487  9  Kyegegwa DLG  1,322,186,276  5  0  0  0  0  5  1,322,186,276  10  Lamwo DLG  1,960,570,627  87  0  0    0  87  1,960,570,627  11  Madi0Okollo DLG  125,046,186  1  0  0  0  0  1  125,046,186  12  Moyo DLG  58,628,518  1  0  0  0  0  1  58,628,518  13  Obongi DLG  4,180,957,919  56  0  0  0  0  56  4,180,957,919  14  Terego DLG  2,664,680,803  33  0  0  0  0  33  2,664,680,803  15  Yumbe DLG  0  0  0  0  0  0  0  0     Total  19,703,894,013  309  0  0  0  0  309  19,703,894,013                    328    Appendix 6 e: DRDIP – Procurement and other issues  SN  Entity Name  No of  subpro jects  withou t ESN  plans  Amount  transferred to  SACCOs without  ESN plans  Procurements not cleared  by the CPMCs  Failure to appoint  contract managers from  sector specialists or  user groups  Idle Subprojects/not put  to use  Closed subprojects with  bank balances  Number  of files  for  procurem ents not  un  cleared  Value of  procurements  not un cleared  Num ber  Amount  Numbe r   Subproject  Value  Number  of  complet ed  subproj ects   Bank balance  1  Arua DLG  0  0  13  491,001,312      1  510,000,000  17  613,102,573  2  Hoima DLG  26  1,407,387,418      26  1,412,387,418  1  688,297,523  0  0  3  Kamwenge DLG  16  835,731,105          0  0  0  0  4  Kiryandongo DLG  11  7,327,345,726      5  283,464,450  14  1,070,510,393  0  0  5  Kyegegwa DLG  0  0  0  0  0  0  1  346,005,089  0  0  6  Lamwo DLG  1  1,010,000,000          0  0  0  0  7  Madi0Okollo DLG  0  0          1  511,378,045  0  0  8  Moyo DLG  3  1,705,000,000  0  0  0  0  3  1,540,000,000  24  656,944,873  9  Obongi DLG  0  0  49  1,392,416,899  36  20,164,999,998  3  2,577,000,000  0  0  10  Terego DLG  0  0  37  2,763,016,118  0  0  0  0  0  0  11  Yumbe DLG  0  0          8  4,203,990,984  25  1,481,757,510     Total  57  12,285,464,249  99  4,646,434,329  67  21,860,851,866  32  11,447,182,034  66  2,751,804,956    Appendix 6 f: DRDIP - Inspections of service delivery activities funded in 2019/20 and 2020/21      Inspections of service delivery activities funded in 2019/20 and 2020/21  SN  Entity Name  Infrastructure subprojects  Livelihood Subgroups  Sustainable  Environmental  Management  Fully implemented  Stalled Infrastructure  subprojects  Fully implemented  Partially implemented  Stalled SENRM  subprojects      Number  Subproject  Value  Number  Subproject  Value  Number  Subproject  Value  Number  Subproject  Value  Number  Subproject  Value  1  Adjumani DLG  4  4,203,784,747  0  0  0  0  3  70,100,000  10  542,077,962  2  Arua DLG  4  1,847,159,741  0  0  0  0  0  0  2  112,541,568  3  Hoima DLG  3        0  0  0  0      4  Isingiro DLG  6    1  1,921,428,820        3,567,700,000      5  Kamwenge DLG  3        3    0    10  646,977,898    329    6  Kikuube DLG  0  0  0  0  0  0  0  0  0  0  7  Kiryandongo DLG  3                    8  Koboko DLG  3  1,578,500,000  0  0  1  18,500,000      6  277,286,100  9  Kyegegwa DLG  12  8,614,602,139  1  1,800,000,000  0  0  0  0  0  0  10  Lamwo DLG                      11  Madi0Okollo DLG  2    0  0  4  0  0  0  0  0  12  Moyo DLG  1  580,000,000  0  0  1  55,500,000  3  55,500,000  1  54,285,664  13  Obongi DLG  2  1,300,000,000  1  419,597,795  3  59,500,000      88  4,836,949,177  14  Terego DLG          2    0    32  2,174,274,965  15  Yumbe DLG  23  12,862,999,998  0  0  0    19  1,572,500,000  30  1,304,714,817     Total  66  30,987,046,625  3  4,141,026,615  14  133,500,000  25  5,265,800,000  179  9,949,108,151        Appendix 7 a: Budget allocation of the micro scale irrigation program  sn  Entity  Capital Development (micro scale irrigation equipment)  (75%)  Complementary services (25%)      Revised budget  %  Allocation  of the total  budget  Ideal allocation  Variance  (%)  Revised budget  % Allocation  of the total  budget  Ideal allocation  Variance (%)  1  Mpigi DLG  734,989,017  71%  780,482,882  4%  305,654,825  29%  260,160,961  04%  2  Kibaale DLG  577,722,783  71%  613,342,078  4%  240,066,654  29%  204,447,359  04%  3  Rakai DLG  878,113,973  71%  932,467,475  4%  365,175,993  29%  310,822,492  04%  4  Kitagwenda DLG  514,158,151  70%  548,259,404  5%  216,854,388  30%  182,753,135  05%  5  Kapchorwa DLG  200,000,000  71%  212,649,000  4%  83,532,000  29%  70,883,000  04%  6  Manafwa DLG  472,853,078  71%  502,121,624  4%  196,642,420  29%  167,373,875  04%  7  Omoro DLG  546,269,790  71%  580,080,380  4%  227,170,716  29%  193,360,127  04%  8  Amuru DLG  916,444,429  74%  933,446,948  1%  328,151,502  26%  311,148,983  01%     Total  4,840,551,221  71%  5,102,849,789  4%  1,963,248,498  29%  1,700,949,930  04%                  330    Appendix 7 b: Slow implementation of the micro scale irrigation program  sn  Entity name  %  perform ance of  the  budget  Budget  Warrants/  Release  Total  expenditure  Unspent  %  total  absor ption  %  absorp tion of  irrigati on  equip ment  funds  Farme rs  who  expre ssed  intere st and  passe d the  selecti on  criteri a  Num ber  of  farm ers  who  co0f unde d  Numb er of  farme rs  who  receiv ed  equip ment  Co0fu nded  but  didn't  receiv e  equip ment  Recei ved  equip ment  but  did  not  co0fu nd  1  Amuru DLG  100%  1,244,595,931  1,244,595,931  963,852,269  280,743,662  77%  66%  145  57  57  0  0  2  Bududa DLG  100%  1,261,452,695  1,261,452,695  244,992,927  1,016,459,768  19%  0%  108  2  0  2  0  3  Buikwe DLG  100%  600,773,619  600,773,617  600,773,617  0  100%  100%  123  15  0  15  0  4  Bukomansimbi DLG  100%  576,697,948  576,697,948  320,084,565  256,613,383  56%  41%  65  8  8  0  0  5  Bushenyi DLG  100%  714,525,040  714,525,040  78,378,605  636,146,435  11%  2%  55  7  1  6  0  6  Butambala DLG  100%  387,484,208  387,484,208  221,610,994  165,873,214  57%  47%  180  8  8  0  0  7  Ibanda DLG  92%  627,600,529  574,758,360  562,258,360  12,500,000  98%  97%  115  21  21  0  0  8  Iganga DLG  100%  1,329,616,690  1,329,616,690  293,479,474  1,036,137,216  22%  13%  133  15  7  8  0  9  Jinja DLG  100%  903,060,636  903,060,636  265,244,129  637,816,507  29%  6%  507  7  0  7  0  10  Kalungu DLG  100%  664,507,456  664,507,456  245,494,700  419,012,756  37%  16%  68  14  6  8  0  11  Kamuli DLG  82%  2,516,077,965  2,070,086,405  277,743,610  1,792,342,795  13%  0%  447  10  0  10  0  12  Kamwenge DLG  100%  1,233,481,824  1,233,481,824  422,241,549  811,240,275  34%  14%  380  26  19  7  0  13  Kapchorwa DLG  100%  283,532,000  283,532,004  41,395,400  242,136,604  15%  0  51  0  0  0  0  14  Kayunga DLG  100%  1,586,903,581  1,587,307,162  789,024,134  798,283,028  50%  33%  194  19  19  0  0  15  Kibaale DLG  97%  817,789,437  793,504,089  343,540,164  449,963,925  43%  100%  275  7  6  1  0  16  Kitagwenda DLG  96%  731,012,539  701,940,707  240,883,874  461,056,833  34%  7%  43  6  0  6  0  17  Kyegegwa DLG  100%  1,668,838,687  1,668,838,687  921,616,030  747,222,657  55%  42%  120  32  32  0  0  18  Kyenjojo DLG  95%  1,968,068,801  1,873,486,962  816,122,258  1,057,364,704  44%  27%  257  16  16  0  0  19  Kyotera DLG  100%  1,000,840,870  1,000,840,870  206,116,680  794,724,190  21%  0%  624  16  5  11  0  20  Luuka DLG  100%  1,098,808,508  1,098,808,508  185,288,340  913,520,168  17%  0%  103  0  0  0  0  21  Luwero DLG  97%  1,884,516,915  1,827,314,725  496,853,038  1,330,461,687  27%  3%  222  6  2  4  0  22  Lwengo DLG  97%  1,008,665,475  983,179,605  349,181,500  633,998,105  36%  10%  40  7  5  2  0  23  Manafwa DLG  100%  669,495,498  669,495,598  178,080,000  491,415,598  27%  0%  119  1  0  1  0  24  Masaka DLG  100%  460,800,276  460,800,276  191,012,556  269,787,720  41%  22%  123  6  5  1  0  25  Mayuge DLG  100%  2,406,225,383  2,406,225,383  691,749,954  1,714,475,429  29%  6%  657  6  0  6  0  26  Mbale DLG  100%  978,155,227  978,155,227  978,155,227  0  100%  100%  250  9  29  0  20    331    27  Mityana DLG  100%  982,194,028  982,194,028  959,359,474  22,834,554  98%  98%  197  52  52  0  0  28  Mpigi DLG  97%  1,040,643,842  1,008,928,121  682,186,048  326,742,073  68%  53%  82  12  19  0  7  29  Mubende DLG  101%  1,785,183,070  1,805,183,070  360,241,350  1,444,941,720  20%  0%  113  30  13  17  0  30  Mukono DLG  97%  1,860,330,289  1,810,490,757  1,192,689,171  617,801,586  66%  56%  603  84  56  28  0  31  Nakaseke DLG  100%  1,104,507,315  1,104,507,315  687,041,722  417,465,593  62%  50%  877  20  20  0  0  32  Ntungamo DLG  94%  1,848,548,683  1,740,797,344  229,477,125  1,511,320,219  13%  0%  0  0  0  0  0  33  Nwoya DLG  100%  1,506,270,774  1,506,270,774  1,282,287,149  223,983,625  85%  80%  120  6  4  2  0  34  Omoro DLG  100%  773,440,506  773,440,506  753,058,716  20,381,790  97%  98%  55  13  13  0  0  35  Rakai DLG  98%  1,243,289,966  1,212,437,391  450,270,049  762,167,342  37%  10%  170  16  3  13  0  36  Rukungiri DLG  97%  1,222,690,787  1,182,235,981  1,182,235,981  0  100%  100%  554  42  42  0  0  37  Sembabule DLG  99%  1,321,944,507  1,312,934,328  381,925,415  931,008,913  29%  4%  143  18  3  15  0  38  Sironko DLG  100%  960,526,097  960,526,097  244,992,927  715,533,170  26%  0%  224  0  0  0  0  39  Tororo DLG  97%  2,146,943,614  2,082,453,632  421,412,670  1,661,040,962  20%  0%  17  17  0  17  0  40  Wakiso DLG  100%  3,661,748,235  3,661,748,235  970,978,292  2,690,769,943  27%  2%  222  11  8  3  0      98%  50,081,789,4 51  49,038,618,1 92  20,723,330,0 43  28,315,288,1 49  42%    8,781  642  479  190  27          Appendix 7 c: Slow implementation of the micro scale irrigation program  sn  Entity name  Total value  of the  equipment  co-funded  Required co- funding  Total  Amount co- funded  Partial  co- funding  Co-funded  but didn’t  receive  amount  Nu mbe r  insp ecte d  Numb er  instal led  and  functi onal  Num ber  insta lled  and  not  funct ional  Nu mb er  not  inst alle d   Co- funding  amount  for  inspected  projects  Planne d  Numb er of  irrigati on  equip ment  Numbe r  Sensitiz ed  1  Amuru DLG  605,071,628  151,267,907  151,267,907  0  0  0  0  0  0  0  140  NS  2  Bududa DLG  0  0  4,349,650  0  4,349,650  0  0  0  0  NP  108  NS  3  Buikwe DLG  224,115,393  56,028,848  58,804,360  0  58,804,360  1  0  1  0  5,414,418  123  1508  4  Bukomansimbi DLG  175,340,064  43,835,016  43,835,016  0  0  3  3  0  0  NP  23  1436  5  Bushenyi DLG  13,911,600  3,477,900  3,477,175  0  2,980,436  1  1  0  0  3,477,900  55  4291  6  Butambala DLG  124,801,000  31,200,250  30,989,750  210,500  0  5  5  0  0  21,389,250  30  920  7  Ibanda DLG  451,851,264  112,962,816  120,000,000  0  0  3  3  0  0  16,535,172  34  356  8  Iganga DLG  131,101,400  32,775,350  32,775,350  0  17,480,187  4  0  0  4  20,972,725  133  NS  9  Jinja DLG  72,400,500  18,100,125  20,000,875  0  20,000,875  0  0  0  0  0  60  1708  10  Kalungu DLG  79,449,700  19,862,425  19,862,425  0  11,349,957  2  2  0  0  NP  68  212    332    11  Kamuli DLG  159,154,380  39,788,595  39,788,595  0  39,788,595  0  0  0  0  NP  88  NS  12  Kamwenge DLG  257,199,816  64,299,954  78,447,943  0  21,120,600  5  5  0  0  18,639,250  45  800  13  Kapchorwa DLG  0  0  0  0  0  0  0  0  0  0  51  500  14  Kayunga DLG  235,175,004  58,793,751  35,988,804 22,804,947  0  19  5  0  14  26,503,400  194  1450  15  Kibaale DLG  103,473,510  25,868,378  25,868,375  0  3,695,482  4  2  0  2  4,418,350  60  NS  16  Kitagwenda DLG  0  0  30,555,000  0  30,555,000  0  0  0  0  NP  43  NS  17  Kyegegwa DLG  621,067,534  155,266,884  164,315,300  0  0  5  5  0  0  20,906,578  85  200  18  Kyenjojo DLG  398,210,612  99,552,653  99,552,653  0  0  2  2  0  0  11,303,350  78  2034  19  Kyotera DLG  71,550,500  17,887,625  17,887,625  0  12,297,742  2  2  0  0  8,821,750  60  2054  20  Luuka DLG  0  0  0  0  0  0  0  0  0  0  60  NS  21  Luwero DLG  37,458,628  9,364,657  7,936,150  1,428,507  0  2  2  0  0  17,673,400  100  NS  22  Lwengo DLG  74,389,000  18,597,250  18,597,250  0  5,313,500  2  2  0  0  11,175,000  40  1478  23  Manafwa DLG  472,853,178  118,213,295  0  0  0  0  0  0  0  NP  67  NS  24  Masaka DLG  75,808,490  18,952,123  24,661,850  0  4,110,308  2  2  0  0  9,312,194  50  450  25  Mayuge DLG  93,296,396  23,324,099  23,324,401  0  23,324,401  0  0  0  0  0  259  1795  26  Mbale DLG  731,116,421  182,779,105  123,475,656 59,303,449 (274,390,347)  2  0  2  0  NP  29  NS  27  Mityana DLG  736,645,518  184,161,380  189,710,836  0  0  3  2  1  0  NP  52  NS  28  Mpigi DLG  242,976,116  60,744,029  29,967,904 30,776,125  (17,481,277)  12  8  0  4  21,552,821  56  NS  29  Mubende DLG  549,606,541  137,401,635  132,383,729  5,017,906  75,017,446  5  5  0  0  NP  113  783  30  Mukono DLG  842,077,809  210,519,452  122,920,051 87,599,401  40,973,350  4  4  0  0  25,040,290  171  NS  31  Nakaseke DLG  412,390,242  103,097,561  110,919,223  0  0  4  4  0  0  21,340,750  60  3498  32  Nwoya DLG  37,636,769  9,409,192  18,662,500  0  0  0  0  0  0  0  120  NS  33  Omoro DLG  133,915,000  33,478,750  36,983,750  0  0  6  6  0  0  0  55  480  34  Rakai DLG  85,094,056  21,273,514  21,273,514  0  17,284,730  3    0  3    127  549  35  Rukungiri DLG  874,541,222  218,635,306  254,095,279  0  0  45  42  0  3  NP  60  44  36  Sembabule DLG  38,966,500  9,741,625  9,741,625  0  8,118,021  2  2  0  0  6,299,125  145  652  37  Sironko DLG  0  0  0  0  0  0  0  0  0  NP  224  NS  38  Tororo DLG  200,411,950  50,102,988  45,964,915  4,138,073  45,964,915  0  0  0  0  NP  215  NS  39  Wakiso DLG  30,695,563  7,673,891  64,219,332  0  17,514,363  5  3  0  2  17,929,213  200  4289      9,393,753,30 4  2,348,438,32 7  2,212,604,76 8  211,278,9 08  168,172,295  153  117  4  32  288,704,9 36  3,681  31,487  NP – Co-funding not provided, NS – Farmers not sensitised                333    Appendix 8 a: Support to organised groups for improvement of people’s livelihood - Funding  SN  Entity Name  Budget performance  Delayed disbursement of  funds  Unaccounted  funds disbursed  to groups      Approved  budget  Warrant/  Release  %age  performan ce   Transfer to  groups  %  Absorptio n  Number of  groups that  delayed to  receive funds  Average  delay  (Months)    1  Bukedea DLG  250,000,000  64,200,000  26%  60,000,000  93%  9  2.5  0  2  Buliisa DLG  36,750,000  30,700,000  84%   30,000,000  98%  11  5.5  8,000,000  3  Butambala DLG  225,750,000  95,900,000  42%   90,500,000  94%  3  9  0  4  Hoima City  42,000,000  39,590,000  94%  27,590,000  70%  8  2.3  0  5  Hoima DLG  56,710,000  56,710,000  100%  53,000,000  93%  20  2  53,000,000  6  Kabarole DLG  288,180,385  21,000,000  7%   20,000,000  95%  1  5  0  7  Kakumiro DLG  70,620,000  70,620,000  100%  65,980,000  93%  24  3.9  0  8  Kaladi DLG  120,000,000  120,000,000  100%  61,000,000  51%  13  3  0  9  Kapelebyong DLG  128,400,000  128,400,000  100%  128,400,000  100%  16  1.5  0  10  Kasese DLG  350,000,000  21,000,000  6%   20,000,000  95%  4  5  0  11  Kayunga DLG  400,000,000  111,720,000  28%   95,000,000  85%  7  5.7  95,000,000  12  Kibaale DLG  100,500,000  22,470,000  22%   21,000,000  93%  9  7  21,000,000  13  Kikuube DLG  36,750,000  23,540,000  64%  22,000,000  93%  8  2  0  14  Kyenjojo DLG  526,228,220  10,500,000  2%   10,500,000  100%  1  3  10,500,000  15  Luwero DLG  175,000,000  175,000,000  100%  175,000,000  100%  11  3  0  16  Masindi DLG  191,904,000  23,540,000  12%  22,000,000  93%  7  3.5  13,000,000  17  Masindi MC  344,123,000  300,707,293  87%  277,000,000  92%  8  2  0  18  Mityana DLG  0  52,500,000     0  0%  0  1.5  0  19  Mukono DLG  72,450,000  47,200,000  65%   45,000,000  95%  4  1  0  20  Nakaseke DLG  270,000,000  124,575,000  46%  122,742,000  99%  2  2.5  48,010,000  21  Nakasongola DLG  63,000,000  71,000,000  113%  71,000,000  100%  0  0  0  22  Ngora DLG  270,000,000  0  0%   0  0%  0  0  0  23  Soroti DLG  124,200,000  118,200,000  95%  118,200,000  100%  0  0  0  24  Wakiso DLG  1,287,000,000  742,190,000  58%   733,800,000  99%  2  5  0    Total  5,429,565,605  2,471,262,293  46%  2,269,712,000  92%  168    248,510,000              334    Appendix 8 b: Support to organised groups for improvement of people’s livelihood – Inspection of micro projects  SN  Entity Name  Funding of groups above the  maximum threshold  Physical Inspection of supported micro projects      Number of  groups funded  above threshold   Amount of  excess  disbursement  Number of  groups  inspected   Amount of  funds disbursed  to projects  inspected  Number of  projects that  were in  existence  Number of groups  that implemented  the approved  project  Number of  groups that  implemented  un-approved  projects  1  Bukedea DLG  0  0  5  24,300,000  5  3  2  2  Buliisa DLG  0  0  4  8,000,000  4  1  3  3  Butambala DLG  2  1,000,000  4  40,000,000  4  4  0  4  Hoima City  0  0  2  6,000,000  2  1  1  5  Hoima DLG  0  0  4  26,000,000  4  3  1  6  Kabarole DLG  0  0  2  20,000,000  2  1  1  7  Kakumiro DLG  0  0  8  22,000,000  8  6  2  8  Kaladi DLG  0  0  3  14,000,000  3  3  0  9  Kapelebyong DLG  0  0  3  18,500,000  3  3  0  10  Kasese DLG  0  0  2  10,000,000  2  2  0  11  Kayunga DLG  2  25,000,000  2  20,000,000  2  2  0  12  Kibaale DLG  0  0  3  8,500,000  3  3  0  13  Kikuube DLG  0  0  2  5,000,000  2  2  0  14  Kyenjojo DLG  0  0  1  10,000,000  1  1  0  15  Luwero DLG  0  0  7  0  7  6  1  16  Masindi DLG  0  0  5  16,000,000  5  3  2  17  Masindi MC  0  0  5  12,000,000  5  2  3  18  Mityana DLG  0  0  0  0  0  0  0  19  Mukono DLG  1  5,000,000  3  45,000,000  3  3  0  20  Nakaseke DLG  1  8,000,000  6  59,500,000  6  6  0  21  Nakasongola DLG  0  0  4  50,000,000  2  2  2  22  Ngora DLG  0  0  0  0  0  0  0  23  Soroti DLG  0  0  2  8,000,000  2  2  0  24  Wakiso DLG  27  182,000,000  7  80,000,000  7  7  0    Total  33  221,000,000  84  502,800,000  82  66  18              335    Appendix 9: Operationalisation of new cities  SN  Entity  Name  Budget Performance  Local revenue sharing  Approved budget  Actual  collections  Shortfall  %age  shortfall  Expected  remittance to  Division   Actual  remittance to  Divisions  Under- remittance  %age  Under- remitted  1  Jinja  58,090,748,734  50,969,290,015  7,121,458,719  12%  1,844,294,373  1,593,317,055  250,977,318  14%  2  Mbarara  62,491,147,300  56,163,575,756  6,327,571,544  10%  1,699,120,258  1,583,212,950  115,907,308  7%  3  Mbale  54,509,554,490  54,509,554,490  0  0%  784,455,187  594,895,194  189,559,993  24%  4  Hoima  33,529,655,343  32,440,208,365  1,089,446,978  3%  875,092,462  654,869,681  220,222,781  25%  5  Soroti  32,245,918,630  27,191,436,469  5,054,482,161  16%  0  0  0  0%  6  Fort portal  32,686,993,162  31,666,904,298  1,020,088,864  3%  1,041,451,036  1,041,451,036  0  0%  7  Lira  54,602,635,918  42,012,644,858  12,589,991,060  23%  0  0  0  0%  8  Masaka  42,593,236,710  39,377,424,934  3,215,811,776  8%  1,038,919,625  1,079,682,076  (40,762,452)  04%  9  Arua  45,846,863,296  43,619,346,734  2,227,516,562  5%  1,500,454,549  1,454,515,574  45,938,975  3%  10  Gulu  51,960,870,117  49,386,722,617  2,574,147,500  5%  1,246,807,408  1,619,093,938  (372,286,531)  030%    Total  468,557,623,700  427,337,108,536  41,220,515,164  9%  10,030,594,896  9,621,037,504  409,557,393  4%    Appendix 10 a: Funding and absorption of UGIFT  SN.",delay_time_overrun,delay_time_overrun|procurement_irregularities,False,,,,,
353,2022,2022_AGRPT@CON2022.pdf,"  Physical inspection of three (3) construction projects worth UGX.22Bn namely; Irrigation Scheme in Acomai,  National Metrology Laboratory at UNBS and holding grounds at Gwot Apwoyo Zonal Animal Disease control center  revealed that works were behind schedule which will result in delayed service delivery to the citizens.",delay_time_overrun,delay_time_overrun,False,,,,,
354,2022,2022_AGRPT@CON2022.pdf,  There was only one Multi-sectoral Steering committee sitting during the year out of the mandatory two (2) which  is a major internal control weakness and exposes the Project to performance challenges such as delays in project  implementation and unsatisfactory quality of works among others  4.,governance_and_controls,governance_and_controls,True,Gwot Apwoyo Zonal Animal Disease Control Center,other_building,Gwot Apwoyo,,medium
354,2022,2022_AGRPT@CON2022.pdf,  There was only one Multi-sectoral Steering committee sitting during the year out of the mandatory two (2) which  is a major internal control weakness and exposes the Project to performance challenges such as delays in project  implementation and unsatisfactory quality of works among others  4.,governance_and_controls,governance_and_controls,True,National Metrology Laboratory at UNBS,other_building,,,medium
354,2022,2022_AGRPT@CON2022.pdf,  There was only one Multi-sectoral Steering committee sitting during the year out of the mandatory two (2) which  is a major internal control weakness and exposes the Project to performance challenges such as delays in project  implementation and unsatisfactory quality of works among others  4.,governance_and_controls,governance_and_controls,True,Acomai Irrigation Scheme,other,Acomai,,high
355,2022,2022_AGRPT@CON2022.pdf,  I undertook field inspections and noted that a number of project works were behind schedule which resulted into  delayed service delivery.,delay_time_overrun,delay_time_overrun,False,,,,,
356,2022,2022_AGRPT@CON2022.pdf,  I noted delayed completion of the UPDF National Referral Hospital at Lower Mbuya which resulted in delayed  service delivery.,delay_time_overrun,delay_time_overrun,False,,,,,
357,2022,2022_AGRPT@CON2022.pdf,I also noted that the  project had not embarked on the procurement/ engagement process of the Capacity-Building Partners (CBPs)    I noted that the project had outstanding commitments to the tune of UGX.,procurement_irregularities,procurement_irregularities,True,"UPDF National Referral Hospital, Lower Mbuya",hospital_health,Lower Mbuya,Kampala,high
358,2022,2022_AGRPT@CON2022.pdf,"389      Inspection of the progress of the project works at four (4) sites revealed that; works at Kyanja had stalled, delayed  completion of works at Kalerwe and inadequate contract management at Nakawa, City Square and Kalerwe.",delay_time_overrun,delay_time_overrun|contract_management,False,,,,,
359,2022,2022_AGRPT@CON2022.pdf,"  At the time of audit inspection the renovation works for the chancery had stalled due to delayed payments dating  back to February 2022,and this exposed the Mission to extra monthly costs such as; rent for new    419    Chancery;Euros.21,750, rent for Warehouse; Euros 1,571, security costs and remobilization of workers.",delay_time_overrun,delay_time_overrun|delayed_payments,False,,,,,
360,2022,2022_AGRPT@CON2022.pdf,o  Delays in completion of design reviews which delayed timely issuance of instructions to Contractors.,delay_time_overrun,delay_time_overrun,False,,,,,
361,2022,2022_AGRPT@CON2022.pdf,"  There was delayed completion of 22 road with a total contract value of UGX.82,177,512,239.",delay_time_overrun,delay_time_overrun,False,,,,,
362,2022,2022_AGRPT@CON2022.pdf,"The  contractors delayed to mobilize heavy machinery and equipment for works, slow progress by management to  secure a right of way due to slow compensation to people affected by the road project (PAPs) and COVID-19  pandemic whereby the Contractors could not carry out the activities as planned due to restricted movements both  local and international.",land_and_right_of_way,land_and_right_of_way,False,,,,,
363,2022,2022_AGRPT@CON2022.pdf,"  Inspection of the project for Construction of the Sleeper making Factory at Kawolo Station at contract sum of  EUR.19,840,000 revealed that progress of works was approximately at 55% and land left outside the fence had  been encroached.",land_and_right_of_way,land_and_right_of_way,True,Sleeper Making Factory at Kawolo Station,other_building,Kawolo,Buikwe,high
364,2022,2022_AGRPT@CON2022.pdf,"  I further noted that some of the project components had not been implemented at the time of audit these include;  Training in labor based construction techniques, Refurbishment of a post-crash care center and procurement of  theatre equipment.",procurement_irregularities,procurement_irregularities,False,,,,,
365,2022,2022_AGRPT@CON2022.pdf,"Road Sector Support Project 4 (RSSP–4),  for the upgrading of Kigumba – Masindi  – Hoima – Kabwoya Road Project  implemented by UNRA    I noted during various grievances relating with the resettlement of PAPs for Lot 1.",land_and_right_of_way,land_and_right_of_way,True,Kigumba-Masindi-Hoima-Kabwoya Road (RSSP-4),road,Kigumba;Masindi;Hoima;Kabwoya,,high
366,2022,2022_AGRPT@CON2022.pdf,"  While UNRA obtained a certificate of no objection for the construction and construction supervision of Hoima Town  roads, certificate of no-objection was not obtained for the construction and construction supervision of Masindi  and Kigumba Town roads due to delays in approvals by the funders.",contract_management,contract_management,True,Masindi and Kigumba Town Roads,road,Masindi;Kigumba,,medium
366,2022,2022_AGRPT@CON2022.pdf,"  While UNRA obtained a certificate of no objection for the construction and construction supervision of Hoima Town  roads, certificate of no-objection was not obtained for the construction and construction supervision of Masindi  and Kigumba Town roads due to delays in approvals by the funders.",contract_management,contract_management,True,Hoima Town Roads,road,Hoima,Hoima,medium
367,2022,2022_AGRPT@CON2022.pdf,  Contrary to the requirements of Clause 2.1 of the Contract Agreement between UNRA and the Contractor I noted  that there were still some sections of the road that had pending land acquisition issues that needed to be  addressed.,land_and_right_of_way,land_and_right_of_way,False,,,,,
368,2022,2022_AGRPT@CON2022.pdf,Opinion    I noted the following during the audit in relation to land acquisition:    436    Unqualified    Compensation for PAPs in ROW on the entire completed road Section (Km 100.4) stands at 99.7% with 0.3%  represented by six (6) PAPs (according to UNRA Compensation Status Report dated 8th July 2022) outstanding as  these still have unresolved issues like court cases and family disputes.,claims_and_disputes,claims_and_disputes|land_and_right_of_way,False,,,,,
369,2022,2022_AGRPT@CON2022.pdf,"Furthermore, due to delayed  procurement, prolonged acquisition of the Project right-of-way, and slow execution of works by the Contractors,  the initial disbursement deadline of 31st December 2020 was extended to 31st December 2024.",procurement_irregularities,procurement_irregularities,False,,,,,
370,2022,2022_AGRPT@CON2022.pdf,"The slippage of 15.95% recorded was attributed to  encumbrances on land on sections that required extra land take beyond the 30m standard Right of Way, excessive  rainfall in the region, and the Contractors restricted access to Ishasha Bridge.Time elapsed as of 30th June 2022  was 43.8 months representing 88.3% of the total extended civil works contract duration of (49.6 months).",land_and_right_of_way,land_and_right_of_way,False,,,,,
371,2022,2022_AGRPT@CON2022.pdf,2022    Opinion  Unqualified      A review of the Interim payment certificates (IPCs) established that there was delayed certification of contractor’s  IPCs and subsequently delayed payments beyond the stipulated time period of 56 days with a time lag ranging  from 23-122 days for GOU portion and 44-101 days for IsDB portion.,delayed_payments,delayed_payments,True,Ishasha Bridge,bridge,Ishasha,Kanungu,high
372,2022,2022_AGRPT@CON2022.pdf,"20,152,565,660 due to delayed payment of claims under the contract for Provision of  works and Services.",delayed_payments,delayed_payments,False,,,,,
373,2022,2022_AGRPT@CON2022.pdf,"  A review of the ICT governance structure of the entity revealed that despite the deployment of the Building Industry  Management System (BIMS) countrywide, there are no specific structures that steer and oversee IT  implementation, no approved IT risk management framework/policy at the entity and no business continuity plan  contrary to Section 4.6 of the National Information Security Policy 2014.",governance_and_controls,governance_and_controls,False,,,,,
374,2022,2022_AGRPT@CON2022.pdf,"The additional works were not part of the original contract and were not approved by the Commission’s  Contract Committee, contrary to the procurement regulations.",procurement_irregularities,procurement_irregularities,False,,,,,
375,2022,2022_AGRPT@CON2022.pdf,"  The project implementation had been delayed and some planned project activities such as Procurement of  firefighting and personal protection equipment, undertaking studies on Invasive species and developing their  respective management plans, and Procurement of road construction equipment (3 graders, 2 excavators, 2  bulldozers, 2 water bowsers, 2 tippers) were not implemented.",procurement_irregularities,procurement_irregularities,False,,,,,
376,2022,2022_AGRPT@CON2022.pdf,"National  Water  and  Sewerage  Corporation-Kampala  Water  Lake  Victoria Water and Sanitation (KW-LV  WATSAN II) –June 2022    I noted that whereas the project Package 4B KWTP was completed and handed over to Government and the Defect  Liability Periods ended in September 2022 and October 2022 for Katozi and Gaba projects, respectively, there were  still outstanding snags in both projects.",contract_management,contract_management,False,,,,,
377,2022,2022_AGRPT@CON2022.pdf,  I noted incidents where NWSC possessed land that had expired land leases; some titles were yet to be transferred  in the company names; some land housing NWSC infrastructure and which was given by other government  agencies had no MoUs signed; and some land was encroached on.,land_and_right_of_way,land_and_right_of_way,True,KW-LV WATSAN II Package 4B (Kampala Water Treatment Plant),water_supply,Kampala,Kampala,high
377,2022,2022_AGRPT@CON2022.pdf,  I noted incidents where NWSC possessed land that had expired land leases; some titles were yet to be transferred  in the company names; some land housing NWSC infrastructure and which was given by other government  agencies had no MoUs signed; and some land was encroached on.,land_and_right_of_way,land_and_right_of_way,True,Katozi Water Project,water_supply,Katozi,,medium
377,2022,2022_AGRPT@CON2022.pdf,  I noted incidents where NWSC possessed land that had expired land leases; some titles were yet to be transferred  in the company names; some land housing NWSC infrastructure and which was given by other government  agencies had no MoUs signed; and some land was encroached on.,land_and_right_of_way,land_and_right_of_way,True,Gaba Water Treatment Plant Project,water_supply,Gaba,Kampala,high
378,2022,2022_AGRPT@CON2022.pdf,"  I noted that UGX 217.34Mn of the prior year outstanding receivables related to funds due from a Contractor, whose  contract for construction of PAPs resettlement houses had been terminated.",land_and_right_of_way,land_and_right_of_way,False,,,,,
379,2022,2022_AGRPT@CON2022.pdf,"However, by November 2022, UETCL was still undertaking the procurement process of the EPC contractor.",procurement_irregularities,procurement_irregularities,False,,,,,
380,2022,2022_AGRPT@CON2022.pdf,"1,494,332,008, resulting from delay in completion of rectifications  by contractor    Rehabilitation of the Nalubaale – Kiira hydropower plants.",delay_time_overrun,delay_time_overrun,False,,,,,
381,2022,2022_AGRPT@CON2022.pdf,"These  activities include construction under the EACOP Project, the Refinery Project, Kabaale Industrial Park, construction  of the oil Jetty and Pipeline at JST, as well as undertaking the Engineering Procurement and Construction activities  at the Kampala Storage Terminal.",procurement_irregularities,procurement_irregularities,True,Nalubaale-Kiira Hydropower Plants Rehabilitation,power_generation,Nalubaale;Kiira,Jinja,high
382,2022,2022_AGRPT@CON2022.pdf,"  I noted that the Company was unable to secure a Joint Venture Partner for the planned Engineering, Procurement  and Construction (EPC) of the Kampala Storage Terminal.",procurement_irregularities,procurement_irregularities,True,East African Crude Oil Pipeline (EACOP) Project,other,,,medium
382,2022,2022_AGRPT@CON2022.pdf,"  I noted that the Company was unable to secure a Joint Venture Partner for the planned Engineering, Procurement  and Construction (EPC) of the Kampala Storage Terminal.",procurement_irregularities,procurement_irregularities,True,Uganda Oil Refinery Project,other_building,Kabaale,Hoima,high
382,2022,2022_AGRPT@CON2022.pdf,"  I noted that the Company was unable to secure a Joint Venture Partner for the planned Engineering, Procurement  and Construction (EPC) of the Kampala Storage Terminal.",procurement_irregularities,procurement_irregularities,True,Kampala Storage Terminal,other_building,Kampala,Kampala,high
382,2022,2022_AGRPT@CON2022.pdf,"  I noted that the Company was unable to secure a Joint Venture Partner for the planned Engineering, Procurement  and Construction (EPC) of the Kampala Storage Terminal.",procurement_irregularities,procurement_irregularities,True,Oil Jetty and Pipeline at JST,other,Jinja,Jinja,medium
382,2022,2022_AGRPT@CON2022.pdf,"  I noted that the Company was unable to secure a Joint Venture Partner for the planned Engineering, Procurement  and Construction (EPC) of the Kampala Storage Terminal.",procurement_irregularities,procurement_irregularities,True,Kabaale Industrial Park,other_building,Kabaale,Hoima,high
383,2022,2022_AGRPT@CON2022.pdf,"81,480,000,000 had encumbrances in the form of land  disputes, court injunctions and encroachment    I noted that the University did not have adequate infrastructure to accommodate the students under these specific  courses.",land_and_right_of_way,land_and_right_of_way,True,Kampala Storage Terminal,other_building,Kampala,Kampala,high
384,2022,2022_AGRPT@CON2022.pdf,"   I noted through land inspection, document review and inquiries from management that one (1) piece of land  measuring 0.906 hectares located on Plot 1, Kireka Hill view road had encumbrances in the form of encroachment.",land_and_right_of_way,land_and_right_of_way,False,,,,,
385,2022,2022_AGRPT@CON2022.pdf,"  Out of the 5 pieces of land measuring approximately 22.618 hectares held, 2 pieces of land measuring  approximately 0.906 hectares (4%) were not utilized by the school while one (1) piece of land measuring 0.906  hectares located on Plot 1, Kireka Hill view road had encumbrances in the form of encroachment by the local  population.",land_and_right_of_way,land_and_right_of_way,False,,,,,
386,2022,2022_AGRPT@CON2022.pdf,  I noted that domestic arrears worth UGX.17.2Mn which were not budgeted for during the year    I also noted expenditure on unbudgeted items    I noted that the oxygen plant was acquired by the Hospital inv2017 but broke down in 2020 during the Covid-19 pandemic.,delayed_payments,delayed_payments,False,,,,,
387,2022,2022_AGRPT@CON2022.pdf,"o  UCI did not claim for liquidated damages amounting to USD.68,137.4 from Roko Construction Limited even after  the Institute became aware of Roko’s failure to deliver the contract.",claims_and_disputes,claims_and_disputes,False,,,,,
388,2022,2022_AGRPT@CON2022.pdf,The contract for consultancy services for the design and  construction supervision expired in April 2020 and had never been renewed.,contract_management,contract_management,True,Uganda Cancer Institute (UCI) Building,hospital_health,Kampala (Mulago),Kampala,medium
389,2022,2022_AGRPT@CON2022.pdf,"  The Hospital’s Procurement and Disposal Unit which is supposed to have two (2) staff, according to the approved staff  establishment, has only one (1) staff in post handling all procurement duties.",procurement_irregularities,procurement_irregularities,False,,,,,
390,2022,2022_AGRPT@CON2022.pdf,"  The Hospital had irregularly accumulated domestic arrears worth UGX.271,502,307 as disclosed in the statement of  outstanding commitments.",delayed_payments,delayed_payments,False,,,,,
391,2022,2022_AGRPT@CON2022.pdf,"The Ministry of Health provided USD 1,304,322.96 (earlier meant for the procurement of x-rays) to the project  to keep the works going.",procurement_irregularities,procurement_irregularities,False,,,,,
392,2022,2022_AGRPT@CON2022.pdf,"However, due to delayed payments by the Ministry arising from delayed release of funds by both the Italian  Government and GoU co-funding, works stalled in 2018 and eventually the contractor abandoned the sites.",delay_time_overrun,delay_time_overrun|delayed_payments,False,,,,,
393,2022,2022_AGRPT@CON2022.pdf,The  contractor sued the Ministry for breach of contract.,claims_and_disputes,claims_and_disputes,False,,,,,
394,2022,2022_AGRPT@CON2022.pdf,"  I noted an encroachment of up to 11.30 hectares on the hospital land by over 2,000 families/households.",land_and_right_of_way,land_and_right_of_way,False,,,,,
395,2022,2022_AGRPT@CON2022.pdf,"554        I observed that Plot 3927 Block 273 and plot 1774 block 255 at Kiruddu-Makindye in Kampala District where the Hospital  premises and treatment plant has land titles registered in the names of Kampala Capital City Authority but not in the Hospital  name which may result into encroachment, disputes and loss of public land.",land_and_right_of_way,land_and_right_of_way,False,,,,,
396,2022,2022_AGRPT@CON2022.pdf,The Hospital is at risk of litigation and eventual payment of fines which may result into a financial loss.,claims_and_disputes,claims_and_disputes,True,Kiruddu Referral Hospital,hospital_health,Kiruddu,Kampala,high
397,2022,2022_AGRPT@CON2022.pdf,  Plot 2F on Nakasero Hill Road which houses the Headquarters of UBTS was encroached upon by a Hotel by way of a wall fence  covering a total area of 0.079ha.,land_and_right_of_way,land_and_right_of_way,False,,,,,
398,2022,2022_AGRPT@CON2022.pdf,"  Direct procurements worth UGX.571,826,881 were undertaken by the Hospital without justification while a total of  UGX.777,307,880 procurements were irregularly undertaken during the year.",procurement_irregularities,procurement_irregularities,True,Uganda Blood Transfusion Service HQ (Nakasero),other_building,Nakasero,Kampala,medium
399,2023,2023_AGPRT@CON2023.pdf,The other  six pillars which support the primary pillar include: Infrastructure and Economic Services;  Financial Inclusion (FI); Social Services; Community Mobilization and Mind-set Change;  15    Parish Development Management Information System (PDMIS); and Governance and  Administration.,governance_and_controls,governance_and_controls,False,,,,,
400,2023,2023_AGPRT@CON2023.pdf,"He further highlighted  that Payment of commitment fees was undesirable and where it occurred, it was attributed  to the key constraints identified in project implementation such as design challenges, right  of way, delayed procurements, unreadiness of projects at loan/grant contracting stage,  delays in fulfilling both disbursement and effectiveness conditions, poor project  management, absence of counterpart funds, and slow land acquisition.",land_and_right_of_way,land_and_right_of_way|procurement_irregularities,False,,,,,
401,2023,2023_AGPRT@CON2023.pdf,"Details of analysis are shown in the Table below;    Table 20: Table Showing Analysis of Domestic arrears for the last five financial years  (Amounts in UGX Tn)  Liabilities  2018/2019  2019/2020  2020/2021 2021/2022  2022/2023  Borrowings  46.408  56.884  69.602  77.967  86.078  Payables  3.335  3.839  4.652  7.578  10.502  Pension  liabilities  0.292  0.274  0.162  0.471  0.316  Deposits  0.200  0.225  0.703  0.824  0.603  Total liabilities 50.235  61.222  75.119  86.840  97.499  %movement  0  22%  19%  13%  12.27%    It was further noted there is a persistent Growth of domestic arrears in number of votes  with 100% increase from the previous financial year as indicated in the table below;    Table 21: Table Showing Growth in Domestic Arrears from Previous Financial year  SN Ministry/Department  F/Y 2021/2022  UGX -Bn  F/Y 2022/2023  UGX-Bn  %age  Increase  1   Treasury Operations  4,583.011  5,989740  31  36    SN Ministry/Department  F/Y 2021/2022  UGX -Bn  F/Y 2022/2023  UGX-Bn  %age  Increase  2   Ministry of Finance,  Planning and Economic  473.154  976.498  106  3   Uganda National  Roads Authority  471.827  621.496  32  4   Ministry Of Defence  235.821  425.570  80  5   Ministry Of Works And  Transport  75.367  215,418  186  6   Ministry Of Water &  Environment  93.048  196.027  111  7   Prisons  81.658  182.356  123  8   Ministry Of Education  And Sports  77.427  127.208  64  9   Police  77.318  108.971  41  10   KCCA  9.238  103.858  1024  11   NITA-U  21.847  40.196  84    This further supports the declining control system of Government Debt, and the need to  rethink the current control measures being applied.",delayed_payments,delayed_payments,False,,,,,
402,2023,2023_AGPRT@CON2023.pdf,"Management is also lobbying for  funding from the Government to  help in implementing various  marketing  activities  such  as  advertising,  promotions,  procurement  of  distribution  infrastructure and putting in  place international certifications  such as FSSC 220000.",procurement_irregularities,procurement_irregularities,False,,,,,
403,2023,2023_AGPRT@CON2023.pdf,"Government is organized in 20 programmes as listed in the table below;    Table 31: Showing the 20 programmes  No  Programme  Lead Entity  1  Agro-Industrialization Programme  Ministry of Agriculture  2  Governance and Security Programme  Office of the President  3  Public Sector Transformation Programme  Ministry of Public Service  4  Regional Development Programme  Ministry of Local  Government  5  Administration of Justice  Judiciary  6  Legislation, Oversight and Representation  Parliamentary Commission  7  Mineral Development Programme  Ministry of Energy  8  Sustainable Development of Petroleum Resources  Ministry of Energy  9  Climate Change, Natural Resources , Environment and  Water Management Development Programme  Ministry of Water  10  Sustainable Energy Development Programme  Ministry of Water  11  Sustainable Urbanization and Housing  Ministry of Lands  12  Human Capital Development Programme  Ministry of Education  13  Community Mobilization and Mindset Change  Programme  Ministry of Gender  14  Tourism Development Programme  Ministry of Tourism  15  Private Sector Development Programme  Ministry of Finance  16  Manufacturing Programme  Ministry of Trade  17  Digital Transformation Programme  Ministry of ICT  18  Innovation, Technology Development and Transfer  Ministry of Science  19  Development Plan Implementation Programme  Ministry of Finance  20  Integrated Transport Infrastructure and Services  Ministry of Works    Planning and budgeting for the financial year 2022/2023 was done following the  programmatic approach, and efforts were made to align the implementation and reporting  of performance to the same.",governance_and_controls,governance_and_controls,False,,,,,
404,2023,2023_AGPRT@CON2023.pdf,"At programme/entity level    a)  Performance of Programme warrants    I compared the revised budgets and warrants for each of the programmes and observed  that 19 of the 20 programmes were underfunded by UGX.2.646Tn (5.8%) as shown in  the table below;    Table 32: Performance of warrants by programmes  No  Program Name  Sum of Revised  Budget (UGX)  Tn  Sum of Total  Warrants  (UGX) Tn  Variance  (UGX) Tn  1  Agro-Industrialization  1.012  0.906  0.106  2  Mineral Development  0.024  0.016  0.009  3  Sustainable Petroleum Development  0.881  0.835  0.047  4  Manufacturing  0.586  0.519  0.067  5  Tourism Development  0.205  0.113  0.092  6  Natural Resources, Environment,  Climate Change, Land And Water  0.423  0.369  0.055  7  Private Sector Development  1.598  1.571  0.027  8  Sustainable Energy Development  0.651  0.482  0.169  9  Integrated Transport Infrastructure  And Services  3.373  2.899  0.475  10  Sustainable Urbanisation And  Housing  0.108  0.091  0.018  11  Digital Transformation  0.249  0.212  0.037  12  Human Capital Development  7.828  7.362  0.467  13  Innovation, Technology Development  And Transfer  0.250  0.214  0.036  14  Public Sector Transformation  0.873  0.841  0.031  15  Community Mobilization And Mindset  Change  0.116  0.101  0.015  16  Governance And Security  8.146  7.902  0.244  17  Regional Balanced Development  0.072  0.053  0.019  18  Development Plan Implementation  18.055  17.333  0.722  19  Administration Of Justice  0.403  0.391  0.012  20  Legislation, Oversight And  Representation  0.915  0.915  -  Total*  45.771  43.124  2.646  66    *The revised budget of UGX.45.771Tn is different from the revised GoU budget of  UGX.52.548Tn by UGX.6.777Tn which relates to project financing and local revenue which  could not be broken down by programmes.",governance_and_controls,governance_and_controls,False,,,,,
405,2023,2023_AGPRT@CON2023.pdf,"Underutilization of warrants was caused by; the late release of funds, delays in  undertaking procurements, delayed completion of works, delayed compensation of  project affected persons (PAPs), staffing gaps and delayed recruitment of staff.",delay_time_overrun,delay_time_overrun|procurement_irregularities,False,,,,,
406,2023,2023_AGPRT@CON2023.pdf,This equipment needed repair    All hospitals had functional but idle equipment not in use especially the ICU Equipment  procurement by Ministry of Health.,procurement_irregularities,procurement_irregularities,False,,,,,
407,2023,2023_AGPRT@CON2023.pdf,I advised the Accounting Officer to engage development partners and other stakeholders  to come up with measures to reduce delays in procurement process of contractors for  civil works as well as the lengthy approvals of project activities.,procurement_irregularities,procurement_irregularities,False,,,,,
408,2023,2023_AGPRT@CON2023.pdf,75    b)  Interest charges on delayed payment to contractors    I reviewed the financial statements of UNRA and MOWT and noted that outstanding  payments/payables  amount  to  UGX.804.26bn  (UGX.588.77bn  for  UNRA  and  UGX.215.49bn for MOWT) as at 30th June 2023.,delayed_payments,delayed_payments,False,,,,,
409,2023,2023_AGPRT@CON2023.pdf,  Two (2) solar water pumping systems worth UGX0.22Bn that had been delivered  to the beneficiaries were faulty at the time of inspection and the contractors were  yet to have the defects fixed.,contract_management,contract_management,False,,,,,
410,2023,2023_AGPRT@CON2023.pdf,82    Delayed delivery and installation of water pumping systems is tantamount to delayed  service delivery    I advised the Accounting Officer to strengthen contract supervision and ensure that  contractors deliver within the contract timelines.,contract_management,contract_management,False,,,,,
411,2023,2023_AGPRT@CON2023.pdf,"(ii)  Implementation of Uganda Infrastructure Fiscal Transfers Program-  UGIFT    The Government of Uganda is implementing the Intergovernmental Fiscal Transfers  (UGIFT) program results with the support of the World Bank to deepen fiscal  decentralization by improving the Adequacy, Equity, and Effectiveness of financing and  the oversight, management, and delivery of Local Government services in Education,  Health, Water and Environment, and Agriculture (micro-scale irrigation), including  refugees and their host communities.",governance_and_controls,governance_and_controls,False,,,,,
412,2023,2023_AGPRT@CON2023.pdf,"  Although the defects liability period for Isimba HPP had expired on 31st March  2023, some major defects of the project had not been rectified.",contract_management,contract_management,False,,,,,
413,2023,2023_AGPRT@CON2023.pdf,"I advised the Accounting Officers to accelerate completion of the major electricity  generation projects by completing land acquisition, rectification of defects and CDAP.",land_and_right_of_way,land_and_right_of_way|contract_management,True,Isimba Hydropower Project (Isimba HPP),power_generation,Isimba,Kayunga,high
414,2023,2023_AGPRT@CON2023.pdf,"Progress of Transmission infrastructure projects      Key infrastructure aimed at accelerating grid development and stimulating  electricity demand including Tororo-Opuyo-Lira, Mbale-Tororo, Kole-Gulu-Nebbi- Arua, Gulu-Agago and Mirama-Kabale transmission lines were behind schedule.",delay_time_overrun,delay_time_overrun,False,,,,,
415,2023,2023_AGPRT@CON2023.pdf,The other  six pillars which support the primary pillar include: Infrastructure and Economic Services;  Financial Inclusion (FI); Social Services; Community Mobilization and Mind-set Change;  Parish Development Management Information System (PDMIS); and Governance and  Administration.,governance_and_controls,governance_and_controls,True,Gulu-Agago Transmission Line,power_transmission,Gulu;Agago,,high
415,2023,2023_AGPRT@CON2023.pdf,The other  six pillars which support the primary pillar include: Infrastructure and Economic Services;  Financial Inclusion (FI); Social Services; Community Mobilization and Mind-set Change;  Parish Development Management Information System (PDMIS); and Governance and  Administration.,governance_and_controls,governance_and_controls,True,Kole-Gulu-Nebbi-Arua Transmission Line,power_transmission,Kole;Gulu;Nebbi;Arua,,high
415,2023,2023_AGPRT@CON2023.pdf,The other  six pillars which support the primary pillar include: Infrastructure and Economic Services;  Financial Inclusion (FI); Social Services; Community Mobilization and Mind-set Change;  Parish Development Management Information System (PDMIS); and Governance and  Administration.,governance_and_controls,governance_and_controls,True,Mbale-Tororo Transmission Line,power_transmission,Mbale;Tororo,,high
415,2023,2023_AGPRT@CON2023.pdf,The other  six pillars which support the primary pillar include: Infrastructure and Economic Services;  Financial Inclusion (FI); Social Services; Community Mobilization and Mind-set Change;  Parish Development Management Information System (PDMIS); and Governance and  Administration.,governance_and_controls,governance_and_controls,True,Tororo-Opuyo-Lira Transmission Line,power_transmission,Tororo;Opuyo;Lira,,high
415,2023,2023_AGPRT@CON2023.pdf,The other  six pillars which support the primary pillar include: Infrastructure and Economic Services;  Financial Inclusion (FI); Social Services; Community Mobilization and Mind-set Change;  Parish Development Management Information System (PDMIS); and Governance and  Administration.,governance_and_controls,governance_and_controls,True,Mirama-Kabale Transmission Line,power_transmission,Mirama;Kabale,,high
416,2023,2023_AGPRT@CON2023.pdf,"Below are my findings which are not included in the summaries contained in the report of  the Consolidated Financial statements in Part 2 above;    a)  Positive Observations    I noted the following areas where LGs, MDAs and KCCA had commendable performance;      Pillar 2 - Infrastructure and Economic Services, Pillar 5 – Mind-set change and  cross cutting issues and Pillar 7 - Governance and Administration had approved  pillar manuals.",governance_and_controls,governance_and_controls,False,,,,,
417,2023,2023_AGPRT@CON2023.pdf,"However, in spite of these achievements audit established some areas for improvement  which still need to be addressed in order to improve the level of services provided by UHI  for cardiovascular disease as: conducting annual National cardiovascular risk awareness  surveys, disease incidence and prevalence assessments, development of a strategy  specific to cardiovascular disease control to guide the management of cardiovascular  diseases in the entire country, ensuring the new UHI 250 bed Heart Hospital is quickly  constructed to address the inadequate operational space; training more staff to address  the staff shortage as per the HR structure, expediting the process of installation of the  pharmacy system with clear controls of procurement, storage, distribution and dispensing  of medicines from stores to the patients and building the capacity of the research co- ordination officers(unit) in the new structure to ensure effective planning, co-ordination  and execution of research activities at the institute.",procurement_irregularities,procurement_irregularities,False,,,,,
418,2023,2023_AGPRT@CON2023.pdf,"Key issues noted and recommendations made in the said report related to the  performance of the Results Based Financing (RBF) Program, the Scholarship program,  delays in procurement of medicines, procurement of medical equipment and construction  of maternity units, birth and death notifications at health facilities, among others.",procurement_irregularities,procurement_irregularities,True,UHI 250-Bed Heart Hospital,hospital_health,Kampala (Mulago),Kampala,high
419,2023,2023_AGPRT@CON2023.pdf,(vii)  Ensure sustained capacity building programs of the DISs through support  supervision and training to enhance their ability to undertake the inspection  mandate of schools.,contract_management,contract_management,False,,,,,
420,2023,2023_AGPRT@CON2023.pdf,Encroachment not only impacts the physical integrity of the infrastructure but also  facilitates vandalism and results in a loss of transmission capacity.,land_and_right_of_way,land_and_right_of_way,False,,,,,
421,2023,2023_AGPRT@CON2023.pdf,"These shortfalls are due to; the restrictive tariff  policy, inadequate justifications of the O&M budget applications made to Electricity  Regulatory Authority, vandalism, an aging and yet expanding transmission network, high  staffing gaps in the Maintenance department, and encroachment among others.",land_and_right_of_way,land_and_right_of_way,False,,,,,
422,2023,2023_AGPRT@CON2023.pdf,  Developed and distributed syllabus prototypes to different schools in the country  to bridge the gap for delayed procurement of textbooks by Ministry of Education  and sports.,procurement_irregularities,procurement_irregularities,False,,,,,
423,2023,2023_AGPRT@CON2023.pdf,"Overall Audit Conclusion:    Although the Government of Uganda has made significant efforts in the implementation  of the new lower secondary school curriculum by undertaking teacher trainings,  procurement and delivery of instructional materials and identifying required curriculum  key policy issues to be addressed among others, there were numerous curriculum  implementation gaps noted including inadequate instructional materials at schools, failure  to undertake a needs based assessment to inform planning for sufficient curriculum  requirements, limited integration of ICT in research and learning, ineffective teacher  trainings, failure to develop, review and update key policies and standards for curriculum  implementation, failure to effectively undertake continuous assessments for learners in  schools and absence of a robust monitoring and evaluation system, lack of stakeholder  coordination framework, non-harmonized assessment framework and tools for reporting  on school based assessment results.",procurement_irregularities,procurement_irregularities,False,,,,,
424,2023,2023_AGPRT@CON2023.pdf,"Theme 2: Delivery of infrastructure    Under this theme 207 projects with various technologies including deep boreholes,  rehabilitation of existing boreholes, production wells piped water system, valley tanks and  rain water harvesting tanks were assessed and I noted that;      There was lack of engineer’s estimates for the assessed project items which should  have guided the budgeting and procurement processes.",procurement_irregularities,procurement_irregularities,False,,,,,
425,2023,2023_AGPRT@CON2023.pdf,"(xii)  Conduct detailed studies for siting and installation of adequate and reliable point  water sources or reliable water supply systems to counter the negative impacts of  the low yields and frequent breakdowns due to over use of the existing facilities  by large numbers of users should be implemented;    (xiii) Ensure that sensitization of users is carried out by the Water and Sanitation staff  to instil in the facilities’ user communities the sense of ownership of the water  facilities to deter vandalism and encourage them in participation towards  maintenance of the water facilities;    (xiv) Ensure the DWOs carry out their mandated roles and duties to ensure that WUCs  are properly instituted and constituted and are functional in compliance with the  sector guidelines;    (xv)  Ensure the DWOs are be provided with dedicated means of transport to facilitate  their external oversight requirements ensure delivery of quality of services in the  Water and Sanitation Sector; and,    (xvi) Ensure that adequate sensitization of the water facilities user community is carried  out by the Water and Sanitation staff during implementation to instil in the  facilities’ user communities the sense of ownership and of their responsibility for  the maintenance of the water facilities.",governance_and_controls,governance_and_controls,False,,,,,
426,2023,2023_AGPRT@CON2023.pdf,"c)  Contribution of external oversight to the quality of services delivered in  schools    I noted that;      Inspection of schools should be of at least 3 times a year, Twenty-four (24)  primary and six (6) secondary schools received at least 3 inspections, 4 primary  schools received 2 inspections, 2 primary schools received one inspection; while  228    17 primary schools lacked data and one secondary school was not inspected by  the district inspectors of schools.",governance_and_controls,governance_and_controls,False,,,,,
427,2023,2023_AGPRT@CON2023.pdf,"247    I advised the Accounting Officer to ensure that for future projects of similar nature,  detailed designs are conducted    (ii)  Procurement Issues    On three (3) of the fourteen (14) contracts, I noted some issues arising from my review  of the procurement of the works contractors as detailed below;      In Amuru DLG, after arithmetic checks and corrections, the evaluation team  communicated and recommended Wilen Construction (U) Limited as the best  evaluated bidder with a bid price of UGX.2,181,140,717 inclusive of VAT and  contingency.",procurement_irregularities,procurement_irregularities,False,,,,,
428,2023,2023_AGPRT@CON2023.pdf,"No justification was provided for the  variance of UGX.380,215,329      In Isingiro DLG, the evaluation team did not correct the arithmetic error of  UGX.166,837,000      In Kapchorwa DLG, the bid security of the winning bidder expired before the  extended bid validity period requested by the client    These procurement irregularities can lead to challenges during project implementation    I advised the Accounting Officer to ensure that going forward, the evaluation teams  adhere to the relevant procurement guidelines    (iii)  Expiry of Performance and Advance Payment Guarantees    I established that apart from the Kamwenge Project, the performance guarantees for all  the other thirteen (13) works projects expired prior to completion of the works contrary  to the contract requirements    In addition, I noted that the advance payment guarantees for five (05) projects expired  prior to recovery of advance worth UGX.",procurement_irregularities,procurement_irregularities,False,,,,,
429,2023,2023_AGPRT@CON2023.pdf,"1,541,679,717  2  Rehabilitative works on 13km of farm access roads in  Kapchorwa district  339,355,870  3  Rehabilitative works on bottlenecks (chokes) on 29km of  farm access (Menziro –Kateera 14.5) in Kakuto Subcounty  and Kasanvu Kyakatuma Kamuli Rd 14.9km, Kyeere  subcounty roads in Kyotera District  152,166,097  4  Rehabilitative works on 26km of farm access roads in  Kasanda and Mubende districts  517,650,738  248    SN  Project  Un Recovered Advance  [UGX]  5  Rehabilitative works on 7.8km of farm access roads in Mpigi  district  165,615,247      2,716,467,669    Failure to maintain a valid performance and advance payment guarantee constitutes a  fundamental breach of contract and exposes the client to the risk of financial loss in the  event the contractors fail to perform.",claims_and_disputes,claims_and_disputes,True,Farm Access Roads Rehabilitation - Kapchorwa District (13km),road,Kapchorwa,Kapchorwa,medium
430,2023,2023_AGPRT@CON2023.pdf,"(iv)  Delayed Completion of Works    At the time of audit, I noted that the completion of works on ten (10) projects had been  delayed with delays ranging from 57 to 480 days.",delay_time_overrun,delay_time_overrun,False,,,,,
431,2023,2023_AGPRT@CON2023.pdf,The details for the delays and are  presented below;    Table 44: Table showing delayed completion of works on ten projects  SN  Project  Delays [No  of Days]  1  Rehabilitative works on bottlenecks (chokes) on 11km of farm access  roads in Bukwo district.,delay_time_overrun,delay_time_overrun,True,Farm Access Roads Rehabilitation - Bukwo District (11km),road,Bukwo,Bukwo,medium
432,2023,2023_AGPRT@CON2023.pdf,"413  8  Rehabilitative works on bottlenecks (chokes) on 17.7km of farm access  roads in Kabonera, Kyasiga, and Kyanamukaka Sub county in Masaka  district  480  9  Rehabilitative works on bottlenecks (chokes) on 29km of farm access  (Menziro –Kateera 14.5) in Kakuto Subcounty and Kasanvu Kyakatuma  Kamuli Rd 14.9km, Kyeere subcounty roads in Kyotera District  335  10  Rehabilitative works on 26km of farm access roads in Kasanda and  Mubende districts  186    Delayed completion of works denies intended users timely usage of the infrastructure    I advised the Accounting Officer to put in place measures to ensure that works are  accelerated and completed.",delay_time_overrun,delay_time_overrun,True,Farm Access Roads Rehabilitation - Kasanda and Mubende Districts (26km),road,Kasanda;Mubende,,medium
432,2023,2023_AGPRT@CON2023.pdf,"413  8  Rehabilitative works on bottlenecks (chokes) on 17.7km of farm access  roads in Kabonera, Kyasiga, and Kyanamukaka Sub county in Masaka  district  480  9  Rehabilitative works on bottlenecks (chokes) on 29km of farm access  (Menziro –Kateera 14.5) in Kakuto Subcounty and Kasanvu Kyakatuma  Kamuli Rd 14.9km, Kyeere subcounty roads in Kyotera District  335  10  Rehabilitative works on 26km of farm access roads in Kasanda and  Mubende districts  186    Delayed completion of works denies intended users timely usage of the infrastructure    I advised the Accounting Officer to put in place measures to ensure that works are  accelerated and completed.",delay_time_overrun,delay_time_overrun,True,"Farm Access Roads Rehabilitation - Menziro-Kateera/Kasanvu-Kyakatuma/Kyeere, Kyotera District",road,Menziro;Kateera;Kasanvu;Kyakatuma;Kyeere,Kyotera,medium
432,2023,2023_AGPRT@CON2023.pdf,"413  8  Rehabilitative works on bottlenecks (chokes) on 17.7km of farm access  roads in Kabonera, Kyasiga, and Kyanamukaka Sub county in Masaka  district  480  9  Rehabilitative works on bottlenecks (chokes) on 29km of farm access  (Menziro –Kateera 14.5) in Kakuto Subcounty and Kasanvu Kyakatuma  Kamuli Rd 14.9km, Kyeere subcounty roads in Kyotera District  335  10  Rehabilitative works on 26km of farm access roads in Kasanda and  Mubende districts  186    Delayed completion of works denies intended users timely usage of the infrastructure    I advised the Accounting Officer to put in place measures to ensure that works are  accelerated and completed.",delay_time_overrun,delay_time_overrun,True,"Farm Access Roads Rehabilitation - Kabonera/Kyasiga/Kyanamukaka, Masaka District (17.7km)",road,Kabonera;Kyasiga;Kyanamukaka,Masaka,medium
433,2023,2023_AGPRT@CON2023.pdf,"In addition, liquidated damages should be computed and  charged to the contractors    (v)  Delayed Payment of Contractors    I reviewed the availed documentation and established that there were delays ranging  from 95 to 628 days in effecting payment of some of the IPCs to contractors on seven  249    (07) of the projects.",claims_and_disputes,claims_and_disputes|delayed_payments,False,,,,,
434,2023,2023_AGPRT@CON2023.pdf,"Arising from these delays, contractors are entitled to interest from  the delayed payments.",delayed_payments,delayed_payments,False,,,,,
435,2023,2023_AGPRT@CON2023.pdf,"535   614,448,030  5  Rehabilitative works on bottlenecks (chokes)  on 17.7km of farm access roads in kabonera,  Kyasiga, and Kyanamukaka Sub county in  Masaka district  221   129,341,694.11  6  Rehabilitative works on bottlenecks (chokes)  on 29km of farm access (Menziro –Kateera  14.5) in Kakuto Subcounty and Kasanvu  Kyakatuma Kamuli Rd 14.9km, Kyeere  subcounty roads in Kyotera District  340  88,622,481.29  7  Rehabilitative works on bottlenecks (chokes)  on 37km of farm access roads in Kamwenge  district  95   58,673,572        1,488,476,319.4    Delayed payment of contractors negatively affects their cash flow affecting timely  completion of works.",delayed_payments,delayed_payments,False,,,,,
436,2023,2023_AGPRT@CON2023.pdf,"During the physical inspection of the works, I observed the following omissions and  defects on the sites;    Table 47: Table showing sites inspected with omissions or defects on site  SN  Project  Observation  1  Rehabilitative works on bottlenecks  (chokes) on 11km of farm access  roads in Bukwo district.",contract_management,contract_management,False,,,,,
437,2023,2023_AGPRT@CON2023.pdf,"Potholes, gullies, silted side drains, cracked head  walls  9  Rehabilitative works on bottlenecks  (chokes) on 17.7km of farm access  roads in Kabonera, Kyasiga, and  Kyanamukaka Sub county in Masaka  district  Loss of camber, absence of scour checks on  some roads, gullies, gravel loss, poorly placed  culvert end structures, misaligned culverts  10  Rehabilitative works on bottlenecks  (chokes) on 29km of farm access  (Menziro –Kateera 14.5) in Kakuto  subcounty and Kasanvu Kyakatuma  Kamuli Rd 14.9km, Kyeere subcounty  roads in Kyotera District  Cracked culverts, damaged headwalls, collapsed  culvert, unjointed culverts, heavily silted culverts  11  Rehabilitative works on 28km of farm  access roads in Butebo and Pallisa  districts  Loose material around culverts, silted culverts  12  Rehabilitative works on 26km of farm  access  roads  in  Kasanda  and  Mubende districts  Absence of concrete bedding, gullies, unjointed  culverts, cracked headwalls, deformed Armco  culvert  13  Rehabilitative works on 7.8km of farm  access roads in Mpigi district  Unjointed culverts, absence of concrete bedding  14  Rehabilitative works on bottlenecks  (chokes) on 37km of farm access  roads in Kamwenge district  Absence of scour checks, gravel loss, cracked  headwalls, rutting, un compacted gravel    I advised the Accounting Officer to ensure that all the above observed defects and/or  omissions are rectified    (ix)  Implementation of Environmental, Health, Social and Safety Measures    During the physical inspection of the works, I noted that on ten (10) projects there were  incidences of inadequate implementation of environmental, health, social and safety  measures as detailed below;    Table 48: Table showing incidences of inadequate implementation of environmental,  health, social and safety measures  SN  Project  Observation  1  Rehabilitative works on bottlenecks (chokes) on  11km of farm access roads in Bukwo district.",contract_management,contract_management,True,Farm Access Roads Rehabilitation - Butebo and Pallisa Districts (28km),road,Butebo;Pallisa,,medium
437,2023,2023_AGPRT@CON2023.pdf,"Potholes, gullies, silted side drains, cracked head  walls  9  Rehabilitative works on bottlenecks  (chokes) on 17.7km of farm access  roads in Kabonera, Kyasiga, and  Kyanamukaka Sub county in Masaka  district  Loss of camber, absence of scour checks on  some roads, gullies, gravel loss, poorly placed  culvert end structures, misaligned culverts  10  Rehabilitative works on bottlenecks  (chokes) on 29km of farm access  (Menziro –Kateera 14.5) in Kakuto  subcounty and Kasanvu Kyakatuma  Kamuli Rd 14.9km, Kyeere subcounty  roads in Kyotera District  Cracked culverts, damaged headwalls, collapsed  culvert, unjointed culverts, heavily silted culverts  11  Rehabilitative works on 28km of farm  access roads in Butebo and Pallisa  districts  Loose material around culverts, silted culverts  12  Rehabilitative works on 26km of farm  access  roads  in  Kasanda  and  Mubende districts  Absence of concrete bedding, gullies, unjointed  culverts, cracked headwalls, deformed Armco  culvert  13  Rehabilitative works on 7.8km of farm  access roads in Mpigi district  Unjointed culverts, absence of concrete bedding  14  Rehabilitative works on bottlenecks  (chokes) on 37km of farm access  roads in Kamwenge district  Absence of scour checks, gravel loss, cracked  headwalls, rutting, un compacted gravel    I advised the Accounting Officer to ensure that all the above observed defects and/or  omissions are rectified    (ix)  Implementation of Environmental, Health, Social and Safety Measures    During the physical inspection of the works, I noted that on ten (10) projects there were  incidences of inadequate implementation of environmental, health, social and safety  measures as detailed below;    Table 48: Table showing incidences of inadequate implementation of environmental,  health, social and safety measures  SN  Project  Observation  1  Rehabilitative works on bottlenecks (chokes) on  11km of farm access roads in Bukwo district.",contract_management,contract_management,True,Farm Access Roads Rehabilitation - Kamwenge District (37km),road,Kamwenge,Kamwenge,medium
437,2023,2023_AGPRT@CON2023.pdf,"Potholes, gullies, silted side drains, cracked head  walls  9  Rehabilitative works on bottlenecks  (chokes) on 17.7km of farm access  roads in Kabonera, Kyasiga, and  Kyanamukaka Sub county in Masaka  district  Loss of camber, absence of scour checks on  some roads, gullies, gravel loss, poorly placed  culvert end structures, misaligned culverts  10  Rehabilitative works on bottlenecks  (chokes) on 29km of farm access  (Menziro –Kateera 14.5) in Kakuto  subcounty and Kasanvu Kyakatuma  Kamuli Rd 14.9km, Kyeere subcounty  roads in Kyotera District  Cracked culverts, damaged headwalls, collapsed  culvert, unjointed culverts, heavily silted culverts  11  Rehabilitative works on 28km of farm  access roads in Butebo and Pallisa  districts  Loose material around culverts, silted culverts  12  Rehabilitative works on 26km of farm  access  roads  in  Kasanda  and  Mubende districts  Absence of concrete bedding, gullies, unjointed  culverts, cracked headwalls, deformed Armco  culvert  13  Rehabilitative works on 7.8km of farm  access roads in Mpigi district  Unjointed culverts, absence of concrete bedding  14  Rehabilitative works on bottlenecks  (chokes) on 37km of farm access  roads in Kamwenge district  Absence of scour checks, gravel loss, cracked  headwalls, rutting, un compacted gravel    I advised the Accounting Officer to ensure that all the above observed defects and/or  omissions are rectified    (ix)  Implementation of Environmental, Health, Social and Safety Measures    During the physical inspection of the works, I noted that on ten (10) projects there were  incidences of inadequate implementation of environmental, health, social and safety  measures as detailed below;    Table 48: Table showing incidences of inadequate implementation of environmental,  health, social and safety measures  SN  Project  Observation  1  Rehabilitative works on bottlenecks (chokes) on  11km of farm access roads in Bukwo district.",contract_management,contract_management,True,Farm Access Roads Rehabilitation - Mpigi District (7.8km),road,Mpigi,Mpigi,medium
438,2023,2023_AGPRT@CON2023.pdf,"Procurement Issues    On six (6) of the fifteen (15) contracts, I noted a number of issues arising from my review  of the procurement of the works contractors as detailed below;      The successful bidder for the extension of piped water from Itula to Lomunga  Parish did not provide CVs of key personnel    There were changes in the evaluation criteria during the evaluation of bids for full  rehabilitation of Siriba-Kalwala_Kiryampungula Road (11.3km) and Tete Ogolo-liri  road 15km    The best evaluated bidder for works at Kasenyi-Lyato did not provide the required  work method statement and his proposed Quantity Surveyor was passed despite  not having the required 4 years’ experience    The best evaluated bidder for Biyaya Secondary School had a work method  relating to a waste treatment plant and faecal sludge treatment plants which did  not constitute scope of works    During the evaluation of bids for construction of the 15m single span bridge at  Oru River, the bid for one of the bidders, Multex (U) Ltd, despite being submitted  on time was never opened claiming late submission    Inadequacies during the procurement process can result in the procurement of  contractors with inadequate capacity to execute the works    I advised the Accounting Officer to ensure that going forward, the evaluation teams  adhere to the relevant procurement guidelines    c.",procurement_irregularities,procurement_irregularities,False,,,,,
439,2023,2023_AGPRT@CON2023.pdf,Delayed Completion of Works    I noted delays in completion of the works on seven (7) out of the fifteen (15) contracts  ranging from 30 to 182 days.,delay_time_overrun,delay_time_overrun,True,Itula-Lomunga Parish Piped Water Extension,water_supply,Itula;Lomunga,,high
439,2023,2023_AGPRT@CON2023.pdf,Delayed Completion of Works    I noted delays in completion of the works on seven (7) out of the fifteen (15) contracts  ranging from 30 to 182 days.,delay_time_overrun,delay_time_overrun,True,Siriba-Kalwala-Kiryampungula Road,road,Siriba;Kalwala;Kiryampungula,,high
439,2023,2023_AGPRT@CON2023.pdf,Delayed Completion of Works    I noted delays in completion of the works on seven (7) out of the fifteen (15) contracts  ranging from 30 to 182 days.,delay_time_overrun,delay_time_overrun,True,Oru River Bridge (15m single span),bridge,Oru River,,high
439,2023,2023_AGPRT@CON2023.pdf,Delayed Completion of Works    I noted delays in completion of the works on seven (7) out of the fifteen (15) contracts  ranging from 30 to 182 days.,delay_time_overrun,delay_time_overrun,True,Biyaya Secondary School,school,Biyaya,,high
439,2023,2023_AGPRT@CON2023.pdf,Delayed Completion of Works    I noted delays in completion of the works on seven (7) out of the fifteen (15) contracts  ranging from 30 to 182 days.,delay_time_overrun,delay_time_overrun,True,Kasenyi-Lyato Road,road,Kasenyi;Lyato,,medium
439,2023,2023_AGPRT@CON2023.pdf,Delayed Completion of Works    I noted delays in completion of the works on seven (7) out of the fifteen (15) contracts  ranging from 30 to 182 days.,delay_time_overrun,delay_time_overrun,True,Tete Ogolo-Liri Road,road,Tete;Ogolo;Liri,,high
440,2023,2023_AGPRT@CON2023.pdf,"30  8,556,830.1  3  Construction of 2 three in one classroom blocks, 01  blocks of 5 stances drainable latrine, one block of class  room, a head teachers’ office and staff room in Tonya  primary school  40  25,175,791.2  4  Construction of one block of 1000 capacity Examination  Hall and supply at Biyaya Secondary School  46  10,376,233.5  5  Full Rehabilitation of Tete Ogolo-liri road 15km  36  18,840,162.0  6  Construction of two classroom blocks, one with an office  and store, construction of a 5 stance VIP latrine for girls,  construction of a 2 stance VIP lined latrine for Teachers  at Bwondha P/S  182  14,229.2  7  Construction of a Two(2) Classroom Block with Office  and Store at Namayemba P/S  179  Full contract was  not availed to  enable  computation  TOTAL    77,200,398.5    Delayed completion of works denies intended users timely usage of the infrastructure and  failure to charge damages, denies the local government compensation arising from the  delayed completion    I advised the Accounting Officer to always ensure that works are completed in time failure  of which, liquidated damages are charged to contractors    d.",delay_time_overrun,delay_time_overrun|claims_and_disputes,False,,,,,
441,2023,2023_AGPRT@CON2023.pdf,Unjustified extensions of time lead  to delayed completion of the works.,delay_time_overrun,delay_time_overrun,True,Namayemba Primary School Classroom Block,school,Namayemba,,high
441,2023,2023_AGPRT@CON2023.pdf,Unjustified extensions of time lead  to delayed completion of the works.,delay_time_overrun,delay_time_overrun,True,Bwondha Primary School Classroom Blocks,school,Bwondha,,high
441,2023,2023_AGPRT@CON2023.pdf,Unjustified extensions of time lead  to delayed completion of the works.,delay_time_overrun,delay_time_overrun,True,Tonya Primary School Classroom Blocks,school,Tonya,,high
442,2023,2023_AGPRT@CON2023.pdf,"Full Rehabilitation of  Tete Ogolo-liri road  15km  Honey combing on culverts, Cracks on pipe culverts  Disjointed culverts, Poor workmanship of end structures  Blocked culvert line outlet, Culvert end structures not  constructed at Ogolo Junction, Untrained culvert outlets,  Washed away outlet apron slabs.",contract_management,contract_management,False,,,,,
443,2023,2023_AGPRT@CON2023.pdf,"If not corrected, the above observed defects and omissions could compromise the  durability, safety and functionality of the infrastructure  263    I advised the Accounting Officer to ensure that all the above observed defects and/or  omissions are addressed    g.",contract_management,contract_management,False,,,,,
444,2023,2023_AGPRT@CON2023.pdf,"Quality Control of Works    I evaluated the quality control procedures for the works and established that for eleven  (11) out of the fifteen contracts (15), the supervision teams did not test some of the  materials used prior to their incorporation into the works as detailed below;    Table 56: Showing projects where the supervision teams did not test some of the  materials used prior to their incorporation into the works  SN  Project Name  Materials Not Tested  1.",contract_management,contract_management,False,,,,,
445,2023,2023_AGPRT@CON2023.pdf,"Construction of a mini piped water scheme at  Chungambe Trading Center  Sand, bricks  8  Construction of a theatre, 2 units of 2 in one staff  houses and fencing at Rugaaga Health Centre IV  Concrete blocks, sand,  aggregates  9  Full Rehabilitation of Tete Ogolo-liri road 15km  Concrete pipe culverts  10  Construction of two classroom blocks, one with an  office and store, construction of a 5 stance VIP latrine  for girls, construction of a 2 stance VIP lined latrine  for Teachers at Bwondha P/S  Aggregates, sand, concrete,  bricks  11  Construction of a Two(2) Classroom Block with Office  and Store at Namayemba P/S  Aggregates, sand, concrete,  bricks    Failure to undertake tests on materials used can lead to the use of substandard materials  thereby compromising the quality of works    I advised the Accounting Officer to always ensure that materials used are tested, results  reviewed and approved prior to their incorporation into the works    h.",contract_management,contract_management,True,Chungambe Trading Centre Mini Piped Water Scheme,water_supply,Chungambe,,high
445,2023,2023_AGPRT@CON2023.pdf,"Construction of a mini piped water scheme at  Chungambe Trading Center  Sand, bricks  8  Construction of a theatre, 2 units of 2 in one staff  houses and fencing at Rugaaga Health Centre IV  Concrete blocks, sand,  aggregates  9  Full Rehabilitation of Tete Ogolo-liri road 15km  Concrete pipe culverts  10  Construction of two classroom blocks, one with an  office and store, construction of a 5 stance VIP latrine  for girls, construction of a 2 stance VIP lined latrine  for Teachers at Bwondha P/S  Aggregates, sand, concrete,  bricks  11  Construction of a Two(2) Classroom Block with Office  and Store at Namayemba P/S  Aggregates, sand, concrete,  bricks    Failure to undertake tests on materials used can lead to the use of substandard materials  thereby compromising the quality of works    I advised the Accounting Officer to always ensure that materials used are tested, results  reviewed and approved prior to their incorporation into the works    h.",contract_management,contract_management,True,Rugaaga Health Centre IV Theatre/Staff Houses,hospital_health,Rugaaga,,high
446,2023,2023_AGPRT@CON2023.pdf,I advised the Accounting Officer to put in place measures to ensure that the supervision  teams prepare quality progress reports    4.3.3 Special Audit on Alleged Mismanagement of Funds for Kanara Water Supply  Project in Kitagwenda District (Phase II &III) and Kikazi-Ntara Road    I conducted a special audit to assist the Directorate of Criminal Investigation in  investigating the alleged cases of corruption and embezzlement of funds and loss of public  resources in Kitagwenda District Local Government in the Financial Year 2020/21.,contract_management,contract_management,False,,,,,
447,2023,2023_AGPRT@CON2023.pdf,"Below is a summary  of the key findings as per the specific audit objectives;    a)  To determine whether Projects were included in the District plans    I established that the construction of Kanara water supply system phase III was included  in the district annual procurement work plan for the FY 2020/21, however, I could not  determine whether the construction of Kanara water supply system phase II was included  in the procurement plan for the FY 19/20 as I was not availed the plan.",procurement_irregularities,procurement_irregularities,True,Kanara Water Supply System (Phase II & III),water_supply,Kanara,Kitagwenda,high
447,2023,2023_AGPRT@CON2023.pdf,"Below is a summary  of the key findings as per the specific audit objectives;    a)  To determine whether Projects were included in the District plans    I established that the construction of Kanara water supply system phase III was included  in the district annual procurement work plan for the FY 2020/21, however, I could not  determine whether the construction of Kanara water supply system phase II was included  in the procurement plan for the FY 19/20 as I was not availed the plan.",procurement_irregularities,procurement_irregularities,True,Kikazi Street-Ntara Circular Road,road,Kikazi;Ntara,Kitagwenda,high
448,2023,2023_AGPRT@CON2023.pdf,I established that the construction of Kikazi Street and Ntara Circular road was  conceptualized and approved under the Uganda Road Fund (URF) Board special project  for the extended periodic maintenance/tarmacking of 1.0km in March 2020 but was not  included in the district procurement plan for the FY 2020/21.,procurement_irregularities,procurement_irregularities,False,,,,,
449,2023,2023_AGPRT@CON2023.pdf,"d)  To Determine Whether the Procurement of the Design Consultant,  Contractors and Construction Materials Followed the PPDA Act and  Regulations    (i)  Procurement of Design Consultant    I was not availed any documentation pertaining to the procurement of the design  consultant for the Kanara Water Supply Project.",procurement_irregularities,procurement_irregularities,False,,,,,
450,2023,2023_AGPRT@CON2023.pdf,"Basing on the documentation availed to me regarding the procurement of the  design consultant for the construction of Kikazi Street and Ntara Circular road, I  established that the procurement of the consultant generally followed the PPDA  regulations and guidelines.",procurement_irregularities,procurement_irregularities,False,,,,,
451,2023,2023_AGPRT@CON2023.pdf,"(ii)  Procurement of Works Contractors for Phase II and III of the Water  Supply System    Upon reviewing documentation availed to me, I established that the procurement  process for the contractors did not fully follow the PPDA Act and regulations as  detailed below;  268      I established that for Kanara water supply system phase II, although there was  no record of issuance of the bidding document to one of the bidders, Aptech Africa  Ltd, the record of receipt of bids indicated that a bid from Aptech Africa Ltd was  received and the bid was not rejected at either the preliminary evaluation or the  financial evaluation stage contrary to Regulation 66(7) of the PPDA Local  Government Regulations 2006.",procurement_irregularities,procurement_irregularities,False,,,,,
452,2023,2023_AGPRT@CON2023.pdf,"  I established that for Kanara water supply system phase II, the evaluation team  evaluated and compared bids with different work scope elements as well as  different quantities for some of the similar work items which is unfair and contrary  to the basic principles of procurement set out in section 43 of the PPDA Act.",procurement_irregularities,procurement_irregularities,True,Kanara Water Supply System (Phase II & III),water_supply,Kanara,Kitagwenda,high
453,2023,2023_AGPRT@CON2023.pdf,"  During the procurement of the works contractors for phase II and phase III, some  of the work items that were included in the initial engineer’s estimates were  omitted/removed and yet these are required for the completeness of construction.",procurement_irregularities,procurement_irregularities,False,,,,,
454,2023,2023_AGPRT@CON2023.pdf,"  I also established that for phase III, the generator specifications were changed  from 50KVA power rating that was in the original engineer’s estimate for the  Kanara RGC water supply scheme to 25KVA during preparation of the unpriced  BoQs at tender.",procurement_irregularities,procurement_irregularities,False,,,,,
455,2023,2023_AGPRT@CON2023.pdf,"(iii)  Procurement of Construction Materials for Kikazi Street and Ntara  Circular Road    I established that the procurement process for the construction materials did not fully  follow the PPDA Act and Regulations as detailed below;      Whereas Kitagwenda District Local Government had a list of best evaluated  bidders for supply of reinforced culverts and stone chippings, I was not availed  copies of contracts as well as Local Purchase Orders with these suppliers for the  construction materials procured.",procurement_irregularities,procurement_irregularities,False,,,,,
456,2023,2023_AGPRT@CON2023.pdf,"269    e)  To Establish Whether there were Adequate Internal Controls During    Implementation and Supervision of Works    (i)  Kanara Water Supply System Phase II and III    I established some inadequacies in the internal controls during implementation  and supervision of the Kanara water supply system phase II and III as detailed  below;      For both phase II and III, there was no evidence that the contractors submitted  performance guarantees as was contractually required.",contract_management,contract_management|governance_and_controls,False,,,,,
457,2023,2023_AGPRT@CON2023.pdf,"Arising from this delay, liquidated damages of at least UGX.3,450,000  should be charged to the contractor.",claims_and_disputes,claims_and_disputes,True,Kanara Water Supply System (Phase II & III),water_supply,Kanara,Kitagwenda,high
458,2023,2023_AGPRT@CON2023.pdf,I was not availed any documented evidence  of the Project Manager notifying the contractor of the Client’s intention to charge  liquidated damages as a result of the delayed completion of works.,delay_time_overrun,delay_time_overrun|claims_and_disputes,False,,,,,
459,2023,2023_AGPRT@CON2023.pdf,"(ii)  Construction of Kitara Street and Ntara Circular Road    I established the following inadequacies in the internal controls during  implementation of the project;        Whereas Kitagwenda District Local Government was expected to transfer the  funds to Kitagwenda Town Council expeditiously and intact, the district transferred  the first and second tranches of funds after 132 and 182 days respectively.",governance_and_controls,governance_and_controls,False,,,,,
460,2023,2023_AGPRT@CON2023.pdf,Delayed completion of works denies users timely usage of the infrastructure      I advised the respective Accounting Officers to put in place measures to ensure  that      I undertook measurements on some of the executed work items to establish the  consistency with which the supervision team accurately measured the quantities  before payments.,delay_time_overrun,delay_time_overrun|contract_management,True,Kikazi Street-Ntara Circular Road,road,Kikazi;Ntara,Kitagwenda,high
461,2023,2023_AGPRT@CON2023.pdf,"  I advised the respective Accounting Officers to ensure that these overpayments  are recovered      For the six Municipalities assessed that implemented USMID funded projects, the  assessment of percentage of material results indicated that apart from Mbarara  City that availed all the expected material test results and the two (2) Cities of  Arua and Jinja that availed partial material test results for the USMID projects, the  remaining Municipalities/Cities of Gulu, Kamuli and Ntungamo did not avail any  test results for their projects      During physical inspection of the USMID funded infrastructure works in the six  Municipalities/Cities, defects such as cracked asphalt, damaged manholes, non- functional solar lights, etc.",contract_management,contract_management,False,,,,,
462,2023,2023_AGPRT@CON2023.pdf,"  During physical inspection of the USMID funded infrastructure works, owing to the  low progress of works in the USMID funded projects in the four (4)  Municipalities/Cities of Arua, Fort Portal, Hoima and one of the two project’s in  Ntungamo, physical inspection to ascertain defects was not undertaken.",contract_management,contract_management,False,,,,,
463,2023,2023_AGPRT@CON2023.pdf,"For the  fifteen (15) Municipalities/Cities of Apac, Busia, Entebbe, Gulu, Kabale, Kamuli,  Kitgum, Masaka, Mbarara, Mbale, Moroto, Mubende, Ntungamo (one project) and  Soroti, no observable defects were identified on the USMID funded projects during  the physical inspection of works at the time of audit.",contract_management,contract_management,False,,,,,
464,2023,2023_AGPRT@CON2023.pdf,"I advised the respective Accounting Officers to ensure that the overpayments are  recovered    b)  Delayed Completion of Works    I assessed the timeliness in completion of the works and noted that;      In the education sector, apart from the seed school in Kwania DLG, completion of  works on seed schools in 43 Local Governments was delayed beyond the initial  completion date with delays ranging from 24 to 842 days.",delay_time_overrun,delay_time_overrun,False,,,,,
465,2023,2023_AGPRT@CON2023.pdf,"  In the health sector, I noted that out of the 44 local governments that  implemented upgrading of HCII’s to III’s, 28 LGs delayed completion of works  beyond the initial completion date with delays ranging from 19 to 1,179 days.",delay_time_overrun,delay_time_overrun,False,,,,,
466,2023,2023_AGPRT@CON2023.pdf,"For Busia MC, I noted that the works  executed were outside the intended scope of works for the program    Delayed payment of works denies intended users timely usage of the facilities    I advised the Accounting Officers to put in place measures to ensure that contractors  complete works in time, failure of which, liquidated damages are charged    c)  Quality Control of Works    I checked the level of quality control measures undertaken on selected materials (sand,  concrete, aggregates, blocks/bricks) before incorporation into permanent works.",claims_and_disputes,claims_and_disputes|delayed_payments,False,,,,,
467,2023,2023_AGPRT@CON2023.pdf,"UETCL and African Development Bank  (AfDB) were included on the legal suit as 1st and 2nd garnishee respectively, following a  claim by M/s Steam Investments asserting that UETCL, by the time of terminating the  Main contract, had unutilized amounts under the encashed performance guarantee,  retention monies and unpaid invoices due to M/s Isolux.",claims_and_disputes,claims_and_disputes,False,,,,,
468,2023,2023_AGPRT@CON2023.pdf,"Chief Justice indicated that he had been receiving  information that many of the courts constructed over a period of close to 10 years had  developed a lot of defects arising from use of substandard construction materials, poor  workmanship, design deficiencies, inadequate facilities and delays in construction.",contract_management,contract_management,False,,,,,
469,2023,2023_AGPRT@CON2023.pdf,a)  The construction of Kikazi Street and Ntara Circular road was conceptualized and  approved under the Uganda Road Fund (URF) Board special project for the  extended periodic maintenance/tarmacking of 1.0km in March 2020 but was not  included in the district procurement plan for the FY 2020/21.,procurement_irregularities,procurement_irregularities,True,Kikazi Street-Ntara Circular Road,road,Kikazi;Ntara,Kitagwenda,high
470,2023,2023_AGPRT@CON2023.pdf,"Notably among the incomplete works were installation of water collection facilities,  addressing environmental aspects like planting of grass and trees, plastering,  painting works and floor finishes.",delay_time_overrun,delay_time_overrun,False,,,,,
471,2023,2023_AGPRT@CON2023.pdf,  All the procured infrastructure projects were within the procurement plans of the  MCs.,procurement_irregularities,procurement_irregularities,False,,,,,
472,2023,2023_AGPRT@CON2023.pdf,"However, this caused delayed  approval of design works for infrastructural projects and delayed the commencement of  procurement processes, consequently leading to delayed implementation of subprojects.",procurement_irregularities,procurement_irregularities,False,,,,,
473,2023,2023_AGPRT@CON2023.pdf,"300    (iii)  Inspection for service delivery projects implemented in FY 2021/22 and  2022/23    I carried out physical inspections between October and December 2023 on 33 Sub projects  worth UGX.37.421Bn to ascertain the extent of service delivery in regard to; existence,  quality, adequacy, time, cost and functionality; and observed that:      Six (6) subprojects worth UGX.15.654Bn in 6 districts had defects ranging from  cracks on walls and un-cleared water channels under bridges    Twelve (12) subprojects worth UGX12.925Bn in 6 districts were behind schedule    UGX.256Mn was paid out from eleven (11) subprojects in 4 districts for  Environmental mitigation measures with no corresponding/commensurate work.",delay_time_overrun,delay_time_overrun|contract_management,False,,,,,
474,2023,2023_AGPRT@CON2023.pdf,  Environmental and Social Management Plan (ESMP) works were still ongoing and  had been affected by the delayed completion of the subprojects and by the dry  weather.,delay_time_overrun,delay_time_overrun,False,,,,,
475,2023,2023_AGPRT@CON2023.pdf,  Strengthen monitoring and supervision of construction projects.,contract_management,contract_management,False,,,,,
476,2023,2023_AGPRT@CON2023.pdf,  Two (2) projects out of the 129 projects in two LGs had road defects hence  affecting the useful life of the road.,contract_management,contract_management,False,,,,,
477,2023,2023_AGPRT@CON2023.pdf,  there were delays in the procurement processes for the construction of the piped  water schemes.,procurement_irregularities,procurement_irregularities,False,,,,,
478,2023,2023_AGPRT@CON2023.pdf,-  Enhance supervision of construction works to ensure that the projects are  completed within the agreed timelines.,contract_management,contract_management,False,,,,,
479,2023,2023_AGPRT@CON2023.pdf,"Key Recommendation    The Accounting Officers should:    -  Adequately budget and prioritize the rehabilitation and maintenance of boreholes,  and facilitation of monitoring and supervision of water user communities.",contract_management,contract_management,False,,,,,
480,2023,2023_AGPRT@CON2023.pdf,324      There were significant delays of more than 10 months in the procurement of 2000  tablet computers and rehabilitative works on 24Kms of Farm Access Roads.,procurement_irregularities,procurement_irregularities,False,,,,,
481,2023,2023_AGPRT@CON2023.pdf,"However, the undisbursed funds of USD 7,786,000 was incurred as  foreign exchange losses over the project lifetime arising from delayed completion  of civil works.",delay_time_overrun,delay_time_overrun,False,,,,,
482,2023,2023_AGPRT@CON2023.pdf,"The shortfall affected  implementation of activities, such as; recruitment, monitoring of radiation facilities,  construction of a technical support block, and procurement of environmental  monitoring equipment, among others.",procurement_irregularities,procurement_irregularities,False,,,,,
483,2023,2023_AGPRT@CON2023.pdf,"  Three (3) on-going court cases worth UGX.568,584,596 were not disclosed in the  Hospital’s financial statements.",claims_and_disputes,claims_and_disputes,False,,,,,
484,2023,2023_AGPRT@CON2023.pdf,"  There was inadequate budgeting for domestic arrears by the Hospital which stood  at UGX.246,284,770 at the beginning of the financial year.",delayed_payments,delayed_payments,False,,,,,
485,2023,2023_AGPRT@CON2023.pdf,"  Regional mental health units had challenges of lack of critical staff, designated  space and infrastructure to accommodate mental health patients, drug shortages,  and insufficient outreach and technical supervision by Butabika Hospital.",contract_management,contract_management,True,Butabika National Referral Mental Hospital,hospital_health,Butabika,Kampala,high
486,2023,2023_AGPRT@CON2023.pdf,"  Two (2) key procurements, namely purchasing medical equipment and engaging  capacity-building partners, were still in process.",procurement_irregularities,procurement_irregularities,False,,,,,
487,2023,2023_AGPRT@CON2023.pdf,"  Advance payment guarantees for the advance payments totaling USD 1,511,208  had expired due to the delayed completion of the multipurpose building which also  deferred the supply and installation of ICT Equipment for Training and  Telemedicine, a Magnetic Resonance Imaging System (MRI) and Medical  Laboratory Furniture  Economic Policy  Research  Centre  Human Capital  Development  Unqualified    There were no material findings to report on    Education  Service  Commission  (ESC)  Human capital  development  Unqualified  I noted that;      The Commission had an approved budget of UGX 14.647Bn from the various  programmes out of which UGX 13.640Bn (93%) was warranted, resulting in a  shortfall of UGX 1.007Bn.",delay_time_overrun,delay_time_overrun,False,,,,,
488,2023,2023_AGPRT@CON2023.pdf,"Unpaid PAPs were 6,256 with  outstanding payments of UGX 4,677,888,844    Energy  for  Rural  Transformation  Project - Phase  III (ERT III)  Under  The  Project  Coordination  Unit  Energy Development    Unqualified  I observed that;      Cumulative disbursements of project funds as at 30th June 2023 by the donor was  USD.11.1M (94%) out of the expected USD 11.8M, while GOU counterpart  disbursements are at 116% (USD 2.91M out of USD 2.5M).",delayed_payments,delayed_payments,True,Enterprise Uganda Office Block,other_building,Kampala,Kampala,medium
489,2023,2023_AGPRT@CON2023.pdf,"  There was delayed completion of the construction of the Office Block for Enterprise  Uganda where the planned progress was 70.25% compared to a physical work  progress of 42%, hence average time lost was 28% translating to delays of over  5.65 months.",delay_time_overrun,delay_time_overrun,False,,,,,
490,2023,2023_AGPRT@CON2023.pdf,  Delayed Completion of Phase 1 of Construction of Business Development Centre.,delay_time_overrun,delay_time_overrun,False,,,,,
491,2023,2023_AGPRT@CON2023.pdf,  Delayed completion of construction works of the Regional Blood Bank Offices that  affected delivery of intended blood transfusion services.,delay_time_overrun,delay_time_overrun,False,,,,,
492,2023,2023_AGPRT@CON2023.pdf,"  Lots 1,2,3, and 5 delayed to commence due to challenges in the acquisition of right  of way, absence of approved design reviews and non-compliance to health, safety  and environment safeguards.",contract_management,contract_management,False,,,,,
493,2023,2023_AGPRT@CON2023.pdf,  There was delayed commencement of Project works as the procurement which was  initiated in May 2018 had not been concluded at the time of the audit in November  2023.,procurement_irregularities,procurement_irregularities,False,,,,,
494,2023,2023_AGPRT@CON2023.pdf,"  The Hospital had outstanding salary arrears for 29 employees worth  UGX.171,749,787 for the period under review.",delayed_payments,delayed_payments,False,,,,,
495,2023,2023_AGPRT@CON2023.pdf,"However, at the time audit (November, 2023), the construction  had stalled.",delay_time_overrun,delay_time_overrun,False,,,,,
496,2023,2023_AGPRT@CON2023.pdf,"  The Institute owns land measuring 650 acres in Kabanyolo with a total of 15  Security guards, however, the land is encroached upon and a school is being built  on it, the land is not fully demated and not fully fenced.",land_and_right_of_way,land_and_right_of_way,True,"Makerere University Agricultural Research Institute Kabanyolo (MUARIK, inferred)",school,Kabanyolo,Wakiso,low
497,2023,2023_AGPRT@CON2023.pdf,At the point writing this  report the building was not yet completed.,delay_time_overrun,delay_time_overrun,False,,,,,
498,2023,2023_AGPRT@CON2023.pdf,412      Construction of UPDF National Referral Hospital at Lower Mbuya had stalled and  been abandoned.,delay_time_overrun,delay_time_overrun,True,"UPDF National Referral Hospital, Lower Mbuya",hospital_health,Lower Mbuya,Kampala,high
499,2023,2023_AGPRT@CON2023.pdf,  The construction works for the Beneficiation centre in Fortportal were shoddy and  incomplete which delayed the operationalisation of the centre.,contract_management,contract_management,True,Fort Portal Beneficiation Centre,other_building,Fort Portal,Kabarole,high
500,2023,2023_AGPRT@CON2023.pdf,"  With regard to the progress of on-going construction and renovation works,  whereas a number of these projects were progressing well, some projects were  behind schedule.",delay_time_overrun,delay_time_overrun,False,,,,,
501,2023,2023_AGPRT@CON2023.pdf,"1,002,044,687  on the e-procurement system (E-GP)    Ministry  of  Lands, Housing  &  Urban  Development  Natural Resources,  Environment, Climate  Change, Land and  Water  Sustainable  Urbanisation and  Housing  Unqualified  I noted the following:      Out of the budget of UGX.",procurement_irregularities,procurement_irregularities,False,,,,,
502,2023,2023_AGPRT@CON2023.pdf,"429    Ministry  of  Local  Government                  Agro-Industrialization  Development Plan  Implementation  Governance and  Security  Human Capital  Development  Legislation, Oversight  and Representation  Natural Resources,  Environment, Climate  Change, Land and  Water  Public Sector  Transformation  Regional Balanced  Development  Sustainable  Urbanisation and  Housing  Unqualified  I observed that:      The Ministry of Local Government collected UGX.4,760,687,200 against the  budgeted NTR of UGX.170,000,000.",governance_and_controls,governance_and_controls,False,,,,,
503,2023,2023_AGPRT@CON2023.pdf,"  There was delayed completion of; Construction of a Ferry Landing Site at Gerenge  in Katabi Town Council, Civil Works for Upgrading of Shimon Roads (3.178km) and  Civil Works for the upgrading of Kiwogoloma-Kitukutwe-Kijabijjo road (4.5km) and  Bulindo-Nsansa-Namugongo road (4.56km), Ssezibwa (Bulandi –Gyira) Swamp  Crossing Between Kayunga and Nakasogola Districts as well as civil Works for  Upgrading of Kafunta-Buwampa Road (9.5KM).",delay_time_overrun,delay_time_overrun,True,"Gerenge Ferry Landing Site, Katabi Town Council",other_building,Gerenge,Wakiso,high
503,2023,2023_AGPRT@CON2023.pdf,"  There was delayed completion of; Construction of a Ferry Landing Site at Gerenge  in Katabi Town Council, Civil Works for Upgrading of Shimon Roads (3.178km) and  Civil Works for the upgrading of Kiwogoloma-Kitukutwe-Kijabijjo road (4.5km) and  Bulindo-Nsansa-Namugongo road (4.56km), Ssezibwa (Bulandi –Gyira) Swamp  Crossing Between Kayunga and Nakasogola Districts as well as civil Works for  Upgrading of Kafunta-Buwampa Road (9.5KM).",delay_time_overrun,delay_time_overrun,True,Kiwogoloma-Kitukutwe-Kijabijjo Road,road,Kiwogoloma;Kitukutwe;Kijabijjo,,high
503,2023,2023_AGPRT@CON2023.pdf,"  There was delayed completion of; Construction of a Ferry Landing Site at Gerenge  in Katabi Town Council, Civil Works for Upgrading of Shimon Roads (3.178km) and  Civil Works for the upgrading of Kiwogoloma-Kitukutwe-Kijabijjo road (4.5km) and  Bulindo-Nsansa-Namugongo road (4.56km), Ssezibwa (Bulandi –Gyira) Swamp  Crossing Between Kayunga and Nakasogola Districts as well as civil Works for  Upgrading of Kafunta-Buwampa Road (9.5KM).",delay_time_overrun,delay_time_overrun,True,Shimoni Road Upgrade (3.178km),road,Shimoni,,medium
503,2023,2023_AGPRT@CON2023.pdf,"  There was delayed completion of; Construction of a Ferry Landing Site at Gerenge  in Katabi Town Council, Civil Works for Upgrading of Shimon Roads (3.178km) and  Civil Works for the upgrading of Kiwogoloma-Kitukutwe-Kijabijjo road (4.5km) and  Bulindo-Nsansa-Namugongo road (4.56km), Ssezibwa (Bulandi –Gyira) Swamp  Crossing Between Kayunga and Nakasogola Districts as well as civil Works for  Upgrading of Kafunta-Buwampa Road (9.5KM).",delay_time_overrun,delay_time_overrun,True,Bulindo-Nsansa-Namugongo Road,road,Bulindo;Nsansa;Namugongo,Wakiso,high
503,2023,2023_AGPRT@CON2023.pdf,"  There was delayed completion of; Construction of a Ferry Landing Site at Gerenge  in Katabi Town Council, Civil Works for Upgrading of Shimon Roads (3.178km) and  Civil Works for the upgrading of Kiwogoloma-Kitukutwe-Kijabijjo road (4.5km) and  Bulindo-Nsansa-Namugongo road (4.56km), Ssezibwa (Bulandi –Gyira) Swamp  Crossing Between Kayunga and Nakasogola Districts as well as civil Works for  Upgrading of Kafunta-Buwampa Road (9.5KM).",delay_time_overrun,delay_time_overrun,True,Ssezibwa (Bulandi-Gyira) Swamp Crossing,bridge,Bulandi;Gyira,Kayunga;Nakasongola,high
503,2023,2023_AGPRT@CON2023.pdf,"  There was delayed completion of; Construction of a Ferry Landing Site at Gerenge  in Katabi Town Council, Civil Works for Upgrading of Shimon Roads (3.178km) and  Civil Works for the upgrading of Kiwogoloma-Kitukutwe-Kijabijjo road (4.5km) and  Bulindo-Nsansa-Namugongo road (4.56km), Ssezibwa (Bulandi –Gyira) Swamp  Crossing Between Kayunga and Nakasogola Districts as well as civil Works for  Upgrading of Kafunta-Buwampa Road (9.5KM).",delay_time_overrun,delay_time_overrun,True,Kafunta-Buwampa Road (9.5km),road,Kafunta;Buwampa,,high
504,2023,2023_AGPRT@CON2023.pdf,"439      From the review of the Standard Gauge Railway Project status of land acquisition  and the final assessment reports, I noted that as at 13th October 2023; 2,200 PAPs  worth UGX.159,649,885,792 who were assessed in the period 2016 to 2018 were  still unpaid.",land_and_right_of_way,land_and_right_of_way,True,Standard Gauge Railway (SGR) Project,other,,,medium
505,2023,2023_AGPRT@CON2023.pdf,"  The Hospital did not enforce submission of performance securities for  procurements worth UGX.497,265,890 made during the year.",procurement_irregularities,procurement_irregularities,False,,,,,
506,2023,2023_AGPRT@CON2023.pdf,"  I observed four (4) road sections (Km65 to Km92, Km7 to Km9, Km6+600 RHS  and Km38+400 to Km38+600) still had pending land acquisition issues.",land_and_right_of_way,land_and_right_of_way,False,,,,,
507,2023,2023_AGPRT@CON2023.pdf,"  I reviewed the procurement and distribution of Value addition facilities by NAADs  and noted several shortcomings which included; Supply of maize mills to ineligible  beneficiaries, non-delivery of maize milling equipment, non-adherence to  specifications for the maize mill contract, incomplete installations of maize mills,  non-adherence to the selection criteria for tractor beneficiaries, delayed completion  of a market construction, irregular change of specifications, undelivered solar water  pumping system, faulty solar water pumping systems, non-utilization of milk  coolers, failure to provide post installation support by suppliers, unpreparedness to  receive/install milk coolers, contracts executed without performance securities, lack  of memoranda of understanding (MOUs) with beneficiaries.",delay_time_overrun,delay_time_overrun|procurement_irregularities,False,,,,,
508,2023,2023_AGPRT@CON2023.pdf,"I also noted that the construction of the farm manager, senior manager and staff  houses had delayed and some stalled.",delay_time_overrun,delay_time_overrun,False,,,,,
509,2023,2023_AGPRT@CON2023.pdf,"  NEC Works Ltd had outstanding trade debtors of UGX.14,341,937,343 as of 30th  June 2023 which was an increase of 13.4% from UGX.12,642,327,284 as of 30th  June 2022    I inspected a sample of ongoing construction projects currently being implemented  by NEC-Works to assess the quality of works and progress of works and established  that largely Projects were behind schedule.",delay_time_overrun,delay_time_overrun,False,,,,,
510,2023,2023_AGPRT@CON2023.pdf,"The status of key milestones was; Engineering – 61%, Procurement-43%  and Construction – 4%.",procurement_irregularities,procurement_irregularities,False,,,,,
511,2023,2023_AGPRT@CON2023.pdf,  Land acquisition in Uganda was at 84% which poses community related risks to  the project.,land_and_right_of_way,land_and_right_of_way,False,,,,,
512,2023,2023_AGPRT@CON2023.pdf,"  I reviewed the progress of the construction of Arua Regional Office and noted that  works had since stalled, and the contractor had abandoned the site.",delay_time_overrun,delay_time_overrun,True,Arua Regional Office Construction,other_building,Arua,Arua,high
513,2023,2023_AGPRT@CON2023.pdf,  Delays in completion of construction of houses for war veterans and classrooms.,delay_time_overrun,delay_time_overrun,False,,,,,
514,2023,2023_AGPRT@CON2023.pdf,"  There were delays in completion of the rehabilitation of Corner Pa Lagara– Monroc  Market Road 14.7km worth UGX.1,780,629,779.",delay_time_overrun,delay_time_overrun,True,Corner Pa Lagara-Monroc Market Road (14.7km),road,Corner Pa Lagara;Monroc,,high
515,2023,2023_AGPRT@CON2023.pdf,  There was delayed completion of the construction of the two (2) markets namely  Opit in Omoro district and Lukole in Agago district by an average of eight (8)  months as at the time of audit in October 2023.,delay_time_overrun,delay_time_overrun,True,Opit Market,market,Opit,Omoro,high
515,2023,2023_AGPRT@CON2023.pdf,  There was delayed completion of the construction of the two (2) markets namely  Opit in Omoro district and Lukole in Agago district by an average of eight (8)  months as at the time of audit in October 2023.,delay_time_overrun,delay_time_overrun,True,Lukole Market,market,Lukole,Agago,high
516,2023,2023_AGPRT@CON2023.pdf,  Two (2) contractors undertaking contract works for the valley dams in Moroto and  Kaabong districts are past the completion time but works are still significantly  behind schedule.,delay_time_overrun,delay_time_overrun,True,Kaabong Valley Dam,dam,Kaabong,Kaabong,low
516,2023,2023_AGPRT@CON2023.pdf,  Two (2) contractors undertaking contract works for the valley dams in Moroto and  Kaabong districts are past the completion time but works are still significantly  behind schedule.,delay_time_overrun,delay_time_overrun,True,Moroto Valley Dam,dam,Moroto,Moroto,low
517,2023,2023_AGPRT@CON2023.pdf,"500      The  Fund  Accountability  Statement  of  Young  Africa  Works Uganda  –  Lead  Firm  Structure  Project  (  YAWUG-LFS)  Development Plan  Implementation    Unqualified    I draw attention to Note 5.3.1 to the Fund Accountability Statement, which  describes the basis of accounting.",governance_and_controls,governance_and_controls,False,,,,,
518,2023,2023_AGPRT@CON2023.pdf,"  Delayed payment of PAPs    UNRA has outstanding land compensation payments of UGX.7,485,209,351 for 189  PAPs yet the project has ended  Transformative  Education and  Lifelong  Learning  for  Sustainable  Growth (TELLS)  Project  No.",delayed_payments,delayed_payments,False,,,,,
519,2023,2023_AGPRT@CON2023.pdf,"  Advance payment guarantees for the advance payments totaling USD 1,511,208  had expired due to the delayed completion of the multipurpose building which also  deferred the supply and installation of ICT Equipment for Training and  Telemedicine, a Magnetic Resonance Imaging System (MRI) and Medical  Laboratory Furniture.",delay_time_overrun,delay_time_overrun,False,,,,,
520,2023,2023_AGPRT@CON2023.pdf,"  Completion of Construction of 350 Bed hospital and renovation of the six level  building at a contract price of UGX.69,676,552,693 was behind schedule with  11.6% works completed by September 2023 after two thirds of the project elapsed  time.",delay_time_overrun,delay_time_overrun,False,,,,,
521,2023,2023_AGPRT@CON2023.pdf,"  There were notable Infrastructure and Security Concerns, with Substation land  encroachment observed at Mityana, Mubende, and Fortportal substations, while  vandalism was reported for stay assemblies, conductors, underground cables, and  poles on the UMEME network, affecting the network's integrity.",land_and_right_of_way,land_and_right_of_way,False,,,,,
522,2023,2023_AGPRT@CON2023.pdf,The delayed  completion of works creates risks of escalation of supervision and construction  costs.,contract_management,contract_management,True,Mityana Substation,power_transmission,Mityana,Mityana,high
522,2023,2023_AGPRT@CON2023.pdf,The delayed  completion of works creates risks of escalation of supervision and construction  costs.,contract_management,contract_management,True,Mubende Substation,power_transmission,Mubende,Mubende,high
522,2023,2023_AGPRT@CON2023.pdf,The delayed  completion of works creates risks of escalation of supervision and construction  costs.,contract_management,contract_management,True,Fort Portal Substation,power_transmission,Fort Portal,Kabarole,high
523,2023,2023_AGPRT@CON2023.pdf,"  The Mission is in urgent need of funds for capital development to a tune of  UGX.2,217,500,000 to cater for conditioning installation, procurement of furniture  for newly posted staff and Uganda House and undertaking repairs and  refurbishment of the Embassy building.",procurement_irregularities,procurement_irregularities,False,,,,,
524,2023,2023_AGPRT@CON2023.pdf,  There were delays in completion of civil works for the construction of the National  science & Technology Entrepreneurship Innovation Centre by six (6) months    UNCST has 15 acres of project land in Namanve that had not been utilized by close  of the financial year.,delay_time_overrun,delay_time_overrun,False,,,,,
525,2023,2023_AGPRT@CON2023.pdf,"  The land acquisition status report as at 30th June 2023 for road projects  implemented by UNRA revealed that UNRA cumulatively acquired a total of  28,960.87 acres from 172,608 PAPs for a total of UGX.3,263,758,811,455.",land_and_right_of_way,land_and_right_of_way,True,National Science & Technology Entrepreneurship Innovation Centre,other_building,Namanve,Wakiso,medium
526,2023,2023_AGPRT@CON2023.pdf,"  On physical inspection in December 2023 of the Right of Way (ROW) for the  Kampala-Jinja Expressway Project, I noted that there were new structures being  constructed in some cleared sections of the ROW.",land_and_right_of_way,land_and_right_of_way,False,,,,,
527,2023,2023_AGPRT@CON2023.pdf,"  I assessed the conditions of police infrastructure and noted the following  observations; Dilapidated structures, Asbestos roofs, Self-help housing, Private  institutions on police land and encroachment on police land.",land_and_right_of_way,land_and_right_of_way,True,Kampala-Jinja Expressway Project,road,Kampala;Jinja,,high
528,2023,2023_AGPRT@CON2023.pdf,"  In my previous reports, I reported about heavy encroachments along the Busoga  loop line to Iganga station Kigulu, sitting on 34.59 acres after the whole railway  line was vandalized.",land_and_right_of_way,land_and_right_of_way,False,,,,,
529,2023,2023_AGPRT@CON2023.pdf,"Uganda  Refinery  Holding  Company  Energy Development    Unqualified    The 240MW power substation at Kabalega Industrial Park originally planned to be  finalized by mid-2024 was rescheduled to commence the design and construction  phase by early 2024, indicating the risk of delayed completion.",delay_time_overrun,delay_time_overrun,True,Busoga Loop Railway Line (Iganga-Kigulu section),other,Iganga;Kigulu,Iganga,high
530,2023,2023_AGPRT@CON2023.pdf,"•  Out of the planned acquisition of 1157.82 hectares of land for the project, only  872.743 hectares were acquired representing 75.38% land acquisition status.",land_and_right_of_way,land_and_right_of_way,True,Kabalega Industrial Park 240MW Substation,power_transmission,Kabalega Industrial Park,Hoima,high
531,2023,2023_AGPRT@CON2023.pdf,•  There is limited access to Right of Way (ROW) for certain road sections which has  hindered the timely completion of the road works.,land_and_right_of_way,land_and_right_of_way,False,,,,,
532,2023,2023_AGPRT@CON2023.pdf,"  Whereas the project was expected to end on the 30th of June 2024, an extension  of one year ending 30th June 2025 was granted to complete all the project  deliverables and manage the defects liability period.",contract_management,contract_management,False,,,,,
533,2024,2024_AGPRT@CON2024.pdf,The other  pillars include: Infrastructure and Economic Services; Financial Inclusion; Social Services;  Community Mobilization and mindset change; Parish Development Management  Information System; and Governance and Administration.,governance_and_controls,governance_and_controls,False,,,,,
534,2024,2024_AGPRT@CON2024.pdf,"With the system, a number of Government entities have  moved their procurement processes in relation to the purchase of goods, works, services  and non-consultancy services online.",procurement_irregularities,procurement_irregularities,False,,,,,
535,2024,2024_AGPRT@CON2024.pdf,"ii)  I noted the splitting of nineteen (19) procurements worth UGX.2.40Bn, without  following the criteria, contrary to Regulation 10 of the PPDA (Rules and Methods  for Procurement of Supplies, Works and Non-Consultancy Services) Regulations,  2023.",procurement_irregularities,procurement_irregularities,False,,,,,
536,2024,2024_AGPRT@CON2024.pdf,Most of the delays are  attributed to delayed procurement and delayed land acquisition.,land_and_right_of_way,land_and_right_of_way|procurement_irregularities,False,,,,,
537,2024,2024_AGPRT@CON2024.pdf,Uganda Property  Holdings Limited  15.5  19.9  -4.3  The increase in operating expenses was mainly  attributed to increase in staff recruitments and  professional fees for supervision of the project of  construction of warehouses in Tororo and designs  for Bugolobi project  7.,contract_management,contract_management,False,,,,,
538,2024,2024_AGPRT@CON2024.pdf,"Uganda Electricity  Transmission  Company  2.17  2.02  The available funds are not excess in nature however  tagged and committed to several disbursements/activities  pending conclusion of the relevant processes under way  like procurements, RAP processes, fixed funds on bank  accounts for treasury management purposes.",procurement_irregularities,procurement_irregularities,True,Bugolobi Project (Uganda Property Holdings),other_building,Bugolobi,Kampala,medium
538,2024,2024_AGPRT@CON2024.pdf,"Uganda Electricity  Transmission  Company  2.17  2.02  The available funds are not excess in nature however  tagged and committed to several disbursements/activities  pending conclusion of the relevant processes under way  like procurements, RAP processes, fixed funds on bank  accounts for treasury management purposes.",procurement_irregularities,procurement_irregularities,True,Tororo Warehouses (Uganda Property Holdings),other_building,Tororo,Tororo,medium
539,2024,2024_AGPRT@CON2024.pdf,"2.1.2 Integrated Transport Infrastructure and Services Program  a)  Unpaid arrears for Road and Bridge Construction Projects    As of 30th June 2024, arrears amounting to UGX.798.97Bn relating to road and bridge  construction projects remained unpaid for road and bridge construction projects.",delayed_payments,delayed_payments,False,,,,,
540,2024,2024_AGPRT@CON2024.pdf,b)  Unpaid Liabilities for Project-Affected Persons under the MOWT and  UNRA    The audit revealed unpaid liabilities totaling UGX.3.491Tn as of 18th October 2024 for  Project Affected Persons (PAPs) under land acquisition programs managed by the  Uganda National Roads Authority (UNRA) and the Ministry of Works and Transport  (MoWT).,land_and_right_of_way,land_and_right_of_way,False,,,,,
541,2024,2024_AGPRT@CON2024.pdf,70      e)  Significant Cost Escalation and Payment Shortfall on Busega-Mpigi  Expressway    The Busega-Mpigi Expressway project is facing significant shortcomings in technical  preparation and funding management.,cost_overrun,cost_overrun,False,,,,,
542,2024,2024_AGPRT@CON2024.pdf,"By May 2024, the original contract funds for civil works were  fully depleted, with physical progress at only 40.86%, and certified works worth  UGX.30.8Bn remained unpaid, posing risks of delayed payments and legal claims.",delayed_payments,delayed_payments,True,Busega-Mpigi Expressway,road,Busega;Mpigi,,high
543,2024,2024_AGPRT@CON2024.pdf,Recommendation    I advised the Accounting Officer to expedite efforts to secure additional funding to meet  contract obligations and reduce risks of payment delays and contractor accumulation of  interest claims on delayed payments.,delayed_payments,delayed_payments,False,,,,,
544,2024,2024_AGPRT@CON2024.pdf,"The analysis of the components contributing to overall progress revealed that most  of the progress related to procurement of materials, engineering and site logistics,  while actual construction works were at 8.5%.",procurement_irregularities,procurement_irregularities,False,,,,,
545,2024,2024_AGPRT@CON2024.pdf,iii)  The compensation of Project Affected Persons (PAPs) for the East African Crude  Oil Pipeline (EACOP) was substantially complete and construction works had  commenced.,land_and_right_of_way,land_and_right_of_way,False,,,,,
546,2024,2024_AGPRT@CON2024.pdf,"Recommendations    •  I advised the Accounting Officer of PAU to enhance regulatory oversight to ensure  timely and cost-efficient completion of all critical projects, including the drilling  operations, oil extraction facilities, the EACOP, and the supporting infrastructure  managed by other government institutions.",governance_and_controls,governance_and_controls,True,East African Crude Oil Pipeline (EACOP) Project,other,,,medium
547,2024,2024_AGPRT@CON2024.pdf,"i)  Feasibility studies and engineering designs for 1,495 Km of roads worth UGX.5.5Bn  under the second batch were not yet undertaken, awaiting clearance of the  procurement from IFAD.",procurement_irregularities,procurement_irregularities,False,,,,,
548,2024,2024_AGPRT@CON2024.pdf,"iv)  Construction and supervision of 1,000Km of road works worth UGX.56.56Bn under  the first batch had not commenced due to inadequate preparedness for project  implementation.",contract_management,contract_management,False,,,,,
549,2024,2024_AGPRT@CON2024.pdf,"2.1.8 Governance and Security Programme  a)  Implementation of the Roadmap for the 2025-2026 General Elections    In preparation for the 2026 general elections, the Electoral Commission issued a road map  containing timelines for all activities leading to the general elections.",governance_and_controls,governance_and_controls,False,,,,,
550,2024,2024_AGPRT@CON2024.pdf,"The Commission was supposed to implement Phase-1 of the road which comprised of 14  key activities worth UGX.75Bn by 30th June 2024, key among which were re-organisation  of polling stations, recruitment of election supervisors, voter education, digitalization of  election documents, procurement of specialised equipment among others.",procurement_irregularities,procurement_irregularities,False,,,,,
551,2024,2024_AGPRT@CON2024.pdf,v)  On-going construction projects in 12 Missions were behind schedule.,delay_time_overrun,delay_time_overrun,False,,,,,
552,2024,2024_AGPRT@CON2024.pdf,"The above shortcomings were caused by, inadequate project preparedness, delayed  compensation of PAPs, repurposing of funds, weaknesses in contract supervision, delayed  commencement of projects, inadequate capacity of contractors, delayed handover of  sites, delayed recruitment of the required caliber of staff among others.",contract_management,contract_management,False,,,,,
553,2024,2024_AGPRT@CON2024.pdf,The other six pillars which support the primary pillar include: Infrastructure and Economic  Services; Financial Inclusion (FI); Social Services; Community Mobilization and Mind-set  Change; Parish Development Management Information System (PDMIS); and Governance  and Administration.,governance_and_controls,governance_and_controls,False,,,,,
554,2024,2024_AGPRT@CON2024.pdf,"d)  Delayed Completion of PDM data collection    According to the PDM implementation road map for UBoS, data collection was jointly  launched by Uganda Bureau of Statistics (UBoS) and Ministry of Information  Communication Technology and National Guidance (MoICT& NG) in 181 HLGs on 6th June  2022 and was expected to be concluded on 31st July 2022.",delay_time_overrun,delay_time_overrun,False,,,,,
555,2024,2024_AGPRT@CON2024.pdf,"The Government entities’ procurement processes, in relation to the purchase of  goods, works, services and non-consultancy services are to be undertaken online.",procurement_irregularities,procurement_irregularities,False,,,,,
556,2024,2024_AGPRT@CON2024.pdf,"iii)  I noted the splitting of nineteen (19) procurements worth UGX.2.40Bn, without  following the criteria, contrary to Regulation 10 of the PPDA (Rules and Methods  for Procurement of Supplies, Works and Non-Consultancy Services) Regulations,  2023.",procurement_irregularities,procurement_irregularities,False,,,,,
557,2024,2024_AGPRT@CON2024.pdf,"b)  Community Involvement    Over 4,000 energy-saving stoves and 370 rainwater tanks were provided, benefiting  communities around protected areas by UWA, and procurement of 5,940 beehives with  essential equipment to support livelihoods of people surrounding forest reserves by NFA.",procurement_irregularities,procurement_irregularities,False,,,,,
558,2024,2024_AGPRT@CON2024.pdf,"Recommendations    I advised the Accounting Officer of MoH to:    i)  Strengthen oversight mechanisms by assigning dedicated monitoring teams to  track construction progress, enforce performance contracts with contractors, and  address delays by promptly replacing non-performing contractors.",governance_and_controls,governance_and_controls,False,,,,,
559,2024,2024_AGPRT@CON2024.pdf,"However, it continued to face gaps  in infrastructure, staffing, oversight, and coordination, thereby affecting the timely and  effective delivery of project outcomes.",governance_and_controls,governance_and_controls,False,,,,,
560,2024,2024_AGPRT@CON2024.pdf,"This upward trend underscores the  pivotal role of seed schools in promoting gender equity by providing greater educational  opportunities for girls in underserved communities, key findings arising from the  programme evaluation are detailed below;    Key Findings    i)  Progress of Construction of the seed secondary schools    Out of the 259 planned seed schools, 104 seed schools (40.2%) have been completed,  116 seed schools (44.8%) are still under construction, 12 schools (4.6%) are stalled, and  27 schools (10.4%) have not yet started construction as of October 2024.",delay_time_overrun,delay_time_overrun,False,,,,,
561,2024,2024_AGPRT@CON2024.pdf,"Recommendations    I advised the Accounting Officer of the MoES to:          175      i)  Strengthen oversight mechanisms by assigning dedicated monitoring teams to  track construction progress, enforce performance contracts with contractors, and  address delays by promptly replacing non-performing contractors.",governance_and_controls,governance_and_controls,False,,,,,
562,2024,2024_AGPRT@CON2024.pdf,"iv)  Improve contractor supervision and strengthen oversight mechanisms to ensure  that school infrastructure projects, including laboratories, libraries, and teacher  accommodations, are completed on time and meet quality standards by the time  the schools are operational.",contract_management,contract_management|governance_and_controls,False,,,,,
563,2024,2024_AGPRT@CON2024.pdf,"To fully realize its potential, the  program requires strengthened oversight, accelerated recruitment of qualified teachers,  enhanced infrastructure functionality, and improved accountability measures, ensuring the  long-term sustainability and success of these critical interventions.",governance_and_controls,governance_and_controls,False,,,,,
564,2024,2024_AGPRT@CON2024.pdf,"iii)  Ineffective governance and support structure    Inter-Ministerial Committee on Menstrual Health and Hygiene (IMCMHH) which was  formed to spearhead the MHHM agenda at the national level is ineffective as there are  gaps in the resource mobilization and planning for MHHM at national, district and school  levels:    a)  The Gender Unit spends only 10% of its GoU budget and none of it donor  budget on MHHM activities;    b)  There is limited parental involvement in the provision of MH support,  whereby parents are not providing enough pads, underwear and guidance  on menstrual hygiene, which leads to the girls being absent from school.",governance_and_controls,governance_and_controls,False,,,,,
565,2024,2024_AGPRT@CON2024.pdf,"This will enhance licensing and registration of schools,  deployment of teaching staff, regulating school fees and overall governance of the  schools.",governance_and_controls,governance_and_controls,False,,,,,
566,2024,2024_AGPRT@CON2024.pdf,"By focusing on improving the implementation and enforcement of the policies,  guidelines and the laws, data collection and management, stakeholder engagement,  infrastructure development and support supervision, the ministry can create a more  supportive and effective secondary education system that aligns with the outcomes  envisaged in the constitution and Vision 2040.",contract_management,contract_management,False,,,,,
567,2024,2024_AGPRT@CON2024.pdf,"Theft, vandalism, and public encroachment on railway        196      land reserves further hinder operations, requiring costly repairs and compensation.",land_and_right_of_way,land_and_right_of_way,False,,,,,
568,2024,2024_AGPRT@CON2024.pdf,"Key Findings    However, I also established that there were areas that require improvement, as  highlighted below:    i)  There was delayed completion of infrastructure projects and this affected: all 6  irrigation schemes and valley dams planned for completion by 30th June 2024, 10  out of 13 projects for water for domestic use, 32 out of 44 planned projects for  post-harvest handling.",delay_time_overrun,delay_time_overrun,False,,,,,
569,2024,2024_AGPRT@CON2024.pdf,"Consequently, many officers were forced to live  in substandard conditions that pose safety risks, highlighting a persistent housing  crisis exacerbated by ongoing recruitment efforts aimed at achieving an UN- recommended police-to-population ratio.",contract_management,contract_management,False,,,,,
570,2024,2024_AGPRT@CON2024.pdf,iii)  NWSC faces challenges with land encroachment and vandalism of the sewerage  infrastructure.,land_and_right_of_way,land_and_right_of_way,False,,,,,
571,2024,2024_AGPRT@CON2024.pdf,"2)  Procurement Issues    I noted the following issues arising from my review of the procurement of the works  contractors in the six (6) DLGs of Adjumani, Arua, Kiryandongo, Madi-Okollo, Obongi and  Yumbe;    Table 53: Procurement issues noted  S/N  DLG  Procurement Issues Noted  1  Adjumani  •  Inadequate due diligence was undertaken on the contractor by  the Evaluation Committee.",procurement_irregularities,procurement_irregularities,False,,,,,
572,2024,2024_AGPRT@CON2024.pdf,•  Absence of a complete procurement file for the procurement of  the contract for additional works.,procurement_irregularities,procurement_irregularities,False,,,,,
573,2024,2024_AGPRT@CON2024.pdf,•  Incomplete works contract for additional works.,delay_time_overrun,delay_time_overrun,False,,,,,
574,2024,2024_AGPRT@CON2024.pdf,•  Inadequate due diligence was undertaken on the contractor by          227      S/N  DLG  Procurement Issues Noted  the Evaluation Committee.,procurement_irregularities,procurement_irregularities,False,,,,,
575,2024,2024_AGPRT@CON2024.pdf,"228        4)  Delayed Completion of Works and Unjustified Extension of Time    In five of the eleven DLGs, work completion was delayed by 28 to 163 days, warranting  liquidated damages of UGX.1,153,110,843.1, which were not charged as detailed in the  table below;    Table 55: Delays in the implementation of the works  S/N  DLG  Delay [days]  Uncharged Liquidated Damages [UGX]  1  Isingiro  28  152,166,865.20  2  Kiryandongo  163  412,509,171.3  3  Madi-Okollo  56  61,509,168  4  Moyo  163  286,028,652  5  Terego  131  240,896,986.6    TOTAL    1,153,110,843.1    Of the remaining six DLGs without delays, five granted unjustified time extensions of 193  to 392 days, leading to forfeited liquidated damages of UGX 2,251,221,181.3.",delay_time_overrun,delay_time_overrun|claims_and_disputes,False,,,,,
576,2024,2024_AGPRT@CON2024.pdf,"The details  for the unjustified extensions of time are presented in the table below;    Table 56: Delays to complete works and uncharged/forfeited liquidated damages  S/N  DLG  Unjustified extension of  time [Days]  Forfeited Liquidated Damages  [UGX]  1  Adjumani  275  1,187,105,095  2  Arua  392  557,773,771.30  3  Kamwenge  270  141,707,795  4  Madi-Okollo  193  109,837,800  5  Obongi  240  254,796,720    Total    2,251,221,181.3    Delayed completion of works denies the intended users timely usage of the infrastructure  and failure to charge damages, denies the Client compensation arising from the delayed  completion.",delay_time_overrun,delay_time_overrun|claims_and_disputes,False,,,,,
577,2024,2024_AGPRT@CON2024.pdf,"Recommendation    I advised the Accounting Officers to put measures in place to ensure that works are always  completed in time, failure of which liquidated damages are charged as per the contract  provisions.",claims_and_disputes,claims_and_disputes,False,,,,,
578,2024,2024_AGPRT@CON2024.pdf,"During the physical inspection of the works, I observed the following  omissions and defects on the sites;    Table 58: Observed defects in the different project sites  S/N  DLG  Observation  1  Adjumani  Chamfered concrete encasing for cross and access culverts and eroded  fill at box culvert.",contract_management,contract_management,False,,,,,
579,2024,2024_AGPRT@CON2024.pdf,Defects if not rectified lead to faster deterioration of the infrastructure which reduces their  service life.,contract_management,contract_management,False,,,,,
580,2024,2024_AGPRT@CON2024.pdf,2)  Procurement Issues    A review of the procurement processes for works contractors and design/supervision  consultants revealed several inadequacies summarized below;    Table 66: Procurement Issues  S/N  Project Name  Observation  1  Refurbishment of Kampala  Namanve Mukono railway  line section (26.8Km)  •  Procurement documentation for supply of rails not  availed.,contract_management,contract_management|procurement_irregularities,False,,,,,
581,2024,2024_AGPRT@CON2024.pdf,"2  Rehabilitation of Mukono- Malaba Railway Section  •  Procurement of contractor and supervising outside  the procurement plan  •  Inadequate  justification  for  use  of  direct  procurement  •  Unsupported increase of the estimated value for  rehabilitation    3  Rehabilitation of Tororo- Gulu railway line  •  Inadequate  justification  for  use  of  direct  procurement      Procurement inadequacies risk engaging contractors and consultants at uncompetitive  rates, increasing project costs and reducing value for money.",procurement_irregularities,procurement_irregularities,True,Kampala-Namanve-Mukono Railway Line Refurbishment (26.8km),other,Kampala;Namanve;Mukono,,high
582,2024,2024_AGPRT@CON2024.pdf,"4)  Delayed Payments of Contractor’s Interim Payment Certificates    Delays in payments to contractors, ranging from 5 to 406 days, were noted for the  Mukono-Malaba railway section and Tororo-Gulu line projects.",delayed_payments,delayed_payments,True,Mukono-Malaba Railway Section Rehabilitation,other,Mukono;Malaba,,high
582,2024,2024_AGPRT@CON2024.pdf,"4)  Delayed Payments of Contractor’s Interim Payment Certificates    Delays in payments to contractors, ranging from 5 to 406 days, were noted for the  Mukono-Malaba railway section and Tororo-Gulu line projects.",delayed_payments,delayed_payments,True,Tororo-Gulu Railway Line Rehabilitation,other,Tororo;Gulu,,high
583,2024,2024_AGPRT@CON2024.pdf,Recommendation    I advised the Accounting Officer to ensure that supervising consultants are engaged before  the commencement of works to enhance project oversight and efficiency.,governance_and_controls,governance_and_controls,True,Mukono-Malaba Railway Section Rehabilitation,other,Mukono;Malaba,,high
583,2024,2024_AGPRT@CON2024.pdf,Recommendation    I advised the Accounting Officer to ensure that supervising consultants are engaged before  the commencement of works to enhance project oversight and efficiency.,governance_and_controls,governance_and_controls,True,Tororo-Gulu Railway Line Rehabilitation,other,Tororo;Gulu,,high
584,2024,2024_AGPRT@CON2024.pdf,"7)  Inspection of the Works    Physical inspections of three railway project sites conducted between 6th and 18th August  2024 revealed several defects, omissions, and deficiencies as summarised in the table  below;        240      Table 70: Observed Defects/Omissions  SN  Project Name  Key Observations  1.",contract_management,contract_management,False,,,,,
585,2024,2024_AGPRT@CON2024.pdf,"The observed defects and omissions if not addressed, can compromise the aesthetics,  safety and functionality of the railway infrastructure.",contract_management,contract_management,False,,,,,
586,2024,2024_AGPRT@CON2024.pdf,Recommendation    I advised the Accounting Officers to address all observed defects and omissions and to  ensure adequate and timely maintenance of railway infrastructure components.,contract_management,contract_management,False,,,,,
587,2024,2024_AGPRT@CON2024.pdf,"Inadequate supervision can result in poor quality works, compromising the durability of  the infrastructure.",contract_management,contract_management,False,,,,,
588,2024,2024_AGPRT@CON2024.pdf,Delayed completion of works denies intended users  timely usage of the completed infrastructure.,delay_time_overrun,delay_time_overrun,False,,,,,
589,2024,2024_AGPRT@CON2024.pdf,"The defects included; broken walkway slabs, non-functional street  lights, damaged stone pitching, segregation in asphalt concrete, bleeding, missing  drainage covers, missing guard rail bolts.",contract_management,contract_management,False,,,,,
590,2024,2024_AGPRT@CON2024.pdf,These defects if not promptly corrected  could compromise the durability and functionality of the completed infrastructure.,contract_management,contract_management,False,,,,,
591,2024,2024_AGPRT@CON2024.pdf,"Delayed completion of works denies users timely  access to infrastructure, while the absence of work programs and progress reports  hinders stakeholders' ability to monitor project progress.",delay_time_overrun,delay_time_overrun,False,,,,,
592,2024,2024_AGPRT@CON2024.pdf,"iv)  Defects were observed in all road projects across the nine entities, including  stripping, bleeding, potholes, rutting, alligator cracks, edge failures, disjointed and  collapsed culverts, poorly compacted gravel, and poorly filled culvert inlets.",contract_management,contract_management,False,,,,,
593,2024,2024_AGPRT@CON2024.pdf,"For  building projects, except for the KCCA project where earlier observed defects were  corrected, issues included broken tiles, poor grouting, uneven floors, split timber,  openings in ridges and door shutters, disjointed fascia boards, damaged pin  boards, and exposed bars in ground beams.",contract_management,contract_management,False,,,,,
594,2024,2024_AGPRT@CON2024.pdf,"If not promptly addressed, these  defects could impact infrastructure performance and functionality.",contract_management,contract_management,False,,,,,
595,2024,2024_AGPRT@CON2024.pdf,"261        Relatedly, the Ministry of Works and Transport awarded an additional contract worth  UGX.22Bn to M/s TISCON Consultancy for a consultancy of the functional design and  supervision of the Motor Vehicle Registration System.",contract_management,contract_management,False,,,,,
596,2024,2024_AGPRT@CON2024.pdf,"4.1.9 The Billing System of National Water and Sewerage Corporation    Introduction    National Water and Sewerage Corporation (NWSC) leverages Management Information  Systems (MIS) to streamline its business operations and enhance decision-making across  key functional areas such as Financial Management, Inventory Management, Customer  Relations, Planned Preventive Maintenance (PPM) of static plant and equipment,  Procurement, and Human Resource Management, among others.",procurement_irregularities,procurement_irregularities,False,,,,,
597,2024,2024_AGPRT@CON2024.pdf,"4.1.10 The Electronic Government Procurement System    Introduction    The Government of Uganda with support from the World Bank and other Development  Partners through PPDA, NITA-U and MoFPED initiated the Electronic Government  Procurement system (e-GP) in 2014 under the Regional Communication Infrastructure  Program (RICP).",procurement_irregularities,procurement_irregularities,False,,,,,
598,2024,2024_AGPRT@CON2024.pdf,Speaker  of Parliament  Uganda  Civil  Aviation Authority        273      SN Title of Special Audit  Requester  Of  Special Audit  Entity  Under  Investigation  System in Uganda Civil Aviation Authority  (UCAA)    6  Verification of the Contract Management  Team's (CMT) responses to the Auditor  General's review report on the Construction of  the Uganda Revenue Authority Headquarters  Building Project    Commissioner  General  of  Uganda Revenue  Authority  Uganda  Revenue  Authority  7  Report on Business Valuation of Soroti Fruits  Ltd for period 31st December 2023    Rt.,contract_management,contract_management,False,,,,,
599,2024,2024_AGPRT@CON2024.pdf,"5.1.3 Implementation of Road Maintenance Grant    In a bid to reduce the Roads rehabilitation backlog, Government decided in February 2023  to allocate a Road Rehabilitation Development Grant of One (1) Billion shillings to each of  the 176 Local Government (LGs) comprising of 135 Districts, 10 Cities and 31 Municipal  Councils in the FY 2023/24.",procurement_irregularities,procurement_irregularities,True,Uganda Revenue Authority Headquarters Building Project,other_building,Kampala,Kampala,medium
600,2024,2024_AGPRT@CON2024.pdf,"•  Out of the sampled 303 projects, 165 were Completed roads and 138 were  Incomplete works/ Ongoing road works.",delay_time_overrun,delay_time_overrun,False,,,,,
601,2024,2024_AGPRT@CON2024.pdf,"•  5 sub-projects completed in the 4 LGs had defects such as clogged drainages,  non-functional solar lights, Paspalum alongside road not well maintained and  damaged road furniture.",contract_management,contract_management,False,,,,,
602,2024,2024_AGPRT@CON2024.pdf,"The Accounting Officers explained that under absorption was mainly due to delayed  release of funds by MoFPED, slow works by the contractors who have many sites, delayed  initiation and conclusion of the procurement process and works that did not start in some  Districts due to land issues.",procurement_irregularities,procurement_irregularities,False,,,,,
603,2024,2024_AGPRT@CON2024.pdf,•  The Accounting Officers should ensure that the procurement processes are  streamlined for timely implementation and robust due diligence undertaken to  attract competent contractors.,procurement_irregularities,procurement_irregularities,False,,,,,
604,2024,2024_AGPRT@CON2024.pdf,"In addition, they should ensure proper planning of works  to be undertaken and strengthen contract management practices.",contract_management,contract_management,False,,,,,
605,2024,2024_AGPRT@CON2024.pdf,Accumulation of payables damages the school’s creditworthiness and could lead to  litigation.,claims_and_disputes,claims_and_disputes,False,,,,,
606,2024,2024_AGPRT@CON2024.pdf,Accumulation of payables damages the school’s creditworthiness and could lead to  litigation.,claims_and_disputes,claims_and_disputes,False,,,,,
607,2024,2024_AGPRT@CON2024.pdf,"6  96.8  -  -  -  167.7  71.92  95.78  910.16  999.3 3  (89.17 )  149.2 1  215.1 7  (65.9 6)  928.6 5  856.0 8  72.5 7          313      Appendix 3: Procurement budgets for entities on e-GP  SN  Entity  Amount (UGX)  1  Ministry of Water & Environment  4,130,671,472,219  2  Ministry of Works & Transport  2,716,956,941,419  3  Ministry of Energy & Mineral Development  1,030,981,888,451  4  Ministry of Agriculture, Animal Industry & Fisheries  485,752,084,436  5  Kampala Capital City Authority  317,791,512,978  6  Parliament of Uganda  227,004,893,988  7  Uganda Civil Aviation Authority  220,625,021,787  8  Ministry of Finance, Planning & Economic Development  204,482,063,199  9  National Social Security Fund  200,522,889,984  10  Ministry of Health  188,234,752,422  11  Directorate of Citizenship and Immigration  110,011,584,978  12  Office of the President  91,033,942,000  13  Ministry of Education & Sports  77,777,630,108  14  Ministry of Information, Communications Technology & National Guidance  75,761,511,922  15  Office of the Prime Minister  58,699,018,170  16  Ministry of Local Government  52,804,123,966  17  Ministry of Tourism, Wildlife & Antiquities  48,007,111,396  18  Ministry of Trade, Industry & Cooperatives  34,951,667,398  19  Uganda National Bureau of Standards  34,186,000,000  20  National Planning Authority  34,169,085,660  21  National Information Technology Authority-Uganda (NITA-U)  32,905,669,822  22  Directorate of Public Prosecutions  32,771,271,654  23  Uganda Registration Services Bureau  27,545,960,381  24  Ministry of Land, Housing & Urban Development  25,991,154,241  25  Mpigi District Local Government  18,259,175,840  26  Ministry of Kampala Capital City & Metropolitan Affairs  16,430,450,000  27  Uganda Institute of Information & Communication Technology  14,124,293,659  28  Ministry of Justice & Constitutional Affairs  13,407,626,316  29  Ministry of Gender, Labour & Social Development  10,594,476,500        314      SN  Entity  Amount (UGX)  30  Public Procurement & Disposal of the Public Assets Authority  10,494,275,928  31  Mukono District Local Government  8,507,683,827  32  Ministry of Public Service  8,386,629,606  33  Ministry of Foreign Affairs  8,000,839,614  34  Ministry of Internal Affairs  6,851,600,003  35  Jinja District Local Government  5,199,031,189  36  Ministry of East African Community Affairs  4,723,490,000    Total  10,584,618,825,061                315      Appendix 4: Details of other procurement Observations  SN  Entity  Unplanned  Procurements  Split  Procurement  Irregular  Initiation  Failure to  Carry out  Market  Assessments  Delayed procurement  processes  Procurements  without  Performance  Security  No  Value  (UGX)  Bn  No.",procurement_irregularities,procurement_irregularities,False,,,,,
608,2024,2024_AGPRT@CON2024.pdf,"Value  (UGX)  Bn  1  Amudat DLG                        4  0.65  2  Butebo DLG      3  0.01      3  0.04        2  0.04  3  Education Service Commission  4  0.59  4  Financial Intelligence Authority  1  0.13                    4  1.77  5  Ibanda DLG              15  1.12            6  Kabale DLG                        2  1.42  7  Kanungu DLG              19  1.64            8  Law Development Center              17  5.2            9  Microfinance Support Centre  2  0.14                        10  Ministry of Energy and Mineral Development  9  31.66                        11  Ministry of Finance, Planning and Economic Development          3  16.2                12  Ministry of Tourism Wildlife and Antiquities MoTWA          5  13.97                13  Ministry of Trade, Industry and Cooperatives MoTIC          1  6.06  1  6.2            14  Moroto DLG                        5  0.64  15  Mountains of the Moon University              3  1.47            16  Muni University                        2  10.9  17  Napak DLG              2  0.11        2  0.36  18  National Agricultural Research Organization NARO                  20  26.09  6      19  National Oil Palm Project                  4  11.1  5      20  National Population Council (NPC)  2  0.04                        21  Office of the President  6  2.5  7  22  Presidential Initiative On Banana Industrial Development                  6  2.09  3      23  Rukiga DLG                        8  3.69  24  Soroti RRH              1  0.051            25  Uganda Broadcasting Corporation  8  0.25                        26  Uganda Bureau of Statistics          1  2      2  91.74        27  Uganda Communications Commission  3  6.41  28  Uganda Petroleum Institute -Kigumba      6  0.82      9  5.26            29  Uganda Retirement Benefits Regulatory Authority  1  0.1                        30  Uganda Revenue Authority  4  7.01  5  0.29  5  0.34                31  Uganda Wildlife Research and Training Institute  2  0.14                        32  Wakiso DLG      1  0.69                    33  Ministry of Internal Affairs                  4  668.05  3        Total  32  45.88  19  2.4  15  38.57  70  21.091  42  801.57    29  19.47              316      ANNEXURES  Annexure 1: Summary of Entity Findings for MDAs and Projects    Entity Name  Programme Name  Opinion    Summary of Key Findings  I noted that;  Office of the Prime  Minister (OPM)  Development plan  implementation    Governance and  security    Natural resources,  environment, climate  change, land and  water    Regional balanced  development  Unqualified  i)  The Ministry had verified stock of outstanding commitments  amounting to UGX.1.19Bn at the year-end.",governance_and_controls,governance_and_controls,False,,,,,
609,2024,2024_AGPRT@CON2024.pdf,"318      vi)  There were shortcomings in the procurement function which include;  Failure to align the procurement plan to the approved budget, delays  in procurement processes, delays in contract implementation and  failure to recover liquidated damages.",claims_and_disputes,claims_and_disputes|procurement_irregularities,False,,,,,
610,2024,2024_AGPRT@CON2024.pdf,"Kampala Capital City  Authority (KCCA)  Agro-industrialization    Community  mobilization and  mindset change    Development plan  implementation    Digital  transformation    Human capital  development    Integrated transport  infrastructure and  services    Natural resources,  environment, climate  change,  Land and water    Public sector  transformation    Tourism  development  Unqualified  i)  The Authority’s domestic arrears increased by 192% from  UGX.79.39Bn in 2022/23 to UGX.231.71Bn in 2023/24.",delayed_payments,delayed_payments,False,,,,,
611,2024,2024_AGPRT@CON2024.pdf,"The works on major road junctions  were yet to commence, the contractor faced challenges of obtaining  the Right of Way and was not observing Environmental, Health and  Safety (EHS) measures.",land_and_right_of_way,land_and_right_of_way,False,,,,,
612,2024,2024_AGPRT@CON2024.pdf,323      xvi) The project procured a consultant to provide consultancy services for  Resettlement Action Plan (RAP) worth UGX.1.6Bn and consultancy  services for RAP of two (2) drainage channels worth UGX.1.99Bn  without professional indemnity.,land_and_right_of_way,land_and_right_of_way,False,,,,,
613,2024,2024_AGPRT@CON2024.pdf,"The Committee lacked representatives from the  Project Implementation Team, the contractors, insurance companies  and the community leaders as required by project governance  framework.",governance_and_controls,governance_and_controls,False,,,,,
614,2024,2024_AGPRT@CON2024.pdf,"viii) At the time of inspection in October 2024, which was four (4) years  after the expected completion date of the UPDF National Referral  Hospital, the project was not complete, with stalled works in some  areas.",delay_time_overrun,delay_time_overrun,False,,,,,
615,2024,2024_AGPRT@CON2024.pdf,ix)  The Ministry amended the original contract for the procurement of  assorted medical equipment for UPDF National Referral Hospital  without the necessary approvals.,procurement_irregularities,procurement_irregularities,True,"UPDF National Referral Hospital, Lower Mbuya",hospital_health,Lower Mbuya,Kampala,high
616,2024,2024_AGPRT@CON2024.pdf,"The shortfall related to payment of contract staff  salaries, payment of allowances, Procurement of medical supplies  and services, upgrade of 43 health centers among others.",procurement_irregularities,procurement_irregularities,True,"UPDF National Referral Hospital, Lower Mbuya",hospital_health,Lower Mbuya,Kampala,high
617,2024,2024_AGPRT@CON2024.pdf,"ii)  The Ministry had a budget shortfall of UGX.0.8Bn which was meant  for acquisition of computers, printers and photocopiers, procurement  of assorted furniture, baggage scanners and renovations of the  Amnesty Commission building.",procurement_irregularities,procurement_irregularities,False,,,,,
618,2024,2024_AGPRT@CON2024.pdf,"xiii) The Ministry awarded a contract to a construction company using the  direct procurement method at UGX.9.3Bn for renovation works of the  Finance and Treasury buildings, including the Perimeter wall, and  UGX.2.787Bn was advanced to the contractor in June 2024.The  Ministry secured a letter of credit to UGX.5.233Bn set to expire on  31/12/2024, however, six months later, contract implementation had  not commenced.",procurement_irregularities,procurement_irregularities,False,,,,,
619,2024,2024_AGPRT@CON2024.pdf,vii) I reviewed the progress of on-going construction works and noted that  some projects were behind schedule.,delay_time_overrun,delay_time_overrun,False,,,,,
620,2024,2024_AGPRT@CON2024.pdf,"vii) Despite receiving funds to implement the planned activities, UPF did  not  undertake  the  procurement  of  land,  construction  of        338      accommodation blocks, a Police hospital at Nsambya, and district  police stations.",procurement_irregularities,procurement_irregularities,False,,,,,
621,2024,2024_AGPRT@CON2024.pdf,"vi) UNRA signed Addendum No.1 for the Kira-Matugga Road project  worth UGX.22.089Bn, with significant cost escalations up to 663% for  some items.",cost_overrun,cost_overrun,True,"Police Hospital, Nsambya",hospital_health,Nsambya,Kampala,high
622,2024,2024_AGPRT@CON2024.pdf,"ii) I noted that two (2) activities namely, construction works, rehabilitation  and upgrade of health facilities; and procurement of assorted medical  and laboratory equipment for 10 Health Centers, 2 ambulances, 5  supervision vehicles and 18 motorcycles valued at UGX.18.049Bn had  not been fully implemented by close of the year.",contract_management,contract_management|procurement_irregularities,True,Kira-Matugga Road Project,road,Kira;Matugga,Wakiso,high
623,2024,2024_AGPRT@CON2024.pdf,"Out of the        358      (KCCA) for year  ended 30th  September 2023  total available funds of USD.1,771,724, USD.1,441,332 (81%) was  spent, resulting in an unspent balance of USD.330,402  iii) Assessment of the implementation of planned activities could not be  done, since the project did not prepare performance reports  iv) KCCA had not established a steering committee to provide strategic  oversight and guidance to the project.",governance_and_controls,governance_and_controls,False,,,,,
624,2024,2024_AGPRT@CON2024.pdf,"iii) The installation of ICT Equipment for training and telemedicine that  was delivered in 2021 at a contract price USD.1,064,510.49 had not  been done due to the delayed completion of the multipurpose building  where it is supposed to be housed.",delay_time_overrun,delay_time_overrun,False,,,,,
625,2024,2024_AGPRT@CON2024.pdf,"v) The supply and installation of a Magnetic Resonance Imaging System  (MRI) at a contract price of USD.2,415,000 was extended to May 2025  from 2020 due to the delayed completion of the multipurpose building.",delay_time_overrun,delay_time_overrun,False,,,,,
626,2024,2024_AGPRT@CON2024.pdf,The shortfall was  meant for monitoring and supervision of construction projects.,contract_management,contract_management,False,,,,,
627,2024,2024_AGPRT@CON2024.pdf,v) The delayed completion of the construction of Wadelai Irrigation  Scheme in Packwach District due to abandonment of the site and  inability to liquidate the performance bank guarantee.,delay_time_overrun,delay_time_overrun,False,,,,,
628,2024,2024_AGPRT@CON2024.pdf,vi) There was delayed procurement of Civil works for Construction of Sipi  Irrigation Scheme.,procurement_irregularities,procurement_irregularities,True,Wadelai Irrigation Scheme,other,Wadelai,Pakwach,high
629,2024,2024_AGPRT@CON2024.pdf,"These included the IT systems meant to support entity operations,        384      procurement of equipment and goods, consultancy services in support  of various initiatives, and construction of justice centres.",procurement_irregularities,procurement_irregularities,True,Sipi Irrigation Scheme,other,Sipi,Kapchorwa,high
630,2024,2024_AGPRT@CON2024.pdf,"xi)  I noted delays in construction works and project defects at the JLOS  implementing entities, i.e.",contract_management,contract_management,False,,,,,
631,2024,2024_AGPRT@CON2024.pdf,"In light of the above, project  delays may result in increased direct and indirect costs, while defects  in the works may result in further delays when correcting them.",contract_management,contract_management,False,,,,,
632,2024,2024_AGPRT@CON2024.pdf,Any  uncorrected defects may affect the building’s integrity.,contract_management,contract_management,False,,,,,
633,2024,2024_AGPRT@CON2024.pdf,ix) I assessed the performance of key construction projects in terms of  project cost and timelines and observed that all six (6) projects were  behind schedule.,delay_time_overrun,delay_time_overrun,False,,,,,
634,2024,2024_AGPRT@CON2024.pdf,"Greater Kampala  Metropolitan Area  Urban Development  Program  Agro-industrialization  Community  mobilization and  mindset change  Development plan  implementation  Digital  transformation  Human capital  development  Integrated transport  infrastructure and  services  Natural resources,  environment, climate  change, land and  water  Public sector  transformation  Tourism  development  Human Capital  Development  Unqualified  i)  The program had not commenced on the procurement and set up of  the program Management Information System (MIS).",procurement_irregularities,procurement_irregularities,False,,,,,
635,2024,2024_AGPRT@CON2024.pdf,"Kampala - Jinja  Expressway (KJE)  Project  Integrated Transport  Infrastructure &  Services  Unqualified  i)  The procurement process for the Kampala Jinja Expressway, initiated  in May 2018, remains incomplete as of September 2024, primarily due  to delays in approving the Partial Risk Guarantee (PRG) requested by  prequalified consortia.",procurement_irregularities,procurement_irregularities,False,,,,,
636,2024,2024_AGPRT@CON2024.pdf,"vi) Civil works procurement has been delayed by five years due to funding  and bankability issues, with bids now expected in January 2025.",procurement_irregularities,procurement_irregularities,True,Kampala-Jinja Expressway Project,road,Kampala;Jinja,,high
637,2024,2024_AGPRT@CON2024.pdf,Kawempe National  Referral Hospital  (KNRH)  Human capital  development  Unqualified  i)  The Hospital realized an increase in domestic arrears and other  payables from UGX.0.73Bn at the end of the previous financial year  to UGX.1.37Bn at the close of the year under review representing an  increase of 87.7%.,delayed_payments,delayed_payments,False,,,,,
638,2024,2024_AGPRT@CON2024.pdf,Soroti Regional  Referral Hospital  Human capital  development  Unqualified  i)  The hospital had accumulated domestic arrears worth UGX.,delayed_payments,delayed_payments,True,Kawempe National Referral Hospital (KNRH),hospital_health,Kawempe,Kampala,high
639,2024,2024_AGPRT@CON2024.pdf,v)  Part of the RRH land had been encroached by squatters who had  established their homes on the lower side of the hospital.,land_and_right_of_way,land_and_right_of_way,True,Soroti Regional Referral Hospital,hospital_health,Soroti,Soroti,high
640,2024,2024_AGPRT@CON2024.pdf,ix)  I noted Shoddy construction works at the New Oxygen plant building  and culverts to the blood bank.,contract_management,contract_management,True,Soroti Regional Referral Hospital,hospital_health,Soroti,Soroti,high
641,2024,2024_AGPRT@CON2024.pdf,Kiruddu National  Referral Hospital  Human capital  development  Unqualified  i)  I noted that the Hospital paid UGX.0.538Bn in excess of the approved  budget of domestic arrears for FY 2023/24.,delayed_payments,delayed_payments,False,,,,,
642,2024,2024_AGPRT@CON2024.pdf,Makerere University  Business School  (MUBS)  Human Capital  Development  Unqualified  i)  The school diverted UGX.7.68Bn from the current year’s budget to pay  unbudgeted domestic arrears.,delayed_payments,delayed_payments,True,Kiruddu National Referral Hospital,hospital_health,Kiruddu,Kampala,high
643,2024,2024_AGPRT@CON2024.pdf,"The shortfall affected compensation of PAPs, consultancy  services for project management and supervision of works.",contract_management,contract_management,False,,,,,
644,2024,2024_AGPRT@CON2024.pdf,"436      Ministry  of  Local  Government  Agro-Industrialization  Development  Plan  Implementation  Governance  and  Security,  Human  Capital Development  Legislation, Oversight  and Representation  Natural  Resources,  Environment, Climate  Change, Land and  Water Public Sector  Transformation  Regional  Balanced  Development  Sustainable  Urbanisation  and  Housing  Unqualified  i)  The Ministry had an outstanding arrears balance of UGX.22.43Bn at  the close of the FY 2023/2024.",delayed_payments,delayed_payments|governance_and_controls,False,,,,,
645,2024,2024_AGPRT@CON2024.pdf,"200000328100  (Component 2),  implemented by  MoLG    Agro-Industrialization  Development Plan  Implementation    Unqualified  i)  Out of the expected total disbursement of UGX.111.98Bn, only  UGX.18.32Bn (16%) had been disbursed awaiting the procurement of  the civil works consultant.",procurement_irregularities,procurement_irregularities,False,,,,,
646,2024,2024_AGPRT@CON2024.pdf,Busega Mpigi Road  Project (ADB Loan  No:  2100150035493) for  the year 30th June  2024  Integrated Transport  Infrastructure and  Services  Unqualified  i)  The Busega-Mpigi Expressway project has experienced significant  cost escalation from UGX.547.5Bn to UGX.1.35Tn as at 31st March  2023 due to inadequate detailed designs at contracting.,cost_overrun,cost_overrun,False,,,,,
647,2024,2024_AGPRT@CON2024.pdf,"The partially implemented  activity is Hoima city stadium construction, while Kakyeka Stadium  Redevelopment remained unimplemented due to due to the delayed  creation of a project code, delayed completion of project  environment impact assessment.",delay_time_overrun,delay_time_overrun,True,Busega-Mpigi Expressway,road,Busega;Mpigi,,high
648,2024,2024_AGPRT@CON2024.pdf,National Enterprises  Corporation (NEC) -  Construction Works  and Engineering Ltd  Governance  and  Security  Unqualified  i)  The Company had outstanding trade debtors worth UGX.20.37Bn by the  close of the financial year.,governance_and_controls,governance_and_controls,True,Hoima City Stadium,stadium,Hoima,Hoima,high
648,2024,2024_AGPRT@CON2024.pdf,National Enterprises  Corporation (NEC) -  Construction Works  and Engineering Ltd  Governance  and  Security  Unqualified  i)  The Company had outstanding trade debtors worth UGX.20.37Bn by the  close of the financial year.,governance_and_controls,governance_and_controls,True,Kakyeka Stadium Redevelopment,stadium,Kakyeka,Mbarara,high
649,2024,2024_AGPRT@CON2024.pdf,This  affected construction of the new Parliamentary Chambers and  procurement of new vehicles.,procurement_irregularities,procurement_irregularities,False,,,,,
650,2024,2024_AGPRT@CON2024.pdf,vi)  The contract for the construction of the new Parliamentary Chambers  was significantly behind schedule since only 44.4% of the work had  been completed despite most of the contract timelines (83.5%)  having passed.,delay_time_overrun,delay_time_overrun,True,New Parliamentary Chambers,other_building,Kampala,Kampala,high
651,2024,2024_AGPRT@CON2024.pdf,"Parliamentary  Pension Scheme  (PPS)  Legislation, Oversight  and Representation  Unqualified  There were no reportable issues  Petroleum Authority  of Uganda (PAU)  Sustainable  petroleum  development  Unqualified  i)  The  development  of  National  Petroleum  Data  Repository  Infrastructure Project was at 37% progress due to underfunding,  leading to lack efficient and effective petroleum data management.",governance_and_controls,governance_and_controls,True,New Parliamentary Chambers,other_building,Kampala,Kampala,high
652,2024,2024_AGPRT@CON2024.pdf,"iv)  PAU lacks a consolidated regulatory oversight on the progress and  readiness  of  supporting  infrastructure  managed  by  other  government entities like Kabale International Airport managed by  Ministry of works, the Kabalega Industrial Park by the UNOC and an  electricity substation by UETCL.",governance_and_controls,governance_and_controls,True,National Petroleum Data Repository Infrastructure Project,other_building,,,low
653,2024,2024_AGPRT@CON2024.pdf,"This affected construction of 3 strategic bulk markets, 100        479      2000000947 and  ASAP Grant  No.2000000324 for  9-month period  ended 31st March  2024  demonstration water harvesting infrastructure and recruitment of 7  weather station workers  iii)  The maintenance of completed 1,138 Kms of community access  roads and 2 markets was not effectively undertaken by the districts  due to failure by management to put in place effective sustainability  measures  iv)  Inspection of Ayerolwango - Aswa River Community Road revealed  that although the project had spent UGX.0.799Bn, the works had  stalled due to the rocks in the basement, which were not envisioned  v)  Three projects namely; the bridge at St.",delay_time_overrun,delay_time_overrun,True,Kabalega Industrial Park 240MW Substation,power_transmission,Kabalega Industrial Park,Hoima,high
653,2024,2024_AGPRT@CON2024.pdf,"This affected construction of 3 strategic bulk markets, 100        479      2000000947 and  ASAP Grant  No.2000000324 for  9-month period  ended 31st March  2024  demonstration water harvesting infrastructure and recruitment of 7  weather station workers  iii)  The maintenance of completed 1,138 Kms of community access  roads and 2 markets was not effectively undertaken by the districts  due to failure by management to put in place effective sustainability  measures  iv)  Inspection of Ayerolwango - Aswa River Community Road revealed  that although the project had spent UGX.0.799Bn, the works had  stalled due to the rocks in the basement, which were not envisioned  v)  Three projects namely; the bridge at St.",delay_time_overrun,delay_time_overrun,True,Kabale International Airport,airport,Kabale,Kabale,high
654,2024,2024_AGPRT@CON2024.pdf,"South-Western  Cluster Water and  Sanitation Project  (NWSC) for the year  ended 30th June  2024  Natural Resources,  Environment, Climate  Change, Water and  Land Management  Unqualified  There were no reportable issues  State House  Governance and  security  Innovation,  technology  development and  transfer  Unqualified  i)  Included in the total expenditure of State House of UGX.799.85Bn is  UGX.455.18Bn, which relates to classified expenditure.",governance_and_controls,governance_and_controls,True,Ayerolwango-Aswa River Community Road,road,Ayerolwango;Aswa River,,high
655,2024,2024_AGPRT@CON2024.pdf,iii)  State House did not prioritize implementation of two (02) mandate  activities of construction of four (04) State Lodges and procurement  of the Presidential Jet.,procurement_irregularities,procurement_irregularities,False,,,,,
656,2024,2024_AGPRT@CON2024.pdf,"ii)  Construction of Office Block at Plot 92a Butabika Road and Plot 2-4  Bukasa Lane, Butabika is behind schedule and the contract lacked  essential accessibility features for disability as required under the  Building Control Code 2019.",delay_time_overrun,delay_time_overrun,False,,,,,
657,2024,2024_AGPRT@CON2024.pdf,"vii)  Karuma Hydro Power plant (HPP) was commissioned on 12th June  2024, but there were 4,539 snags and outstanding scope of works  which would be addressed during the defect’s liability period.",contract_management,contract_management,True,"Office Block, Plot 92a Butabika Road/Plot 2-4 Bukasa Lane, Butabika",other_building,Butabika,Kampala,high
658,2024,2024_AGPRT@CON2024.pdf,"Uganda High  Commission in South  Africa, Pretoria  Agro-industrialization  Community  mobilization and  mindset change  Governance and  security  Manufacturing  Tourism  development  Unqualified  i)  I noted that the Official Residence had taken long without being  renovated and over the period, the extreme weather conditions  (winters and summers) have had negative effects on the condition  of the building.",governance_and_controls,governance_and_controls,True,Karuma Hydropower Project,power_generation,Karuma,Kiryandongo,high
659,2024,2024_AGPRT@CON2024.pdf,Uganda Wildlife  Research and  Training Institute  (UWRTI)  Human Capital  Development  Unqualified  i)  The  Institute  lacks  an  information  technology  governance  framework/policy despite the heavy investment in information  technology infrastructure.,governance_and_controls,governance_and_controls,False,,,,,
660,2024,2024_AGPRT@CON2024.pdf,"The balance of UGX.0.361Bn was meant for  activities like connection of water, drainage and sewerage lines at  the project site, procurement of heavy ICT hardware, procurement  of light ICT hardware which were either partially or not implemented.",procurement_irregularities,procurement_irregularities,False,,,,,
661,2024,2024_AGPRT@CON2024.pdf,"v)  I observed that whereas the planned date of the start of construction  was 4th August 2023, a review of the contract management records  revealed that the actual works started on 3rd October 2023, which  was a delay of two (2) months.",contract_management,contract_management,False,,,,,
662,2024,2024_AGPRT@CON2024.pdf,"Uganda High  Commission in  Tanzania, Dar-es- Salaam  Community  mobilization and  mindset change  Development plan  implementation  Governance and  security  Manufacturing  Private sector  development  Sustainable  petroleum  development  Unqualified  i)  The Uganda High Commission owns four (4) properties/ pieces of  Land that comprise the Chancery and Consular building, the Official  Residence (OR), Plot of land at Kaunda Drive and Land at Dodoma.",governance_and_controls,governance_and_controls,False,,,,,
663,2024,2024_AGPRT@CON2024.pdf,"viii) A framework contract for catering services valued at UGX.396Mn/year  revealed non-compliance, including failure to contribute 2% of monthly  electricity bills and a lack of documented contract management  meetings.",contract_management,contract_management,False,,,,,
664,2024,2024_AGPRT@CON2024.pdf,"xii) UGX.6.24Bn was released to districts and cities that lacked functional  road committees, leading to ineffective oversight and unverified  accountability of funds.",governance_and_controls,governance_and_controls,False,,,,,
665,2024,2024_AGPRT@CON2024.pdf,548      iii) Procurement delays were observed for the Construction Services for the  construction of Mbale Satellite Centre worth UGX 4.735Bn.,procurement_irregularities,procurement_irregularities,False,,,,,
666,2025,2025_AGRPT@CON2025.pdf,"1.9.1 Inadequacies in the standardisation of specifications and prices for common  user works, services and supplies    Section 8 of the PPDA Act, Cap 205, empowers the Authority, where applicable, to  determine the prices of works, services and supplies which are used in common by two  or more procuring and disposing entities and which may be subject to common  procurement; and review the prices as may be necessary.",procurement_irregularities,procurement_irregularities,True,Mbale Satellite Centre Construction,other_building,Mbale,Mbale,high
667,2025,2025_AGRPT@CON2025.pdf,"Lot 2: Anthony-Kame, Kame Annex, Albert Cook-Cathedral Rise,  Kame-Nabuti-Katosi road, Admin Link, Access Road, Link Road  (8.68Km)  357,722  5  Construction of selected roads in Kira and Mukono municipalities  Lot 3: Nasuuti-Nakabago-Ntawo, Bajjo-Seeta, Serado Link,  Kigunga Link (9.72km)  324,033    Source: Analysis of procurement Data            24        Analysis of the costs for furniture with the same specifications from a sample of entities  also revealed wide variances, as detailed below;      Table 9: Furniture costs in different entities  SN  Item Name  Entity A  Entity B  Entity C  Entity D      (Amounts in UGX)  1  Deluxe  Bullet  Desk  Executive Package  3,000,000  1,350,000  -  -  2  Executive desk  5,000,000  4,300,000  4,915,254  7,500,000  3  Executive desk set  4,000,000  4,300,000  4,661,017  7,500,000  4  Executive high back  chair  400,000  850,000  -  1,600,000  5  Executive high back  chair swivel  1,000,000  1,900,000  -  1,250,000  6  Workstation  6,000,000  4,000,000  -  -  Source: Analysis of procurement Performance Data    In light of the above, it was noticed that government was incurring different costs on  common user items due to the price variances that ought to be standardized.",procurement_irregularities,procurement_irregularities,False,,,,,
668,2025,2025_AGRPT@CON2025.pdf,"The Accounting Officer explained that under absorption of capital budget was attributed  to delayed procurement processes, Prolonged Land acquisition processes, inadequate  budget provisions, limited capacity of the Contractors, and changes of designs during  execution, among others.",land_and_right_of_way,land_and_right_of_way|procurement_irregularities,True,"Kira-Mukono Roads Lot 2 (Anthony-Kame, Kame Annex, Albert Cook-Cathedral Rise, Kame-Nabuti-Katosi)",road,Kira;Mukono,,medium
668,2025,2025_AGRPT@CON2025.pdf,"The Accounting Officer explained that under absorption of capital budget was attributed  to delayed procurement processes, Prolonged Land acquisition processes, inadequate  budget provisions, limited capacity of the Contractors, and changes of designs during  execution, among others.",land_and_right_of_way,land_and_right_of_way|procurement_irregularities,True,"Kira-Mukono Roads Lot 3 (Nasuuti-Nakabago-Ntawo, Bajjo-Seeta, Serado Link, Kigunga Link)",road,Kira;Mukono,,medium
669,2025,2025_AGRPT@CON2025.pdf,"Uganda  Electricity  Transmission  Company  Limited  1.51  2.17  The Accounting Officer explained that the above  funds are not excess in nature however tagged  and committed to several disbursements/activities  pending conclusion of the relevant processes  under way like procurements, RAP processes,  fixed funds on bank accounts for treasury  management purposes.",procurement_irregularities,procurement_irregularities,False,,,,,
670,2025,2025_AGRPT@CON2025.pdf,Recommendation    I advised the Accounting Officer of the Ministry of Health and the Accounting Officers of  the sampled Hospitals to address these gaps so that citizens can receive the services for  which the Government made investments in the procurement of this critical ICU  equipment.,procurement_irregularities,procurement_irregularities,False,,,,,
671,2025,2025_AGRPT@CON2025.pdf,"2.1.1.9 Construction of Stadia and training facilities in Preparation for CHAN and  AFCON games  Under the East Africa PAMOJA Bid for Africa Cup of Nations (AFCON) and African  Nations Championship (CHAN) games, the Government of Uganda through the National  Council of Sports was expected to put in place necessary infrastructure including; one  stadium with 45,000 sitting capacity, two stadia with 30,000 sitting capacity each, and  at least five fully functional training grounds, among others.",procurement_irregularities,procurement_irregularities,False,,,,,
672,2025,2025_AGRPT@CON2025.pdf,"2.1.2 Integrated Transport Infrastructure and Services Program  2.1.2.1 Outstanding Arrears to Contractors  During the year under review, I undertook a review of the outstanding arrears to  contractors for the on-going road projects implemented under the Ministry of Works and  Transport and the former Uganda National Roads Authority (UNRA).",delayed_payments,delayed_payments,False,,,,,
673,2025,2025_AGRPT@CON2025.pdf,"Based on my verification procedures I noted that as of 30th June 2025, the total  outstanding arrears for unpaid completed works on road projects stood at  UGX.500.347Bn.",delayed_payments,delayed_payments,False,,,,,
674,2025,2025_AGRPT@CON2025.pdf,"In addition, delayed  settlement of arrears leads to suspension of road works by the contractors which leads  to deterioration of already completed works.",delayed_payments,delayed_payments,False,,,,,
675,2025,2025_AGRPT@CON2025.pdf,"The delays were mainly due to the lack of capacity by the contractors, delayed  payments for completed works which affected the cash flows of the contractors, delays  in granting the Right-of-Way, and delayed compensation of Project Affected Persons  (PAPs).",land_and_right_of_way,land_and_right_of_way,False,,,,,
676,2025,2025_AGRPT@CON2025.pdf,2.1.2.3 Compensation of Project Affected Persons for Government Projects    I reviewed the status of land compensations for selected government projects and  noted that there were delays in compensation of PAPs which delayed acquisition of  Right of Way.,land_and_right_of_way,land_and_right_of_way,False,,,,,
677,2025,2025_AGRPT@CON2025.pdf,"iii)  The Accounting Officers of the LGs should ensure district engineers complete all  unfinished road works, and all defects on roads should be rectified.",contract_management,contract_management,False,,,,,
678,2025,2025_AGRPT@CON2025.pdf,"Management attributed the underperformance largely to a deteriorated network arising  from prolonged underinvestment during the latter years of the concession, regulatory  budget cuts, vandalism, electricity theft, procurement bottlenecks and staffing  constraints.",procurement_irregularities,procurement_irregularities,False,,,,,
679,2025,2025_AGRPT@CON2025.pdf,"ii)  Fourteen major water bodies suffered extensive encroachment; through  apartment construction, hotels, sand mining, landing sites, washing bays,  recreation facilities, wastewater discharge, sugarcane plantations, agriculture,  settlements, quarrying, livestock grazing, cultivation, artisanal mining, brick-   2 Paragraph 293 of the NDPIV, Page 173          93        making, informal markets, unregulated water abstraction, rice farming, palm  cultivation, charcoal production, illegal logging, and wetland drainage, among  others3.",land_and_right_of_way,land_and_right_of_way,False,,,,,
680,2025,2025_AGRPT@CON2025.pdf,"Of the five dams inspected, three (60%) were well maintained,  one (20%) had maintenance gaps such as overgrown grass and damaged animal  drinking troughs, and one dam at Kawomeri was non-functional due to lack of water,  attributed to encroachment of the catchment area.",land_and_right_of_way,land_and_right_of_way,False,,,,,
681,2025,2025_AGRPT@CON2025.pdf,2.1.15.1.3  Accumulation of unpaid bills for maintenance of the National  Backbone Infrastructure    I noted that National Information Technology Authority of Uganda (NITA-U) had an  opening domestic arrears balance of UGX.77.71Bn but budgeted only UGX.2.00Bn for  their settlement.,delayed_payments,delayed_payments,False,,,,,
682,2025,2025_AGRPT@CON2025.pdf,"Notably, 92% of the arrears  (UGX.100.51Bn) relate to M/s Soliton Telmec Ltd, which maintains the National  Backbone Infrastructure (NBI/EGI) under a 50:50 commercialization and revenue- sharing arrangement.",delayed_payments,delayed_payments,False,,,,,
683,2025,2025_AGRPT@CON2025.pdf,"c)  Weak treatment, rehabilitation, and supervision mechanisms    Health facilities lacked adequate infrastructure, specialized clinics for children and  pregnant mothers, and functional rehabilitation programs.",contract_management,contract_management,False,,,,,
684,2025,2025_AGRPT@CON2025.pdf,"Overall Conclusion    Government of Uganda through the Office of the Prime Minister has undertaken  interventions under five designed programmes such as procurement and distribution of  material items, development of guidelines for affirmative action programme  implementation, support to micro projects and infrastructure projects of rehabilitation of  schools, boreholes and roads.",procurement_irregularities,procurement_irregularities,False,,,,,
685,2025,2025_AGRPT@CON2025.pdf,"The delay to rectify defects and formally hand over the  UBFC to beneficiary agencies, has compromised the building’s functionality and  safety.",contract_management,contract_management,True,"Uganda Business Facilitation Centre (UBFC, inferred)",other_building,,,low
686,2025,2025_AGRPT@CON2025.pdf,"To address this, PSFU should prioritise completion of the outstanding  works and address identified design and construction defects, ensuring that  essential facilities originally planned are incorporated or alternatives are  provided.",contract_management,contract_management,False,,,,,
687,2025,2025_AGRPT@CON2025.pdf,"vi)  Continue engaging the Local Governments, under which the RRCs fall, to ensure  adequate facilitation, training and build capacity for the district probation and  social welfare officers to bridge the knowledge and skilling gap to enable them  prepare timely SIR reports, to attend court sessions to quicken juvenile court  proceedings and ease resettlement of JOs after release.",land_and_right_of_way,land_and_right_of_way,False,,,,,
688,2025,2025_AGRPT@CON2025.pdf,"ix)  Engage the Ministry of Lands, Housing and Urban Development to survey and  title the available land at RRC in order to provide an accurate assessment of the  current land boundaries and secure it from encroachers.",land_and_right_of_way,land_and_right_of_way,False,,,,,
689,2025,2025_AGRPT@CON2025.pdf,"iii)  The accreditation process is ineffective as evidenced by monitoring reports that  indicate significant non-compliance in critical areas such as staffing, and  infrastructure (e.g., laboratories) within a short period after accreditation of  Programmes.",contract_management,contract_management,False,,,,,
690,2025,2025_AGRPT@CON2025.pdf,"The delayed completion of network  infrastructures, and on boarding of a single mobile operator on the developed  infrastructure limit the expansion of communication services to unserved and  underserved communities.",delay_time_overrun,delay_time_overrun,False,,,,,
691,2025,2025_AGRPT@CON2025.pdf,v)  The Management should ensure an improved and effective contract  management processes by strengthening oversight mechanisms on the contract  managers and follow up on the adherence of set procurement implementation  plan timelines for timely supply and installation of quality ICT equipment and  internet services to beneficiary schools/institutions.,governance_and_controls,governance_and_controls|procurement_irregularities,False,,,,,
692,2025,2025_AGRPT@CON2025.pdf,"The weaknesses identified  were in the areas of procurement, contract implementation and financial management  in the utilisation of the DWSCG, which affected the ability of the selected districts to  effectively deliver safe and sustainable water and sanitation services to the  communities.",procurement_irregularities,procurement_irregularities,False,,,,,
693,2025,2025_AGRPT@CON2025.pdf,"Key improvements were  observed in compliance with procurement regulations, adherence to engineering design  requirements, adoption and use of durable materials in construction works for water  facilities, and enhanced mobilisation and sensitisation of communities for sustainable  development and use of water facilities.",procurement_irregularities,procurement_irregularities,False,,,,,
694,2025,2025_AGRPT@CON2025.pdf,"However, despite the above progress made, some challenges still need to be addressed  to achieve efficient and effective Utilisation of the District Water and Sanitation  Conditional Grants (DWSCG) by the Select DLGs, as highlighted below;            198        i)  Delays in procurement, inadequate staffing for the Procurement and Disposal  Units (PDU), and gaps in documentation of contract management processes  continue to pose challenges in the select DLGs implementing the DWSCG grants.",contract_management,contract_management|procurement_irregularities,False,,,,,
695,2025,2025_AGRPT@CON2025.pdf,c)  Procurement Issues    I noted that;    i)  There were delays ranging from 116 to 838 days in the procurement of the  works contractors and supervising consultants.,procurement_irregularities,procurement_irregularities,False,,,,,
696,2025,2025_AGRPT@CON2025.pdf,"ii)  Ensure that, going forward, the annual turnover requirement used in the  procurement of works is in line with the relevant procurement guidelines.",procurement_irregularities,procurement_irregularities,False,,,,,
697,2025,2025_AGRPT@CON2025.pdf,"d)  Delayed Acquisition of Right of Way    I established that there were delays ranging from of up to 1030 days in acquisition of  right of way (RoW) for lots 1,2, 4 and 5.",land_and_right_of_way,land_and_right_of_way,False,,,,,
698,2025,2025_AGRPT@CON2025.pdf,"During the physical inspection of the works, I observed the following omissions and  defects;    Table 50: Summary of inspection of the project roads  Project Observation  Lot 1  Damaged drainage covers, pavers, signposts and concrete edge beam, exposed  reinforcement, blocked inlets to manholes, poorly installed kerbstones etc.",contract_management,contract_management,False,,,,,
699,2025,2025_AGRPT@CON2025.pdf,This increases the risk of use of  unqualified staff on the project  compromising the quality of the  supervision of the works.,contract_management,contract_management,False,,,,,
700,2025,2025_AGRPT@CON2025.pdf,Source: Audit review of project management documents    I advised the Accounting Officer to ensure that going forward;    i)  The supervision arrangements for the projects are adequate for the scope of  works.,contract_management,contract_management,False,,,,,
701,2025,2025_AGRPT@CON2025.pdf,v)  The physical inspection of works revealed defects on all the road projects  implemented by the entities.,contract_management,contract_management,False,,,,,
702,2025,2025_AGRPT@CON2025.pdf,"For the building projects, apart from the project in  Nansana MC and one (01) project in Wakiso DLG, defects were observed on all  the projects in the remaining seven (07) entities.",contract_management,contract_management,False,,,,,
703,2025,2025_AGRPT@CON2025.pdf,"These defects included: honey  combed and damaged ramps, columns beam and lintels, uneven floor tiling in  the classroom, crooked and poorly finished chalk rail, roofing timber pieces not  completely covered by treatment agent, lightning arrestor installed without a  ground inspection chamber, rust on structural steel members etc.",contract_management,contract_management,False,,,,,
704,2025,2025_AGRPT@CON2025.pdf,23  Procurement  of  the  Vehicle  Registration  and  Archiving  system- Ministry of Works.,procurement_irregularities,procurement_irregularities,False,,,,,
705,2025,2025_AGRPT@CON2025.pdf,"CID  Ministry of Works and  Transport  Ongoing  24  Request for forensic audit on the  Office of the Prime Minister- Department of Refugees  CID  Office of the Prime  Minister  Ongoing  25  Forensic audit of management of  Compensation for Cooperatives – Nyakatonzi  CID  Ministry  of  Trade,  Industry  and  Cooperatives  Ongoing  26  Forensic audit of management of  Compensation for Cooperatives – Bunyoro  CID  Ministry  of  Trade,  Industry  and  Cooperatives  Ongoing  27  Forensic audit of management of  Compensation for Cooperatives – Masaba Cooperative Society  CID  Ministry  of  Trade,  Industry  and  Cooperatives  Ongoing  28  Forensic audit of management of  Compensation for Cooperatives – Teso Cooperative Society  CID  Ministry  of  Trade,  Industry  and  Cooperatives  Ongoing  29  Forensic audit of management of  Compensation for Cooperatives – Wamala Cooperative Society  CID  Ministry  of  Trade,  Industry  and  Cooperatives  Ongoing  30  Forensic audit of management of  Compensation for Cooperatives – Jinja Cooperative Society  CID  Ministry  of  Trade,  Industry  and  Cooperatives  Ongoing  31  Forensic audit of management of  Compensation for Cooperatives – West Mengo Cooperative Society  CID  Ministry  of  Trade,  Industry  and  Cooperatives  Ongoing  32  Forensic audit of management of  Compensation for Cooperatives – West Acholi Cooperative Society  CID  Ministry  of  Trade,  Industry  and  Cooperatives  Ongoing  33  Forensic audit of management of  Compensation for Cooperatives – ,Bwavu Mpologoma Cooperative  Society  CID  Ministry  of  Trade,  Industry  and  Cooperatives    Ongoing  34  Forensic audit of management of  Compensation for Cooperatives – Okoro Cooperative Society  CID  Ministry  of  Trade,  Industry  and  Cooperatives  Ongoing  35  UWA IFPA procurement contract  No.247642  CID  Uganda  Wildlife  Authority  Ongoing  36  System manipulation and loss of  UGX.9Bn  CID  UNBS  Ongoing                229          4.3  Special Audits    I am mandated under Article 163(3) of the 1995 Constitution of the Republic of Uganda,  and Section 21 of the National Audit Act Cap 170, to undertake Special Audits.",procurement_irregularities,procurement_irregularities,False,,,,,
706,2025,2025_AGRPT@CON2025.pdf,"The status of some  of the Special Audits is as shown in the table below;    Table 58: Special Audits Conducted  SN  Subject of Investigation  Requester  of  Investigation  Entity  Under  Investigation  Status of  Audit  1  Mismanagement  of  USMID  projects, property rates income  and expenditure, street parking  tender  and  Nyakayojo  daily  matooke market tender  Office of the Speaker  of  Parliament  on  behalf of Member of  Parliament  Mbarara  City North Division  Mbarara City  Completed  2  Misappropriation  of  Road  Maintenance Grant funds by the  District  officials  in  Kiruhura  District  Member of Parliament  –  Kashongi  Constituency,  Kiruhura District  Kiruhura District Completed  3  End of Lease and Assignment  Agreement  Between  Umeme  Limited and Uganda Electricity  Distribution Company Limited  PS.",procurement_irregularities,procurement_irregularities,True,Nyakayojo Daily Matooke Market,market,Nyakayojo,Mbarara,medium
707,2025,2025_AGRPT@CON2025.pdf,"Parliamentary  Police  Division  Lira DLG  Completed          230        SN  Subject of Investigation  Requester  of  Investigation  Entity  Under  Investigation  Status of  Audit    9  Special  audit  into  the  expenditures of Wakiso HCIV for  the financial years 2022/2023  State House Health  Monitoring Unit   Wakiso DLG  Completed  10  Assessment of the Financial  Management  and  Reporting  Systems of the Global Fund  Grants  Ministry of Finance,  Planning  and  Economic  Development  Ministry  of  Health – Global  Fund  Completed  11  Verification report on the audit  of  the  Uganda  Railways  Corporation  (URC)  pension  arrears for 129 pensioners  PS-Ministry of Works  and Transport  Ministry  of  Works  and  Transport  Completed  12  Special  audit  of  alleged  mismanagement  of  Uganda’s  Mission in Abuja  State  House  Anti- Corruption Unit  Uganda’s  Mission in Abuja  Completed  13  Crisis Response Initiative Grant  Permanent Secretary  Ministry of Agriculture  and  Animal  Husbandry  National  Oil  Palm Project  Completed  14  Mismanagement of a total of  UGX.143m  in  Rugyeyo  and  Kihihi HCIVs in Kanungu District  StateHouse  Health  Monitoring Unit   Kanungu  District  Ongoing  15  Maracha Seed Secondary School   CID  Maracha  seed  Secondary  school  Ongoing  16  Soroti District Road Fund  RDC Soroti  Soroti District  Ongoing  17  Consultancy services for the  Technical, Financial and Asset  valuation of Kilembe Mines ltd  PS.",delayed_payments,delayed_payments,False,,,,,
708,2025,2025_AGRPT@CON2025.pdf,"I conducted an audit in 136 Health Centre IVs in 135 LGs to assess the management of  EMHS and below are the findings;    5.1.1 Inadequacies in Procurement Planning and Budgeting    Paragraph 3.4.2 of the EMHS Manual, 2023 requires the health facilities to prepare  procurement plans to guide the ordering of EMHS from the central warehouses/National  Medical Stores.",procurement_irregularities,procurement_irregularities,False,,,,,
709,2025,2025_AGRPT@CON2025.pdf,I noted that five (05) Health Centre IVs in five (05) Local Governments did not prepare  budgets or procurement plans to guide the ordering of EMHS from the central  warehouse.,procurement_irregularities,procurement_irregularities,False,,,,,
710,2025,2025_AGRPT@CON2025.pdf,"Absence of financial Statements negatively affects oversight over expenditure, income,  assets and liabilities of the school thus creating opportunities for misappropriation.",governance_and_controls,governance_and_controls,False,,,,,
711,2025,2025_AGRPT@CON2025.pdf,"iii)  The Accounting Officers of the LGs should ensure district engineers complete all  unfinished road works, and all defects on roads should be rectified.",contract_management,contract_management,False,,,,,
712,2025,2025_AGRPT@CON2025.pdf,5.5.8 Board of Governors and Governance Councils    Regulation 3 of the Education (Board of Governors) Regulations 2008 provides that  there shall be a board of governors for every post-primary school.,governance_and_controls,governance_and_controls,False,,,,,
713,2025,2025_AGRPT@CON2025.pdf,"Recommendation    The Accounting Officers of LLGs should plan project timelines based on known weather  and terrain conditions, improve coordination with district authorities for timely access to  road equipment, and strengthen procurement planning.",procurement_irregularities,procurement_irregularities,False,,,,,
714,2025,2025_AGRPT@CON2025.pdf,"of  unimplemented  projects  SC  251  99  6  143  TC  134  62  17  58  Total  385  161  23  201  Source: OAG physical inspection of the projects implemented    The Accounting Officers attributed the challenges to contractors abandoning  construction sites, financial constraints faced by some contractors, delays in  procurement processes, and failure of political leaders to commission the buildings.",procurement_irregularities,procurement_irregularities,False,,,,,
715,2025,2025_AGRPT@CON2025.pdf,"18)  0.16  0.16  -  -  11.56  -  2.49  2.27  0.22  0.10  0.07  0.03  2.22  1.95  0.27  0.37  0.39  (0.03)  Uganda  Livestoc k  Industri es  Limited  -  (0.56)  0.56  0.01  0.01  -  (0.56)  (0.56)  -  1.11  1.11  -  0.33  0.33  -  1.99  1.99  -  (0.55)  (0.55)  -  Uganda  Energy  Credit  Capitalis ation  Compan y  122.61  121.95  0.66  -  -  -  -  121.95  -  105.10  105.23  (0.13)  65.56  65.59  (0.04)  48.05  48.87  (0.83)  122.6 1  121.95  0.66  Uganda  Develop ment  Bank  Limited  268.0 0  268.00  -  1,207.07 1,207.07 -  36.99  0.28  36.72 1,683.58 1,711.91 (28.33) 98.61  70.28  28.33  270.12  270.12  -  1,512.07 1,512.07 -      282  ANNEXURES  Annexure 1: Summary of Entity Findings for MDAs and Projects  Entity Name  Programme  Name  Opinion    Summary of Key Findings  I noted that;  Office of the Prime  Minister (OPM)  Development  plan  implementation    Governance  and  security    Natural  resources,  environment,  climate  change,  land and water    Regional  balance  development  Unqualified          i)  The Ministry had verified stock of outstanding commitments amounting to  UGX.181.46Mn at the year-end.",governance_and_controls,governance_and_controls,False,,,,,
716,2025,2025_AGRPT@CON2025.pdf,ii)  The project had incurred expenditure on motor vehicles and the detailed design  of the seven (7) roads were ongoing due to delays to harmonise PPDA and KfW  procurement requirements.,procurement_irregularities,procurement_irregularities,False,,,,,
717,2025,2025_AGRPT@CON2025.pdf,"Kampala  Capital  City  Authority  (KCCA)  Agro- industrialization    Community  mobilization  and  mindset change    Development  plan  implementation    Digital  transformation    Human  capital  development    Integrated  transport  infrastructure  and  services    Natural  resources,  environment,  climate change,  Land and water  Unqualified  i)  There was an increase in the revenue arrears from UGX.281.13Bn in the year  ended 30th June 2024 to UGX.328.16Bn in the year ended 30th June 2025  leading to an increase by UGX.47.03Bn.",delayed_payments,delayed_payments,False,,,,,
718,2025,2025_AGRPT@CON2025.pdf,"Mulago  National  Referral  Hospital  Human  Capital  Development  Unqualified  i)  The entity did not reserve any procurements for registered association for  women, youth and people with disabilities as required by the PPDA guidelines.",procurement_irregularities,procurement_irregularities,False,,,,,
719,2025,2025_AGRPT@CON2025.pdf,xii) The Hospital paid domestic arrears worth UGX.1.027bn which were not budgeted  for.,delayed_payments,delayed_payments,True,Mulago National Referral Hospital,hospital_health,Kampala (Mulago),Kampala,high
720,2025,2025_AGRPT@CON2025.pdf,Mulago Specialized  Women & Neonatal  Hospital (MSWNH)  Human  Capital  Development  Unqualified  i)  There was a 11% increase in the Hospitals domestic arrears from UGX.3.862Bn  to UGX.4.293Bn.,delayed_payments,delayed_payments,False,,,,,
721,2025,2025_AGRPT@CON2025.pdf,v)  The Hospital made payments for settlement of arrears worth UGX.0.29Bn beyond  the approved domestic arrears budget without seeking approvals of the PSST.,delayed_payments,delayed_payments,True,Mulago Specialized Women & Neonatal Hospital (MSWNH),hospital_health,Kampala (Mulago),Kampala,high
722,2025,2025_AGRPT@CON2025.pdf,"xii) Support supervision of Regional Referral Hospital mental health units was limited  by funding constraints, lack of transport, and critical staffing shortages.",contract_management,contract_management,False,,,,,
723,2025,2025_AGRPT@CON2025.pdf,"x)  A contract for rehabilitation of passenger coaches valued at UGX.107.706Mn  experienced delays of 133 days without approved extensions, and liquidated  damages were not enforced, indicating weak contract management controls.",contract_management,contract_management,False,,,,,
724,2025,2025_AGRPT@CON2025.pdf,"314  Entity Name  Programme  Name  Opinion    Summary of Key Findings  I noted that;  xv) Significant weaknesses were noted in safeguarding of assets valued at  approximately  UGX.3.438Tn  including  unsecured  land,  stone  quarries,  telecommunication masts, locomotives, railway lines, and uninsured assets  xvi) Weak internal controls were noted in the investigation of asset losses, including  theft of 46 rails at Jinja Goods Shed and 394 untraceable wagons under the  Nyahururu Virtual Station, increasing the risk of continued asset loss and  misappropriation.",governance_and_controls,governance_and_controls,False,,,,,
725,2025,2025_AGRPT@CON2025.pdf,"xiii) Of the sixty-one (61) road projects handed over to the Ministry at various stages  of implementation, thirty-four (34) were behind the planned level of physical  progress as at 30th June 2025, increasing the risk of delayed completion and  deterioration of earlier works.",delay_time_overrun,delay_time_overrun,True,Jinja Goods Shed (Uganda Railways),other_building,Jinja,Jinja,high
726,2025,2025_AGRPT@CON2025.pdf,"xiv) Fourteen (14) transferred road projects valued at UGX.1,852Bn stalled after  handover to the Ministry of Works and Transport, while twelve (12) additional  projects for which no funds were released had not commenced, delaying  expected service delivery.",delay_time_overrun,delay_time_overrun,False,,,,,
727,2025,2025_AGRPT@CON2025.pdf,"317  Entity Name  Programme  Name  Opinion    Summary of Key Findings  I noted that;  xvii) Government-funded road projects experienced widespread suspension or  reduction of works due to delayed payments of IPCs, including Masindi–Biiso– Kabale–Kiziranfumbi–Hohwa–Nyairongo–Butole,  Ntungamo–Kabale–Katuna,  Kabaale International Airport Access Road, Hoima–Busunju, Moroto–Lokitanyala,  Olwiyo–Pakwach, and selected town roads in Pallisa and Kumi.",delayed_payments,delayed_payments,False,,,,,
728,2025,2025_AGRPT@CON2025.pdf,"xiii) Two (2) construction contracts worth UGX.16.91Bn were behind schedule, while  four (4) supplies worth UGX.3.03Bn procured and delivered to MAAIF and  NAGRC stores remained undistributed three (3) months after delivery.",delay_time_overrun,delay_time_overrun,True,Ntungamo-Kabale-Katuna Road,road,Ntungamo;Kabale;Katuna,,high
728,2025,2025_AGRPT@CON2025.pdf,"xiii) Two (2) construction contracts worth UGX.16.91Bn were behind schedule, while  four (4) supplies worth UGX.3.03Bn procured and delivered to MAAIF and  NAGRC stores remained undistributed three (3) months after delivery.",delay_time_overrun,delay_time_overrun,True,Kabaale International Airport Access Road,road,Kabaale,Hoima,high
728,2025,2025_AGRPT@CON2025.pdf,"xiii) Two (2) construction contracts worth UGX.16.91Bn were behind schedule, while  four (4) supplies worth UGX.3.03Bn procured and delivered to MAAIF and  NAGRC stores remained undistributed three (3) months after delivery.",delay_time_overrun,delay_time_overrun,True,Hoima-Busunju Road,road,Hoima;Busunju,,high
728,2025,2025_AGRPT@CON2025.pdf,"xiii) Two (2) construction contracts worth UGX.16.91Bn were behind schedule, while  four (4) supplies worth UGX.3.03Bn procured and delivered to MAAIF and  NAGRC stores remained undistributed three (3) months after delivery.",delay_time_overrun,delay_time_overrun,True,Moroto-Lokitanyala Road,road,Moroto;Lokitanyala,,high
728,2025,2025_AGRPT@CON2025.pdf,"xiii) Two (2) construction contracts worth UGX.16.91Bn were behind schedule, while  four (4) supplies worth UGX.3.03Bn procured and delivered to MAAIF and  NAGRC stores remained undistributed three (3) months after delivery.",delay_time_overrun,delay_time_overrun,True,Olwiyo-Pakwach Road,road,Olwiyo;Pakwach,,high
728,2025,2025_AGRPT@CON2025.pdf,"xiii) Two (2) construction contracts worth UGX.16.91Bn were behind schedule, while  four (4) supplies worth UGX.3.03Bn procured and delivered to MAAIF and  NAGRC stores remained undistributed three (3) months after delivery.",delay_time_overrun,delay_time_overrun,True,Selected Town Roads in Pallisa and Kumi,road,Pallisa;Kumi,,medium
728,2025,2025_AGRPT@CON2025.pdf,"xiii) Two (2) construction contracts worth UGX.16.91Bn were behind schedule, while  four (4) supplies worth UGX.3.03Bn procured and delivered to MAAIF and  NAGRC stores remained undistributed three (3) months after delivery.",delay_time_overrun,delay_time_overrun,True,Masindi-Biiso-Kabale-Kiziranfumbi-Hohwa-Nyairongo-Butole Road,road,Masindi;Biiso;Kabale;Kiziranfumbi;Hohwa;Nyairongo;Butole,,high
729,2025,2025_AGRPT@CON2025.pdf,"ii)  Out of the Council’s approved budget of UGX.80.58Bn, only UGX.20.64Bn (26%)  was realized, leaving a UGX.59.94Bn (74%) shortfall that affected procurement  of the Mpoma perimeter wall contractor, acquisition of vehicles, and  establishment of a non-ionizing radiation laboratory.",procurement_irregularities,procurement_irregularities,False,,,,,
730,2025,2025_AGRPT@CON2025.pdf,"Climate Change and  Infectious Diseases  (One  Health  Approach”  -  CIDIMOH  Project  (MAK)  for  the  period ended 31st  December 2024  Human  Capital  Development  Unqualified  There were no reportable issues  Climate  Smart  Agriculture in Sub- Saharan  Africa  (CSA)  Project  (MUK)  for  the  period ended 31st  December 2024  Human  Capital  Development  Unqualified  There were no reportable issues  Energy Technology  Network  (Energynet) Project  Human  Capital  Development  Unqualified  There were no reportable issues    333  Entity Name  Programme  Name  Opinion    Summary of Key Findings  I noted that;  (MUK)  for  the  Period 1st Jan 2024  to 31st Dec 2024  Gender  and  Digitalization Across  Context  (GENDIG)  Project (MUK) for  period 1st Jan 2024  to 31st Dec 2024  Human  Capital  Development  Unqualified  There were no reportable issues  Enhanced Capacity  for  Aquatic  Resources in East  and  South  Africa  (ECARESA) Project  (MUK)  for  the  period 1st Jan 2024  to 31st Dec 2024  Human  Capital  Development  Unqualified  There were no reportable issues  Decolonizing  Epistemologies: The  Disciplines and the  University  in  relation  to  the  Society  and  the  World  Project  (MUK)  for  the  Period 1st Jan 2024  to 31st Dec 2024  Human  Capital  Development  Unqualified  There were no reportable issues    Co  -  Creating  Knowledge for Local  Adaptation  to  Climate Change in  LDCS  (COLOCAL)  Project (MUK) for  the period 1st Jan  2024 to 31st Dec  2024  Human  Capital  Development  Unqualified  There were no reportable issues    334  Entity Name  Programme  Name  Opinion    Summary of Key Findings  I noted that;  Competitiveness  and  Enterprise  Development  Project (CEDP-AF) –  MoFPED    Public  Sector  Transformation  &  Tourism  Development  Unqualified  i)  For procurements worth UGX.2.577Bn, the project shortlisted providers that  were not on its prequalified list of suppliers.",procurement_irregularities,procurement_irregularities,True,Mpoma Perimeter Wall,other_building,Mpoma,Mukono,medium
731,2025,2025_AGRPT@CON2025.pdf,"xii) A review of the construction of community access roads from Labworoyeng,  Pawena, Laliya, Pawic, Lagot Anyara, to Beyogoya - Prelnor Junction point worth  UGX.1.50Bn revealed a number of gaps including; award of extra works without  approval by DIST and PIST, incomplete works including graveling of the road,  poor grading, lack of culverts at critical points of the road, and abandonment of  the site by the contractor.",delay_time_overrun,delay_time_overrun,False,,,,,
732,2025,2025_AGRPT@CON2025.pdf,"viii) Three (3) years after the Presidential Directive to conclude a direct procurement  agreement for the construction of the Commission’s headquarters, the  Commission had not implemented the required agreement or contract.",procurement_irregularities,procurement_irregularities,True,Labworoyeng-Pawena-Laliya-Pawic-Lagot Anyara-Beyogoya Community Access Road,road,Labworoyeng;Pawena;Laliya;Pawic;Lagot Anyara;Beyogoya,,high
733,2025,2025_AGRPT@CON2025.pdf,"Grid Expansion and  Reinforcement  Project  (GERP)  - UETCL)  Energy  Development  Unqualified  i)  Despite project completion and loan closure, ongoing litigation and arbitration  cases involve potential claims of approximately UGX.2.8 Bn against the Company.",claims_and_disputes,claims_and_disputes,False,,,,,
734,2025,2025_AGRPT@CON2025.pdf,"Young Africa Works  Uganda  –  Enhancing  Firm  Public  Sector  Development  Unqualified  i)  Control lapses were identified in the management of advances, including  delayed accountability that resulted in expenditure incurred in 2020 and 2021  being recorded in 2022.",governance_and_controls,governance_and_controls,False,,,,,
735,2025,2025_AGRPT@CON2025.pdf,v) Procurement and construction of two (2) merchant vessels and two (2) search  and rescue boats had progressed to 63.9% completion by August 2025.,procurement_irregularities,procurement_irregularities,False,,,,,
736,2025,2025_AGRPT@CON2025.pdf,"371  Entity Name  Programme  Name  Opinion    Summary of Key Findings  I noted that;  Development  plan  implementation  Digital  transformation  Human  capital  development  Integrated  transport  infrastructure  and  services  Natural  resources,  environment,  climate  change,  land and water  Public  sector  transformation  Tourism  development  Human  Capital  Development  ii)  Six (6) procurements worth UGX.1.08Bn were not carried out.",procurement_irregularities,procurement_irregularities,False,,,,,
737,2025,2025_AGRPT@CON2025.pdf,"xvi) Several activities were partially implemented including disbursement of  Metropolitan Development Grant to implement entities for road upgrades,  Engineering designs for eight (8) Markets produced, developing a central GKMA  GIS system and developing a GKMA innovation hub, Preparation of an  Environmental Management System Manual for the GKMA and Preparation of a  GKMA air quality monitoring situational analysis report  xvii) I reviewed the procurement file, and other documentation for the Development  Regulation Management Information System (DRIMS) and noted that the  contractor was paid UGX.126.47Mn (100%) after production of only the  inception report yet the contract required (20%) to be paid on receipt of the  inception report, 40% upon completion of system logical design and  development, 20% on receipt of change management report while 20% was to  be paid on receipt of the completion report.",procurement_irregularities,procurement_irregularities,False,,,,,
738,2025,2025_AGRPT@CON2025.pdf,"For example; Civil works  procurement was still under evaluation, the Corridor Development Plan and the  Livelihood Restoration Program had not commenced.",procurement_irregularities,procurement_irregularities,False,,,,,
739,2025,2025_AGRPT@CON2025.pdf,375  Entity Name  Programme  Name  Opinion    Summary of Key Findings  I noted that;  Kawempe National  Referral  Hospital  (KNRH)  Human  Capital  Development  Unqualified  i)  The entity did not indicate the procurements reserved for registered  associations as required by the guidelines.,procurement_irregularities,procurement_irregularities,False,,,,,
740,2025,2025_AGRPT@CON2025.pdf,ii)  The Hospital did not execute one procurement worth UGX.18.755Mn.,procurement_irregularities,procurement_irregularities,True,Kawempe National Referral Hospital (KNRH),hospital_health,Kawempe,Kampala,high
741,2025,2025_AGRPT@CON2025.pdf,"vi)  The hospital planned to execute procurements worth UGX.8.35Bn, however, the  total awarded contracts amounted to only UGX.578.46Bn (7%).",procurement_irregularities,procurement_irregularities,False,,,,,
742,2025,2025_AGRPT@CON2025.pdf,"Kabale  Regional  Referral Hospital  Human  capital  development  Unqualified  i)  The statement of financial position reported an outstanding balance of  UGX.0.448Bn in respect of unpaid retention fees and other works on the interns’  hostel, and pension arrears of UGX.0.018Bn which remained unpaid.",delayed_payments,delayed_payments,True,Kabale Regional Referral Hospital,hospital_health,Kabale,Kabale,high
743,2025,2025_AGRPT@CON2025.pdf,"vi) For 17 procurements of works worth UGX.174.27Mn under the micro  procurement method, the entity did not obtain at least three quotations for  comparison purposes as required.",procurement_irregularities,procurement_irregularities,False,,,,,
744,2025,2025_AGRPT@CON2025.pdf,v)  The hospital did not indicate the procurements reserved for registered  associations as required by the guidelines.,procurement_irregularities,procurement_irregularities,False,,,,,
745,2025,2025_AGRPT@CON2025.pdf,"vi)  I observed stalled construction of the surgical complex; which started in  financial year 2014/2015 at a cost of UGX.6Bn to house facilities like ICU,  casualty, operating theatres and wards.",delay_time_overrun,delay_time_overrun,False,,,,,
746,2025,2025_AGRPT@CON2025.pdf,"v)  The Regional Referral Hospital did not indicate the procurements reserved for  registered associations as required by the guidelines and as such, no contract  awards were made to the registered associations.",procurement_irregularities,procurement_irregularities,True,Kabale Regional Referral Hospital Surgical Complex,hospital_health,Kabale,Kabale,medium
747,2025,2025_AGRPT@CON2025.pdf,"Kiruddu National Referral  Hospital  Human Capital  Development  Unqualified  i)  Whereas the entity reported to have undertaken market assessments for five (5)  procurements worth UGX.1.67Bn, there were no market price assessment  reports to support this.",procurement_irregularities,procurement_irregularities,True,Kiruddu National Referral Hospital,hospital_health,Kiruddu,Kampala,high
748,2025,2025_AGRPT@CON2025.pdf,"viii) I noted shortcomings that affect the hospital’s quality of services including;  delayed procurement of medical supplies, high costs of dialysis treatments,  inadequate funding by the government for the dialysis programme,  understaffing of critical units, inadequate medical equipment, and spells of  shortages of essential medicines and supplies.",procurement_irregularities,procurement_irregularities,False,,,,,
749,2025,2025_AGRPT@CON2025.pdf,The affected activities included  resettlement house construction (99%) and compensation of PAPs (98.9%).,land_and_right_of_way,land_and_right_of_way,False,,,,,
750,2025,2025_AGRPT@CON2025.pdf,The low donor disbursements were due to delayed  procurement of an EPC contractor.,procurement_irregularities,procurement_irregularities,False,,,,,
751,2025,2025_AGRPT@CON2025.pdf,"v) Of the nine (9) planned activities, one (1) was partially achieved, while the eight  (8) remaining activity targets were not achieved, including; PAP compensation,  titling of the transmission line corridor, and construction of resettlement houses.",land_and_right_of_way,land_and_right_of_way,False,,,,,
752,2025,2025_AGRPT@CON2025.pdf,Mutundwe-Entebbe  132  Kv  Double  Circuit Transmission  Line project for the  year  ended  30th  June 2024  Energy  Development  Unqualified  i)  There was no valid contract for provision of consultancy services between UETCL  and M/S GOPA Intec and yet there were defects liability period activities that  were supposed to be supervised.,contract_management,contract_management,True,Mutundwe-Entebbe 132kV Double Circuit Transmission Line,power_transmission,Mutundwe;Entebbe,,high
753,2025,2025_AGRPT@CON2025.pdf,iv) The university did not prepare a multi-year procurement plan for the  construction of the Administration block which was awarded at a contract sum of  UGX 13.82Bn.,procurement_irregularities,procurement_irregularities,False,,,,,
754,2025,2025_AGRPT@CON2025.pdf,The outstanding payables relate to  unpaid construction works and may attract litigation.,claims_and_disputes,claims_and_disputes,False,,,,,
755,2025,2025_AGRPT@CON2025.pdf,Makerere University  Business  School  (MUBS)  Human  Capital  Development  Unqualified  i)  A sum of UGX.4.454 Bn was drawn from the current year’s budget to pay  domestic arrears that were not budgeted for.,delayed_payments,delayed_payments,False,,,,,
756,2025,2025_AGRPT@CON2025.pdf,x) The School land at Kireeka Hill view Road measuring 2.24 acres and valued at  UGX.2.01Bn had been fully encroached on and developed by squatters.,land_and_right_of_way,land_and_right_of_way,False,,,,,
757,2025,2025_AGRPT@CON2025.pdf,"iv) The construction of the MTAC Centre in Mbale had not been formally transferred  to Nakawa Vocational Training College, raising supervision concerns.",contract_management,contract_management,True,"MTAC Centre, Mbale",other_building,Mbale,Mbale,high
758,2025,2025_AGRPT@CON2025.pdf,"ii)  The stadium undertook a procurement worth UGX.0.604Bn which was neither  included in the approved plan, nor was it cleared by the Solicitor General.",procurement_irregularities,procurement_irregularities,False,,,,,
759,2025,2025_AGRPT@CON2025.pdf,"Ministry of Lands,  Housing & Urban  Development  (MOLHUD)  Natural Resources,  Environment,  Climate  Change,  Land and Water &  Sustainable  Urbanisation  and  Housing  Unqualified  i)  The Ministry paid arrears of UGX.54.94Bn which was above the budgeted  amount of UGX.8.07Bn resulting into unauthorized expenditure of UGX.46.86Bn  ii)  Out of the approved staff structure of 912, only 603 (66%) are filled leaving 309  vacant positions.",delayed_payments,delayed_payments,False,,,,,
760,2025,2025_AGRPT@CON2025.pdf,"420  Entity Name  Programme  Name  Opinion    Summary of Key Findings  I noted that;  Ministry  of  Local  Government  Agro- Industrialization  Development  Plan  Implementation  Governance  and  Security,  Human  Capital  Development  Legislation,  Oversight  and  Representation  Natural Resources,  Environment,  Climate  Change,  Land  and  Water  Public  Sector  Transformation  Regional  Balance  Development  Sustainable  Urbanisation  and  Housing  Unqualified  i)  The Ministry's arrears position stood at UGX.24.12Bn as at 30th June, 2025  however, only UGX.0.237Bn budget was availed for the settlement of the same.",delayed_payments,delayed_payments|governance_and_controls,False,,,,,
761,2025,2025_AGRPT@CON2025.pdf,"viii) Ten (10) procurements worth UGX.1.38Bn were not implemented as planned,  delaying delivery of goods, works, and services intended under the approved  procurement plan.",procurement_irregularities,procurement_irregularities,False,,,,,
762,2025,2025_AGRPT@CON2025.pdf,"xvi) Several key activities were partially implemented or not implemented due to  budget shortfalls, including compensation of PAPs on the Tororo–Gulu railway,  rehabilitation of the Tororo–Gulu line, procurement of Bailey bridges,  development of the Bridge Management System, and construction of tarmac  roads in town councils  xvii) The Ministry collected NTR of UGX.236.37Bn against a target of UGX.343.13Bn,  representing 69% performance.The shortfall of UGX.106.75Bn was attributed to  reduced boda boda licence fees, inadequate staffing, suspension of the Express  Penalty Scheme, and multiple taxes on passenger motor vehicles.",procurement_irregularities,procurement_irregularities,False,,,,,
763,2025,2025_AGRPT@CON2025.pdf,"xix) Major delayed projects included Kayunga–Nabuganyi and Nansana–Kireka–Bira  roads, Kafunta–Buwampa road, Kabaale International Airport, and the New  Kampala Port at Bukasa, mainly due to delayed payments, design changes,  scope changes, funding gaps, and weak contract management.",contract_management,contract_management|delayed_payments,True,Tororo-Gulu Railway Line Rehabilitation,other,Tororo;Gulu,,high
764,2025,2025_AGRPT@CON2025.pdf,"xxiii)  Weak controls were noted in safeguarding non-current assets, including  thirty-nine (39) Government vehicles used for road supervision that still had  private number plates and were not recorded in the fixed assets register.",contract_management,contract_management,True,New Kampala Port at Bukasa,other_building,Bukasa,Kampala,high
764,2025,2025_AGRPT@CON2025.pdf,"xxiii)  Weak controls were noted in safeguarding non-current assets, including  thirty-nine (39) Government vehicles used for road supervision that still had  private number plates and were not recorded in the fixed assets register.",contract_management,contract_management,True,Kabaale International Airport,airport,Kabaale,Hoima,high
764,2025,2025_AGRPT@CON2025.pdf,"xxiii)  Weak controls were noted in safeguarding non-current assets, including  thirty-nine (39) Government vehicles used for road supervision that still had  private number plates and were not recorded in the fixed assets register.",contract_management,contract_management,True,Kafunta-Buwampa Road (9.5km),road,Kafunta;Buwampa,,high
764,2025,2025_AGRPT@CON2025.pdf,"xxiii)  Weak controls were noted in safeguarding non-current assets, including  thirty-nine (39) Government vehicles used for road supervision that still had  private number plates and were not recorded in the fixed assets register.",contract_management,contract_management,True,Nansana-Kireka-Biira Road,road,Nansana;Kireka;Biira,Wakiso,high
764,2025,2025_AGRPT@CON2025.pdf,"xxiii)  Weak controls were noted in safeguarding non-current assets, including  thirty-nine (39) Government vehicles used for road supervision that still had  private number plates and were not recorded in the fixed assets register.",contract_management,contract_management,True,Kayunga-Nabuganyi Road,road,Kayunga;Nabuganyi,,high
765,2025,2025_AGRPT@CON2025.pdf,"xxvii) Start-up works at for Bukasa project progressed to only 44.91% by  November 2025, despite expiry of the original loan period, due to delayed  procurement, land access challenges, and unresolved PAP issues.",procurement_irregularities,procurement_irregularities,False,,,,,
766,2025,2025_AGRPT@CON2025.pdf,xxxii) Delayed payment of IPCs amounting to UGX.40.65Bn exposed the Ministry to  potential interest claims and affected contractors’ ability to deliver works on  time.,delayed_payments,delayed_payments,True,New Kampala Port at Bukasa,other_building,Bukasa,Kampala,high
767,2025,2025_AGRPT@CON2025.pdf,"v)  The project experienced delays in implementing key components such as the  Capacity Improvement and Signalisation Study for the Namungoona–Nansana– Wakiso–Kakiri Road, whose procurement was still under evaluation as at 30th  June 2025.",procurement_irregularities,procurement_irregularities,False,,,,,
768,2025,2025_AGRPT@CON2025.pdf,Kapchorwa - Suam  Road-project  Integrated  transport  infrastructure  and  services  Unqualified  i)  The Commission did not reserve any procurements for registered associations  as required by the PPDA guidelines.,procurement_irregularities,procurement_irregularities,True,Namungoona-Nansana-Wakiso-Kakiri Road,road,Namungoona;Nansana;Wakiso;Kakiri,,high
769,2025,2025_AGRPT@CON2025.pdf,"ii)  DFID funding of GBP 8.9Mn was fully disbursed, while GoU counterpart funding  exceeded the approved amount by UGX.48.20Bn due to increased land  acquisition and price variation costs.",cost_overrun,cost_overrun,True,Kapchorwa-Suam Road Project,road,Kapchorwa;Suam,,high
770,2025,2025_AGRPT@CON2025.pdf,"iii)  Several key project activities were ongoing and had not been completed,  including civil works, construction supervision, supply of in-situ pollution  monitoring equipment, and compensation of PAPs, where 3,041 out of 3,162  PAPs (96.2%) had been paid UGX.28.80Bn out of UGX.30.23Bn submitted.",contract_management,contract_management,False,,,,,
771,2025,2025_AGRPT@CON2025.pdf,"v)  Six (6) project contracts, including the main civil works and supervision  contracts, had completion dates extending beyond the grant closing date of  31st December 2025.",contract_management,contract_management,False,,,,,
772,2025,2025_AGRPT@CON2025.pdf,Naguru  National  Referral Hospital  Human  Capital  Development  Unqualified  i)  The Hospital had outstanding arrears amounting to UGX.434.418Bn out of  which UGX.415.486Bn (96%) arose during the year under review.,delayed_payments,delayed_payments,True,Naguru National Referral Hospital,hospital_health,Naguru,Kampala,high
773,2025,2025_AGRPT@CON2025.pdf,iv)  I inspected Njeru Government stock farm and noted that there is continued  loss of land of over 357 acres and destruction of farm infrastructure by the  encroachers which has led to insufficient feed for animals due to reduced  grazing land and increase in animal diseases as a result of congestion.,land_and_right_of_way,land_and_right_of_way,False,,,,,
774,2025,2025_AGRPT@CON2025.pdf,444  Entity Name  Programme  Name  Opinion    Summary of Key Findings  I noted that;    National Enterprises  Corporation (NEC) -  Construction Works  and Engineering Ltd  Governance  and  Security  Unqualified  i)  NEC Construction Works and Engineering Limited closed the financial year with a  receivables balance of UGX.23.5Bn compared to UGX.20.36Bn of the previous  financial year 2023/2024.,governance_and_controls,governance_and_controls,True,Njeru Government Stock Farm,other_building,Njeru,Buikwe,high
775,2025,2025_AGRPT@CON2025.pdf,"b) Insufficient funding: I noted that budget allocations for procurement  operations, including capacity building, market surveys, and contract  monitoring activities, were inadequate.",procurement_irregularities,procurement_irregularities,False,,,,,
776,2025,2025_AGRPT@CON2025.pdf,"v)  Out of the Annual budget of UGX.17.3Bn for JST infrastructure improvements  project, actual funding was Nil impacting the implementation of the planned  project procurements.",procurement_irregularities,procurement_irregularities,False,,,,,
777,2025,2025_AGRPT@CON2025.pdf,"Deposit  Protection  Fund  Monetary  Policy  and  Financial  Stability  Unqualified  There were no reportable issues  National Water and  Sewerage  Cooperation  (NWSC)  Natural Resources,  Environment,  Climate  Change,  Water  and  Land  Management  Unqualified  There were no reportable issues  National  Women  Council  Human  Capital  Development  Unqualified  Domestic arrears increased from UGX.14.54Mn in prior year to UGX.168.42Mn in  current year an increase of (1,058%).",delayed_payments,delayed_payments,True,Oil Jetty and Pipeline at JST,other,Jinja,Jinja,medium
778,2025,2025_AGRPT@CON2025.pdf,vii)  The contract for the construction of the new Parliamentary Chambers was  significantly behind schedule since only 49% of the work had been completed  compared to the planned target of 69% for the financial year 2024/25.,delay_time_overrun,delay_time_overrun,False,,,,,
779,2025,2025_AGRPT@CON2025.pdf,"South-Western  Cluster Water and  Sanitation  Project  (NWSC) for the year  ended  30th  June  Natural Resources,  Environment,  Climate  Change,  Water  and  Land  Management  Unqualified  There were no reportable issues    474  Entity Name  Programme  Name  Opinion    Summary of Key Findings  I noted that;  2025  State House  Governance  and  security  Innovation,  technology  development  and  transfer  Unqualified  i)  Included in the total expenditure of UGX.1,058.67Tn is expenditure worth  UGX.683.4Bn, which relates to classified expenditure.",governance_and_controls,governance_and_controls,True,New Parliamentary Chambers,other_building,Kampala,Kampala,high
780,2025,2025_AGRPT@CON2025.pdf,"Strengthening  Adaptive  Capacity  and Resilience of  Communities  in  Natural Resources,  Environment,  Climate  Change,  Water  and  Land  Unqualified  i)  The project received UGX.15.07Bn (57%) out of the expected cumulative  disbursements of UGX26.43Bn owing to delayed payment for the hydro- meteorological stations equipment and delays in the procurement of works.",delayed_payments,delayed_payments|procurement_irregularities,False,,,,,
781,2025,2025_AGRPT@CON2025.pdf,"Contract  implementation delays affect service delivery, while failure to enforce liquidated  damages may encourage non-compliance and further delay service delivery.",contract_management,contract_management,False,,,,,
782,2025,2025_AGRPT@CON2025.pdf,"xi)  There were significant contract management deficiencies regarding the  Construction of 350 Bed Hospital, Pediatrics Ward, Service Building, Reception  Building and Renovation of Six Level Building.",contract_management,contract_management,False,,,,,
783,2025,2025_AGRPT@CON2025.pdf,"viii) Of the 79 investments for the Nalubaale-Kiira Hydro Power Plants approved  over three years, only 14 (18%) had been completed by the time of the audit,  with the majority still under the procurement process.",procurement_irregularities,procurement_irregularities,True,Naguru National Referral Hospital Redevelopment (350-Bed Hospital),hospital_health,Naguru,Kampala,medium
784,2025,2025_AGRPT@CON2025.pdf,"ix)  At Isimba Hydro Power Plant, the spillway structure is eroded, equipment and  parts at the intake gate are corroded, and the open intake pits show  deterioration, with defects remaining unresolved beyond the Defect Liability  Period.",contract_management,contract_management,True,Nalubaale-Kiira Hydropower Plants Rehabilitation,power_generation,Nalubaale;Kiira,Jinja,high
785,2025,2025_AGRPT@CON2025.pdf,"Uganda Embassy in  Ethiopia,  Addis  Ababa  Agro- industrialization  Development  plan  implementation  Governance  and  security  Unqualified  i)  Preparation and finalization of the designs, bid documents, inception report,  Comprehensive plan, feasibility planning report and the preliminary design  report for the construction of Chancery and Official Residence were not  concluded within the six months.",governance_and_controls,governance_and_controls|procurement_irregularities,True,Isimba Hydropower Project (Isimba HPP),power_generation,Isimba,Kayunga,high
786,2025,2025_AGRPT@CON2025.pdf,"Uganda  Consulate  in  China,  Guangzhou  Agro- industrialization  Governance  and  security  Manufacturing  Mineral  development  Tourism  development  Unqualified  i)  The Mission paid UGX.0.386Bn to a construction company as a tax component  of an invoice, which was eligible for refund from the Government of China given  the mission’s tax exempt status, however the refund had not been done by the  time of the audit.",governance_and_controls,governance_and_controls,False,,,,,
787,2025,2025_AGRPT@CON2025.pdf,iv) Physical inspection of the Chancery and Official residence construction works  revealed works were behind schedule as the planned completion date was 30th  June 2025.,delay_time_overrun,delay_time_overrun,False,,,,,
788,2025,2025_AGRPT@CON2025.pdf,"viii) There were a number of anomalies in the management of the contract for the  Chancery Project key among which include; un approved time extensions, un- approved cost revisions, unapproved additional works, execution of works without  valid contracts, conflict of interest between members of the Contract  Management Committee, irregular attendance  of Contract Management  Committee meetings by members of management who were not members of the  Contracts Management Committee, un-approved payments among others.",contract_management,contract_management,False,,,,,
789,2025,2025_AGRPT@CON2025.pdf,"iii)  The School lacks a procurement unit, contrary to procurement regulations.",procurement_irregularities,procurement_irregularities,False,,,,,
790,2025,2025_AGRPT@CON2025.pdf,"v)  The project planned to train at least 80 Energy Service Companies in Results- Based Financing at a cost of USD.28,169 but trained 78 companies at a cost of  USD.44,939, resulting in a budget overrun of USD.16,770.",cost_overrun,cost_overrun,False,,,,,
791,2025,2025_AGRPT@CON2025.pdf,"548  Entity Name  Programme  Name  Opinion    Summary of Key Findings  I noted that;  ii)  The entity repeatedly procured common-use items such as laboratory  consumables, servicing and maintenance of equipment worth UGX.0.118Bn  through individual procurement processes rather than utilizing framework  arrangement contrary to PPDA regulations  iii)  The Institute’s PDU had no budget allocations for procurement operations,  including capacity building, market surveys, and contract monitoring activities  which hampers the PDU’s effectiveness.",procurement_irregularities,procurement_irregularities,False,,,,,
