sample_id,year,sentence
S0001,2018,"Nakapiripirit DLG      Performance of YLP    Performance Of URF    Domestic Arrears    Un-Spent Conditional Grants    Failure to Utilize Appropriated NUSAF II Funds        277      Under Collection of Local Revenue    Abandoned Motor Vehicle    Irregular Sale of Solar Panels    Diversion of Council Assets to Personal Use    Grounded Motor Vehicles    Failure to access the payroll by new staff    Failure to access Pensions by Eligible Pensioners    Construction of an irrigation system    Un-demarcated Natural Resources    Illegal activities on gazetted natural resources    Failure to appoint a District Environment Committee    Lack of legal ownership of land, forest reserves and wetlands    Absence of a District Lands Office    Status of health facilities    Shortage of Medical Equipment    Medical equipment in poor working condition    Under Staffing    Failure to appoint Contract managers/supervisors  138."
S0002,2018,An amount of UGX379.1 billion relates to compensation claims for  land affected by the construction of Isimba HPP while UGX.
S0003,2018,Bundibugyo DLG    URF-Performance of URF    Funds not accounted for    Local Revenue Shortfall    Underfunding of Youth Livelihood Programme    Inspection of Performance of Youth Projects    Garnish Orders fr Court Cases    Failure to remit Statutory deductions    Capitation Grants   Lack of Financial Statements and Books of Accounts - Busu  Primary School    Management of Natural Resources   Failure to Demarcate and Monitor Natural resources   Unlicensed Activities on the Forest Reserves   Failure to Constitute the District Environment Committee      Management of Procurement    Payments made to companies over and above the awarded contract price    Status of Basic Medical Equipment   Inadequate Medical Equipment    18.
S0004,2022,I further noted  there were delays in procurement processes in 40 HLGs which delayed the  commencement of works.
S0005,2024,"v)  I observed that whereas the planned date of the start of construction  was 4th August 2023, a review of the contract management records  revealed that the actual works started on 3rd October 2023, which  was a delay of two (2) months."
S0006,2019,"• The School accumulated domestic arrears of UGX.19,084,373,665 by the end of the financial year  under review."
S0007,2018,"Kibuku DLG      YLP-Low Recovery of Funds    Performance of URF    Double transfer of UWEP funds    Staffing Gaps    Irregular Payment of Salaries to Retired Staff    Natural Resources    Lack of Certificate of Ownership of Wetlands    Unlicensed Activities in Wet Lands    Mismanagement of the District’s Natural Resources    Lack of Land Titles    Poor condition of medical equipment    Lack of skilled personnel to manage medical equipment    Non-disposal of obsolete equipment    Defects regarding the slitting, drilling and installation of bore holes    Failure to meet minimum required Standards of UPE School  l    Evaluation of Internal Audit function  103."
S0008,2024,"Key Findings    However, I also established that there were areas that require improvement, as  highlighted below:    i)  There was delayed completion of infrastructure projects and this affected: all 6  irrigation schemes and valley dams planned for completion by 30th June 2024, 10  out of 13 projects for water for domestic use, 32 out of 44 planned projects for  post-harvest handling."
S0009,2019,g)  Timeliness of cash compensation    It was noted that all project sites were handed over to contractors before land  acquisition was completed contrary to the requirements in the Land Acquisition Act.
S0010,2024,"iii) The installation of ICT Equipment for training and telemedicine that  was delivered in 2021 at a contract price USD.1,064,510.49 had not  been done due to the delayed completion of the multipurpose building  where it is supposed to be housed."
S0011,2018,"Entity  Profit  before  Interest  (Operating  Profit) (UGX)  Interest  (Financing  cost) (UGX)  Number of  Times  1  NEC Luwero Industries Limited  231,972,069  1,898,740  122.2  2  National Water and Sewerage  Corporation  58,889,248,000  891,744,000  66.0  3  NEC Tractor Hire Scheme  Limited  765,650,619  13,368,513  57.3  4  NEC Construction Works &  Engineering Limited  810,468,628  14,548,220  55.7  5  NEC Tractor Project  69,353,628  1,282,575  54.1  6  Bank of Uganda  442,262,000,000  18,149,000,000  24.4  7  Uganda Property Holdings  Limited  672,423,379  229,649,582  2.9  8  Uganda Post Limited  600,331,000  626,531,000  1.0  9  National  Housing  and  Construction  Company  Limited  (101,502,000)  1,949,498,000  -0.1  10  Uganda  Electricity  Transmission  Company  Limited  (106,636,000,00 0)  588,000,000  -181.4    Through its oversight role, government should caution the management of these  enterprises to limit the amounts of debt to manageable levels guaranteed by improved  profitability."
S0012,2018,Iganga DA      Performance of Youth Livelihood Programme    Implementation of the Uganda Road Fund (PERFORMANCE OF URF)    Lack of Land Titles    Court Cases    Payroll Management    Procurement    Capitation Grant    Status of basic medical equipment    Uganda Wen Empowerment Project    Management of Natural Resources    Failure to approve building plans  51.
S0013,2019,"of  times)  1  NEC  Luwero  Industries  Limited  1,605,446,322  2,898,800  553.8  2  Uganda Property Holding  2,295,266,559  18,139,200  126.5  3  NEC Construction Works &  Engineering Limited  1,174,872,802  12,636,474  93.0  4  NEC Tractor Hire Scheme  Limited  1,031,670,365  21,136,041  48.8  5  NEC Farm Katonga Limited  28,230,596  1,499,906  18.8  6  National  Water  and  Sewerage Corporation  55,246,011,000  5,993,271,000  9.2  7  Uganda Development Bank  (Dec 2018)  15,810,821,000  2,217,024,000  7.1  8  Uganda Post Limited  307,786,000  54,711,000  5.6  9  Pride Micro Finance (Dec  2018)  28,944,865,000  7,666,079,000  3.8  10  Uganda  Electricity  Generation Company  23,922,515,000  8,256,418,000  2.9  11  Civil Aviation Authority June  2019  48,737,266,000  20,574,758,000  2.4  12  Post Bank Uganda Limited  (Dec 2018)  14,004,100,319  8,465,096,709  1.7  13  Bank of Uganda  (727,747,000,000)  127,835,000,000  -5.7  14  Uganda  Broadcasting  Corporation  (6,790,341,186)  34,468,397  -197.0  15  NEC Tractor Project  (390,592,922)  1,287,200  -303.4  Through its oversight role, Government should caution the management of these  enterprises to limit the amounts of debt to manageable levels guaranteed by improved  profitability."
S0014,2025,"iii)  The Accounting Officers of the LGs should ensure district engineers complete all  unfinished road works, and all defects on roads should be rectified."
S0015,2024,•  Incomplete works contract for additional works.
S0016,2018,Sheema DLG      YLP-LOW RECOVERY OF FUNDS    PERFORMANCE OF URF    Pension and Gratuity arrears    Under-collection of local revenue    Shortfall in Government grants    Audit of procurement of public works  6    Contract Awards that did not meet the evaluation criteria    Lack of evidence of receipt of invitation to Bid by bidders 7    Absence of a Physical Planner on the Physical Planning committee (PPC)    Budget Allocation to the Physical planning committee    Lack of a wetlands register        270      Lack of key personnel in the Natural resources department    Lack of Basic Medical Equipment    Poor Condition of Medical Equipment    Non-maintenance of records    Safe Equipment operation practices    1nadequate capitation grant releases to the school 15    115.
S0017,2023,"(xii)  Conduct detailed studies for siting and installation of adequate and reliable point  water sources or reliable water supply systems to counter the negative impacts of  the low yields and frequent breakdowns due to over use of the existing facilities  by large numbers of users should be implemented;    (xiii) Ensure that sensitization of users is carried out by the Water and Sanitation staff  to instil in the facilities’ user communities the sense of ownership of the water  facilities to deter vandalism and encourage them in participation towards  maintenance of the water facilities;    (xiv) Ensure the DWOs carry out their mandated roles and duties to ensure that WUCs  are properly instituted and constituted and are functional in compliance with the  sector guidelines;    (xv)  Ensure the DWOs are be provided with dedicated means of transport to facilitate  their external oversight requirements ensure delivery of quality of services in the  Water and Sanitation Sector; and,    (xvi) Ensure that adequate sensitization of the water facilities user community is carried  out by the Water and Sanitation staff during implementation to instil in the  facilities’ user communities the sense of ownership and of their responsibility for  the maintenance of the water facilities."
S0018,2024,"To fully realize its potential, the  program requires strengthened oversight, accelerated recruitment of qualified teachers,  enhanced infrastructure functionality, and improved accountability measures, ensuring the  long-term sustainability and success of these critical interventions."
S0019,2025,"v)  The project experienced delays in implementing key components such as the  Capacity Improvement and Signalisation Study for the Namungoona–Nansana– Wakiso–Kakiri Road, whose procurement was still under evaluation as at 30th  June 2025."
S0020,2019,"However, 53kms were  done at a cost of UGX 0.118Bn leading to excess expenditure of UGX 2 million further inspections  revealed bushes alongside many of the Municipal roads were overgrown and in some cases  significantly reduced the road width."
S0021,2019,"•  Contingent Liabilities of UGX.6,071,073,253 relating to compensations for way leaves of power  lines constructed by the agency as at 30th June 2019, may result into cash outflow from the  Agency if they crystallize."
S0022,2025,"420  Entity Name  Programme  Name  Opinion    Summary of Key Findings  I noted that;  Ministry  of  Local  Government  Agro- Industrialization  Development  Plan  Implementation  Governance  and  Security,  Human  Capital  Development  Legislation,  Oversight  and  Representation  Natural Resources,  Environment,  Climate  Change,  Land  and  Water  Public  Sector  Transformation  Regional  Balance  Development  Sustainable  Urbanisation  and  Housing  Unqualified  i)  The Ministry's arrears position stood at UGX.24.12Bn as at 30th June, 2025  however, only UGX.0.237Bn budget was availed for the settlement of the same."
S0023,2019,"Review of the payments for preliminaries revealed the following:  a)  I noted that USD.124,900 was remitted to the contractor to cater for the consultant’s  supervision and thus the salaries for the project manager and two clerks of works were  paid through the contractor."
S0024,2019,"This was attributed  to delays in acquisition of right of way, delays in procurement processes and approval of drawings,  change orders and shifting the scope of works."
S0025,2022,I advised OPM to harmonise the DRDIP guidelines with the procurement laws to guide  the process of procuring contractors.
S0026,2018,Jinja MC      Performance of Youth Livelihood Programme    Implementation of the Uganda Road Fund    Payables and Pension Liabilities    Receivables    Domestic arrears paid outside appropriation    Uganda Support to Municipal Infrastructure Development Programme  (USMID)    Management of Natural resources    Garbage Collection    Status of basic medical equipment    Management of Road Equipment in the Local Governments  50.
S0027,2020,"•  Improved Uganda  governance, accountability, and  transparency systems •  Proper accountability for  their funding support •  Improved service delivery  •  Improved International OAG  image  •  Lobby to undertake audits  in these International Organisations  and earn foreign exchange •  Opportunities for increased  funding 17 URA •  Tax-related matters in OAG  audit reports •  OAG compliance with tax  laws •  Follow up on tax audit- related recommendations •  Capacity building of OAG  staff in tax management and audit 18 Public (Citizens) •  Information on service  delivery  •  Easy access to simple  comprehensive and user-friendly  audit information •  Transparency,  accountability, and good governance •  Complaints and feedback  mechanism •  Corporate social  responsibilities  •  Creation of strong  whistleblower relationship  •  Creation of demand for  accountability hence follow up of  audit reports and recommendations Page 67 strategic report NO."
S0028,2023,"535   614,448,030  5  Rehabilitative works on bottlenecks (chokes)  on 17.7km of farm access roads in kabonera,  Kyasiga, and Kyanamukaka Sub county in  Masaka district  221   129,341,694.11  6  Rehabilitative works on bottlenecks (chokes)  on 29km of farm access (Menziro –Kateera  14.5) in Kakuto Subcounty and Kasanvu  Kyakatuma Kamuli Rd 14.9km, Kyeere  subcounty roads in Kyotera District  340  88,622,481.29  7  Rehabilitative works on bottlenecks (chokes)  on 37km of farm access roads in Kamwenge  district  95   58,673,572        1,488,476,319.4    Delayed payment of contractors negatively affects their cash flow affecting timely  completion of works."
S0029,2019,•  URF field inspection revealed incomplete works on Kabala-Kaket road.
S0030,2019,"•  I reviewed land compensation activities on a sample of roads and noted issues such as failure  to publish legal notification and gazette of land for public use, failure to set a cut-off date on  Kampala Northern bypass project phase 2, delays in payment for valued land and properties,  payment of PAPs (at non-reviewed rates ) and delays in transfer of titles to Government  •  In noted delays in delivery of procurement supplies worth UGX 24,018,395,488 occasioned by  the lengthy processes of opening up and amending letters of credit with Bank of Uganda."
S0031,2022,Opinion    I noted the following during the audit in relation to land acquisition:    436    Unqualified    Compensation for PAPs in ROW on the entire completed road Section (Km 100.4) stands at 99.7% with 0.3%  represented by six (6) PAPs (according to UNRA Compensation Status Report dated 8th July 2022) outstanding as  these still have unresolved issues like court cases and family disputes.
S0032,2024,70      e)  Significant Cost Escalation and Payment Shortfall on Busega-Mpigi  Expressway    The Busega-Mpigi Expressway project is facing significant shortcomings in technical  preparation and funding management.
S0033,2018,"Kampala Sanitation Program  (KSP) - National Water    Delay to pay contractors by GoU to the tune of  UGX.31,158,540,457    Impending Legal Suits on Disputed Compensation  Offers/claims i.e Amount Claimed is UGX 1,395,856,789 but  Compensated amount is UGX 115,616,970  32."
S0034,2024,"6  96.8  -  -  -  167.7  71.92  95.78  910.16  999.3 3  (89.17 )  149.2 1  215.1 7  (65.9 6)  928.6 5  856.0 8  72.5 7          313      Appendix 3: Procurement budgets for entities on e-GP  SN  Entity  Amount (UGX)  1  Ministry of Water & Environment  4,130,671,472,219  2  Ministry of Works & Transport  2,716,956,941,419  3  Ministry of Energy & Mineral Development  1,030,981,888,451  4  Ministry of Agriculture, Animal Industry & Fisheries  485,752,084,436  5  Kampala Capital City Authority  317,791,512,978  6  Parliament of Uganda  227,004,893,988  7  Uganda Civil Aviation Authority  220,625,021,787  8  Ministry of Finance, Planning & Economic Development  204,482,063,199  9  National Social Security Fund  200,522,889,984  10  Ministry of Health  188,234,752,422  11  Directorate of Citizenship and Immigration  110,011,584,978  12  Office of the President  91,033,942,000  13  Ministry of Education & Sports  77,777,630,108  14  Ministry of Information, Communications Technology & National Guidance  75,761,511,922  15  Office of the Prime Minister  58,699,018,170  16  Ministry of Local Government  52,804,123,966  17  Ministry of Tourism, Wildlife & Antiquities  48,007,111,396  18  Ministry of Trade, Industry & Cooperatives  34,951,667,398  19  Uganda National Bureau of Standards  34,186,000,000  20  National Planning Authority  34,169,085,660  21  National Information Technology Authority-Uganda (NITA-U)  32,905,669,822  22  Directorate of Public Prosecutions  32,771,271,654  23  Uganda Registration Services Bureau  27,545,960,381  24  Ministry of Land, Housing & Urban Development  25,991,154,241  25  Mpigi District Local Government  18,259,175,840  26  Ministry of Kampala Capital City & Metropolitan Affairs  16,430,450,000  27  Uganda Institute of Information & Communication Technology  14,124,293,659  28  Ministry of Justice & Constitutional Affairs  13,407,626,316  29  Ministry of Gender, Labour & Social Development  10,594,476,500        314      SN  Entity  Amount (UGX)  30  Public Procurement & Disposal of the Public Assets Authority  10,494,275,928  31  Mukono District Local Government  8,507,683,827  32  Ministry of Public Service  8,386,629,606  33  Ministry of Foreign Affairs  8,000,839,614  34  Ministry of Internal Affairs  6,851,600,003  35  Jinja District Local Government  5,199,031,189  36  Ministry of East African Community Affairs  4,723,490,000    Total  10,584,618,825,061                315      Appendix 4: Details of other procurement Observations  SN  Entity  Unplanned  Procurements  Split  Procurement  Irregular  Initiation  Failure to  Carry out  Market  Assessments  Delayed procurement  processes  Procurements  without  Performance  Security  No  Value  (UGX)  Bn  No."
S0035,2024,"ii)  Construction of Office Block at Plot 92a Butabika Road and Plot 2-4  Bukasa Lane, Butabika is behind schedule and the contract lacked  essential accessibility features for disability as required under the  Building Control Code 2019."
S0036,2023,  There were delays in completion of civil works for the construction of the National  science & Technology Entrepreneurship Innovation Centre by six (6) months    UNCST has 15 acres of project land in Namanve that had not been utilized by close  of the financial year.
S0037,2018,"Lira municipal  council    Performance of Youth Livelihood Programme    Funding of the Programme    Non-compliance with the Repayment Schedule    Transfer of recovered funds to the recovery account in BOU    Inspection of Performance of Youth projects    Implementation of the Uganda road Funds    Support to Municipal Infrastructure Development Program (USMID)    Management of natural resources    Lack of legal ownership of land, forests reserves and wetlands    Municipal Environmental Committee    Unlicensed/ illegal activities on Natural resources    Garbage management    Bye-laws regarding garbage management    Poor management of Solid Waste at Aler Composite Plant    Establishment of Urban Physical Planning Committees  31."
S0038,2022,"o  UCI did not claim for liquidated damages amounting to USD.68,137.4 from Roko Construction Limited even after  the Institute became aware of Roko’s failure to deliver the contract."
S0039,2022,  Contrary to the requirements of Clause 2.1 of the Contract Agreement between UNRA and the Contractor I noted  that there were still some sections of the road that had pending land acquisition issues that needed to be  addressed.
S0040,2024,Soroti Regional  Referral Hospital  Human capital  development  Unqualified  i)  The hospital had accumulated domestic arrears worth UGX.
S0041,2025,5.5.8 Board of Governors and Governance Councils    Regulation 3 of the Education (Board of Governors) Regulations 2008 provides that  there shall be a board of governors for every post-primary school.
S0042,2022,"The audit made the following observations;      There was lack of competition during procurement of IPPs to the extent that 15  out of the 17 sampled small/mini hydro power plants, which commenced  construction and were commissioned after the enactment of the PPP Act 2015  and PPP regulations 2016, were not subjected to any competition before securing  the sites."
S0043,2018,  Court cases relating to compensation of sub-surface rocks  I observed that there are a number of on-going court cases arising from legal suits by  Project Affected Persons (PAPs) against the Ministry of Energy and Mineral Development.
S0044,2024,"The works on major road junctions  were yet to commence, the contractor faced challenges of obtaining  the Right of Way and was not observing Environmental, Health and  Safety (EHS) measures."
S0045,2024,Busega Mpigi Road  Project (ADB Loan  No:  2100150035493) for  the year 30th June  2024  Integrated Transport  Infrastructure and  Services  Unqualified  i)  The Busega-Mpigi Expressway project has experienced significant  cost escalation from UGX.547.5Bn to UGX.1.35Tn as at 31st March  2023 due to inadequate detailed designs at contracting.
S0046,2025,"ii)  Ensure that, going forward, the annual turnover requirement used in the  procurement of works is in line with the relevant procurement guidelines."
S0047,2019,"5.1.1 Kayunga hospital  The rehabilitation and construction works of Kayunga hospital were contracted to Arab  Contractors Osman Ahmed Osman at a contract price of USD.16,670,711 and supervised by  Dar Engineering in association with Joadah Consult Ltd at a supervision cost of  USD.1,433,803."
S0048,2022,"National  Water  and  Sewerage  Corporation-Kampala  Water  Lake  Victoria Water and Sanitation (KW-LV  WATSAN II) –June 2022    I noted that whereas the project Package 4B KWTP was completed and handed over to Government and the Defect  Liability Periods ended in September 2022 and October 2022 for Katozi and Gaba projects, respectively, there were  still outstanding snags in both projects."
S0049,2023,"In addition, liquidated damages should be computed and  charged to the contractors    (v)  Delayed Payment of Contractors    I reviewed the availed documentation and established that there were delays ranging  from 95 to 628 days in effecting payment of some of the IPCs to contractors on seven  249    (07) of the projects."
S0050,2022,Accumulation of payables damages the School’s creditworthiness and  could lead to litigation  v.
S0051,2023,"Below are my findings which are not included in the summaries contained in the report of  the Consolidated Financial statements in Part 2 above;    a)  Positive Observations    I noted the following areas where LGs, MDAs and KCCA had commendable performance;      Pillar 2 - Infrastructure and Economic Services, Pillar 5 – Mind-set change and  cross cutting issues and Pillar 7 - Governance and Administration had approved  pillar manuals."
S0052,2023,"  With regard to the progress of on-going construction and renovation works,  whereas a number of these projects were progressing well, some projects were  behind schedule."
S0053,2022,"81,480,000,000 had encumbrances in the form of land  disputes, court injunctions and encroachment    I noted that the University did not have adequate infrastructure to accommodate the students under these specific  courses."
S0054,2018,  Inspection of Performance of Youth projects    PERFORMANCE OF URF    Donor Funds Shortfall    Local Revenue Shortfall    Domestic Arrears    Management of Road Equipment    Idle Road Equipment    Garbage Management    Non-functional Equipment for Garbage collection and disposal    Lack of a Proper Solid Waste Management System    Management of Natural Resources    Lack of Legal Ownership of Land and Wetlands    Budgets for the Physical Planning Committee    GULU BRANCH    23.
S0055,2018,"Apac municipal  council    Implementation of the Uganda Road Funds    Unpaid Pension Liabilities    Salary arrears    Management of natural resources        232      Lack of legal ownership of land, forests reserves and wetlands    Unlicensed/ illegal activities on natural resources    Management of Garbage    Lack of bye-laws regarding garbage management    Lack of a garbage management system  26."
S0056,2025,"vi) For 17 procurements of works worth UGX.174.27Mn under the micro  procurement method, the entity did not obtain at least three quotations for  comparison purposes as required."
S0057,2025,"ix)  At Isimba Hydro Power Plant, the spillway structure is eroded, equipment and  parts at the intake gate are corroded, and the open intake pits show  deterioration, with defects remaining unresolved beyond the Defect Liability  Period."
S0058,2024,Accumulation of payables damages the school’s creditworthiness and could lead to  litigation.
S0059,2024,323      xvi) The project procured a consultant to provide consultancy services for  Resettlement Action Plan (RAP) worth UGX.1.6Bn and consultancy  services for RAP of two (2) drainage channels worth UGX.1.99Bn  without professional indemnity.
S0060,2018,Kitgum municipal  council    Implementation of the Uganda Road Funds    Loss of funds due to garnishing    Payment for shoddy works    Under staffing    Delayed disbursement of funds to approved beneficiary groups  2017/2018    Unexplained variances in amounts disbursed to YIGs    Failure to conduct property valuation    Garbage Management    Lack of bye-laws regarding garbage management    Break down of garbage collection equipment    Lack of a garbage management system    Performance of the Physical Planning Committee    Irregular appointment of a Land Surveyor    Inadequate funding of the physical planning Committee activities    Inadequate Performance of the Physical Planning Committee    Lack of contract management files  29.
S0061,2023,  Developed and distributed syllabus prototypes to different schools in the country  to bridge the gap for delayed procurement of textbooks by Ministry of Education  and sports.
S0062,2024,The other six pillars which support the primary pillar include: Infrastructure and Economic  Services; Financial Inclusion (FI); Social Services; Community Mobilization and Mind-set  Change; Parish Development Management Information System (PDMIS); and Governance  and Administration.
S0063,2022,The contract for consultancy services for the design and  construction supervision expired in April 2020 and had never been renewed.
S0064,2023,"For Busia MC, I noted that the works  executed were outside the intended scope of works for the program    Delayed payment of works denies intended users timely usage of the facilities    I advised the Accounting Officers to put in place measures to ensure that contractors  complete works in time, failure of which, liquidated damages are charged    c)  Quality Control of Works    I checked the level of quality control measures undertaken on selected materials (sand,  concrete, aggregates, blocks/bricks) before incorporation into permanent works."
S0065,2025,"ii)  Fourteen major water bodies suffered extensive encroachment; through  apartment construction, hotels, sand mining, landing sites, washing bays,  recreation facilities, wastewater discharge, sugarcane plantations, agriculture,  settlements, quarrying, livestock grazing, cultivation, artisanal mining, brick-   2 Paragraph 293 of the NDPIV, Page 173          93        making, informal markets, unregulated water abstraction, rice farming, palm  cultivation, charcoal production, illegal logging, and wetland drainage, among  others3."
S0066,2025,"xxiii)  Weak controls were noted in safeguarding non-current assets, including  thirty-nine (39) Government vehicles used for road supervision that still had  private number plates and were not recorded in the fixed assets register."
S0067,2023,"500      The  Fund  Accountability  Statement  of  Young  Africa  Works Uganda  –  Lead  Firm  Structure  Project  (  YAWUG-LFS)  Development Plan  Implementation    Unqualified    I draw attention to Note 5.3.1 to the Fund Accountability Statement, which  describes the basis of accounting."
S0068,2019,•  URF field inspection revealed poorly maintained road sections with culvert installation and  incomplete works on projects.
S0069,2018,- Noncompliance with the repayment schedule  - Transfer of the Recovered Funds to the Recovery Account in BOU  - Inspection of Performance of Youth projects  - Kayonjo Piggery Youth Project  - Record keeping  - Bwetyaba Youth dairy Production  - Record Keeping  - Failed Youth Livelihood Projects   Implementation of the Uganda Road Funds  - Budget Performance  - Status of implementation  - Routine manual maintenance  - Under Utilization of Road Gangs  - Routine mechanised maintenance  - Periodic maintenance  - Burnt district Grader   Outstanding Pensions   Outstanding Commitments   Construction of Nakyesa Public Latrine   High School Dropout Rates   Failure to collect Local service Tax (LST) fr Non-Government employees   Management and Utilisation of Natural Resources   Ruining and encroachment on wet land   Failure to demarcate wetlands   Lack of a District Environmental Action Plan        252     Status of Essential medical equipment at the Kayunga General Hospital   Challenges faced by Kayunga HCIVs   District Road Equipment Inadequate Road Equipment    In adequate Infrastructure in Primary schools  71.
S0070,2019,"Furthermore, I  noted poor workmanship in renovation works of the hospital mortuary."
S0071,2019,"•  Under URF field inspections, I observed poor workmanship on the 10 km stretch of Kikondo –  Kawule – Busowe– Abonera/Kabuwoko road."
S0072,2024,"The shortfall related to payment of contract staff  salaries, payment of allowances, Procurement of medical supplies  and services, upgrade of 43 health centers among others."
S0073,2018,Ntungamo DLG      YLP-LOW RECOVERY OF FUNDS    PERFORMANCE OF URF        275      Payables and pension liability    Emoluments to Councilors    Encroachment on Natural Resources    Condition of medical equipment    Grounded Road Equipment  132.
S0074,2019,"•  I noted that under budgeting for domestic arrears to a tune of UGX 195,080,167  •  The hospital has an approved staff structure of 421 staff but only 338 are filled leaving a staffing  gap of 83 positions (20%)."
S0075,2021,"Management explained that the procurement, supply and delivery/distribution of masks  was an emergency operation to fight COVID – 19, which needed to be handled quickly  to enable lifting of the lockdown, the opening of schools, and later enable safe  45    community participation in the January 2021 Presidential and Parliamentary as well as  local council elections."
S0076,2024,"Uganda Electricity  Transmission  Company  2.17  2.02  The available funds are not excess in nature however  tagged and committed to several disbursements/activities  pending conclusion of the relevant processes under way  like procurements, RAP processes, fixed funds on bank  accounts for treasury management purposes."
S0077,2018,Nakasongola DLG    Performance of Youth Livelihood Programme  - Underfunding of the Programme        248    - Non-compliance with the Repayment Schedule  - Transfer of Recovered Funds to the Recovery Account in BOU  - Inspection of Performance of Youth Projects    Implementation of the Uganda Road Funds  - Budget Performance  - Status of Implementation  - Routine Manual Maintenance  - Routine Mechanised Maintenance    Outstanding Pension and Un Paid Salaries   Under staffing   Staff on Interdiction   Lack of Property Valuation List   Delayed Disbursement of funds to Youth Groups for FYR:2017/18   Non-functional wells and hand pumps   Management of Natural Resources   Lack of Land Register   Failure to secure Land Titles   Lack of Lease Register   Lack of a District Environment Committee   Insufficient Funding to the Natural Resources Unit   Unlicensed Activities carried out in the Gazetted Wetlands   Status of Basic Medical Equipment at Nakasongola HC IV   Physical Planning Committee   Lack of a fully constituted Physical Planning Committee   Inadequate Physical Planning Committee Meetings   Lack of Physical Development Plans  67.
S0078,2024,Defects if not rectified lead to faster deterioration of the infrastructure which reduces their  service life.
S0079,2025,23  Procurement  of  the  Vehicle  Registration  and  Archiving  system- Ministry of Works.
S0080,2018,"Iganga MC      Performance of Youth Livelihood Programme    Implementation of the Uganda Road Fund (PERFORMANCE OF URF)    Domestic Arrears    Receivables    Capitalization of expenses on Roads and Bridges, computers and other  equipment’s in the financial statements    Failure to implement activities as per the Municipal Development Plan  for the period 2015/16 - 2019/20    Understaffing    Payment of deductions to Financial Institutions    Education Service delivery    Primary Leaving Performance    Staff Accommodation    Court cases    Natural Resources    Unlicensed/unapproved activities on Natural resources    Garbage Collection for Municipalities    Management of Road Equipment in the Local Governments        241      Failure to dispose of assets    Physical Planning Committees  49."
S0081,2024,ix)  I noted Shoddy construction works at the New Oxygen plant building  and culverts to the blood bank.
S0082,2022,I have made the following recommendations to the Accounting Officer of Ministry of  Energy and Mineral Development (MEMD) which has now inherited the functions of  the Rural Electrification Agency (REA) under which the GRID power projects were  implemented and recommended that;     The outstanding amounts owed to contractor’s firms are paid for works that  are completed and verified to avoid incurring penalties on delayed payments     To continuously address Environmental and social issues in contracts and their  implementation and ensure that all contracts for implementation of GRID power  projects make it mandatory for the implementation firms to prepare  environmental and social impact assessment (ESIA) reports in addition to  resultant Environmental Management Plans (EMP) and Resettlement Action  Management Plans (RAMPs).
S0083,2018,Luuka DA      Performance of Youth Livelihood Programme    Implementation of the Uganda Road Fund    Outstanding Payables and Pension Liability    Court cases    Lack of land titles    Management of Natural resources    Capitation Grant    Status of Basic Medical Equipment    Condition of Medical Equipment    Performance of the Physical Planning Committee    Road Equipment  54.
S0084,2022,"  There was delayed completion of 22 road with a total contract value of UGX.82,177,512,239."
S0085,2019,"•  Under the UgIFT program, I noted a delay in the upgrade of Nyendo health centre II to III of  five months and incomplete works despite payment of all the contract funds to the contractor."
S0086,2025,"The weaknesses identified  were in the areas of procurement, contract implementation and financial management  in the utilisation of the DWSCG, which affected the ability of the selected districts to  effectively deliver safe and sustainable water and sanitation services to the  communities."
S0087,2025,"v)  The Regional Referral Hospital did not indicate the procurements reserved for  registered associations as required by the guidelines and as such, no contract  awards were made to the registered associations."
S0088,2018,Butebo DLG      Performance Of URF    Local Revenue Shortfall    Failure to carry out local revenue enumeration and assessment    Absence of a District Environmental Committee    Unlicensed activities carried out in the gazetted wetlands    Lack of clear boundaries of wetlands    Lack of Financial Statements for Nasenyi Primary School    Inadequate supervision by district officials    Lack of District Physical Planning Committee    Encroachment on council land at Nasuleta Health Centre II  100.
S0089,2022,The Accounting Officer explained that there was delayed procurement of the  contractors as well as delayed release of funds.
S0090,2018,"Namisindwa DLG      Performance Of URF    YLP-low recovery of funds    Unpaid salaries    Excess Expenditure    Understaffing    Construction of District administration block    Failure to conduct a comprehensive revenue assessment    Disaster management - Effect of Heavy rains    Lack of legal ownership of land, forests reserves and wetlands    Lack of a District Environmental Committee    Unlicensed activities on Natural resources    Failure to maintain road equipment records    Condition of medical equipment  94."
S0091,2022,"The  contractors delayed to mobilize heavy machinery and equipment for works, slow progress by management to  secure a right of way due to slow compensation to people affected by the road project (PAPs) and COVID-19  pandemic whereby the Contractors could not carry out the activities as planned due to restricted movements both  local and international."
S0092,2018,Tororo DLG    YLP-Low Recovery Of Funds    Performance of URF    Transfers of UWEP funds to MoGLSD    Failure of council to sit in the whole financial Year    Non-operational district service commission    Lack of Local Environment Committees    Inadequate monitoring and supervision of the usage of Natural Resources    Existence of land office and staffing    Demarcations and size of the wetlands    Failure to report a fraudulent company to PPDA    Procurement not in the procurement Plan    Audit of SOP-SOP Primary School under capitation Grant    Inadequate ambulance services    Inadequate Health and safety measures    Status of the Basic Medical equipment    Understaffing    Failure to Implement Budget as approved by Parliament    Local Revenue Shortfall        268      Revenue Accountability and contracts    109.
S0093,2025,v)  The Hospital made payments for settlement of arrears worth UGX.0.29Bn beyond  the approved domestic arrears budget without seeking approvals of the PSST.
S0094,2019,•  Delayed compensation for acquisition of land for right of way affects implementation of approved  projects.
S0095,2023,"However, the undisbursed funds of USD 7,786,000 was incurred as  foreign exchange losses over the project lifetime arising from delayed completion  of civil works."
S0096,2025,"Uganda  Consulate  in  China,  Guangzhou  Agro- industrialization  Governance  and  security  Manufacturing  Mineral  development  Tourism  development  Unqualified  i)  The Mission paid UGX.0.386Bn to a construction company as a tax component  of an invoice, which was eligible for refund from the Government of China given  the mission’s tax exempt status, however the refund had not been done by the  time of the audit."
S0097,2024,"The partially implemented  activity is Hoima city stadium construction, while Kakyeka Stadium  Redevelopment remained unimplemented due to due to the delayed  creation of a project code, delayed completion of project  environment impact assessment."
S0098,2024,"318      vi)  There were shortcomings in the procurement function which include;  Failure to align the procurement plan to the approved budget, delays  in procurement processes, delays in contract implementation and  failure to recover liquidated damages."
S0099,2022,The Accounting Officers explained that the Indicative Planning Figures are issued by  MoFPED for which they had no control while under absorption was attributed to  delayed completion of the infrastructure projects by the contractors and bottlenecks  in the procurement process.
S0100,2018,"657,578.14)  2,450,004,629  -  6  Gulu University  324,624,045  -  7  Gulu Regional Referral Hospital  -  111,598,776  Total  2,775,690,674  24,724,815,955        44      3.1.4 Wasteful/ Nugatory Expenditure  Good practice requires Accounting Officers to reduce cases of apparent waste,  extravagant administration or failure to achieve value for money due to management’s  laxity in the conduct of operations."
S0101,2018,"Mbale Regional  Referral Hospital    Unsupported  Gratuity Payments  UGX.695,585,680        Unsupported  domestic  arrears  UGX.752,666,672    Shortfall in Central Government Grants  UGX.141,57,943    Understaffing    Irregular Payment of Salaries to Retired Staff    Lack of land titles    shortage of medical equipment, (Condition of  the Medical equipment )    There was no fridge for storage of dead  bodies (State of the Hospital Mortuary)  13."
S0102,2023,  There was delayed commencement of Project works as the procurement which was  initiated in May 2018 had not been concluded at the time of the audit in November  2023.
S0103,2025,"viii) Of the 79 investments for the Nalubaale-Kiira Hydro Power Plants approved  over three years, only 14 (18%) had been completed by the time of the audit,  with the majority still under the procurement process."
S0104,2018,"China- Uganda Friendship  Hospital    Accumulation of utility arrears (UGX.344,755,371)    Lack of a housing policy    Failure to sign evaluation reports by some evaluation  committee members    Failure to state the date of expiry of bid validity in the bidding  document  145."
S0105,2018,"Kapchorwa DLG      YLP-Low Recovery of Funds    Performance of URF    Outstanding rent arrears    Missing vouchers    Failure to sign Financing agreements with Youth Groups    NUSAF Project Operations, shortcomings on Chebaser-kapkwateny car  sub-project (road construction)    Unrealized Royalties Revenue    Outstanding Rent Arrears    Shortfall in Central Government Transfers    Staffing Gaps    Stalled construction of the new Administration Block    Status of Medical Equipment in the Hospital    Inadequate medical equipment    Failure to prepare defect reports    Defects on the construction of maternity ward in Tumboboi Sub-county    Lack of legal ownership of land, forests reserves    Absence of a Distinct Environmental Committee    Unlicensed activities on Natural resources        265      Budget for the Physical Planning committee    Physical Planning Committee Performance  101."
S0106,2022,"However, due to delayed payments by the Ministry arising from delayed release of funds by both the Italian  Government and GoU co-funding, works stalled in 2018 and eventually the contractor abandoned the sites."
S0107,2023,"At programme/entity level    a)  Performance of Programme warrants    I compared the revised budgets and warrants for each of the programmes and observed  that 19 of the 20 programmes were underfunded by UGX.2.646Tn (5.8%) as shown in  the table below;    Table 32: Performance of warrants by programmes  No  Program Name  Sum of Revised  Budget (UGX)  Tn  Sum of Total  Warrants  (UGX) Tn  Variance  (UGX) Tn  1  Agro-Industrialization  1.012  0.906  0.106  2  Mineral Development  0.024  0.016  0.009  3  Sustainable Petroleum Development  0.881  0.835  0.047  4  Manufacturing  0.586  0.519  0.067  5  Tourism Development  0.205  0.113  0.092  6  Natural Resources, Environment,  Climate Change, Land And Water  0.423  0.369  0.055  7  Private Sector Development  1.598  1.571  0.027  8  Sustainable Energy Development  0.651  0.482  0.169  9  Integrated Transport Infrastructure  And Services  3.373  2.899  0.475  10  Sustainable Urbanisation And  Housing  0.108  0.091  0.018  11  Digital Transformation  0.249  0.212  0.037  12  Human Capital Development  7.828  7.362  0.467  13  Innovation, Technology Development  And Transfer  0.250  0.214  0.036  14  Public Sector Transformation  0.873  0.841  0.031  15  Community Mobilization And Mindset  Change  0.116  0.101  0.015  16  Governance And Security  8.146  7.902  0.244  17  Regional Balanced Development  0.072  0.053  0.019  18  Development Plan Implementation  18.055  17.333  0.722  19  Administration Of Justice  0.403  0.391  0.012  20  Legislation, Oversight And  Representation  0.915  0.915  -  Total*  45.771  43.124  2.646  66    *The revised budget of UGX.45.771Tn is different from the revised GoU budget of  UGX.52.548Tn by UGX.6.777Tn which relates to project financing and local revenue which  could not be broken down by programmes."
S0108,2025,"b) Insufficient funding: I noted that budget allocations for procurement  operations, including capacity building, market surveys, and contract  monitoring activities, were inadequate."
S0109,2019,"25  Hoima - Nkenda  Transmission Lines    Opinion  Unqualified  •  A sum of UGX.12,662,000,172 meant to fund Resettlement Action Plan activities (way leaves and  easement), remained un-disbursed to the Project Affected Persons as at 30th June 2019 despite  the project completion on 31st July 2018."
S0110,2018,"Lira Regional Referral  Hospital    Mischarged  Expenditure -  UGX.167,904,869    Unaccounted for  funds -  UGX.136,359,356    Non Tax Revenue (NTR) Spent at source -  UGX.15,475,663    Over statements of Benefits Expenditure -  UGX.170,282,724    Unsupported Payables/Domestic Arrears -  UGX.157,916,520        150      Undisclosed  Expenditure -  UGX.298,206,573    Overstatement of  Net worth -  UGX.108,735,083      Understaffing    Condition of Medical Equipment    Failure to plan for Consultancy Services    Failure to provide a Performance Security  12."
S0111,2018,"across the entire country)  3  Uganda Prisons  Services  Unaccounted for land at Luzira (106.692 acres),  Untitled and Unsurveyed land, Land with encroachments,  disputes and encumbrances at Arua, Namalu, Amita,  Ngenge, Ragem, Kotido, Bukedea and Budaka--un surveyed  and un titled land is equivalent to 89 pieces of varying sizes  across the country  4  Ministry of Defence  and Veterans Affairs  Compensation of Land at Usuk, Ngariam Katakwi, JIE Block  4, Plot 21, Nakapirimor, Kotido District, Petero Bashaija  (Estate of Maria Kakindu) Kabamba and Plot 20 Lugard  Avenue, Entebbe (Total 7.675bn)  5  Ministry of Agriculture  Animal Industry &  Fisheries  Untitled Land(VODP),Missing land title and loss of land to  Government Departments (Bukalasa Agricultural college)    6  Ministry of Tourism,  Wildlife and  Antiquities  6 pieces of land where museums are located did not have  titles  7  Ministry of Water and  Environment  Various water schemes built (construction cost over  UGX50bn) across the country have no land titles  8  Public Universities  (KYU, Soroti,  Busitema, Muni,  Gulu)  Illegal encroachment, underutilised and untitled land  9  Jinja Referral  Lack of Titles  10  Ministry of Science  and Technology  Lack of Land Titles for PIBID Land (land at Sanga  approximately 50 acres and land where the water source is  located at Kyamugambira approximately 4 acres)."
S0112,2020,"Innovations: In response to government priorities, specifically implementing E-governance, Extractive industries  initiatives, and increasing investment in infrastructure, the Office has planned for activities to  enhance its capacity through innovation by acquiring appropriate technologies and equipping staff  with the necessary skills to undertake audits in the above priority areas."
S0113,2024,"Theft, vandalism, and public encroachment on railway        196      land reserves further hinder operations, requiring costly repairs and compensation."
S0114,2018,"UGX.44,095,770,425    Legal costs paid - UGX19,445,101,578 and  UGX.5,032,868,969 provision for legal costs for the period  under review    UGX.433.8 million receivable from Multiplex as at 30th June  2018 and non-compliance of the contractor to contract  terms    Nugatory expenditure in the form of Interest on Delayed  Payments-UGX."
S0115,2025,"CID  Ministry of Works and  Transport  Ongoing  24  Request for forensic audit on the  Office of the Prime Minister- Department of Refugees  CID  Office of the Prime  Minister  Ongoing  25  Forensic audit of management of  Compensation for Cooperatives – Nyakatonzi  CID  Ministry  of  Trade,  Industry  and  Cooperatives  Ongoing  26  Forensic audit of management of  Compensation for Cooperatives – Bunyoro  CID  Ministry  of  Trade,  Industry  and  Cooperatives  Ongoing  27  Forensic audit of management of  Compensation for Cooperatives – Masaba Cooperative Society  CID  Ministry  of  Trade,  Industry  and  Cooperatives  Ongoing  28  Forensic audit of management of  Compensation for Cooperatives – Teso Cooperative Society  CID  Ministry  of  Trade,  Industry  and  Cooperatives  Ongoing  29  Forensic audit of management of  Compensation for Cooperatives – Wamala Cooperative Society  CID  Ministry  of  Trade,  Industry  and  Cooperatives  Ongoing  30  Forensic audit of management of  Compensation for Cooperatives – Jinja Cooperative Society  CID  Ministry  of  Trade,  Industry  and  Cooperatives  Ongoing  31  Forensic audit of management of  Compensation for Cooperatives – West Mengo Cooperative Society  CID  Ministry  of  Trade,  Industry  and  Cooperatives  Ongoing  32  Forensic audit of management of  Compensation for Cooperatives – West Acholi Cooperative Society  CID  Ministry  of  Trade,  Industry  and  Cooperatives  Ongoing  33  Forensic audit of management of  Compensation for Cooperatives – ,Bwavu Mpologoma Cooperative  Society  CID  Ministry  of  Trade,  Industry  and  Cooperatives    Ongoing  34  Forensic audit of management of  Compensation for Cooperatives – Okoro Cooperative Society  CID  Ministry  of  Trade,  Industry  and  Cooperatives  Ongoing  35  UWA IFPA procurement contract  No.247642  CID  Uganda  Wildlife  Authority  Ongoing  36  System manipulation and loss of  UGX.9Bn  CID  UNBS  Ongoing                229          4.3  Special Audits    I am mandated under Article 163(3) of the 1995 Constitution of the Republic of Uganda,  and Section 21 of the National Audit Act Cap 170, to undertake Special Audits."
S0116,2024,"ii) I noted that two (2) activities namely, construction works, rehabilitation  and upgrade of health facilities; and procurement of assorted medical  and laboratory equipment for 10 Health Centers, 2 ambulances, 5  supervision vehicles and 18 motorcycles valued at UGX.18.049Bn had  not been fully implemented by close of the year."
S0117,2020,"E X T E R N A L   E N V I R O N M E N T E X T E R N A L   E N V I R O N M E N T INPUTS LEGAL FRAMEWORK RESOURCES SUPPORT STRUCTURES QUALITY ASSURANCE COMMUNICATION AND STAKEHOLDER MANAGEMENT OAG VALUE CREATION  AND SYSTEMS OAG OUTPUTS VALUE AND BENEFITS GOVERNANCE AUDIT QUALITY AND REPORTING Constitution of the Republic of  Uganda,1995,as ammended Public Finance and  Management Act,2015 Local Government Act,  1997 Other Acts of Parliament National Audit Act,2008 Application of ISSAIs,  financial, Compliance &  performance Audits OAG Audit Manuals SORA Process and Annual  Overall Audit Plan Integrated Audit Approach Application of INTOSAI  Principles, Guidelines Financial Resources Infrastructure Time Human Resource Human Resources Information Technology Procurement Legal Finance & Administration Internal Audit Executive Support Monitoring & Evaluation Financial / Compliance  Audit Reports Value For Money &  Specialised Audits IT Audit Reports Production Sharing  Agreements Audits Special Audit Reports Forensic Investigations Other Reports produced  by OAG Governance structure and  systems Corporate Strategy Risk Management Mission, Vision and Values Outcomes and Impact  resulting from Audit work Page 15 strategic report Accountability and Reporting The Office plays a vital role in the National Accountability Value Chain in providing assurance on  the use of funds appropriated by Parliament and management of other resources by the Executive  in the delivery of public services  An illustration of the accountability cycle, which shows Auditor General’s relationship with  Parliament and the Executive."
S0118,2018,"Masindi DLG    YLP-Low Recovery Of Funds    Performance Of URF        239      Pension Liability    Payables    Contingent Liabilities    Budget performance for Youth livelihood program for the FY 2017/18    Failure to maintain road equipment records    Inadequate maintenance of road equipment    Lack of legal ownership of land, forests reserves and wetlands    Absence of a Distinct Environmental Committee    Unlicensed/ un approved activities on Natural resources    Physical planning at the district    Non-existence of Physical Planning Committee    45."
S0119,2018,The Sector Development Plan (2015/16-2019/20) and Annual Sector Performance Report  2016/17 highlights various challenges within the sector such as inadequate funding; high  costs of acquisition of land for the right of way for the development of infrastructure  projects coupled with unfavourable land law which affects budget performance especially  for externally financed projects in terms of project costs and completion period.
S0120,2018,"Fort Portal Regional Referral  Hospital    Unimplemented budget activities    Inadequate controls surrounding management of Domestic  arrears- UGX 362,688,782    Under Budgeting for Domestic Arrears    Unspent Balances    Unauthorized Excess Expenditure    Non Delivery of Ambulance Equipment    Lack of Skilled Staff to handle Medical Equipment    Inadequate Medical Equipment    Condition of Medical Equipment    Hospital Governing Board not fully constituted  129."
S0121,2018,"Uganda Railway  Corporation    Overstatement of  revaluation gains on  PPE –  UGX.169,750,536,720    Unspent balance of  UGX.15,185,202,331    Doubtful receivables not provided for  – UGX.11,389,270,000    Increase in trade and other  receivables from UGX.15,870,630,000  to UGX.17,276,742,000    Increase in trade and other payables  by 27% from UGX.4,956,919,000 to  UGX.6,287,874,000    Absence of a joint verification report  on termination of the concession        212      Failure to amend the accounting  manual following abolition of pre- audit function    Untitled land of over 362 square  meters at Nalukolongo leading to  encroachment of some of the plots      1.1  Other Audits    S/N  ENTITY  REMARK    EDUCATION SECTOR  1."
S0122,2018,"Napak DLG      Performance of YLP    Performance Of URF    Accumulation of domestic arrears    Under Collection of Local Revenue        Unrealised Budget on grants    Stalled Construction of Council chambers    Lack of land titles    Under Staffing    Failure to meet the Minimum Standards in UPE Schools    Lack of a District Environment Committee    Lack of Register for Land, Wetlands and Forests    Unlicensed activities on the Natural Resources  136."
S0123,2024,"Recommendation    I advised the Accounting Officers to put measures in place to ensure that works are always  completed in time, failure of which liquidated damages are charged as per the contract  provisions."
S0124,2023,"Arising from this delay, liquidated damages of at least UGX.3,450,000  should be charged to the contractor."
S0125,2019,Field inspection  revealed improper drainage especially at points that required installation of culverts and one  contract had expired with incomplete works while there were no signposts warning roader  users from using the bridge.
S0126,2025,"Kabale  Regional  Referral Hospital  Human  capital  development  Unqualified  i)  The statement of financial position reported an outstanding balance of  UGX.0.448Bn in respect of unpaid retention fees and other works on the interns’  hostel, and pension arrears of UGX.0.018Bn which remained unpaid."
S0127,2018,211      Implementation of Road maintenance  projects;   Absence of detailed road  condition assessment   Delayed advance payment   Expired and Invalid  performance guarantees   Delayed payment of interim  payment certificates   Delayed project works against  schedule.
S0128,2024,Most of the delays are  attributed to delayed procurement and delayed land acquisition.
S0129,2019,Road Component    The road construction works for the upgrade of Luuku – Kalangala – Mulabana  (65.6 km) road from Class “C” to Class “B” gravel standards that were expected to  be executed within a period of twelve (12) months were completed after three  years in March 2016 resulting in a two years delay with no provisions for remedies/  penalties for delayed completion of the road construction works by the  implementation agreement.
S0130,2025,"The Accounting Officer explained that under absorption of capital budget was attributed  to delayed procurement processes, Prolonged Land acquisition processes, inadequate  budget provisions, limited capacity of the Contractors, and changes of designs during  execution, among others."
S0131,2018,Jinja DA      Management of the Youth Livelihood project    Implementation of the Uganda Road Fund Domestic Arrears    Audit of Primary School    Understaffing    Management of Natural Resources    Status of Basic Medical Equipment in Health Facilities    Physical Planning Committees        244    58.
S0132,2023,The delayed  completion of works creates risks of escalation of supervision and construction  costs.
S0133,2019,•  I noted excess expenditure of UGX.0.19bn on the construction of Kyoho Bridge due to a decision  to change from force Account to irregular contracting of the unfinished works to a private  contractor.
S0134,2018,  Delayed Completion of Projects due to Right of Way challenges  I noted that a number of Projects under the Energy sector were not completed within the  agreed contract periods.
S0135,2018,"Yumbe DLG      YLP-Low Recovery of Funds    URF-Performance of URF    Unspent Balance not returned to the Consolidated Fund    Delayed Disbursement of Funds to Groups    Failure to Remit Sub-counties’ Share of Collected Local Revenue    Nugatory Expenditure    Lack of Budget Provisions for the Committee    Failure to Issue Occupational Permits, Monitor and Control Developments    Condition of Medical equipment    Inspections of Health Centres    Award of Contract to a Company that Failed the Eligibility Test    Wasteful Expenditure on Kurunga – Tokuru Road    PPDA Reports for FY 2017/18    10."
S0136,2022,"Over the years, the Ministry noted several challenges affecting performance of rural  water piped water schemes including; delays in land acquisition, budget cuts, delayed  release of funds, vandalism of the water infrastructure, and the effects of Covid19  lockdown, among others."
S0137,2025,"Uganda Embassy in  Ethiopia,  Addis  Ababa  Agro- industrialization  Development  plan  implementation  Governance  and  security  Unqualified  i)  Preparation and finalization of the designs, bid documents, inception report,  Comprehensive plan, feasibility planning report and the preliminary design  report for the construction of Chancery and Official Residence were not  concluded within the six months."
S0138,2018,"Uganda Posts Limited    Budget shortfall of UGX.2,852,589,691    Purchase of power backup UGX.263,450,880 not budgeted  for    Outstanding Trade and other Payables -  UGX.13,341,472,070    Unpaid up Share Capital UGX.5,512,825,000 for 220,513  shares    Overdue Receivables - UGX.7,855,540,320    Outstanding Levy on Gross Annual Revenue of  UGX.631,517,772    Nugatory Expenditure (fines, court awards and legal fees) of  UGX.330, 537,700    Expired Contracts for Members of the UPL Board    Lack of Land Titles for UPL Land - Plot 40 Margarita Road,  Kasese; Plot 18-20 Gogonyo Road, Pallisa; Plot 76 Mawokota  Block 92, Mpigi; Plot 6-10 Birch Avenue, Masaka; Plot 2-6  Mutekanga Road, Kamuli; Plot 1-11 Nsambya Road,  Kampala    High Rate of Staff Turnover – 21 staff left org but were not  replaced    Outstanding Tax Payments - UGX.4,317,502,160 (PAYE -  UGX.1,035,638,150, VAT - UGX.3,281,864,010)    Non Alignment of Strategic Plan to the National  Development Plan  65."
S0139,2025,"Notably, 92% of the arrears  (UGX.100.51Bn) relate to M/s Soliton Telmec Ltd, which maintains the National  Backbone Infrastructure (NBI/EGI) under a 50:50 commercialization and revenue- sharing arrangement."
S0140,2018,"Mbarara-Nkenda And Tororo- Lira Transmission Lines  Project    Interest claims and additional Costs on late invoice  payments UGX.5,076,700,788    Delayed implementation of contracts        185      Supervising consultant cost escalations UGX.3,019,220,561    Cancellation of loan by ADB    Delays in land transfer and titling process    Outstanding compensations to Project Affected Persons  (PAPs) - 5,899 PAPs out of 6,509 compensated  14."
S0141,2024,The shortfall was  meant for monitoring and supervision of construction projects.
S0142,2021,I advised management to expedite the Approval of the Resettlement Action Plan Report  and activities under Land acquisition to enable implementation of project activities.
S0143,2023,"(ii)  Implementation of Uganda Infrastructure Fiscal Transfers Program-  UGIFT    The Government of Uganda is implementing the Intergovernmental Fiscal Transfers  (UGIFT) program results with the support of the World Bank to deepen fiscal  decentralization by improving the Adequacy, Equity, and Effectiveness of financing and  the oversight, management, and delivery of Local Government services in Education,  Health, Water and Environment, and Agriculture (micro-scale irrigation), including  refugees and their host communities."
S0144,2024,"Kampala Capital City  Authority (KCCA)  Agro-industrialization    Community  mobilization and  mindset change    Development plan  implementation    Digital  transformation    Human capital  development    Integrated transport  infrastructure and  services    Natural resources,  environment, climate  change,  Land and water    Public sector  transformation    Tourism  development  Unqualified  i)  The Authority’s domestic arrears increased by 192% from  UGX.79.39Bn in 2022/23 to UGX.231.71Bn in 2023/24."
S0145,2018,"Ministry  Of  Information  Communication Technology And  National Guidance    Budget shortfall UGX.4,641bn    Under absorption of the funds UGX.2.99 bn    Outstanding domestic Arrears UGX.0.216bn    Unjustified Direct Procurements - UGX.0.457bn    Irregular Issuance of Framework Contract for Supply of IT  Equipment - UGX.0.574 bn  WORKS SECTOR  154."
S0146,2020,"STAKEHOLDER(S) INTERESTS AND  EXPECTATIONS OPPORTUNITIES FOR OAG 14 INTOSAI AFROSAI and Other SAIs •  Compliance with ISSAIs •  Improved SAI Capacity  through training and knowledge  sharing to deliver their mandate •  Improved audit reports,  business processes, and reporting  •  Strengthening accountability  and transparency of SAIs •  Building capacity of OAG to  deliver its mandate •  Guidance on  implementation of ISSAIs  •  International exposure with  other SAIs 15 Professional bodies •  Professional development  and capacity building •  Improved implementation  of audit standards •  A strong partnership  for capacity building and  professionalization •  Improve the capacity of  audit firms (Local content) 16 International Organisations such as  the UN, world bank, AU, etc."
S0147,2019,g)  Delayed payment of Interim payment certificates (IPCs)    Clause 14.7 of Addendum No.1 of the works contract page 28 /29 of the particular  conditions of contract state that payments right from the Interim payment certificate  and the final payment certificate shall be made within 56 days upon receipt of the  relevant certificates by the Employer.
S0148,2025,"These defects included: honey  combed and damaged ramps, columns beam and lintels, uneven floor tiling in  the classroom, crooked and poorly finished chalk rail, roofing timber pieces not  completely covered by treatment agent, lightning arrestor installed without a  ground inspection chamber, rust on structural steel members etc."
S0149,2023,"  Lots 1,2,3, and 5 delayed to commence due to challenges in the acquisition of right  of way, absence of approved design reviews and non-compliance to health, safety  and environment safeguards."
S0150,2022,"  I further noted that some of the project components had not been implemented at the time of audit these include;  Training in labor based construction techniques, Refurbishment of a post-crash care center and procurement of  theatre equipment."
S0151,2024,Any  uncorrected defects may affect the building’s integrity.
S0152,2023,"300    (iii)  Inspection for service delivery projects implemented in FY 2021/22 and  2022/23    I carried out physical inspections between October and December 2023 on 33 Sub projects  worth UGX.37.421Bn to ascertain the extent of service delivery in regard to; existence,  quality, adequacy, time, cost and functionality; and observed that:      Six (6) subprojects worth UGX.15.654Bn in 6 districts had defects ranging from  cracks on walls and un-cleared water channels under bridges    Twelve (12) subprojects worth UGX12.925Bn in 6 districts were behind schedule    UGX.256Mn was paid out from eleven (11) subprojects in 4 districts for  Environmental mitigation measures with no corresponding/commensurate work."
S0153,2025,The affected activities included  resettlement house construction (99%) and compensation of PAPs (98.9%).
S0154,2019,"•  Under URF field inspection revealed excess expenditures, some roads sections lacked drainages  hence prone to damage by running water, potholes, some roads were poorly maintained with  overgrown bushes, lack of road signposts and low cost sealing."
S0155,2024,"2.1.2 Integrated Transport Infrastructure and Services Program  a)  Unpaid arrears for Road and Bridge Construction Projects    As of 30th June 2024, arrears amounting to UGX.798.97Bn relating to road and bridge  construction projects remained unpaid for road and bridge construction projects."
S0156,2025,"To address this, PSFU should prioritise completion of the outstanding  works and address identified design and construction defects, ensuring that  essential facilities originally planned are incorporated or alternatives are  provided."
S0157,2025,"Grid Expansion and  Reinforcement  Project  (GERP)  - UETCL)  Energy  Development  Unqualified  i)  Despite project completion and loan closure, ongoing litigation and arbitration  cases involve potential claims of approximately UGX.2.8 Bn against the Company."
S0158,2018,"  Non-implementation of planned activities    Contingent liability due to delay in site handover- UGX,6,630,071,834    Garnishee order on KIIDP2 Account - US$."
S0159,2019,"Further, only 2  Direct Road Committee meetings had been held out the required 4 and inspections revealed  deterioration and incomplete works on three roads."
S0160,2019,"•  Under URF field inspection revealed some incomplete works such as Drainage works, culvert  cleaning, failure to test road construction materials and late transfer of funds to lower local  governments  •  Works under UgIFT were ongoing with however there was delayed Completion of the upgrade  of Bunambutye Health centre II to health centre III and no evidence of materials testing was  availed  •  Under NUSAF-3 UGX.0.907Bn was used to support beneficiary sub-groups."
S0161,2019,"•  There was non-compliance to the Quality of Service Standards 1 and 2 by UMEME whereby 90%  and 89% of customers were delayed to be connected within 10 and 15 days of standard  connection period, respectively."
S0162,2022,"The Accounting Officers attributed this to delayed procurement of contractors by  Ministry of lands, Housing and Urban Development as well as delays in design review  by the contractor."
S0163,2020,"Our assessment to identify the areas of interventions was based on the following strategic  domains as per the AFROSAI-E Institutional Capacity Building Framework: Governance,  Organizational performance, Financial and operational independence, Quality of audits, Follow up  of audit recommendations, Human resources, Communication, and stakeholder engagement."
S0164,2023,"  I assessed the conditions of police infrastructure and noted the following  observations; Dilapidated structures, Asbestos roofs, Self-help housing, Private  institutions on police land and encroachment on police land."
S0165,2020,"STAKEHOLDER(S) INTERESTS AND  EXPECTATIONS OPPORTUNITIES FOR OAG 19 Suppliers (Audit firms and other  service providers) •  Transparency procurement  processes •  Fair business opportunities •  Profile improvement of  service providers •  Capacity building through  attachments and conducting joint  audits with international firms •  Support private sector by  building capacity for audit firms  to deliver high-quality audits and  services •  Better services rendered  20 PPDA •  OAG Compliance to  procurement laws, regulations, and  guidelines •  Collaboration and  Knowledge sharing on procurement  audits  •  Enhance collaboration  and improve capacity to audit  procurements and place reliance on  audits performed by PPDA hence  harnessing synergies and improve  efficiency •  Improved procurement  processes 21 Internal Audit •  Timely audit reports (Clear  and user friendly ) •  Establish a collaboration  mechanism and improve capacity  to undertake audits and place  reliance on audits performed by  Internal Audit hence harnessing  synergies and improve efficiency 22 Attorney General/Solicitor General •  Compliance with legal  requirements •  Consultations on  governance-related legal matters Page 68 strategic report 2."
S0166,2023,"  There were delays in completion of the rehabilitation of Corner Pa Lagara– Monroc  Market Road 14.7km worth UGX.1,780,629,779."
S0167,2022,"1,494,332,008, resulting from delay in completion of rectifications  by contractor    Rehabilitation of the Nalubaale – Kiira hydropower plants."
S0168,2018,"WSDF-E (2016/17)   Failure to achieve planned consumer connections i.e only 813  of the 1,205 made   Delayed Payments to Contractors  68."
S0169,2018,"During the overall office wide planning, I identified risks such as inadequate release of  funds and failure to undertake budget monitoring and supervision that are likely to be  the causes of failure to implement the planned activities under Uganda road fund."
S0170,2025,"ix)  Engage the Ministry of Lands, Housing and Urban Development to survey and  title the available land at RRC in order to provide an accurate assessment of the  current land boundaries and secure it from encroachers."
S0171,2019,•  URF and Public Procurement and Disposal of Public Assets Authority (PPDA) jointly entered into  a contract for the construction of PPDA-URF office building and the parties agreed to contribute  funds in equal proportion to finance the project.
S0172,2019,"f)  Titling of acquired land and registration of easements    Titling of project land was still incomplete, largely due to on-going land acquisition,  reluctance by land owners to hand over titles, and delays in the land registration  process largely at the Uganda Land Commission and the Land Registry in the Ministry  of Lands, and no easements had been registered in the wayleaves for the transmission  lines."
S0173,2020,"2.3.1  Enhance transparency and  efficacy of planning, budgeting, and  performance reporting 2.3.2  Efficient Financial management  and reporting 2.3.3  Improve efficiency and  effectiveness of procurement and disposal  processes to enhance compliance, value  for money, and transparency 2.3.4  Effective, efficient, and  sustainable construction and maintenance  of all OAG premises 2.3.5  Efficient acquisition and  management of inventory, fleet and  security 2.4  Improve IT as a business  enabler through greater collaboration,  resource optimization, and innovation."
S0174,2023,"I advised the Accounting Officers to accelerate completion of the major electricity  generation projects by completing land acquisition, rectification of defects and CDAP."
S0175,2018,SOROTI DLG      Performance of YLP    Performance Of URF    Under-collection of Local Revenue    Revenue Budget Performance    Un-Spent Conditional Grant    Pension and Gratuity Arrears    Lack of Land Titles for the District Land    Under Staffing    Minimum Infrastructure Requirements at the Schools    Poor pupil to facilities ratio    Delayed Release of Approved funds for 2017/2018    Budget Performance UWEP    Unlicensed Activities on the Natural Resources    Lack of Medical Equipment    Non Functioning Medical Equipment    Failure to allocate funds to the Physical Planning Committee  148.
S0176,2019,•  I noted a delay of 22 days in the procurement process under UgIFT and works at one of the  structures was at foundation level.
S0177,2024,"By May 2024, the original contract funds for civil works were  fully depleted, with physical progress at only 40.86%, and certified works worth  UGX.30.8Bn remained unpaid, posing risks of delayed payments and legal claims."
S0178,2024,"This will enhance licensing and registration of schools,  deployment of teaching staff, regulating school fees and overall governance of the  schools."
S0179,2018,"Water and Sanitation  Development Facility -South  West (2017/18)    Budget on the GoU component of UGX.9,662,000,000, of which  only UGX.9,033,240,721 was realised leading to a funding gap  of UGX 628,759,279(7%)    Delayed Completion of Projects    Lack of Land titles for water Scheme    Under  absorption  of  funds  i.e  received  funding  of  UGX.9,033,413,054 of which only UGX.8,518,800,507 was  utilized leaving a balance of UGX.514,612,547 (6%)  54."
S0180,2018,KUMI DLG      Performance of YLP    Performance Of URF    Domestic Arrears    Under-collection of Local Revenue    Pension and Gratuity Arrears    Revenue Budget Performance    Under Staffing    Lack of Capacity to Develop Prime Land    Poor Pupil to Facilities Ratio in Primary Schools    High Number of Court Cases and Contingencies    Delayed Release of Approved funds for 2017/2018    Lack of Legal Ownership of Forest Reserves and Wetlands    Unlicensed Activities On Natural Resources    Shortage of medical equipment at the health facility    Inadequate availability of protective wear  145.
S0181,2018,These court cases may result into the delays in the construction of the strategic dams  thus resulting into increase of commitment fees and delay in achieving the intended  objective of the project.
S0182,2022,"Summary of Auditor General’s findings and recommendations of previous  audit report and actions taken by Ministry of Works and Transport (MOWT)  The Ministry of Works and Transport (MoWT) had made efforts to implement the  Auditor General’s recommendations, resulting in improvements in oversight of the  Construction Sector in Uganda."
S0183,2018,Lugazi MC      Implementation of the Uganda Road Fund    Accumulation of domestic arrears    Failure to Implement Budget as approved by Council    Over Payments of Salary    Lack of Land Titles    Failure to communicate arithmetic corrections and price adjustments    Understaffing    Garbage Collection for Municipalities    Management of Road Equipment in the Local Governments    Physical Planning Committee  57.
S0184,2023,"  I reviewed the progress of the construction of Arua Regional Office and noted that  works had since stalled, and the contractor had abandoned the site."
S0185,2018,"Mbarara Regional Referal  Hospital    Domestic Arrears UGX.1,925,001,338    Unauthorized Utilization of Non-Tax Revenue (NTR)    Understaffing in the Hospital    Expired Drugs    medical equipment is obsolete, faulty (Condition of medical  equipment )  134."
S0186,2023,"  In my previous reports, I reported about heavy encroachments along the Busoga  loop line to Iganga station Kigulu, sitting on 34.59 acres after the whole railway  line was vandalized."
S0187,2020,"The Government continues to invest heavily in infrastructure developments, e-governance, and  extractives."
S0188,2022,  I undertook field inspections and noted that a number of project works were behind schedule which resulted into  delayed service delivery.
S0189,2018,OTUKE DLG      Performance of YLP        281      Performance Of URF    Unsupported Pension and Gratuity Payments    Revenue Budget Performance    Under-collection of Local Revenue    Under Staffing in Orum HCIV    Poor pupil to facilities ratio    Lack of legal ownership of Forest reserves and Wetlands    Unlicensed activities on Natural resources    Shortage of medical equipment at the health facility    Lack of Budget for the Physical Planning committee    Revenue generated by committees    Lack of Safe Work Procedures for the road equipment    Procurement Compliance review by PPDA  147.
S0190,2024,vi) There was delayed procurement of Civil works for Construction of Sipi  Irrigation Scheme.
S0191,2024,Uganda Wildlife  Research and  Training Institute  (UWRTI)  Human Capital  Development  Unqualified  i)  The  Institute  lacks  an  information  technology  governance  framework/policy despite the heavy investment in information  technology infrastructure.
S0192,2025,"iii)  The School lacks a procurement unit, contrary to procurement regulations."
S0193,2025,xxxii) Delayed payment of IPCs amounting to UGX.40.65Bn exposed the Ministry to  potential interest claims and affected contractors’ ability to deliver works on  time.
S0194,2024,"The Committee lacked representatives from the  Project Implementation Team, the contractors, insurance companies  and the community leaders as required by project governance  framework."
S0195,2023,"Government is organized in 20 programmes as listed in the table below;    Table 31: Showing the 20 programmes  No  Programme  Lead Entity  1  Agro-Industrialization Programme  Ministry of Agriculture  2  Governance and Security Programme  Office of the President  3  Public Sector Transformation Programme  Ministry of Public Service  4  Regional Development Programme  Ministry of Local  Government  5  Administration of Justice  Judiciary  6  Legislation, Oversight and Representation  Parliamentary Commission  7  Mineral Development Programme  Ministry of Energy  8  Sustainable Development of Petroleum Resources  Ministry of Energy  9  Climate Change, Natural Resources , Environment and  Water Management Development Programme  Ministry of Water  10  Sustainable Energy Development Programme  Ministry of Water  11  Sustainable Urbanization and Housing  Ministry of Lands  12  Human Capital Development Programme  Ministry of Education  13  Community Mobilization and Mindset Change  Programme  Ministry of Gender  14  Tourism Development Programme  Ministry of Tourism  15  Private Sector Development Programme  Ministry of Finance  16  Manufacturing Programme  Ministry of Trade  17  Digital Transformation Programme  Ministry of ICT  18  Innovation, Technology Development and Transfer  Ministry of Science  19  Development Plan Implementation Programme  Ministry of Finance  20  Integrated Transport Infrastructure and Services  Ministry of Works    Planning and budgeting for the financial year 2022/2023 was done following the  programmatic approach, and efforts were made to align the implementation and reporting  of performance to the same."
S0196,2019,"•  Under UgIFT, Inspections revealed construction works of the Health Centre had stalled and  construction of Nakaseke Seed Secondary School had not commenced."
S0197,2020,"The Office is currently supported by Development Partners in undertaking high-cost audits,  infrastructure projects, capacity building, and some downward accountability stakeholder  initiatives."
S0198,2019,"•  There was direct procurement of some non-assigned sub-contractors initially engaged by the  terminated contractor to complete works, some of whom had sued UETCL over issues concerning  the termination of the main contractor."
S0199,2019,The construction works were  behind schedule by almost 6 months.
S0200,2018,Luwero DLG   Performance of Youth Livelihood Programme  - Under funding of the Programme  - Non Compliance with Repayments Schedules  - Un confirmed transfers of Recovered funds to Recovery Account in  BOU  - Inspection of performance of Youth Projects  - Nakigoza Youth Tato Growing Project  - Record keeping  - Kanyogoga Youth Piggery Project  - Poor Record keeping   Implementation of the Uganda Road Funds  - Inspection of Kikoza-Kigoloba-Naluvule Road (8.9Kms)  - Failure to carry out Routine Manual Maintenance on District Roads   Mischarge of Expenditure   Un accounted for funds   Financial Loss   Outstanding Creditors   Outstanding Salary and Pension Arrears   Diversion of PHC and Agricultural Extension Services Wage to Pay  Primary Teachers Salary   Un-updated property valuation list   Under staffing and related   Un Recovered UWEP Revolving Funds   Un approved borehole Rehabilitation Assessments   Difficulties in accessing Road equipment fr Regional Workshops   Failure to Perform Physical count for students under USE   Review of Eye Clinic Donation at Luwero Health Centre IV   Management of Procurement   Absence of a Contracts Register   Absence of 10% Performance securities for Procurement contracts        253     Lack of a representative of Lower Local Government on Evaluation  Committee   Management of Natural Resources   Environmental dilapidation of district wetlands   Failure to de-gazette Bombo Local Forest Reserve   Poor Status of basic Medical Equipment   Lack of a District Physical Development Plan   Absence of District land and Lease Registers   Absence of legitimate Registration of the District Land   Capitation Grants   Under funding of the USE and UPE capitation programs   Construction of a 2 classro block and others at Bulamba Primary Schoo   Status of Basic Medical Equipment  72.
S0201,2023,"(ii)  Construction of Kitara Street and Ntara Circular Road    I established the following inadequacies in the internal controls during  implementation of the project;        Whereas Kitagwenda District Local Government was expected to transfer the  funds to Kitagwenda Town Council expeditiously and intact, the district transferred  the first and second tranches of funds after 132 and 182 days respectively."
S0202,2024,"Out of the        358      (KCCA) for year  ended 30th  September 2023  total available funds of USD.1,771,724, USD.1,441,332 (81%) was  spent, resulting in an unspent balance of USD.330,402  iii) Assessment of the implementation of planned activities could not be  done, since the project did not prepare performance reports  iv) KCCA had not established a steering committee to provide strategic  oversight and guidance to the project."
S0203,2024,"This affected construction of 3 strategic bulk markets, 100        479      2000000947 and  ASAP Grant  No.2000000324 for  9-month period  ended 31st March  2024  demonstration water harvesting infrastructure and recruitment of 7  weather station workers  iii)  The maintenance of completed 1,138 Kms of community access  roads and 2 markets was not effectively undertaken by the districts  due to failure by management to put in place effective sustainability  measures  iv)  Inspection of Ayerolwango - Aswa River Community Road revealed  that although the project had spent UGX.0.799Bn, the works had  stalled due to the rocks in the basement, which were not envisioned  v)  Three projects namely; the bridge at St."
S0204,2018,Isingiro DLG      PERFORMANCE OF URF    Under Collection of Local Revenue    Unaccounted for Funds    Under collection of revenue    Lack of land titles    Land Encroachment    Under funding of Kyashojwa Primary School    Lack of a fully-fledged district lands office    Unlicensed activities on Natural resources    124.
S0205,2018,Agago DLG    Performance of Youth Livelihood Program    Funding of the program    Non – compliance with the repayment schedule    Transfer of recovered funds to the recovery account in BOU    Inspection of performance of youth projects    Gratuity and pension arrears    Motor vehicles due for disposal    Summary of exceptions raised in the PPDA report        231      Management of Natural Resources    Absence of a district environmental Committee    Management of road equipment    Failure to maintain road equipment records    Inadequate maintenance of road equipment    Physical planning Committee    Existence of physical planning Committee    Capitation grant    Lack of financial statements  24.
S0206,2022,"5.64Bn was incurred as a result of failure to access land for road  project sites in 6 road projects, this arose from delayed compensation of Project  affected Persons (PAPs) for acquisition of land for right of way resulting in the  contractors charging UNRA for time related obligations due to failure to access project  site and charging UNRA for idle time."
S0207,2019,•  I noted that the project for construction of 16-unit staff houses was behind schedule.
S0208,2023,(vii)  Ensure sustained capacity building programs of the DISs through support  supervision and training to enhance their ability to undertake the inspection  mandate of schools.
S0209,2018,Road Sector Support Project 4  (RSSP4)    Compensation to the Project Affected Persons (PAPs)   Delayed payment to Project Affected Persons (PAPs)   Land Acquisition ( Transfer/ sub-division of land)   Delayed civil works   Lack of evidence on approval of reviewed designs    Inter – Project Re-allocations-UGX.
S0210,2022,The Hospital is at risk of litigation and eventual payment of fines which may result into a financial loss.
S0211,2023,"  Whereas the project was expected to end on the 30th of June 2024, an extension  of one year ending 30th June 2025 was granted to complete all the project  deliverables and manage the defects liability period."
S0212,2022,I advised the Government to ensure that appropriate procurement methods are adhered to in  regards to land acquisitions.
S0213,2019,"282    SN  LOCAL  GOVERNMENTS  SUMMARY OF KEY FINDINGS  •  Field inspection revealed that Were-Asumuk road had excess expenditure of UGX.96,830,800,  and no road signage."
S0214,2018,The Ministry together with UNRA should continue engaging the responsible authorities  to address the impediments to land acquisition for infrastructure projects.
S0215,2018,"Uganda Road Fund    Undisclosed non-produced assets worth UGX.1,510,000,000    Mischarge of expenditure – UGX.418,598,288    Reporting Inconsistencies    Governance Issues   Unsigned board minutes        206     Non consideration of internal audit reports by the  board    Unrecovered PAYE amounting to UGX.55,602,000    Emergency road funds   Unverified emergency sites   Inadequate emergency intervention fund    Failure to apply the allocation formula for road maintenance  funds  122."
S0216,2019,"•  Under UgIFT, I noted that Aduku Seed Secondary School had no land title and construction  works were behind schedule with all structures at ring beam level."
S0217,2023,"  Delayed payment of PAPs    UNRA has outstanding land compensation payments of UGX.7,485,209,351 for 189  PAPs yet the project has ended  Transformative  Education and  Lifelong  Learning  for  Sustainable  Growth (TELLS)  Project  No."
S0218,2022,"  I noted that the Company was unable to secure a Joint Venture Partner for the planned Engineering, Procurement  and Construction (EPC) of the Kampala Storage Terminal."
S0219,2018,Gulu DLG    Performance of Youth Livelihood Programme    Failure to transfer recovered funds to the recovery account in BOU    Inspection of performance of youth projects    Implementation of the Uganda Road Funds    Budget performance    Status of implementation    Contingent liability    Unpaid pension and gratuity arrears    Payables    Incomplete and abandoned work    Incomplete renovation and expansion of OPD in Lugore HCII Palaro sub  county    Incomplete/ abandoned low cost sealing of Laroo- Pageya Road 2Km    Non- disbursement of YLP funds for financial year 2017/2018    Non-assessment of taxable revenue    Summary of exceptions raised in the PPDA report    Management of natural resources    Unlicensed activities on natural resources    The physical planning Committee    Establishment of the physical planning Committee    Performance of the physical planning Committee    Non budgeting for the physical planning Committee activities    Management of road equipment    Failure to maintain road equipment records    Non-functional/ grounded equipment    Status of basic medical equipment    Failure to record medical equipment in the district assets register    Missing procurement records  27.
S0220,2024,"The Commission was supposed to implement Phase-1 of the road which comprised of 14  key activities worth UGX.75Bn by 30th June 2024, key among which were re-organisation  of polling stations, recruitment of election supervisors, voter education, digitalization of  election documents, procurement of specialised equipment among others."
S0221,2025,"v)  Six (6) project contracts, including the main civil works and supervision  contracts, had completion dates extending beyond the grant closing date of  31st December 2025."
S0222,2022,  I noted incidents where NWSC possessed land that had expired land leases; some titles were yet to be transferred  in the company names; some land housing NWSC infrastructure and which was given by other government  agencies had no MoUs signed; and some land was encroached on.
S0223,2024,"The defects included; broken walkway slabs, non-functional street  lights, damaged stone pitching, segregation in asphalt concrete, bleeding, missing  drainage covers, missing guard rail bolts."
S0224,2018,Moroto DLG      Performance of YLP    Performance Of URF    Accumulation of domestic arrears    Unspent balance    Irregular payment of night allowances to council members    Failure to apply prescribed guidelines in operating the road equipment    Failure to constitute a District Environment Committee    Lack of a District Environment Action Plan    Lack of Register for Wetlands and Forests  137.
S0225,2018,"16,580,982    Understaffing at the Hospital    Outdated Staff Establishment Structure    Grounded Motor Vehicles    Lack of a Technical Person on the Evaluation Committee  (Irregularities in supply of station wagon)    Irregular award of Contract (Irregularities in supply of station  wagon)     Irregular  Composition  of  the  Evaluation  Committee  (Irregularities in the Contract for Construction of a Seven  Storey Staff House)    Irregular Contingencies in the Contract Sum (Irregularities in  the Contract for Construction of a Seven Storey Staff House )    Irregular Arithmetic Correction of the BoQS (Irregularities in  the Contract for Construction of a Seven Storey Staff House)    Irregular Award of a Contract for Consultancy in Supervision    Expired Period of the Hospital Board    Non-functional Medical Equipment  135."
S0226,2019,Field inspections revealed incomplete works for this project.
S0227,2018,"Electricity Regulatory  Authority    Nugatory Expenditure UGX 108,389,948    Underperformance in prepayment Meter conversion targets  of UMEME    Absence of a methodology for verifying costs    High energy losses in the service territories    Non-compliances to Quality of Standards by UMEME  11."
S0228,2019,"As a result of the delay, 37 legal suits were made against UETCL amounting  to UGX.42.9 billion."
S0229,2018,"  Payment of un-budgeted prior year arrears amounting to  UGX.48,634,712,458    Payment for tea lead agency fees for Kabale and Kisoro  districts        201     Flawed MOU with regard to measurement of  deliverables:   Rationale for the 30% Lead agency fee on distributed  tea:   Partial consent settlement without Guarantee;    Mischarge of Expenditure totalling to UGX.1,009,498,818    Nugatory Expenditure – UGX 93,159,046    Pending cases whose value was in excess of UGX.18 billion  pending resolution by court    Operation Wealth Creation vehicle status review    Basis for computation of transport costs to the tune of  UGX.1,978,744,208    Sugarcane Production in Northern Uganda   Cane seed procurement-UGX.4,518,260,220    Non consideration of the evaluation  methodology and criteria    Delayed delivery and Liquidated damages  charges    Expiry of the Advance payment guarantee   Bush Clearing, Land preparation, Planting cane, weed  management, manual and mechanical weeding, seed  cane harvesting and loading-UGX.15,526,487,530    Irregular Advance payment security in form  of Log books- UGX.4,657,946,259    Contract price adjustment:    NAADS’ restructuring and Legal Mandate   Irregular restructuring:-   Uncertainty on ownership of Assets:-   Liability against OWC:-    NAADS’ assets held by districts    Failure to execute performance security worth  UGX.23,325,873,958    Recruitment of Civilians under Operation Wealth Creation   Unclear Authority for the recruitment of civilians   Non deduction of PAYE from OWC civilian staff        202      TRADE SECTOR  103."
S0230,2018,Hoima Regional Referral Hospital    Domestic Arrears    Inadequate medical equipment        176      Expired Drugs    Ineligible occupants in staff houses    Un-habitable houses    Irregularities in Prior year force account works    Collection of NTR on collection bank accounts    Utilisation of revenue at source    Staffing gaps  130.
S0231,2023,"  Completion of Construction of 350 Bed hospital and renovation of the six level  building at a contract price of UGX.69,676,552,693 was behind schedule with  11.6% works completed by September 2023 after two thirds of the project elapsed  time."
S0232,2025,v)  The Management should ensure an improved and effective contract  management processes by strengthening oversight mechanisms on the contract  managers and follow up on the adherence of set procurement implementation  plan timelines for timely supply and installation of quality ICT equipment and  internet services to beneficiary schools/institutions.
S0233,2024,vii) I reviewed the progress of on-going construction works and noted that  some projects were behind schedule.
S0234,2018,"In spite of several  meetings, chairperson has not signed any minutes  25  Civil Aviation Authority  Failure to assess likelihood of fraud and absence of  related policies  26  Uganda Railways Corporation - SGR  The terms of all Board members for the Standard  Gauge Railway Board had expired in November  2017    Noncompliance with corporate governance principles hinders oversight and may affect the  implementation of the organisation policies and procedures."
S0235,2023,"c)  Contribution of external oversight to the quality of services delivered in  schools    I noted that;      Inspection of schools should be of at least 3 times a year, Twenty-four (24)  primary and six (6) secondary schools received at least 3 inspections, 4 primary  schools received 2 inspections, 2 primary schools received one inspection; while  228    17 primary schools lacked data and one secondary school was not inspected by  the district inspectors of schools."
S0236,2023,"  In the health sector, I noted that out of the 44 local governments that  implemented upgrading of HCII’s to III’s, 28 LGs delayed completion of works  beyond the initial completion date with delays ranging from 19 to 1,179 days."
S0237,2025,"18)  0.16  0.16  -  -  11.56  -  2.49  2.27  0.22  0.10  0.07  0.03  2.22  1.95  0.27  0.37  0.39  (0.03)  Uganda  Livestoc k  Industri es  Limited  -  (0.56)  0.56  0.01  0.01  -  (0.56)  (0.56)  -  1.11  1.11  -  0.33  0.33  -  1.99  1.99  -  (0.55)  (0.55)  -  Uganda  Energy  Credit  Capitalis ation  Compan y  122.61  121.95  0.66  -  -  -  -  121.95  -  105.10  105.23  (0.13)  65.56  65.59  (0.04)  48.05  48.87  (0.83)  122.6 1  121.95  0.66  Uganda  Develop ment  Bank  Limited  268.0 0  268.00  -  1,207.07 1,207.07 -  36.99  0.28  36.72 1,683.58 1,711.91 (28.33) 98.61  70.28  28.33  270.12  270.12  -  1,512.07 1,512.07 -      282  ANNEXURES  Annexure 1: Summary of Entity Findings for MDAs and Projects  Entity Name  Programme  Name  Opinion    Summary of Key Findings  I noted that;  Office of the Prime  Minister (OPM)  Development  plan  implementation    Governance  and  security    Natural  resources,  environment,  climate  change,  land and water    Regional  balance  development  Unqualified          i)  The Ministry had verified stock of outstanding commitments amounting to  UGX.181.46Mn at the year-end."
S0238,2019,"•  Under UgIFT, there was unspent balance of 0.125bn on the contract for the upgrade of Butaaka  Health Centre II and inspections revealed incomplete and shoddy works at the facility."
S0239,2022,"Road Sector Support Project 4 (RSSP–4),  for the upgrading of Kigumba – Masindi  – Hoima – Kabwoya Road Project  implemented by UNRA    I noted during various grievances relating with the resettlement of PAPs for Lot 1."
S0240,2018,Mukono DLG   Performance of Youth Livelihood Programme   Funding of the Programme   Non-compliance with the Repayment Schedule   Transfer of recovered funds to the Recovery Account in BOU        246     Review of Sampled Youth Groups Files   Implementation of the Uganda Road Funds   Failure to carry out Property Valuation   Misdirected Secondary School Grants   Insufficient Infrastructure in UPE Schools   Under staffing   Management and Utilisation of Natural resources   Lack of a District Environment Committee   Lack of proper demarcation of wetlands   Unlicensed Activities in the Wetlands   Status of Basic Medical Equipment at Kojja HC IV   Poorly equipped Ophthalmic Department   Inadequate Beds in the Maternity Ward   Physical Planning Committees   Inadequate composition of the District Physical planning Committee   Lack of Physical Development Plans  64.
S0241,2024,"The Government entities’ procurement processes, in relation to the purchase of  goods, works, services and non-consultancy services are to be undertaken online."
S0242,2018,Kotido DLG   Unsupported Pension  Payments      YLP-Low Recovery of Funds    URF-Performance of URF    Release of Funds for the implementation of  Duplicated Sub-Projects under NUSAF III    Un-Spent Conditional Grant    Under-Collection of Local Revenue    Delays in Implementation of NUSAF Sub- Projects    Construction of Council Hall    Incomplete and abandoned Contractual  Obligations    Un-Sustainable Accumulation of Domestic  Arrears    Lack of Land Titles    Inadequate Infrastructure in UPE Schools    Composition of Physical Planning Committee  11.
S0243,2022,Interest charges of UGX.1.82Bn on delayed payment of Interim Payment  Certificates (IPCs) to the Contractors    I established that payments of interim payment certificates to the contractors for eight  projects were not on time.
S0244,2019,"•  Under UgIFT, works for upgrade of Katuugo Health Centre II had stalled and funds for the  construction of a Seed secondary school in Katikamu Sub County were not utilized."
S0245,2018,Bududa DLG      YLP-low recovery of funds    Performance of URF    Salary Arrears    Contingent Liabilities      Inadequate maintenance of road equipment    Non-functional and non-existent medical equipment    Un-licenced mining and quarrying    Inactive District Environment Committee    Staffing and Human Resource Management    Understaffing    Un-reconciling enrollment figures    Lack of Land Titles    Non-disposal of Obsolete Assets  96.
S0246,2019,"•  Under URF Inspection on selected roads revealed that there was poor contract management  characterised by absence of headwalls, culverts, unprotected culverts, gullies and over grown  bushes."
S0247,2023,  Land acquisition in Uganda was at 84% which poses community related risks to  the project.
S0248,2018,"Apac DLG   Unsupported  expenditure  transactions   Unexplained adjustment      Performance of Youth Livelihood Programme    Funding of the program    Non – compliance with the repayment  schedule    Transfer of recovered funds to the recovery  account in BOU    Inspection of performance of youth projects    Implementation of the Uganda Road Fund    Budget performance    Status of implementation    Unsupported domestic arrears    Unbudgeted for domestic arrears    Loss of district motor cycles    Outstanding electricity bill    Management of natural resources    Lack of legal ownership of land, forest  reserves and wetlands    Unlicensed/illegal activities on Natural  Resources    Physical Planning Committees    Existence of Physical Planning Committee    Capitation grant in Aninolal Primary school    Disclosure of capitation grant funds in financial  statements    Status of basic medical equipment    Inventory of Medical Equipment    Condition of Medical Equipment  3."
S0249,2018,Kira MC    Implementation of the Uganda Road Funds    Under-funded emergency Road Works        257      Fragmentation of Resources under Up-grading of un-paved Roads to  Bitumen standard    Inadequate Road Equipment    Incomplete works - Construction of Kira MC Administration Building  Phase II    Under staffing    Lack of Land titles for UPE Schools    Inspection of Primary Schools    Management and Utilization of Natural Resources    Failure to demarcate wetlands    Establishment of Urban Physical Planning Committees    Garbage Collection Management    Inadequate Garbage transportation equipment – Hiring of Equipment    MASAKA  BRANCH    78.
S0250,2022,"The table below  refers;    Table 70: Unclaimed liquidated damages  S/No Contract  Delays  (days)   Uncharged  Liquidated Damages  (UGX)  1  Bukalasa Agricultural College Lot 1  90  748,388,026  2  Kaberamaido Technical Institute  110  540,383,514  3  Kalongo Technical Institute  15  41,378,333  4  Ora Technical Institute  44  104,234,819  5  Kitgum Technical Institute  100  293,682,207  6  UTC Bushenyi Lot 1  76  746,294,824  7  UTC Bushenyi Lot 2  330  762,408,141  8  Nyamitanga Technical Institute  226  228,585,432  9  Karera Technical Institute  125  225,437,823  10  Lake Katwe Technical Institute  30  84,004,849    TOTAL    3,774,797,968    I advised the Accounting Officer to review the above contracts and recover the  penalties due."
S0251,2019,"•  Inspection of Kindra-Lokajo road revealed that a section of the road with a stream need a bridge,  there was no sign post and no records of community procurement and project management."
S0252,2023,"I advised the respective Accounting Officers to ensure that the overpayments are  recovered    b)  Delayed Completion of Works    I assessed the timeliness in completion of the works and noted that;      In the education sector, apart from the seed school in Kwania DLG, completion of  works on seed schools in 43 Local Governments was delayed beyond the initial  completion date with delays ranging from 24 to 842 days."
S0253,2023,The other  six pillars which support the primary pillar include: Infrastructure and Economic Services;  Financial Inclusion (FI); Social Services; Community Mobilization and Mind-set Change;  Parish Development Management Information System (PDMIS); and Governance and  Administration.
S0254,2018,"National Animal Genetics  Centre and Data Bank    Budget shortfall of UGX.2,910,000,000    Unimplemented budget activities    Non-compliance with commitment control procedures-  UGX.149,453,000    Unbudgeted for domestic arrears- UGX.302,491,433    Encroachment of ranch Land        200      Loss of Livestock, imported eggs and parent stock    Incomplete construction works in Mazuri Ranch, Njeru Stock  Farm, Lusenke Ranch and Nshaara Ranch    Ineligible occupants in staff houses    Un-habitable houses due to fire and lack of roofs    Irregularities in Prior year force account works    Non-compliance with the Non Tax Revenue collection  process    Utilisation of revenue at source UGX.68,243,150    Staffing gaps 142 out 313 positions filled  100."
S0255,2019,"•  UNRA made incurred nugatory expenditure amounting to UGX 8,099,940,759 and USD  880,448.97 that arose out of penalties for the court cases and interest on delayed payments of  advances and IPCs invoices from various contractors."
S0256,2020,"extractives,  infrastructure  projects, revenue,  PFM reforms, VFM  PPP, ICT etc.) Audits in  emerging  areas  undertaken  Average  % Level of  implementation  of emerging  area Audit  strategies NA 80 % 40  % 50  %  60  % 70  % 80  % QA reports 2024-25 2024-25 2024-25 2024-25 2024-25 Page 109 strategic report Objectives Result Indicators Baseline Overall  target Annualized Targets Means of  Verification Strategic objective 2: Enhance institutional capacity to effectively and efficiently  deliver our mandate Outcomes: Improved efficiency and effectiveness of institution operations Indicator 1: Percentage of audit coverage Baseline: 14.21% Target: 40% Indicator 3: Government Annual Performance Rating Baseline(FY 2018/2019): 50% Target:90% Indicator 4: Annual NPA compliance rating Baseline:51.4% Target:85% Indicator 5: External Auditors opinion Baseline(FY 2018/19): Unqualified opinion Target: Unqualified opinion Specific  Objective 2.1:  To improve  internal  governance  for enhanced  compliance  and robust risk  management Improved  internal  governance  structures  % level of staff  satisfaction  NA 80 % 70  % 80  % Internal  perception  survey Intervention  2.1.1:  Strengthen OAG  legal framework  and compliance  for effective  corporate  governance Enhanced  OAG legal  framework Number of  legal litigation  cases against  AG and OAG 5 3 5 4 4 3 3 Performance  reports 2024-25 2024-25 2024-25 2024-25 2024-25 Page 110 strategic report Objectives Result Indicators Baseline Overall  target Annualized Targets Means of  Verification Intervention  2.1.2:  Strengthen  internal controls  and mitigation  of risks for  improved  governance and  compliance Strong control  environment  % level of  internal audit  recommenda­ tions imple­ mented  100 % 100 % 100  % 100  % 100  % 100  % 100  % Internal audit  reports Intervention  2.1.3: Improve  performance  management  through robust  Monitoring  and Evaluation  processes Enhanced  performance % of planned  strategic  activities  implemented NA 98 % 80  % 85  % 90  % 95  % 98  % Performance  reports Number  of Impact  Evaluation  reports 1 7 1 1 1 2 2 Impact  assessment  reports Specific  objective  2.2: Attract,  develop and  manage human  resources  to improve  performance Improved  human  resource  capacity to  deliver  % of staff  satisfaction  NA 70 % 60  % 70  % Perception  survey Intervention  2.2.1:  Implement  performance  management  system and  instil a culture of  excellence."
S0257,2024,This  affected construction of the new Parliamentary Chambers and  procurement of new vehicles.
S0258,2025,"ii)  DFID funding of GBP 8.9Mn was fully disbursed, while GoU counterpart funding  exceeded the approved amount by UGX.48.20Bn due to increased land  acquisition and price variation costs."
S0259,2024,The other  pillars include: Infrastructure and Economic Services; Financial Inclusion; Social Services;  Community Mobilization and mindset change; Parish Development Management  Information System; and Governance and Administration.
S0260,2018,"MWE should continuously engage MAAIF, MLHUD and other players to:   Expand interventions which seek to prevent wetland (re-)encroachment by addressing  the factors that lead to encroachment such as declining fertility of traditional farmlands,  water scarcity, unplanned urban expansion, to other areas not covered by the GCF  projects;   Implement the plan to extend irrigation infrastructure especially in rice-growing regions  to encourage the farmers to leave wetlands, after which they can re-generate on their  own, saving government restoration costs;  v."
S0261,2025,444  Entity Name  Programme  Name  Opinion    Summary of Key Findings  I noted that;    National Enterprises  Corporation (NEC) -  Construction Works  and Engineering Ltd  Governance  and  Security  Unqualified  i)  NEC Construction Works and Engineering Limited closed the financial year with a  receivables balance of UGX.23.5Bn compared to UGX.20.36Bn of the previous  financial year 2023/2024.
S0262,2018,"The Accounting Officer explained that the Tax and Energy incentive was not backed by  relevant resources, which created domestic arrears."
S0263,2024,"vi) UNRA signed Addendum No.1 for the Kira-Matugga Road project  worth UGX.22.089Bn, with significant cost escalations up to 663% for  some items."
S0264,2024,"Value  (UGX)  Bn  1  Amudat DLG                        4  0.65  2  Butebo DLG      3  0.01      3  0.04        2  0.04  3  Education Service Commission  4  0.59  4  Financial Intelligence Authority  1  0.13                    4  1.77  5  Ibanda DLG              15  1.12            6  Kabale DLG                        2  1.42  7  Kanungu DLG              19  1.64            8  Law Development Center              17  5.2            9  Microfinance Support Centre  2  0.14                        10  Ministry of Energy and Mineral Development  9  31.66                        11  Ministry of Finance, Planning and Economic Development          3  16.2                12  Ministry of Tourism Wildlife and Antiquities MoTWA          5  13.97                13  Ministry of Trade, Industry and Cooperatives MoTIC          1  6.06  1  6.2            14  Moroto DLG                        5  0.64  15  Mountains of the Moon University              3  1.47            16  Muni University                        2  10.9  17  Napak DLG              2  0.11        2  0.36  18  National Agricultural Research Organization NARO                  20  26.09  6      19  National Oil Palm Project                  4  11.1  5      20  National Population Council (NPC)  2  0.04                        21  Office of the President  6  2.5  7  22  Presidential Initiative On Banana Industrial Development                  6  2.09  3      23  Rukiga DLG                        8  3.69  24  Soroti RRH              1  0.051            25  Uganda Broadcasting Corporation  8  0.25                        26  Uganda Bureau of Statistics          1  2      2  91.74        27  Uganda Communications Commission  3  6.41  28  Uganda Petroleum Institute -Kigumba      6  0.82      9  5.26            29  Uganda Retirement Benefits Regulatory Authority  1  0.1                        30  Uganda Revenue Authority  4  7.01  5  0.29  5  0.34                31  Uganda Wildlife Research and Training Institute  2  0.14                        32  Wakiso DLG      1  0.69                    33  Ministry of Internal Affairs                  4  668.05  3        Total  32  45.88  19  2.4  15  38.57  70  21.091  42  801.57    29  19.47              316      ANNEXURES  Annexure 1: Summary of Entity Findings for MDAs and Projects    Entity Name  Programme Name  Opinion    Summary of Key Findings  I noted that;  Office of the Prime  Minister (OPM)  Development plan  implementation    Governance and  security    Natural resources,  environment, climate  change, land and  water    Regional balanced  development  Unqualified  i)  The Ministry had verified stock of outstanding commitments  amounting to UGX.1.19Bn at the year-end."
S0265,2024,"By focusing on improving the implementation and enforcement of the policies,  guidelines and the laws, data collection and management, stakeholder engagement,  infrastructure development and support supervision, the ministry can create a more  supportive and effective secondary education system that aligns with the outcomes  envisaged in the constitution and Vision 2040."
S0266,2025,"Contract  implementation delays affect service delivery, while failure to enforce liquidated  damages may encourage non-compliance and further delay service delivery."
S0267,2018,Mbarara DLG      YLP-Low Recovery Of Funds    Shortfall in central government grants    Mischarge of expenditure    Nugatory Expenditure    Irregular Payment of VAT    District Natural Resources    Delayed Modification Works on Defective Road Equipment    PPDA Findings  111.
S0268,2018,"Rural Electrification Agency    Budget Shortfall UGX.35,914,900,941    Revenue Arrears UGX.10,358,804,214    Escalating Receivables from the Uganda Electricity  Transmission Company Limited 5% Levy by 44% from  UGX.50,645,352,876 to UGX.73,003,978,668."
S0269,2019,•  Works under UgIFT were ongoing however there was delayed construction works at Kanginima  Seed Secondary School and delay in procurement process which resulted in delay of 7 months  from the plan.
S0270,2018,"Butabika Mental National referral  hospital    Under collection of NTR (AIA) (UGX.381,300,537)    Unspent releases (UGX.482,532,497)    Irregular Procurement of the Supervision team for Construction  works    Protocol for approval of variations not followed    Absence of measurement sheets for certified works    Release of retention monies before issuance of a certificate of  substantial completion (UGX 100,358,206)    Quality of construction works not tested    Use of different rates for similar items in variations    Omission of as-built drawings in the contract    Liquidated damages of UGX 87,683,718 not charged    Overpayment of UGX 81,267,400 due to discrepancies in  certified quantities measured  141."
S0271,2023,•  There is limited access to Right of Way (ROW) for certain road sections which has  hindered the timely completion of the road works.
S0272,2024,"Recommendations    I advised the Accounting Officer of the MoES to:          175      i)  Strengthen oversight mechanisms by assigning dedicated monitoring teams to  track construction progress, enforce performance contracts with contractors, and  address delays by promptly replacing non-performing contractors."
S0273,2018,"Absence of a Board of Directors since January, 2008  3  Uganda Free Zones Authority  Lack of an Internal Audit function  4  National Agricultural Advisory  Services-NAADS  legal mandate of NAADS (Irregular restructuring)  5  Management Training and  Advisory Centre (MTAC)  Lack of a governing council  6  National Drug Authority  Board not fully constituted  7  National Medical Stores  Failure to provide for position of Deputy General  Manager  8  National Information  Technology Authority -Uganda  Board not fully constituted  9  Uganda Communication  Commission  Conflicting sections of the Law in Regard to the  Position of the Executive Director also being a Board  Member  10  Uganda Institute of  Communication and  Information Technology  Unclear governance structure and legal status of  the Institute  11  Uganda Posts Limited  Expired Contracts for Members of the UPL Board  12  Uganda Human Rights  Commission  Only 3 of the 7 members were appointed  13  National Identification and  Registration Authority (NIRA)  Lack of a fully constituted Board  14  National Planning Authority  Board not fully constituted  15  National Council for Disability  Failure to Hold Annual General Meeting  16  Uganda National Cultural  Centre  Expiry of Board Tenure  17  Uganda National Children’s'  Authority  Lack of a governing board  18  Uganda Industrial Research  Institute  Absence of a Board of Directors  19  Uganda National Council for  Science and Technology  Absence of a fully constituted Governing Council,  only 9 out of the 36 members are appointed  20  National Enterprise Corporation  Absence of an Audit Committee  21  Uganda Veterans Assistance  Board  Failure to implement the mandate of Uganda  Veterans Assistance Board  22  Uganda Wildlife Research and  Training Institute  Inappropriate composition of the Governing  Council and absence of academic Board        76    23  Nile Hotel International Limited  Continuous stay of the Board after the expiry of the  two  terms  and  override  of  managements  responsibility by the board  24  Uganda National  Meteorological Authority  Lack of a Board of Directors  25  Uganda Road Fund  Board misunderstandings."
S0274,2023,75    b)  Interest charges on delayed payment to contractors    I reviewed the financial statements of UNRA and MOWT and noted that outstanding  payments/payables  amount  to  UGX.804.26bn  (UGX.588.77bn  for  UNRA  and  UGX.215.49bn for MOWT) as at 30th June 2023.
S0275,2018,"Koboko MC      YLP-Low Recovery of Funds    URF-Performance of URF    Under collection of revenue/Local revenue shortfall UGX 171,767,355    Unaccounted for funds UGX 10,621,002    Cash Payments for various activities using the imprest account    Unpaid Pension and Gratuity Liabilities UGX 156,655,291    Failure to maintain logbooks for road equipment and machinery    By-laws regarding garbage management in the Municipality still in Draft  form    Lack of garbage transportation equipment and machinery    Lack of legal ownership of the wetlands of the Municipality        225      Encroachment on Apa river wetlands    Unlicensed Car Washing Point in the wetlands along Apa River    9."
S0276,2019,"•  I noted that the Construction of administration block had stalled  •  Under NUSAF, I noted delayed implementation of projects, and absence of internal audit  •  I noted during inspection YLP that youth groups received project funds however no records on  group management, group management and selection, repayment schedule were availed."
S0277,2023,"  I advised the respective Accounting Officers to ensure that these overpayments  are recovered      For the six Municipalities assessed that implemented USMID funded projects, the  assessment of percentage of material results indicated that apart from Mbarara  City that availed all the expected material test results and the two (2) Cities of  Arua and Jinja that availed partial material test results for the USMID projects, the  remaining Municipalities/Cities of Gulu, Kamuli and Ntungamo did not avail any  test results for their projects      During physical inspection of the USMID funded infrastructure works in the six  Municipalities/Cities, defects such as cracked asphalt, damaged manholes, non- functional solar lights, etc."
S0278,2019,•  There was delayed Supply and Installation Works for Solar powered Irrigation Equipment which  exposed the Project to a risk of abandoned works and delayed service delivery to the beneficiary  communities.
S0279,2019,"Out of the 8  subprojects inspected I noted implementation challenges such as failure to implement activities,  underutilization of project funds, delayed implementation of projects and incomplete works on  CARs  •  URF field inspection revealed sections of some roads worked on were poorly maintained with  overgrown grass."
S0280,2018,"of cases  outstanding  Estimated legal  cost-UGX  Remark  1  National  Agricultural  Advisory Services- NAADS  15  18,000,000,000 Estimated  costs  for  outstanding court cases  2  Kampala Sanitation  Program (KSP) -  National Water  1  1,395,856,789 Impending Legal Suits  on  Disputed  Compensation  Offers/claims  3  Kampala Capital  City Authority  N/A  39,818,479,736 For existing and potential  legal claims  4  National Social  Security Fund  (NSSF)  1  42,200,000,000 Tax dispute with URA  5  Uganda National  Roads Authority  N/a  430,013,722,276 Contingent Liabilities    Total    531,428,058,801    Their eventual determination and/or payment could negatively affect the cash flows and  ability of the concerned entities to continue as going concerns."
S0281,2019,"These  included; road bleeding, stripping, silted and cracked access culvert, damaged stone  pitching and end structures, pothole development, Gullies on carriageway, Collapsed  gabion, Extensive Honey combing and poor workmanship among others."
S0282,2022,The  contractor sued the Ministry for breach of contract.
S0283,2022,"  At the time of audit inspection the renovation works for the chancery had stalled due to delayed payments dating  back to February 2022,and this exposed the Mission to extra monthly costs such as; rent for new    419    Chancery;Euros.21,750, rent for Warehouse; Euros 1,571, security costs and remobilization of workers."
S0284,2025,The outstanding payables relate to  unpaid construction works and may attract litigation.
S0285,2022,"In addition, in order to complete the project, more time will be required  to re-tender the works causing extra delays to deliver services to the community."
S0286,2018,Ishaka- Bushenyi MC   Missing Procurement  Records        Incompletely constituted Urban Physica    Planning Committee Incompletely constituted  Urban Physical Planning Committee    Condition of Medical Equipment in Health  Centre IV    Inadequate Equipment for Garbage Collection  and Disposal    MOROTO  BRANCH      10.
S0287,2018,"Civil Aviation Authority (for  the year ended 30th June  2016)    Entebbe International Airport -Expansion Project  Management   Inconsistencies in the operationalization of the  requirements of the agreements signed   Absence of evidence of involvement of an  independent consultant and verification report during  the year ended 30 June 2016   Need for a technical and final audit of the project    Management of Trade and Other Payables and Supplier  Relationships    Recovery of Receivables from Government Entities   Nakasongola Project Funding-Ugx 23 Billion   Non-existence of recovery plan for Government debts    Compliance with safety regulations requirements - ICAO  Safety Report    Corporate Governance (failure to assess likelihood of fraud  or its consequences, absence of whistle blowing policy and  no fraud Tracker)  123."
S0288,2019,"Furthermore, delays in land acquisition  and construction works for the transmission lines under Karuma interconnection had hampered  project progress."
S0289,2023,"Theme 2: Delivery of infrastructure    Under this theme 207 projects with various technologies including deep boreholes,  rehabilitation of existing boreholes, production wells piped water system, valley tanks and  rain water harvesting tanks were assessed and I noted that;      There was lack of engineer’s estimates for the assessed project items which should  have guided the budgeting and procurement processes."
S0290,2024,"2.1.8 Governance and Security Programme  a)  Implementation of the Roadmap for the 2025-2026 General Elections    In preparation for the 2026 general elections, the Electoral Commission issued a road map  containing timelines for all activities leading to the general elections."
S0291,2025,"2.1.2 Integrated Transport Infrastructure and Services Program  2.1.2.1 Outstanding Arrears to Contractors  During the year under review, I undertook a review of the outstanding arrears to  contractors for the on-going road projects implemented under the Ministry of Works and  Transport and the former Uganda National Roads Authority (UNRA)."
S0292,2024,"Uganda High  Commission in  Tanzania, Dar-es- Salaam  Community  mobilization and  mindset change  Development plan  implementation  Governance and  security  Manufacturing  Private sector  development  Sustainable  petroleum  development  Unqualified  i)  The Uganda High Commission owns four (4) properties/ pieces of  Land that comprise the Chancery and Consular building, the Official  Residence (OR), Plot of land at Kaunda Drive and Land at Dodoma."
S0293,2024,548      iii) Procurement delays were observed for the Construction Services for the  construction of Mbale Satellite Centre worth UGX 4.735Bn.
S0294,2023,"429    Ministry  of  Local  Government                  Agro-Industrialization  Development Plan  Implementation  Governance and  Security  Human Capital  Development  Legislation, Oversight  and Representation  Natural Resources,  Environment, Climate  Change, Land and  Water  Public Sector  Transformation  Regional Balanced  Development  Sustainable  Urbanisation and  Housing  Unqualified  I observed that:      The Ministry of Local Government collected UGX.4,760,687,200 against the  budgeted NTR of UGX.170,000,000."
S0295,2022,"Furthermore, due to delayed  procurement, prolonged acquisition of the Project right-of-way, and slow execution of works by the Contractors,  the initial disbursement deadline of 31st December 2020 was extended to 31st December 2024."
S0296,2022,"  The Procurement process for goods, services and works have greatly imporved  with better compliance with the PPDA rules and regulations."
S0297,2023,"  On physical inspection in December 2023 of the Right of Way (ROW) for the  Kampala-Jinja Expressway Project, I noted that there were new structures being  constructed in some cleared sections of the ROW."
S0298,2024,"4)  Delayed Payments of Contractor’s Interim Payment Certificates    Delays in payments to contractors, ranging from 5 to 406 days, were noted for the  Mukono-Malaba railway section and Tororo-Gulu line projects."
S0299,2023,"30  8,556,830.1  3  Construction of 2 three in one classroom blocks, 01  blocks of 5 stances drainable latrine, one block of class  room, a head teachers’ office and staff room in Tonya  primary school  40  25,175,791.2  4  Construction of one block of 1000 capacity Examination  Hall and supply at Biyaya Secondary School  46  10,376,233.5  5  Full Rehabilitation of Tete Ogolo-liri road 15km  36  18,840,162.0  6  Construction of two classroom blocks, one with an office  and store, construction of a 5 stance VIP latrine for girls,  construction of a 2 stance VIP lined latrine for Teachers  at Bwondha P/S  182  14,229.2  7  Construction of a Two(2) Classroom Block with Office  and Store at Namayemba P/S  179  Full contract was  not availed to  enable  computation  TOTAL    77,200,398.5    Delayed completion of works denies intended users timely usage of the infrastructure and  failure to charge damages, denies the local government compensation arising from the  delayed completion    I advised the Accounting Officer to always ensure that works are completed in time failure  of which, liquidated damages are charged to contractors    d."
S0300,2024,Accumulation of payables damages the school’s creditworthiness and could lead to  litigation.
S0301,2025,"South-Western  Cluster Water and  Sanitation  Project  (NWSC) for the year  ended  30th  June  Natural Resources,  Environment,  Climate  Change,  Water  and  Land  Management  Unqualified  There were no reportable issues    474  Entity Name  Programme  Name  Opinion    Summary of Key Findings  I noted that;  2025  State House  Governance  and  security  Innovation,  technology  development  and  transfer  Unqualified  i)  Included in the total expenditure of UGX.1,058.67Tn is expenditure worth  UGX.683.4Bn, which relates to classified expenditure."
S0302,2018,Soroti Regional Referral Hospital    Revenue Shortfall    Budget Under Absorption    Unapproved Supplementary Funding    Un accounted for Funds    Under staffing    Unsupported Domestic Arrears    Lack of a Hospital Board    Management of the of Oxygen Plant and supply of oxygen        177      Shortage of medical equipment at the health facility    Utilization of Medical Equipment    Failure to supply ordered Medicines    Expired Drugs    Drug Stock Outs    Unapproved Variation  133.
S0303,2022,  There was only one Multi-sectoral Steering committee sitting during the year out of the mandatory two (2) which  is a major internal control weakness and exposes the Project to performance challenges such as delays in project  implementation and unsatisfactory quality of works among others  4.
S0304,2025,"v)  The project planned to train at least 80 Energy Service Companies in Results- Based Financing at a cost of USD.28,169 but trained 78 companies at a cost of  USD.44,939, resulting in a budget overrun of USD.16,770."
S0305,2022,"  Additionally, in terms of the operating and management costs of power lines,  they were deemed high due to a number of factors such as transformers,  defective or rotten poles which needed replacement in the shortest of time after  the commissioning of these lines."
S0306,2023,"UETCL and African Development Bank  (AfDB) were included on the legal suit as 1st and 2nd garnishee respectively, following a  claim by M/s Steam Investments asserting that UETCL, by the time of terminating the  Main contract, had unutilized amounts under the encashed performance guarantee,  retention monies and unpaid invoices due to M/s Isolux."
S0307,2019,"h)  Supervision of Works    Through audit inspection of works, it was noted that in spite of the magnitude of the  project, only a clerk of works is present on site to supervise all the works."
S0308,2023,"Quality Control of Works    I evaluated the quality control procedures for the works and established that for eleven  (11) out of the fifteen contracts (15), the supervision teams did not test some of the  materials used prior to their incorporation into the works as detailed below;    Table 56: Showing projects where the supervision teams did not test some of the  materials used prior to their incorporation into the works  SN  Project Name  Materials Not Tested  1."
S0309,2018,"Lamwo DLG    Performance of Youth Livelihood Programme    Pension and Gratuity Arrears    Loss of 3 Motor Cycles        234      Summary of exceptions raised in the PPDA audit report    Management of natural resources    Lack of legal ownership of land, forests reserves and wetlands    Unlicensed activities on natural resources    Lack of District Land Office    Absence of the District Environmental Committee    Capitation grant    Capitation grant releases to school    Status of basic medical equipment    Poor condition medical equipment    Lack of Competent staff to Handle Medical Equipment    30."
S0310,2023,"1,541,679,717  2  Rehabilitative works on 13km of farm access roads in  Kapchorwa district  339,355,870  3  Rehabilitative works on bottlenecks (chokes) on 29km of  farm access (Menziro –Kateera 14.5) in Kakuto Subcounty  and Kasanvu Kyakatuma Kamuli Rd 14.9km, Kyeere  subcounty roads in Kyotera District  152,166,097  4  Rehabilitative works on 26km of farm access roads in  Kasanda and Mubende districts  517,650,738  248    SN  Project  Un Recovered Advance  [UGX]  5  Rehabilitative works on 7.8km of farm access roads in Mpigi  district  165,615,247      2,716,467,669    Failure to maintain a valid performance and advance payment guarantee constitutes a  fundamental breach of contract and exposes the client to the risk of financial loss in the  event the contractors fail to perform."
S0311,2019,"Acquisition of project land and compensation of persons affected by these projects was  supposed to be undertaken by Ministry of Energy and Mineral Development (MEMD) and    73    Uganda Electricity Transmission Company Limited (UETCL) but delays in this process and  potential increments in land acquisition costs were reported owing to rejection of  compensation rates offered, as well as demands for compensation for rock deposits thus  affecting timely completion of the electricity projects."
S0312,2023,"If not corrected, the above observed defects and omissions could compromise the  durability, safety and functionality of the infrastructure  263    I advised the Accounting Officer to ensure that all the above observed defects and/or  omissions are addressed    g."
S0313,2018,"Nwoya DLG    Performance of Youth Livelihood Programme    Funding of the Programme    Non-compliance with the Repayment Schedule    Transfer of recovered funds to the recovery account in BOU    Inspection of Performance of Youth projects    Implementation of the Uganda Road Funds    Budget performance    Status of implementation        235        Unpaid, Salaries , Pensions Gratuity Arrears    Payment for Work not done at Anaka Central P/S    Payment for Work not done at Todora HCII    Payment for Work not done at Lulyango Primary School    Construction of Box Culvert on Ceke Stream/ Diversion of Funds    Summary of exceptions raised in the PPDA audit reports    Management of Natural Resources    Lack of legal ownership of land, forests reserves and wetlands."
S0314,2023,"He further highlighted  that Payment of commitment fees was undesirable and where it occurred, it was attributed  to the key constraints identified in project implementation such as design challenges, right  of way, delayed procurements, unreadiness of projects at loan/grant contracting stage,  delays in fulfilling both disbursement and effectiveness conditions, poor project  management, absence of counterpart funds, and slow land acquisition."
S0315,2024,"iv)  PAU lacks a consolidated regulatory oversight on the progress and  readiness  of  supporting  infrastructure  managed  by  other  government entities like Kabale International Airport managed by  Ministry of works, the Kabalega Industrial Park by the UNOC and an  electricity substation by UETCL."
S0316,2023,"  Three (3) on-going court cases worth UGX.568,584,596 were not disclosed in the  Hospital’s financial statements."
S0317,2025,"Management attributed the underperformance largely to a deteriorated network arising  from prolonged underinvestment during the latter years of the concession, regulatory  budget cuts, vandalism, electricity theft, procurement bottlenecks and staffing  constraints."
S0318,2019,"Bleeding, broken end structures, broken and  scoured aprons, Stripped capping layer  along road carriageway, silted culverts  11  Low Cost Sealing of Selected District  Roads; Lot 6: in Kamuli District  Silted culverts, damaged culvert bases,  washed off culvert backfill, damaged road  base, damaged end structures  12  Construction of Gem Farm Bailey  Bridge in Atiak, Amuru District  Collapsed gabion at Abutment 2 RHS,  Inadequate backfill at approach to the  bridge (LHS) in the corner, Need for river  training  13  Construction of Kisaigi Bridge in  Kakumiro District Lot 1  Honey combs, collapsing backfill, Crack at  Abutment wall, Formwork left within the  bridge structure at different locations  14  Construction of Kabindula Swamp  Crossing in Kyankwanzi District Lot 20  Extensive Honey combing, poor  workmanship on concrete works    The Accounting Officer indicated that contractors had been instructed to address the  identified defects prior to issue of the practical completion certificate."
S0319,2022,"Inadequate budgeting for land acquisition may lead to  mischarges, diversions, interest costs arising from delayed  payments and accumulation of Domestic arrears while under  absorption and failure to acquire the planned size of land  affects the entities abilities to achieve the intended objectives  for Land acquisition."
S0320,2025,"In addition, delayed  settlement of arrears leads to suspension of road works by the contractors which leads  to deterioration of already completed works."
S0321,2019,b)  Lack of review of feasibility study report from CCCC during procurement of  works    Review of documents revealed that the EPC Contractor CCCC pre-financed the  feasibility study for the Design and Build of the Upgrading and Expansion of Entebbe  International Airport Project.
S0322,2019,"d)  Progress of Works    Of the fourteen (14) projects assessed, five (5) projects were found to have been  completed within the contractual timelines, seven (7) had been delayed; one (1) was  still on-going within the extended period but was lagging behind schedule while works  for one (1) had been suspended."
S0323,2022,"554        I observed that Plot 3927 Block 273 and plot 1774 block 255 at Kiruddu-Makindye in Kampala District where the Hospital  premises and treatment plant has land titles registered in the names of Kampala Capital City Authority but not in the Hospital  name which may result into encroachment, disputes and loss of public land."
S0324,2023,"  I established that for Kanara water supply system phase II, the evaluation team  evaluated and compared bids with different work scope elements as well as  different quantities for some of the similar work items which is unfair and contrary  to the basic principles of procurement set out in section 43 of the PPDA Act."
S0325,2025,ii)  The project had incurred expenditure on motor vehicles and the detailed design  of the seven (7) roads were ongoing due to delays to harmonise PPDA and KfW  procurement requirements.
S0326,2024,Recommendation    I advised the Accounting Officer to ensure that supervising consultants are engaged before  the commencement of works to enhance project oversight and efficiency.
S0327,2023,"269    e)  To Establish Whether there were Adequate Internal Controls During    Implementation and Supervision of Works    (i)  Kanara Water Supply System Phase II and III    I established some inadequacies in the internal controls during implementation  and supervision of the Kanara water supply system phase II and III as detailed  below;      For both phase II and III, there was no evidence that the contractors submitted  performance guarantees as was contractually required."
S0328,2025,"iii)  The accreditation process is ineffective as evidenced by monitoring reports that  indicate significant non-compliance in critical areas such as staffing, and  infrastructure (e.g., laboratories) within a short period after accreditation of  Programmes."
S0329,2019,Delayed payment of IPCs causes delays in the progress of works and may result in the  contractor charging interest.
S0330,2025,"Based on my verification procedures I noted that as of 30th June 2025, the total  outstanding arrears for unpaid completed works on road projects stood at  UGX.500.347Bn."
S0331,2019,"➢  Task and Guidance No.5 of the above procedures require that procurement  of contractors be made in clusters of 5 LGs to attract competent, experienced  contractors to enable the benefits of economies of scale."
S0332,2018,"Wakiso DLG     Performance of Youth Livelihood Programme   Implementation of the Uganda Road Funds   Delayed Works on Nansana-Kireka-Biira Road (1km)   Outstanding Commitments   Outstanding Salary Arrears of UGX.61,419,581   Pension Arrears   Shortfall in Government Releases   Unspent/Un-Utilized conditional Grant   Pensioners not on the Payroll   Unrealized Royalties fr Ministry of Energy   Failure to meet minimum standards at Wakiso Health Centre IV   Entebbe Hospital - Outstanding utility bills   Audit of UPE Schools Capitation Grant   Mismanagement of UPE Funds at Kyengeza Muslim P/S   Insufficient Infrastructure in UPE Schools   Management of Procurement   Failure to prepare Evaluation tools   Irregularities in the procurement for the Rehabilitation of Boreholes        247     Lack of signed contracts   Management and Utilisation of Natural Resources   Lack of a land Register   Lack of a lease Register   Management of Road Equipment   Lack of Road safety Equipment   Non-functioning Road equipment   Inadequate mechanical imprest   Lack of Physical Planning Committee   Entebbe Hospital   Existence and Status of Medical equipment   Essential Medicines and Health supplies Stock Outs  65."
S0333,2018,DOKOLO DLG      Performance of YLP    Performance Of URF    Pension and Gratuity Arrears        279      Under Collection of Local Revenue    Reconciliation of Central Government Releases    Accumulation of Arrears of Revenue    Un remitted Payroll deductions    Under Staffing    Audit of UPE Schools    Delayed Release of Approved funds 2017/2018    Lack of legal ownership of Forest reserves and Wetlands    Unlicensed Activities on Natural Resources    Shortage of Medical Equipment at Dokolo HC IV    Inadequate availability of protective wear    Absence of district physical planning committee  142.
S0334,2025,"iv) The construction of the MTAC Centre in Mbale had not been formally transferred  to Nakawa Vocational Training College, raising supervision concerns."
S0335,2023,"Construction of a mini piped water scheme at  Chungambe Trading Center  Sand, bricks  8  Construction of a theatre, 2 units of 2 in one staff  houses and fencing at Rugaaga Health Centre IV  Concrete blocks, sand,  aggregates  9  Full Rehabilitation of Tete Ogolo-liri road 15km  Concrete pipe culverts  10  Construction of two classroom blocks, one with an  office and store, construction of a 5 stance VIP latrine  for girls, construction of a 2 stance VIP lined latrine  for Teachers at Bwondha P/S  Aggregates, sand, concrete,  bricks  11  Construction of a Two(2) Classroom Block with Office  and Store at Namayemba P/S  Aggregates, sand, concrete,  bricks    Failure to undertake tests on materials used can lead to the use of substandard materials  thereby compromising the quality of works    I advised the Accounting Officer to always ensure that materials used are tested, results  reviewed and approved prior to their incorporation into the works    h."
S0336,2024,National Enterprises  Corporation (NEC) -  Construction Works  and Engineering Ltd  Governance  and  Security  Unqualified  i)  The Company had outstanding trade debtors worth UGX.20.37Bn by the  close of the financial year.
S0337,2025,"Young Africa Works  Uganda  –  Enhancing  Firm  Public  Sector  Development  Unqualified  i)  Control lapses were identified in the management of advances, including  delayed accountability that resulted in expenditure incurred in 2020 and 2021  being recorded in 2022."
S0338,2022,Resulting from these delays were liquidated damages totalling UGX.3.77Bn  that were not charged from the contractors as per contract terms.
S0339,2018,"113,148,947    Unbanked Local Revenue    Over expenditure regarding PERFORMANCE OF URF operations    Irregular award of road rehabilitation Contract UGX.430,379,418    Direct Procurements worth UGX 35,000,000    Acquisition of land without Technical input of the Chief government  Valuer    Failure to avail work plans and budgets for USMID expenditure    Failure to account for funds on a quarterly basis using the prescribed  forms    Un-availed USMID Procurement Files    Failure by Moroto Municipal Council to develop by-laws on garbage  collection    SOROTI BRANCH    140."
S0340,2019,•  There was delayed completion on construction of 2 storied 54 staff unit houses as construction  works were still at wall plate.
S0341,2018,Amolatar  DLG   Unaccounted for Funds   Unverified Expenditure   Unsupported Payments  for Pension and  Gratuity Arrears      YLP-Low Recovery of Funds    URF-Performance of URF    Under Collection of Local Revenue    Financing the NUSAF 3 Program    Under Absorption of NUSAF 3 Project Funds    Failure to Dispose of Assets    Lack of Basic Medical Equipment in Health  Facilities    Carrying out illegal activities on the Wet lands  and Lake shores        221      Encroachment on forests reserves    Lack of proper demarcation of Natural  resources’ boundaries    Fairness of Evaluation    Tarmacking/Low cost Sealing of Corner  Bangladesh    Award of VAT Contracts to non VAT registered  contractor    Un-Updated Procurement contract Register    Capitation - Lack of Financial statements    Capitation Grant release to School    Procurement Compliance review by PPDA  14.
S0342,2023,"  There was inadequate budgeting for domestic arrears by the Hospital which stood  at UGX.246,284,770 at the beginning of the financial year."
S0343,2023,"•  Out of the planned acquisition of 1157.82 hectares of land for the project, only  872.743 hectares were acquired representing 75.38% land acquisition status."
S0344,2019,"Besides, procurements were in lots whereby a contractor had several contracts  which were beyond the contactors capacity thereby delaying contract works."
S0345,2024,"Parliamentary  Pension Scheme  (PPS)  Legislation, Oversight  and Representation  Unqualified  There were no reportable issues  Petroleum Authority  of Uganda (PAU)  Sustainable  petroleum  development  Unqualified  i)  The  development  of  National  Petroleum  Data  Repository  Infrastructure Project was at 37% progress due to underfunding,  leading to lack efficient and effective petroleum data management."
S0346,2019,"Regarding resettlement, by 16th December 2019  (over six years after construction works were launched), MEMD had not built  resettlement houses for the 119 vulnerable PAPs displaced by Karuma dam while  UETCL had, on the other hand, constructed and handed over 34 out of 50 planned  resettlement houses to vulnerable PAPs affected by the transmission lines under their  charge."
S0347,2024,"The details  for the unjustified extensions of time are presented in the table below;    Table 56: Delays to complete works and uncharged/forfeited liquidated damages  S/N  DLG  Unjustified extension of  time [Days]  Forfeited Liquidated Damages  [UGX]  1  Adjumani  275  1,187,105,095  2  Arua  392  557,773,771.30  3  Kamwenge  270  141,707,795  4  Madi-Okollo  193  109,837,800  5  Obongi  240  254,796,720    Total    2,251,221,181.3    Delayed completion of works denies the intended users timely usage of the infrastructure  and failure to charge damages, denies the Client compensation arising from the delayed  completion."
S0348,2023,  Environmental and Social Management Plan (ESMP) works were still ongoing and  had been affected by the delayed completion of the subprojects and by the dry  weather.
S0349,2022,"86    The Accounting Officers attributed delayed completion of works to weaknesses in  contract supervision, limited capacity of contractors in terms of equipment, finance  and human resources as well as the effects of Covid-19 restrictions that curtailed  mobilisation of equipment, materials and manpower."
S0350,2018,"Delayed execution of works resulted into additional costs of USD  380,000 incurred in extension of the supervising consultant’s contract."
S0351,2024,Recommendation    I advised the Accounting Officers to address all observed defects and omissions and to  ensure adequate and timely maintenance of railway infrastructure components.
S0352,2022,"However, by November 2022, UETCL was still undertaking the procurement process of the EPC contractor."
S0353,2018,There is need for Government to fund research activities in line with the provisions of the  International Museum Standards a view of benefiting from global dynamic research  activities    3.3.6 Works Sector    Expiry of Standard Gauge Railway Board (SGR)  It was noted that all the Board members’ terms expired in November 2017 and have  not been renewed or replaced contrary to Section 4.4 of the SGR Project Governance  Manual which requires members of the Board to hold office for a period of 2 years  renewable at the discretion of the Minister of Works and Transport.
S0354,2025,"xiii) Of the sixty-one (61) road projects handed over to the Ministry at various stages  of implementation, thirty-four (34) were behind the planned level of physical  progress as at 30th June 2025, increasing the risk of delayed completion and  deterioration of earlier works."
S0355,2022,"The Ministry of Health provided USD 1,304,322.96 (earlier meant for the procurement of x-rays) to the project  to keep the works going."
S0356,2018,"Bugiri DA      Performance of Youth Livelihood Programme    Implementation of the Uganda Road Fund    Under Collection of Local Revenue    Understaffing    Court cases    District Education Service Delivery    Summary of exceptions raised in the PPDA audit report of the District  for the financial year ended 30th June, 2018        240      Management of Road Equipment    Physical Planning Committee    Medical Equipment    Management of natural resources    Capitation Grant  47."
S0357,2018,"Gulu University    Unimplemented budget activities     Un disclosed Domestic Arrears UGX.5,216,963,475    Teaching of Un-reviewed programs    Un-Collected premium and ground rent    Irregular Occupation of Premises-    Statutory Deductions-PAYE of UGX.324,624,045 not remitted    Undeveloped Land    Inadequate University Infrastructure    Loss of cash in transit- UGX.48, 527,800    Staffing Gaps    Inadequate budget allocation to the Library  94."
S0358,2023,  Strengthen monitoring and supervision of construction projects.
S0359,2019,"•  I noted that the Council awarded a contract for the construction of a water borne toilet at UNMC  at UGX.43,770,330, while the approved budget was UGX.32,000,000 and there was no approved  supplementary budget to support the additional allocation of UGX 11,770,330."
S0360,2018,"  Revenue shortfall of UGX  694,000,000 (15%)    Irregularities in outsourcing of  Mandela Sports Hotel    Increased Encroachment on Stadium  Land."
S0361,2024,"The Accounting Officers explained that under absorption was mainly due to delayed  release of funds by MoFPED, slow works by the contractors who have many sites, delayed  initiation and conclusion of the procurement process and works that did not start in some  Districts due to land issues."
S0362,2019,"•  Under URF field inspection revealed excess expenditures, some road sections were poorly  maintained with overgrown bushes, water logged spots and potholes and blocked road  drainages."
