{"type": "FeatureCollection", "features": [{"type": "Feature", "geometry": {"type": "Point", "coordinates": [32.8592384, 0.9924074]}, "properties": {"project_name": "Isimba Hydropower Project (Isimba HPP)", "project_type": "power_generation", "place_names": "Isimba", "district": "Kayunga", "years_mentioned": "2018;2019;2023;2025", "n_years": 4, "n_mentions": 4, "drivers_mentioned": "claims_and_disputes;governance_and_controls;land_and_right_of_way", "min_confidence_across_mentions": "high", "geocode_status": "partial", "geocode_precision": "district-centroid [corrected from wrong place match]", "nominatim_display_name": "[FALLBACK to district centroid - OSM has no correctly-located 'Isimba' node near the real Kayunga dam site; two same-named villages exist in Hoima/Masindi districts, both wrong] Kayunga, Central Region, Uganda (was: [WARNING: likely WRONG - original OSM match may be a different same-named place, and no better match found] Isimba, Hoima, Western Region, Uganda)", "representative_sentence": "Uganda Embassy in  Ethiopia,  Addis  Ababa  Agro- industrialization  Development  plan  implementation  Governance  and  security  Unqualified  i)  Preparation and finalization of the designs, bid documents, inception report,  Comprehensive plan, feasibility planning report and the preliminary design  report for the construction of Chancery and Official Residence were not  concluded within the six months."}}, {"type": "Feature", "geometry": {"type": "Point", "coordinates": [32.6274882, 0.3407189]}, "properties": {"project_name": "UPDF National Referral Hospital, Lower Mbuya", "project_type": "hospital_health", "place_names": "Lower Mbuya", "district": "Kampala", "years_mentioned": "2022;2023;2024", "n_years": 3, "n_mentions": 4, "drivers_mentioned": "delay_time_overrun;procurement_irregularities", "min_confidence_across_mentions": "high", "geocode_status": "success", "geocode_precision": "place-centroid", "nominatim_display_name": "Kyambogo Lower Estates Police Post, Edinburgh Avenue, Kyambogo, Nakawa, Kampala Capital City, Kampala, Central Region, Uganda", "representative_sentence": "I also noted that the  project had not embarked on the procurement/ engagement process of the Capacity-Building Partners (CBPs)  \uf0b7  I noted that the project had outstanding commitments to the tune of UGX."}}, {"type": "Feature", "geometry": {"type": "LineString", "coordinates": [[32.518963, 0.309317], [32.2527517, 0.1273955]]}, "properties": {"project_name": "Busega-Mpigi Expressway", "project_type": "road", "place_names": "Busega;Mpigi", "district": NaN, "years_mentioned": "2018;2024", "n_years": 2, "n_mentions": 3, "drivers_mentioned": "delay_time_overrun;delayed_payments;governance_and_controls", "min_confidence_across_mentions": "high", "geocode_status": "success", "geocode_precision": "place-centroid (line endpoints)", "nominatim_display_name": "Busega: Busega, Rubaga, Kampala Capital City, Kampala, Central Region, Uganda | Mpigi: Mpigi, Central Region, Uganda", "representative_sentence": "Civil Aviation Authority (for  the year ended 30th June  2016)  \uf0b7  Entebbe International Airport -Expansion Project  Management  \uf0d8 Inconsistencies in the operationalization of the  requirements of the agreements signed  \uf0d8 Absence of evidence of involvement of an  independent consultant and verification report during  the year ended 30 June 2016  \uf0d8 Need for a technical and final audit of the project  \uf0b7  Management of Trade and Other Payables and Supplier  Relationships  \uf0b7  Recovery of Receivables from Government Entities  \uf0d8 Nakasongola Project Funding-Ugx 23 Billion  \uf0d8 Non-existence of recovery plan for Government debts  \uf0b7  Compliance with safety regulations requirements - ICAO  Safety Report  \uf0b7  Corporate Governance (failure to assess likelihood of fraud  or its consequences, absence of whistle blowing policy and  no fraud Tracker)  123."}}, {"type": "Feature", "geometry": {"type": "Point", "coordinates": [32.4698564, 0.0611715]}, "properties": {"project_name": "Entebbe International Airport Upgrading and Expansion Project", "project_type": "airport", "place_names": "Entebbe", "district": "Wakiso", "years_mentioned": "2018;2019", "n_years": 2, "n_mentions": 3, "drivers_mentioned": "delayed_payments;governance_and_controls;procurement_irregularities", "min_confidence_across_mentions": "high", "geocode_status": "success", "geocode_precision": "place-centroid", "nominatim_display_name": "Entebbe City, Central Region, Uganda", "representative_sentence": "Uganda Road Fund  \uf0b7  Undisclosed non-produced assets worth UGX.1,510,000,000  \uf0b7  Mischarge of expenditure \u2013 UGX.418,598,288  \uf0b7  Reporting Inconsistencies  \uf0b7  Governance Issues  \uf0d8 Unsigned board minutes        206    \uf0d8 Non consideration of internal audit reports by the  board  \uf0b7  Unrecovered PAYE amounting to UGX.55,602,000  \uf0b7  Emergency road funds  \uf0d8 Unverified emergency sites  \uf0d8 Inadequate emergency intervention fund  \uf0b7  Failure to apply the allocation formula for road maintenance  funds  122."}}, {"type": "Feature", "geometry": {"type": "Point", "coordinates": [30.377157, -0.0272079]}, "properties": {"project_name": "Kanara Water Supply System (Phase II & III)", "project_type": "water_supply", "place_names": "Kanara", "district": "Kitagwenda", "years_mentioned": "2023", "n_years": 1, "n_mentions": 3, "drivers_mentioned": "claims_and_disputes;procurement_irregularities", "min_confidence_across_mentions": "high", "geocode_status": "success", "geocode_precision": "place-centroid", "nominatim_display_name": "Kanara, Kitagwenda, Western Region, Uganda", "representative_sentence": "Below is a summary  of the key findings as per the specific audit objectives;    a)  To determine whether Projects were included in the District plans    I established that the construction of Kanara water supply system phase III was included  in the district annual procurement work plan for the FY 2020/21, however, I could not  determine whether the construction of Kanara water supply system phase II was included  in the procurement plan for the FY 19/20 as I was not availed the plan."}}, {"type": "Feature", "geometry": {"type": "Point", "coordinates": [32.2468048, 2.2331116]}, "properties": {"project_name": "Karuma Hydropower Project", "project_type": "power_generation", "place_names": "Karuma", "district": "Kiryandongo", "years_mentioned": "2019;2024", "n_years": 2, "n_mentions": 3, "drivers_mentioned": "governance_and_controls;land_and_right_of_way", "min_confidence_across_mentions": "high", "geocode_status": "success", "geocode_precision": "place-centroid", "nominatim_display_name": "Karuma, Kiryandongo, Western Region, Uganda", "representative_sentence": "Uganda High  Commission in South  Africa, Pretoria  Agro-industrialization  Community  mobilization and  mindset change  Governance and  security  Manufacturing  Tourism  development  Unqualified  i)  I noted that the Official Residence had taken long without being  renovated and over the period, the extreme weather conditions  (winters and summers) have had negative effects on the condition  of the building."}}, {"type": "Feature", "geometry": {"type": "Point", "coordinates": [30.3638047, 0.005264]}, "properties": {"project_name": "Kikazi Street-Ntara Circular Road", "project_type": "road", "place_names": "Kikazi;Ntara", "district": "Kitagwenda", "years_mentioned": "2023", "n_years": 1, "n_mentions": 3, "drivers_mentioned": "delay_time_overrun;procurement_irregularities", "min_confidence_across_mentions": "high", "geocode_status": "partial", "geocode_precision": "place-centroid (one endpoint only)", "nominatim_display_name": "Ntara: Ntara, Kitagwenda, Western Region, Uganda", "representative_sentence": "Below is a summary  of the key findings as per the specific audit objectives;    a)  To determine whether Projects were included in the District plans    I established that the construction of Kanara water supply system phase III was included  in the district annual procurement work plan for the FY 2020/21, however, I could not  determine whether the construction of Kanara water supply system phase II was included  in the procurement plan for the FY 19/20 as I was not availed the plan."}}, {"type": "Feature", "geometry": {"type": "Point", "coordinates": [32.6125943, 0.2481159]}, "properties": {"project_name": "Kiruddu National Referral Hospital", "project_type": "hospital_health", "place_names": "Kiruddu", "district": "Kampala", "years_mentioned": "2022;2024;2025", "n_years": 3, "n_mentions": 3, "drivers_mentioned": "claims_and_disputes;delayed_payments;procurement_irregularities", "min_confidence_across_mentions": "high", "geocode_status": "success", "geocode_precision": "point-exact [disambiguated]", "nominatim_display_name": "[CORRECTED] Kiruddu General Referral Hospital, Salaama Road, Salaama, Munyonyo, Makindye, Kampala Capital City, Kampala, Central Region, Uganda (was: Kiruddu, Mukono, Central Region, Uganda)", "representative_sentence": "Kiruddu National Referral  Hospital  Human Capital  Development  Unqualified  i)  Whereas the entity reported to have undertaken market assessments for five (5)  procurements worth UGX.1.67Bn, there were no market price assessment  reports to support this."}}, {"type": "Feature", "geometry": {"type": "LineString", "coordinates": [[30.5737374, -0.4180848], [31.1079227, 0.72115]]}, "properties": {"project_name": "Mbarara-Nkenda Transmission Line", "project_type": "power_transmission", "place_names": "Mbarara;Nkenda", "district": NaN, "years_mentioned": "2018;2019", "n_years": 2, "n_mentions": 3, "drivers_mentioned": "claims_and_disputes;land_and_right_of_way", "min_confidence_across_mentions": "high", "geocode_status": "success", "geocode_precision": "place-centroid (line endpoints)", "nominatim_display_name": "Mbarara: Mbarara, Western Region, Uganda | Nkenda: Nkenda, Kibaale, Western Region, Uganda", "representative_sentence": "10  Hoima Nkenda transmission line  Delays in land titling  11  Mbarara Nkenda transmission  line  Delays in land transfer and titling        84    12  Uganda National Oil Company  Lack of Title for assets transferred to the Company  13  Uganda Posts Limited  Lack of Land Titles for UPL Land - Plot 40 Margarita  Road, Kasese; Plot 18-20 Gogonyo Road, Pallisa; Plot  76 Mawokota Block 92, Mpigi; Plot 6-10 Birch Avenue,  Masaka; Plot 2-6 Mutekanga Road, Kamuli; Plot 1-11  Nsambya Road, Kampala  14  Law Development Centre  \u2022 Untitled Land on plots 34, 89, 155, 159, 166, 170,  221, 222, 245, 450, 451, 464, 465, 466, 482, 481,  508-510, 613-615  \u2022 Untitled Land in Kyadodndo and Bukoto  15  Uganda Human Rights  Commission  Inadequate management of land assets  16  Parliamentary Commission  Absence of land titles for 3 plots; 16-18 on Parliament  Avenue  17  National Library of Uganda  Forfeiture of land/Loss of land  18  NEC Head Quarter  Undeveloped Plot in Namanve Industrial Park  19  NEC Farm Katonga  Un-surveyed Land/untitled land blocks 274,378 and  386  20  National Water & Sewerage  Corporation  Absence of land titles for assets taken over  21  National Forestry Authority  \u2022 Over 2m Hectares of Forest cover lost in last 10yrs  \uf0b7 Loss of land in Buhungiro Central Forest Reserve in  Kyegegwa District  \u2022 Encroachment on Namanve Central Forest Reserve  22  Uganda National Road Authority  \uf0b7  Delayed return of residual Titles to Project Affected  Persons (PAPs)  23  Uganda Railway Corporation  \uf0b7  Un-titled land of over 362 sq meters at Nalukolongo  leading to encroachment of some plots    I advised Management of the affected entities to process land titles and institute measures  to recover land from the encroachers."}}, {"type": "Feature", "geometry": {"type": "Point", "coordinates": [32.5773569, 0.3408291]}, "properties": {"project_name": "Mulago National Referral Hospital", "project_type": "hospital_health", "place_names": "Kampala (Mulago)", "district": "Kampala", "years_mentioned": "2018;2022;2025", "n_years": 3, "n_mentions": 3, "drivers_mentioned": "claims_and_disputes;delayed_payments;procurement_irregularities", "min_confidence_across_mentions": "high", "geocode_status": "success", "geocode_precision": "place-centroid", "nominatim_display_name": "Uganda Cancer Institute, Mulago Hill Road 2, Mulago, Kawempe, Kampala Capital City, Kampala, Central Region, Uganda", "representative_sentence": "Butabika Mental National referral  hospital  \uf0b7  Under collection of NTR (AIA) (UGX.381,300,537)  \uf0b7  Unspent releases (UGX.482,532,497)  \uf0b7  Irregular Procurement of the Supervision team for Construction  works  \uf0b7  Protocol for approval of variations not followed  \uf0b7  Absence of measurement sheets for certified works  \uf0b7  Release of retention monies before issuance of a certificate of  substantial completion (UGX 100,358,206)  \uf0b7  Quality of construction works not tested  \uf0b7  Use of different rates for similar items in variations  \uf0b7  Omission of as-built drawings in the contract  \uf0b7  Liquidated damages of UGX 87,683,718 not charged  \uf0b7  Overpayment of UGX 81,267,400 due to discrepancies in  certified quantities measured  141."}}, {"type": "Feature", "geometry": {"type": "Point", "coordinates": [32.5813539, 0.3177137]}, "properties": {"project_name": "New Parliamentary Chambers", "project_type": "other_building", "place_names": "Kampala", "district": "Kampala", "years_mentioned": "2024;2025", "n_years": 2, "n_mentions": 3, "drivers_mentioned": "delay_time_overrun;governance_and_controls", "min_confidence_across_mentions": "high", "geocode_status": "success", "geocode_precision": "place-centroid", "nominatim_display_name": "Kampala, Central Region, Uganda", "representative_sentence": "South-Western  Cluster Water and  Sanitation  Project  (NWSC) for the year  ended  30th  June  Natural Resources,  Environment,  Climate  Change,  Water  and  Land  Management  Unqualified  There were no reportable issues    474  Entity Name  Programme  Name  Opinion    Summary of Key Findings  I noted that;  2025  State House  Governance  and  security  Innovation,  technology  development  and  transfer  Unqualified  i)  Included in the total expenditure of UGX.1,058.67Tn is expenditure worth  UGX.683.4Bn, which relates to classified expenditure."}}, {"type": "Feature", "geometry": {"type": "Point", "coordinates": [33.5007314, 1.787906]}, "properties": {"project_name": "Soroti Regional Referral Hospital", "project_type": "hospital_health", "place_names": "Soroti", "district": "Soroti", "years_mentioned": "2018;2024", "n_years": 2, "n_mentions": 3, "drivers_mentioned": "contract_management;delayed_payments;land_and_right_of_way", "min_confidence_across_mentions": "high", "geocode_status": "success", "geocode_precision": "place-centroid", "nominatim_display_name": "Soroti, Eastern Region, Uganda", "representative_sentence": "Hoima Regional Referral Hospital  \uf0b7  Domestic Arrears  \uf0b7  Inadequate medical equipment        176    \uf0b7  Expired Drugs  \uf0b7  Ineligible occupants in staff houses  \uf0b7  Un-habitable houses  \uf0b7  Irregularities in Prior year force account works  \uf0b7  Collection of NTR on collection bank accounts  \uf0b7  Utilisation of revenue at source  \uf0b7  Staffing gaps  130."}}, {"type": "Feature", "geometry": {"type": "Point", "coordinates": [34.1026752, 0.7407633]}, "properties": {"project_name": "Tororo-Gulu Railway Line Rehabilitation", "project_type": "other", "place_names": "Tororo;Gulu", "district": NaN, "years_mentioned": "2024;2025", "n_years": 2, "n_mentions": 3, "drivers_mentioned": "contract_management;delayed_payments;governance_and_controls", "min_confidence_across_mentions": "high", "geocode_status": "success", "geocode_precision": "place-centroid", "nominatim_display_name": "Tororo, Eastern Region, Uganda", "representative_sentence": "xix) Major delayed projects included Kayunga\u2013Nabuganyi and Nansana\u2013Kireka\u2013Bira  roads, Kafunta\u2013Buwampa road, Kabaale International Airport, and the New  Kampala Port at Bukasa, mainly due to delayed payments, design changes,  scope changes, funding gaps, and weak contract management."}}, {"type": "Feature", "geometry": {"type": "Point", "coordinates": [32.6566617, 0.3191131]}, "properties": {"project_name": "Butabika National Referral Mental Hospital", "project_type": "hospital_health", "place_names": "Butabika", "district": "Kampala", "years_mentioned": "2018;2023", "n_years": 2, "n_mentions": 2, "drivers_mentioned": "contract_management", "min_confidence_across_mentions": "high", "geocode_status": "success", "geocode_precision": "place-centroid", "nominatim_display_name": "Butabika, Mutungo, Nakawa, Kampala Capital City, Kampala, Central Region, Uganda", "representative_sentence": "16,580,982  \uf0b7  Understaffing at the Hospital  \uf0b7  Outdated Staff Establishment Structure  \uf0b7  Grounded Motor Vehicles  \uf0b7  Lack of a Technical Person on the Evaluation Committee  (Irregularities in supply of station wagon)  \uf0b7  Irregular award of Contract (Irregularities in supply of station  wagon)  \uf0b7   Irregular  Composition  of  the  Evaluation  Committee  (Irregularities in the Contract for Construction of a Seven  Storey Staff House)  \uf0b7  Irregular Contingencies in the Contract Sum (Irregularities in  the Contract for Construction of a Seven Storey Staff House )  \uf0b7  Irregular Arithmetic Correction of the BoQS (Irregularities in  the Contract for Construction of a Seven Storey Staff House)  \uf0b7  Irregular Award of a Contract for Consultancy in Supervision  \uf0b7  Expired Period of the Hospital Board  \uf0b7  Non-functional Medical Equipment  135."}}, {"type": "Feature", "geometry": {"type": "LineString", "coordinates": [[31.1480968, 1.5661927], [31.1079227, 0.72115]]}, "properties": {"project_name": "Hoima-Nkenda Transmission Line", "project_type": "power_transmission", "place_names": "Hoima;Nkenda", "district": NaN, "years_mentioned": "2018;2019", "n_years": 2, "n_mentions": 2, "drivers_mentioned": "delayed_payments;land_and_right_of_way", "min_confidence_across_mentions": "high", "geocode_status": "success", "geocode_precision": "place-centroid (line endpoints)", "nominatim_display_name": "Hoima: Hoima, Western Region, Uganda | Nkenda: Nkenda, Kibaale, Western Region, Uganda", "representative_sentence": "10  Hoima Nkenda transmission line  Delays in land titling  11  Mbarara Nkenda transmission  line  Delays in land transfer and titling        84    12  Uganda National Oil Company  Lack of Title for assets transferred to the Company  13  Uganda Posts Limited  Lack of Land Titles for UPL Land - Plot 40 Margarita  Road, Kasese; Plot 18-20 Gogonyo Road, Pallisa; Plot  76 Mawokota Block 92, Mpigi; Plot 6-10 Birch Avenue,  Masaka; Plot 2-6 Mutekanga Road, Kamuli; Plot 1-11  Nsambya Road, Kampala  14  Law Development Centre  \u2022 Untitled Land on plots 34, 89, 155, 159, 166, 170,  221, 222, 245, 450, 451, 464, 465, 466, 482, 481,  508-510, 613-615  \u2022 Untitled Land in Kyadodndo and Bukoto  15  Uganda Human Rights  Commission  Inadequate management of land assets  16  Parliamentary Commission  Absence of land titles for 3 plots; 16-18 on Parliament  Avenue  17  National Library of Uganda  Forfeiture of land/Loss of land  18  NEC Head Quarter  Undeveloped Plot in Namanve Industrial Park  19  NEC Farm Katonga  Un-surveyed Land/untitled land blocks 274,378 and  386  20  National Water & Sewerage  Corporation  Absence of land titles for assets taken over  21  National Forestry Authority  \u2022 Over 2m Hectares of Forest cover lost in last 10yrs  \uf0b7 Loss of land in Buhungiro Central Forest Reserve in  Kyegegwa District  \u2022 Encroachment on Namanve Central Forest Reserve  22  Uganda National Road Authority  \uf0b7  Delayed return of residual Titles to Project Affected  Persons (PAPs)  23  Uganda Railway Corporation  \uf0b7  Un-titled land of over 362 sq meters at Nalukolongo  leading to encroachment of some plots    I advised Management of the affected entities to process land titles and institute measures  to recover land from the encroachers."}}, {"type": "Feature", "geometry": {"type": "Point", "coordinates": [31.045278, 1.474167]}, "properties": {"project_name": "Kabalega Industrial Park 240MW Substation", "project_type": "power_transmission", "place_names": "Kabalega Industrial Park", "district": "Hoima", "years_mentioned": "2023;2024", "n_years": 2, "n_mentions": 2, "drivers_mentioned": "delay_time_overrun;land_and_right_of_way", "min_confidence_across_mentions": "high", "geocode_status": "partial", "geocode_precision": "place-centroid [proxy: co-located with Kabaale/Kabalega Industrial Park, not the exact substation pad]", "nominatim_display_name": "Kabaale, Hoima, Western Region, Uganda [proxy - OSM has no 'Kabalega Industrial Park' entry; substation is sited within this park per audit text]", "representative_sentence": "This affected construction of 3 strategic bulk markets, 100        479      2000000947 and  ASAP Grant  No.2000000324 for  9-month period  ended 31st March  2024  demonstration water harvesting infrastructure and recruitment of 7  weather station workers  iii)  The maintenance of completed 1,138 Kms of community access  roads and 2 markets was not effectively undertaken by the districts  due to failure by management to put in place effective sustainability  measures  iv)  Inspection of Ayerolwango - Aswa River Community Road revealed  that although the project had spent UGX.0.799Bn, the works had  stalled due to the rocks in the basement, which were not envisioned  v)  Three projects namely; the bridge at St."}}, {"type": "Feature", "geometry": {"type": "Point", "coordinates": [33.2268485, 0.3651467]}, "properties": {"project_name": "Kafunta-Buwampa Road (9.5km)", "project_type": "road", "place_names": "Kafunta;Buwampa", "district": NaN, "years_mentioned": "2023;2025", "n_years": 2, "n_mentions": 2, "drivers_mentioned": "contract_management;delay_time_overrun", "min_confidence_across_mentions": "high", "geocode_status": "partial", "geocode_precision": "place-centroid (one endpoint only)", "nominatim_display_name": "Buwampa: Buwampa, Buikwe, Central Region, Uganda", "representative_sentence": "\uf0b7  There was delayed completion of; Construction of a Ferry Landing Site at Gerenge  in Katabi Town Council, Civil Works for Upgrading of Shimon Roads (3.178km) and  Civil Works for the upgrading of Kiwogoloma-Kitukutwe-Kijabijjo road (4.5km) and  Bulindo-Nsansa-Namugongo road (4.56km), Ssezibwa (Bulandi \u2013Gyira) Swamp  Crossing Between Kayunga and Nakasogola Districts as well as civil Works for  Upgrading of Kafunta-Buwampa Road (9.5KM)."}}, {"type": "Feature", "geometry": {"type": "Point", "coordinates": [32.5813539, 0.3177137]}, "properties": {"project_name": "Kampala Sanitation Program (KSP)", "project_type": "water_supply", "place_names": "Kampala", "district": "Kampala", "years_mentioned": "2018", "n_years": 1, "n_mentions": 2, "drivers_mentioned": "claims_and_disputes;delay_time_overrun", "min_confidence_across_mentions": "medium", "geocode_status": "success", "geocode_precision": "place-centroid", "nominatim_display_name": "Kampala, Central Region, Uganda", "representative_sentence": "of cases  outstanding  Estimated legal  cost-UGX  Remark  1  National  Agricultural  Advisory Services- NAADS  15  18,000,000,000 Estimated  costs  for  outstanding court cases  2  Kampala Sanitation  Program (KSP) -  National Water  1  1,395,856,789 Impending Legal Suits  on  Disputed  Compensation  Offers/claims  3  Kampala Capital  City Authority  N/A  39,818,479,736 For existing and potential  legal claims  4  National Social  Security Fund  (NSSF)  1  42,200,000,000 Tax dispute with URA  5  Uganda National  Roads Authority  N/a  430,013,722,276 Contingent Liabilities    Total    531,428,058,801    Their eventual determination and/or payment could negatively affect the cash flows and  ability of the concerned entities to continue as going concerns."}}, {"type": "Feature", "geometry": {"type": "Point", "coordinates": [32.5813539, 0.3177137]}, "properties": {"project_name": "Kampala Storage Terminal", "project_type": "other_building", "place_names": "Kampala", "district": "Kampala", "years_mentioned": "2022", "n_years": 1, "n_mentions": 2, "drivers_mentioned": "land_and_right_of_way;procurement_irregularities", "min_confidence_across_mentions": "high", "geocode_status": "success", "geocode_precision": "place-centroid", "nominatim_display_name": "Kampala, Central Region, Uganda", "representative_sentence": "81,480,000,000 had encumbrances in the form of land  disputes, court injunctions and encroachment  \uf0b7  I noted that the University did not have adequate infrastructure to accommodate the students under these specific  courses."}}, {"type": "Feature", "geometry": {"type": "LineString", "coordinates": [[32.5813539, 0.3177137], [33.2805299, 0.5751567]]}, "properties": {"project_name": "Kampala-Jinja Expressway Project", "project_type": "road", "place_names": "Kampala;Jinja", "district": NaN, "years_mentioned": "2023;2024", "n_years": 2, "n_mentions": 2, "drivers_mentioned": "land_and_right_of_way;procurement_irregularities", "min_confidence_across_mentions": "high", "geocode_status": "success", "geocode_precision": "place-centroid (line endpoints)", "nominatim_display_name": "Kampala: Kampala, Central Region, Uganda | Jinja: Jinja, Eastern Region, Uganda", "representative_sentence": "\uf0b7  I assessed the conditions of police infrastructure and noted the following  observations; Dilapidated structures, Asbestos roofs, Self-help housing, Private  institutions on police land and encroachment on police land."}}, {"type": "Feature", "geometry": {"type": "Point", "coordinates": [32.5778516, 0.366393]}, "properties": {"project_name": "Kawempe National Referral Hospital (KNRH)", "project_type": "hospital_health", "place_names": "Kawempe", "district": "Kampala", "years_mentioned": "2024;2025", "n_years": 2, "n_mentions": 2, "drivers_mentioned": "delayed_payments;procurement_irregularities", "min_confidence_across_mentions": "high", "geocode_status": "success", "geocode_precision": "place-centroid", "nominatim_display_name": "Kawempe, Kampala Capital City, Kampala, Central Region, Uganda", "representative_sentence": "Soroti Regional  Referral Hospital  Human capital  development  Unqualified  i)  The hospital had accumulated domestic arrears worth UGX."}}, {"type": "Feature", "geometry": {"type": "Point", "coordinates": [32.8592384, 0.9924074]}, "properties": {"project_name": "Kayunga Hospital Rehabilitation Project", "project_type": "hospital_health", "place_names": "Kayunga", "district": "Kayunga", "years_mentioned": "2019", "n_years": 1, "n_mentions": 2, "drivers_mentioned": "contract_management", "min_confidence_across_mentions": "high", "geocode_status": "success", "geocode_precision": "place-centroid", "nominatim_display_name": "Kayunga, Central Region, Uganda", "representative_sentence": "Key audit findings resulting from the engineering audit and corresponding recommendations  resulting from the engineering audit for the Kayunga and Yumbe Hospital rehabilitation  projects are presented below, detailed findings, quality results, quantity verification and  pictures of defective works are presented in a separate report which has been issued on  infrastructure component."}}, {"type": "Feature", "geometry": {"type": "Point", "coordinates": [32.6614932, 0.3477263]}, "properties": {"project_name": "Mandela National Stadium (Namboole)", "project_type": "stadium", "place_names": "Namboole", "district": "Wakiso", "years_mentioned": "2018;2019", "n_years": 2, "n_mentions": 2, "drivers_mentioned": "delay_time_overrun;land_and_right_of_way", "min_confidence_across_mentions": "medium", "geocode_status": "success", "geocode_precision": "place-centroid [disambiguated]", "nominatim_display_name": "[CORRECTED via disambiguated query] Namboole, Namboole Road, Kigandazi, Kireka, Kireka B, Wakiso, Central Region, Uganda (was: Namboole, Butaleja, Eastern Region, Uganda)", "representative_sentence": "Field inspection  revealed improper drainage especially at points that required installation of culverts and one  contract had expired with incomplete works while there were no signposts warning roader  users from using the bridge."}}, {"type": "Feature", "geometry": {"type": "Point", "coordinates": [32.7262557, -0.0523245]}, "properties": {"project_name": "Mukono-Malaba Railway Section Rehabilitation", "project_type": "other", "place_names": "Mukono;Malaba", "district": NaN, "years_mentioned": "2024", "n_years": 1, "n_mentions": 2, "drivers_mentioned": "delayed_payments;governance_and_controls", "min_confidence_across_mentions": "high", "geocode_status": "success", "geocode_precision": "place-centroid", "nominatim_display_name": "Mukono, Central Region, Uganda", "representative_sentence": "4)  Delayed Payments of Contractor\u2019s Interim Payment Certificates    Delays in payments to contractors, ranging from 5 to 406 days, were noted for the  Mukono-Malaba railway section and Tororo-Gulu line projects."}}, {"type": "Feature", "geometry": {"type": "Point", "coordinates": [32.6063658, 0.3419051]}, "properties": {"project_name": "Naguru National Referral Hospital (350-Bed Redevelopment)", "project_type": "hospital_health", "place_names": "Naguru", "district": "Kampala", "years_mentioned": "2025", "n_years": 1, "n_mentions": 2, "drivers_mentioned": "delayed_payments;procurement_irregularities", "min_confidence_across_mentions": "medium", "geocode_status": "success", "geocode_precision": "place-centroid", "nominatim_display_name": "Naguru, Nakawa, Kampala Capital City, Kampala, Central Region, Uganda", "representative_sentence": "Naguru  National  Referral Hospital  Human  Capital  Development  Unqualified  i)  The Hospital had outstanding arrears amounting to UGX.434.418Bn out of  which UGX.415.486Bn (96%) arose during the year under review."}}, {"type": "Feature", "geometry": {"type": "Point", "coordinates": [33.1525329, 0.1093924]}, "properties": {"project_name": "Nalubaale-Kiira Hydropower Plants Rehabilitation", "project_type": "power_generation", "place_names": "Nalubaale;Kiira", "district": "Jinja", "years_mentioned": "2022;2025", "n_years": 2, "n_mentions": 2, "drivers_mentioned": "contract_management;procurement_irregularities", "min_confidence_across_mentions": "high", "geocode_status": "success", "geocode_precision": "place-centroid [disambiguated]", "nominatim_display_name": "[CORRECTED via disambiguated query] Nalubaale Power Station, Nalufenya A, Kimaka, Jinja City, Buikwe, Eastern Region, Uganda (was: Nalubaale, Buvuma, Central Region, Uganda)", "representative_sentence": "These  activities include construction under the EACOP Project, the Refinery Project, Kabaale Industrial Park, construction  of the oil Jetty and Pipeline at JST, as well as undertaking the Engineering Procurement and Construction activities  at the Kampala Storage Terminal."}}, {"type": "Feature", "geometry": {"type": "LineString", "coordinates": [[32.529226, 0.365816], [32.5090504, 0.3373452]]}, "properties": {"project_name": "Nansana-Kireka-Biira Road", "project_type": "road", "place_names": "Nansana;Kireka;Biira", "district": "Wakiso", "years_mentioned": "2018;2025", "n_years": 2, "n_mentions": 2, "drivers_mentioned": "contract_management;delayed_payments", "min_confidence_across_mentions": "high", "geocode_status": "success", "geocode_precision": "place-centroid (line endpoints)", "nominatim_display_name": "Nansana: Nansana, Wakiso, Central Region, Uganda | Biira: Biira, Wakiso, Central Region, Uganda", "representative_sentence": "Wakiso DLG    \uf0b7 Performance of Youth Livelihood Programme  \uf0b7 Implementation of the Uganda Road Funds  \uf0b7 Delayed Works on Nansana-Kireka-Biira Road (1km)  \uf0b7 Outstanding Commitments  \uf0b7 Outstanding Salary Arrears of UGX.61,419,581  \uf0b7 Pension Arrears  \uf0b7 Shortfall in Government Releases  \uf0b7 Unspent/Un-Utilized conditional Grant  \uf0b7 Pensioners not on the Payroll  \uf0b7 Unrealized Royalties fr Ministry of Energy  \uf0b7 Failure to meet minimum standards at Wakiso Health Centre IV  \uf0b7 Entebbe Hospital - Outstanding utility bills  \uf0b7 Audit of UPE Schools Capitation Grant  \uf0b7 Mismanagement of UPE Funds at Kyengeza Muslim P/S  \uf0b7 Insufficient Infrastructure in UPE Schools  \uf0b7 Management of Procurement  \uf0b7 Failure to prepare Evaluation tools  \uf0b7 Irregularities in the procurement for the Rehabilitation of Boreholes        247    \uf0b7 Lack of signed contracts  \uf0b7 Management and Utilisation of Natural Resources  \uf0b7 Lack of a land Register  \uf0b7 Lack of a lease Register  \uf0b7 Management of Road Equipment  \uf0b7 Lack of Road safety Equipment  \uf0b7 Non-functioning Road equipment  \uf0b7 Inadequate mechanical imprest  \uf0b7 Lack of Physical Planning Committee  \uf0b7 Entebbe Hospital  \uf0b7 Existence and Status of Medical equipment  \uf0b7 Essential Medicines and Health supplies Stock Outs  65."}}, {"type": "Feature", "geometry": {"type": "Point", "coordinates": [32.6261106, 0.2921804]}, "properties": {"project_name": "New Kampala Port at Bukasa", "project_type": "other_building", "place_names": "Bukasa", "district": "Kampala", "years_mentioned": "2025", "n_years": 1, "n_mentions": 2, "drivers_mentioned": "contract_management;delayed_payments", "min_confidence_across_mentions": "high", "geocode_status": "success", "geocode_precision": "place-centroid [disambiguated]", "nominatim_display_name": "[CORRECTED via disambiguated query] Bukasa, Kampala, Central Region, Uganda (was: Bukasa, Buswaga, Kyamuswa, Kalangala, Central Region, Uganda)", "representative_sentence": "xxiii)  Weak controls were noted in safeguarding non-current assets, including  thirty-nine (39) Government vehicles used for road supervision that still had  private number plates and were not recorded in the fixed assets register."}}, {"type": "Feature", "geometry": {"type": "Point", "coordinates": [33.1503623, 0.4307]}, "properties": {"project_name": "Njeru Government Stock Farm", "project_type": "other_building", "place_names": "Njeru", "district": "Buikwe", "years_mentioned": "2018;2025", "n_years": 2, "n_mentions": 2, "drivers_mentioned": "claims_and_disputes;governance_and_controls", "min_confidence_across_mentions": "medium", "geocode_status": "success", "geocode_precision": "place-centroid", "nominatim_display_name": "Njeru, Buikwe, Central Region, Uganda", "representative_sentence": "444  Entity Name  Programme  Name  Opinion    Summary of Key Findings  I noted that;    National Enterprises  Corporation (NEC) -  Construction Works  and Engineering Ltd  Governance  and  Security  Unqualified  i)  NEC Construction Works and Engineering Limited closed the financial year with a  receivables balance of UGX.23.5Bn compared to UGX.20.36Bn of the previous  financial year 2023/2024."}}, {"type": "Feature", "geometry": {"type": "Point", "coordinates": [33.2805299, 0.5751567]}, "properties": {"project_name": "Oil Jetty and Pipeline at JST", "project_type": "other", "place_names": "Jinja", "district": "Jinja", "years_mentioned": "2022;2025", "n_years": 2, "n_mentions": 2, "drivers_mentioned": "delayed_payments;procurement_irregularities", "min_confidence_across_mentions": "medium", "geocode_status": "success", "geocode_precision": "place-centroid", "nominatim_display_name": "Jinja, Eastern Region, Uganda", "representative_sentence": "Deposit  Protection  Fund  Monetary  Policy  and  Financial  Stability  Unqualified  There were no reportable issues  National Water and  Sewerage  Cooperation  (NWSC)  Natural Resources,  Environment,  Climate  Change,  Water  and  Land  Management  Unqualified  There were no reportable issues  National  Women  Council  Human  Capital  Development  Unqualified  Domestic arrears increased from UGX.14.54Mn in prior year to UGX.168.42Mn in  current year an increase of (1,058%)."}}, {"type": "Feature", "geometry": {"type": "LineString", "coordinates": [[34.1026752, 0.7407633], [32.9501481, 2.3320326]]}, "properties": {"project_name": "Tororo-Lira Transmission Line", "project_type": "power_transmission", "place_names": "Tororo;Lira", "district": NaN, "years_mentioned": "2018;2019", "n_years": 2, "n_mentions": 2, "drivers_mentioned": "claims_and_disputes;land_and_right_of_way", "min_confidence_across_mentions": "high", "geocode_status": "success", "geocode_precision": "place-centroid (line endpoints)", "nominatim_display_name": "Tororo: Tororo, Eastern Region, Uganda | Lira: Lira, Northern Region, Uganda", "representative_sentence": "Electricity Regulatory  Authority  \uf0b7  Nugatory Expenditure UGX 108,389,948  \uf0b7  Underperformance in prepayment Meter conversion targets  of UMEME  \uf0b7  Absence of a methodology for verifying costs  \uf0b7  High energy losses in the service territories  \uf0b7  Non-compliances to Quality of Standards by UMEME  11."}}, {"type": "Feature", "geometry": {"type": "Point", "coordinates": [32.4698564, 0.0611715]}, "properties": {"project_name": "UWEC Floating Restaurant (Pier)", "project_type": "other_building", "place_names": "Entebbe", "district": "Wakiso", "years_mentioned": "2018;2019", "n_years": 2, "n_mentions": 2, "drivers_mentioned": "contract_management;procurement_irregularities", "min_confidence_across_mentions": "medium", "geocode_status": "success", "geocode_precision": "place-centroid", "nominatim_display_name": "Entebbe City, Central Region, Uganda", "representative_sentence": "Uganda Development  Corporation  \uf0b7  Uncertainty of viability in investments of;  \uf0b7  Lake Victoria Glass Works Limited UGX.215,219,000,  \uf0b7  Atiak Sugar Factory-Horyal Investments Holding Company  Ltd (HIHC) UGX.19,811,808,120  \uf0b7  Non transfer of shares to Ministry of Science, Technology  and Innovations by UDC  \uf0b7  Luwero Fruit factory Land not titled and valued  \uf0b7  Limited progress on the development of the fruit factory  \uf0b7  Delayed commencement of the fruit processing Plant  \uf0b7  Investment of funds in Isingiro Fruit Factory without a  memorandum of understanding  \uf0b7  Failure to takeover Embassy House  \uf0b7  Failure to take over Government interest in Munyonyo  Commonwealth Resort Limited  \uf0b7  Delays in transferring the supervision role of Phenix Logistics  (Uganda) Limited to UDC  104."}}, {"type": "Feature", "geometry": {"type": "Point", "coordinates": [31.2859149, 3.4914106]}, "properties": {"project_name": "Yumbe Hospital Rehabilitation Project", "project_type": "hospital_health", "place_names": "Yumbe", "district": "Yumbe", "years_mentioned": "2019", "n_years": 1, "n_mentions": 2, "drivers_mentioned": "contract_management", "min_confidence_across_mentions": "high", "geocode_status": "success", "geocode_precision": "place-centroid", "nominatim_display_name": "Yumbe, Uganda", "representative_sentence": "Key audit findings resulting from the engineering audit and corresponding recommendations  resulting from the engineering audit for the Kayunga and Yumbe Hospital rehabilitation  projects are presented below, detailed findings, quality results, quantity verification and  pictures of defective works are presented in a separate report which has been issued on  infrastructure component."}}, {"type": "Feature", "geometry": {"type": "Point", "coordinates": [32.5634797, 2.550119]}, "properties": {"project_name": "Abok Seed School Construction", "project_type": "school", "place_names": "Abok", "district": "Oyam", "years_mentioned": "2018", "n_years": 1, "n_mentions": 1, "drivers_mentioned": "contract_management", "min_confidence_across_mentions": "high", "geocode_status": "success", "geocode_precision": "place-centroid [disambiguated]", "nominatim_display_name": "[CORRECTED via disambiguated query] Abok Primary School, Acan Kwete, Oyam, Northern Region, Uganda (was: Abok, Pakwach, Uganda)", "representative_sentence": "Oyam DLG  \uf0b7  Performance of Youth Livelihood Programme  \uf0b7  Funding of the Programme  \uf0b7  Non-compliance with the repayment schedule  \uf0b7  Transfer of recovered funds to the recovery account in BOU        236    \uf0b7  Inspection of Performance of Youth projects  \uf0b7  Implementation of the Uganda Road Funds  \uf0b7  Unpaid Gratuity Arrears  \uf0b7  Over expenditure on Council activities  \uf0b7  Construction of Abok Seed School  \uf0b7  Supply of Double Cabin Pickup  \uf0b7  Summary of exceptions raised in the PPDA audit report  \uf0b7  Incomplete Physical Planning Committee  \uf0b7  Status of Basic Medical Equipment  \uf0b7  Condition of Medical Equipment  \uf0b7  Management of natural resources  \uf0b7  Unlicensed /illegal activities on Natural resources    HOIMA BRANCH    34."}}, {"type": "Feature", "geometry": {"type": "Point", "coordinates": [33.4696324, 2.0744306]}, "properties": {"project_name": "Acomai Irrigation Scheme", "project_type": "other", "place_names": "Acomai", "district": NaN, "years_mentioned": "2022", "n_years": 1, "n_mentions": 1, "drivers_mentioned": "governance_and_controls", "min_confidence_across_mentions": "high", "geocode_status": "success", "geocode_precision": "place-centroid", "nominatim_display_name": "Acomai, Amuria, Eastern Region, Uganda", "representative_sentence": "\uf0b7  There was only one Multi-sectoral Steering committee sitting during the year out of the mandatory two (2) which  is a major internal control weakness and exposes the Project to performance challenges such as delays in project  implementation and unsatisfactory quality of works among others  4."}}, {"type": "Feature", "geometry": {"type": "Point", "coordinates": [32.716944, 1.9975]}, "properties": {"project_name": "Aduku Seed Secondary School", "project_type": "school", "place_names": "Aduku", "district": "Kwania", "years_mentioned": "2019", "n_years": 1, "n_mentions": 1, "drivers_mentioned": "delay_time_overrun", "min_confidence_across_mentions": "high", "geocode_status": "success", "geocode_precision": "place-centroid [disambiguated]", "nominatim_display_name": "[CORRECTED] Aduku, Kwania, Uganda (was: Aduku, Barr, Lira, Northern Region, Uganda)", "representative_sentence": "\u2022  Under UgIFT, I noted that Aduku Seed Secondary School had no land title and construction  works were behind schedule with all structures at ring beam level."}}, {"type": "Feature", "geometry": {"type": "Point", "coordinates": [33.6183896, 2.0403073]}, "properties": {"project_name": "Agereger Primary School Classroom Block", "project_type": "school", "place_names": "Agereger", "district": "Amuria", "years_mentioned": "2018", "n_years": 1, "n_mentions": 1, "drivers_mentioned": "delayed_payments", "min_confidence_across_mentions": "high", "geocode_status": "partial", "geocode_precision": "district-centroid", "nominatim_display_name": "Amuria District offices, Okutoi, Amuria, Eastern Region, Uganda", "representative_sentence": "Amuria DLG  \uf0b7 Unsupported Pension  and Gratuity Payments  \uf0b7 Mischarge of  Expenditure  \uf0b7 Non-Disclosure of Un- Spent Balance in the  Financial statements    \uf0b7  YLP-Low Recovery of Funds  \uf0b7  URF-Performance of URF  \uf0b7  Domestic Arrears  \uf0b7  Under Collection of Local Revenue  \uf0b7  Under Staffing  \uf0b7  Infrastructure in UPE Schools  \uf0b7  Construction of Two classroom block at  Agereger Primary School  \uf0b7  Missing District Assets    \uf0b7  Shortage of Medical equipment in various  departments  \uf0b7  Lack of a District Physical Development Plan  \uf0b7  Unlicensed activities on the Natural Resources  15."}}, {"type": "Feature", "geometry": {"type": "Point", "coordinates": [32.1024833, 3.1288655]}, "properties": {"project_name": "Amuru Seed Secondary School", "project_type": "school", "place_names": "Amuru", "district": "Amuru", "years_mentioned": "2019", "n_years": 1, "n_mentions": 1, "drivers_mentioned": "delay_time_overrun", "min_confidence_across_mentions": "high", "geocode_status": "success", "geocode_precision": "place-centroid", "nominatim_display_name": "Amuru, Northern Region, Uganda", "representative_sentence": "228    SN  LOCAL  GOVERNMENTS  SUMMARY OF KEY FINDINGS  \u2022  Construction works under UgIFT at Amuru Seed Secondary School and Otwee Health Centre II  were behind schedule."}}, {"type": "Feature", "geometry": {"type": "Point", "coordinates": [31.9472678, 2.5988654]}, "properties": {"project_name": "Anaka Central Primary School Works", "project_type": "school", "place_names": "Anaka", "district": "Nwoya", "years_mentioned": "2018", "n_years": 1, "n_mentions": 1, "drivers_mentioned": "contract_management", "min_confidence_across_mentions": "medium", "geocode_status": "success", "geocode_precision": "place-centroid", "nominatim_display_name": "Anaka, Nwoya, Uganda", "representative_sentence": "Nwoya DLG  \uf0b7  Performance of Youth Livelihood Programme  \uf0b7  Funding of the Programme  \uf0b7  Non-compliance with the Repayment Schedule  \uf0b7  Transfer of recovered funds to the recovery account in BOU  \uf0b7  Inspection of Performance of Youth projects  \uf0b7  Implementation of the Uganda Road Funds  \uf0b7  Budget performance  \uf0b7  Status of implementation        235      \uf0b7  Unpaid, Salaries , Pensions Gratuity Arrears  \uf0b7  Payment for Work not done at Anaka Central P/S  \uf0b7  Payment for Work not done at Todora HCII  \uf0b7  Payment for Work not done at Lulyango Primary School  \uf0b7  Construction of Box Culvert on Ceke Stream/ Diversion of Funds  \uf0b7  Summary of exceptions raised in the PPDA audit reports  \uf0b7  Management of Natural Resources  \uf0b7  Lack of legal ownership of land, forests reserves and wetlands."}}, {"type": "Feature", "geometry": {"type": "Point", "coordinates": [30.9607549, 2.835532]}, "properties": {"project_name": "Arua Regional Office Construction", "project_type": "other_building", "place_names": "Arua", "district": "Arua", "years_mentioned": "2023", "n_years": 1, "n_mentions": 1, "drivers_mentioned": "delay_time_overrun", "min_confidence_across_mentions": "high", "geocode_status": "success", "geocode_precision": "place-centroid", "nominatim_display_name": "Arua, Northern Region, Uganda", "representative_sentence": "\uf0b7  I reviewed the progress of the construction of Arua Regional Office and noted that  works had since stalled, and the contractor had abandoned the site."}}, {"type": "Feature", "geometry": {"type": "Point", "coordinates": [32.1236674, 3.2588262]}, "properties": {"project_name": "Atiak Sugar Factory", "project_type": "other_building", "place_names": "Atiak", "district": "Amuru", "years_mentioned": "2018", "n_years": 1, "n_mentions": 1, "drivers_mentioned": "claims_and_disputes", "min_confidence_across_mentions": "high", "geocode_status": "success", "geocode_precision": "place-centroid", "nominatim_display_name": "Atiak, Amuru, Uganda", "representative_sentence": "\uf0b7  Payment of un-budgeted prior year arrears amounting to  UGX.48,634,712,458  \uf0b7  Payment for tea lead agency fees for Kabale and Kisoro  districts        201    \uf0d8 Flawed MOU with regard to measurement of  deliverables:  \uf0d8 Rationale for the 30% Lead agency fee on distributed  tea:  \uf0d8 Partial consent settlement without Guarantee;  \uf0b7  Mischarge of Expenditure totalling to UGX.1,009,498,818  \uf0b7  Nugatory Expenditure \u2013 UGX 93,159,046  \uf0b7  Pending cases whose value was in excess of UGX.18 billion  pending resolution by court  \uf0b7  Operation Wealth Creation vehicle status review  \uf0b7  Basis for computation of transport costs to the tune of  UGX.1,978,744,208  \uf0b7  Sugarcane Production in Northern Uganda  \uf0d8 Cane seed procurement-UGX.4,518,260,220  \uf0a7  Non consideration of the evaluation  methodology and criteria  \uf0a7  Delayed delivery and Liquidated damages  charges  \uf0a7  Expiry of the Advance payment guarantee  \uf0d8 Bush Clearing, Land preparation, Planting cane, weed  management, manual and mechanical weeding, seed  cane harvesting and loading-UGX.15,526,487,530  \uf0a7  Irregular Advance payment security in form  of Log books- UGX.4,657,946,259  \uf0a7  Contract price adjustment:  \uf0b7  NAADS\u2019 restructuring and Legal Mandate  \uf0d8 Irregular restructuring:-  \uf0d8 Uncertainty on ownership of Assets:-  \uf0d8 Liability against OWC:-  \uf0b7  NAADS\u2019 assets held by districts  \uf0b7  Failure to execute performance security worth  UGX.23,325,873,958  \uf0b7  Recruitment of Civilians under Operation Wealth Creation  \uf0d8 Unclear Authority for the recruitment of civilians  \uf0d8 Non deduction of PAYE from OWC civilian staff        202      TRADE SECTOR  103."}}, {"type": "Feature", "geometry": {"type": "Point", "coordinates": [32.7338545, 2.7509153]}, "properties": {"project_name": "Ayerolwango-Aswa River Community Road", "project_type": "road", "place_names": "Ayerolwango;Aswa River", "district": NaN, "years_mentioned": "2024", "n_years": 1, "n_mentions": 1, "drivers_mentioned": "governance_and_controls", "min_confidence_across_mentions": "high", "geocode_status": "partial", "geocode_precision": "place-centroid (one endpoint only)", "nominatim_display_name": "Aswa River: Achwa, Northern Region, Uganda", "representative_sentence": "South-Western  Cluster Water and  Sanitation Project  (NWSC) for the year  ended 30th June  2024  Natural Resources,  Environment, Climate  Change, Water and  Land Management  Unqualified  There were no reportable issues  State House  Governance and  security  Innovation,  technology  development and  transfer  Unqualified  i)  Included in the total expenditure of State House of UGX.799.85Bn is  UGX.455.18Bn, which relates to classified expenditure."}}, {"type": "Feature", "geometry": {"type": "Point", "coordinates": [31.810141, 3.3800232]}, "properties": {"project_name": "Biyaya Secondary School", "project_type": "school", "place_names": "Biyaya", "district": NaN, "years_mentioned": "2023", "n_years": 1, "n_mentions": 1, "drivers_mentioned": "delay_time_overrun", "min_confidence_across_mentions": "high", "geocode_status": "success", "geocode_precision": "place-centroid", "nominatim_display_name": "Biyaya, Adjumani, Uganda", "representative_sentence": "Delayed Completion of Works    I noted delays in completion of the works on seven (7) out of the fifteen (15) contracts  ranging from 30 to 182 days."}}, {"type": "Feature", "geometry": {"type": "Point", "coordinates": [31.9464699, 2.6012608]}, "properties": {"project_name": "Box Culvert on Ceke Stream", "project_type": "bridge", "place_names": "Ceke Stream", "district": "Nwoya", "years_mentioned": "2018", "n_years": 1, "n_mentions": 1, "drivers_mentioned": "contract_management", "min_confidence_across_mentions": "medium", "geocode_status": "partial", "geocode_precision": "district-centroid", "nominatim_display_name": "Nwoya District Local Government Headquarters, Anaka, Nwoya, Uganda", "representative_sentence": "Nwoya DLG  \uf0b7  Performance of Youth Livelihood Programme  \uf0b7  Funding of the Programme  \uf0b7  Non-compliance with the Repayment Schedule  \uf0b7  Transfer of recovered funds to the recovery account in BOU  \uf0b7  Inspection of Performance of Youth projects  \uf0b7  Implementation of the Uganda Road Funds  \uf0b7  Budget performance  \uf0b7  Status of implementation        235      \uf0b7  Unpaid, Salaries , Pensions Gratuity Arrears  \uf0b7  Payment for Work not done at Anaka Central P/S  \uf0b7  Payment for Work not done at Todora HCII  \uf0b7  Payment for Work not done at Lulyango Primary School  \uf0b7  Construction of Box Culvert on Ceke Stream/ Diversion of Funds  \uf0b7  Summary of exceptions raised in the PPDA audit reports  \uf0b7  Management of Natural Resources  \uf0b7  Lack of legal ownership of land, forests reserves and wetlands."}}, {"type": "Feature", "geometry": {"type": "Point", "coordinates": [32.6220405, 0.3138978]}, "properties": {"project_name": "Bugolobi Project (Uganda Property Holdings)", "project_type": "other_building", "place_names": "Bugolobi", "district": "Kampala", "years_mentioned": "2024", "n_years": 1, "n_mentions": 1, "drivers_mentioned": "procurement_irregularities", "min_confidence_across_mentions": "medium", "geocode_status": "success", "geocode_precision": "place-centroid", "nominatim_display_name": "Bugolobi, Nakawa, Kampala Capital City, Kampala, Central Region, Uganda", "representative_sentence": "Uganda Electricity  Transmission  Company  2.17  2.02  The available funds are not excess in nature however  tagged and committed to several disbursements/activities  pending conclusion of the relevant processes under way  like procurements, RAP processes, fixed funds on bank  accounts for treasury management purposes."}}, {"type": "Feature", "geometry": {"type": "Point", "coordinates": [30.033056, -1.358889]}, "properties": {"project_name": "Buhara Seed Secondary School", "project_type": "school", "place_names": "Buhara", "district": NaN, "years_mentioned": "2019", "n_years": 1, "n_mentions": 1, "drivers_mentioned": "procurement_irregularities", "min_confidence_across_mentions": "high", "geocode_status": "success", "geocode_precision": "place-centroid", "nominatim_display_name": "Buhara, Kabale, Western Region, Uganda", "representative_sentence": "I further noted that the  construction of Ryeru Seed Secondary School was not implemented due to delayed procurement  process."}}, {"type": "Feature", "geometry": {"type": "Point", "coordinates": [32.5119651, 0.7111858]}, "properties": {"project_name": "Bukalasa Agricultural College", "project_type": "school", "place_names": "Bukalasa", "district": "Wakiso", "years_mentioned": "2022", "n_years": 1, "n_mentions": 1, "drivers_mentioned": "procurement_irregularities", "min_confidence_across_mentions": "high", "geocode_status": "success", "geocode_precision": "place-centroid", "nominatim_display_name": "Bukalasa, Luweero, Central Region, Uganda", "representative_sentence": "The audit made the following observations;    \uf0b7  There was lack of competition during procurement of IPPs to the extent that 15  out of the 17 sampled small/mini hydro power plants, which commenced  construction and were commissioned after the enactment of the PPP Act 2015  and PPP regulations 2016, were not subjected to any competition before securing  the sites."}}, {"type": "Feature", "geometry": {"type": "Point", "coordinates": [33.3987071, 1.1413307]}, "properties": {"project_name": "Bukamba Health Centre", "project_type": "hospital_health", "place_names": "Bukamba", "district": NaN, "years_mentioned": "2019", "n_years": 1, "n_mentions": 1, "drivers_mentioned": "delay_time_overrun", "min_confidence_across_mentions": "high", "geocode_status": "success", "geocode_precision": "place-centroid", "nominatim_display_name": "Bukamba, Kaliro, Eastern Region, Uganda", "representative_sentence": "\u2022  Under UgIFT, construction works of Bukamba Health Centre worth UGX.0.488bn had stalled after  payment of UGX.0.292bn and the district did not have a land title for the land."}}, {"type": "Feature", "geometry": {"type": "Point", "coordinates": [33.6867313, 0.8361137]}, "properties": {"project_name": "Bukango Seed School", "project_type": "school", "place_names": "Bukango", "district": NaN, "years_mentioned": "2019", "n_years": 1, "n_mentions": 1, "drivers_mentioned": "procurement_irregularities", "min_confidence_across_mentions": "high", "geocode_status": "success", "geocode_precision": "place-centroid", "nominatim_display_name": "Bukango Investment, Jinja - Mbale Road, Busembatia, Namutumba, Eastern Region, Uganda", "representative_sentence": "\u2022  Under UgIFT, I noted that funds to the tune of UGX.0.354Bn planned and disbursed for  construction of Bukango seed school in the financial year 2018/19 were swept back to the  consolidated fund due to failure to undertake timely procurement."}}, {"type": "Feature", "geometry": {"type": "Point", "coordinates": [32.4839074, 0.3247535]}, "properties": {"project_name": "Bulaga Health Centre Upgrade", "project_type": "hospital_health", "place_names": "Bulaga", "district": NaN, "years_mentioned": "2019", "n_years": 1, "n_mentions": 1, "drivers_mentioned": "contract_management", "min_confidence_across_mentions": "high", "geocode_status": "success", "geocode_precision": "place-centroid", "nominatim_display_name": "Bulaga, Wakiso, Central Region, Uganda", "representative_sentence": "\u2022  Under URF Inspection on selected roads revealed that there was poor contract management  characterised by absence of headwalls, culverts, unprotected culverts, gullies and over grown  bushes."}}, {"type": "Feature", "geometry": {"type": "Point", "coordinates": [32.4873431, 0.8512506]}, "properties": {"project_name": "Bulamba Primary School Classroom Block", "project_type": "school", "place_names": "Bulamba", "district": "Luwero", "years_mentioned": "2018", "n_years": 1, "n_mentions": 1, "drivers_mentioned": "delayed_payments", "min_confidence_across_mentions": "high", "geocode_status": "partial", "geocode_precision": "district-centroid [corrected from wrong place match]", "nominatim_display_name": "[FALLBACK to district centroid - original 'Bulamba' match was a different, incorrectly-matched same-named place] Luwero District Farmers Association, Gulu - Kampala Road, Binyonyi, Kasana, Luweero, Central Region, Uganda (was: Bulamba, Namayingo, Eastern Region, Uganda)", "representative_sentence": "Luwero DLG  \uf0b7 Performance of Youth Livelihood Programme  - Under funding of the Programme  - Non Compliance with Repayments Schedules  - Un confirmed transfers of Recovered funds to Recovery Account in  BOU  - Inspection of performance of Youth Projects  - Nakigoza Youth Tato Growing Project  - Record keeping  - Kanyogoga Youth Piggery Project  - Poor Record keeping  \uf0b7 Implementation of the Uganda Road Funds  - Inspection of Kikoza-Kigoloba-Naluvule Road (8.9Kms)  - Failure to carry out Routine Manual Maintenance on District Roads  \uf0b7 Mischarge of Expenditure  \uf0b7 Un accounted for funds  \uf0b7 Financial Loss  \uf0b7 Outstanding Creditors  \uf0b7 Outstanding Salary and Pension Arrears  \uf0b7 Diversion of PHC and Agricultural Extension Services Wage to Pay  Primary Teachers Salary  \uf0b7 Un-updated property valuation list  \uf0b7 Under staffing and related  \uf0b7 Un Recovered UWEP Revolving Funds  \uf0b7 Un approved borehole Rehabilitation Assessments  \uf0b7 Difficulties in accessing Road equipment fr Regional Workshops  \uf0b7 Failure to Perform Physical count for students under USE  \uf0b7 Review of Eye Clinic Donation at Luwero Health Centre IV  \uf0b7 Management of Procurement  \uf0b7 Absence of a Contracts Register  \uf0b7 Absence of 10% Performance securities for Procurement contracts        253    \uf0b7 Lack of a representative of Lower Local Government on Evaluation  Committee  \uf0b7 Management of Natural Resources  \uf0b7 Environmental dilapidation of district wetlands  \uf0b7 Failure to de-gazette Bombo Local Forest Reserve  \uf0b7 Poor Status of basic Medical Equipment  \uf0b7 Lack of a District Physical Development Plan  \uf0b7 Absence of District land and Lease Registers  \uf0b7 Absence of legitimate Registration of the District Land  \uf0b7 Capitation Grants  \uf0b7 Under funding of the USE and UPE capitation programs  \uf0b7 Construction of a 2 classro block and others at Bulamba Primary Schoo  \uf0b7 Status of Basic Medical Equipment  72."}}, {"type": "Feature", "geometry": {"type": "LineString", "coordinates": [[32.6418034, 0.4276119], [32.6541992, 0.3907151]]}, "properties": {"project_name": "Bulindo-Nsansa-Namugongo Road", "project_type": "road", "place_names": "Bulindo;Nsansa;Namugongo", "district": "Wakiso", "years_mentioned": "2023", "n_years": 1, "n_mentions": 1, "drivers_mentioned": "delay_time_overrun", "min_confidence_across_mentions": "high", "geocode_status": "success", "geocode_precision": "place-centroid (line endpoints)", "nominatim_display_name": "Bulindo: Bulindo, Wakiso, Central Region, Uganda | Namugongo: Namugongo, Kira, Wakiso, Central Region, Uganda", "representative_sentence": "\uf0b7  There was delayed completion of; Construction of a Ferry Landing Site at Gerenge  in Katabi Town Council, Civil Works for Upgrading of Shimon Roads (3.178km) and  Civil Works for the upgrading of Kiwogoloma-Kitukutwe-Kijabijjo road (4.5km) and  Bulindo-Nsansa-Namugongo road (4.56km), Ssezibwa (Bulandi \u2013Gyira) Swamp  Crossing Between Kayunga and Nakasogola Districts as well as civil Works for  Upgrading of Kafunta-Buwampa Road (9.5KM)."}}, {"type": "Feature", "geometry": {"type": "Point", "coordinates": [34.2501027, 1.3254643]}, "properties": {"project_name": "Bunambutye Health Centre II-III Upgrade", "project_type": "hospital_health", "place_names": "Bunambutye", "district": NaN, "years_mentioned": "2019", "n_years": 1, "n_mentions": 1, "drivers_mentioned": "delay_time_overrun", "min_confidence_across_mentions": "high", "geocode_status": "success", "geocode_precision": "place-centroid", "nominatim_display_name": "Bunambutye, Bugisa sub-region, Bulambuli, Eastern Region, Uganda", "representative_sentence": "\u2022  Under URF field inspection revealed some incomplete works such as Drainage works, culvert  cleaning, failure to test road construction materials and late transfer of funds to lower local  governments  \u2022  Works under UgIFT were ongoing with however there was delayed Completion of the upgrade  of Bunambutye Health centre II to health centre III and no evidence of materials testing was  availed  \u2022  Under NUSAF-3 UGX.0.907Bn was used to support beneficiary sub-groups."}}, {"type": "Feature", "geometry": {"type": "LineString", "coordinates": [[32.5460443, 0.2651317], [32.5240487, 0.2954253]]}, "properties": {"project_name": "Bunamwaya-Kisigula-Mutundwe-Mirembe Road", "project_type": "road", "place_names": "Bunamwaya;Kisigula;Mutundwe;Mirembe", "district": "Wakiso", "years_mentioned": "2018", "n_years": 1, "n_mentions": 1, "drivers_mentioned": "procurement_irregularities", "min_confidence_across_mentions": "high", "geocode_status": "success", "geocode_precision": "place-centroid (line endpoints)", "nominatim_display_name": "Bunamwaya: Bunamwaya, Wakiso, Central Region, Uganda | Mirembe: Mirembe, Wakiso, Central Region, Uganda", "representative_sentence": "Makindye MC  \uf0b7  Implementation of the Uganda Road Funds  - Budget Performance  - Status of implementation  - Routine manual maintenance  - Routine mechanized maintenance  - Periodic maintenance  - Unimplemented works  - Inspection of Bunamwaya-Kisigula-Mutundwe Mirembe Road  - Inadequate Road Equipment  - Lack of Bill of Quantities/Detailed scope of works  - Outstanding Commitments  \uf0b7  Unspent Conditional Grants  \uf0b7  Revenue Management  \uf0b7  Lack of Local Revenue appeals tribunal  \uf0b7  Under staffing  \uf0b7  Lack of legal ownership of Municipal Assets  \uf0b7  Developments on untitled land  \uf0b7  Underfunded Youth Livelihood Program  \uf0b7  Management and Utilization of Natural Resources  \uf0b7  Illegal developments in Kaliddubi wetland  \uf0b7  Status of Basic Medical Equipment at Ndejje HC1V  \uf0b7  Garbage Management  \uf0b7  Management of Procurement  \uf0b7  Irregular Procurement for construction of a perimeter wall  \uf0b7  Lack of Contract Implementation plans and management Reports  \uf0b7  Physical Planning Committee  \uf0b7  Capitation Grants  \uf0b7  Under realization of Capitation Grants        255    \uf0b7  Insufficient School Infrastructure  74."}}, {"type": "Feature", "geometry": {"type": "Point", "coordinates": [34.0160135, 0.3917103]}, "properties": {"project_name": "Busia One Stop Border Post", "project_type": "other_building", "place_names": "Busia", "district": "Busia", "years_mentioned": "2021", "n_years": 1, "n_mentions": 1, "drivers_mentioned": "land_and_right_of_way", "min_confidence_across_mentions": "medium", "geocode_status": "success", "geocode_precision": "place-centroid", "nominatim_display_name": "Busia, Eastern Region, Uganda", "representative_sentence": "When the procurement  was completed and the Lands at Malaba, Busia and Elegu were handed over to the  contractor, the contractor could not access the sites as all the sites had encroachers  and subsequent land wrangles."}}, {"type": "Feature", "geometry": {"type": "Point", "coordinates": [33.5016935, 0.7221911]}, "properties": {"project_name": "Busoga Loop Railway Line (Iganga-Kigulu section)", "project_type": "other", "place_names": "Iganga;Kigulu", "district": "Iganga", "years_mentioned": "2023", "n_years": 1, "n_mentions": 1, "drivers_mentioned": "delay_time_overrun", "min_confidence_across_mentions": "high", "geocode_status": "success", "geocode_precision": "place-centroid", "nominatim_display_name": "Iganga, Eastern Region, Uganda", "representative_sentence": "Uganda  Refinery  Holding  Company  Energy Development    Unqualified  \uf0b7  The 240MW power substation at Kabalega Industrial Park originally planned to be  finalized by mid-2024 was rescheduled to commence the design and construction  phase by early 2024, indicating the risk of delayed completion."}}, {"type": "Feature", "geometry": {"type": "Point", "coordinates": [32.1686983, 0.2473257]}, "properties": {"project_name": "Butaaka Health Centre II", "project_type": "hospital_health", "place_names": "Butaaka", "district": NaN, "years_mentioned": "2019", "n_years": 1, "n_mentions": 1, "drivers_mentioned": "contract_management", "min_confidence_across_mentions": "high", "geocode_status": "success", "geocode_precision": "place-centroid", "nominatim_display_name": "Butaaka, Butambala, Central Region, Uganda", "representative_sentence": "\u2022  Under UgIFT, there was unspent balance of 0.125bn on the contract for the upgrade of Butaaka  Health Centre II and inspections revealed incomplete and shoddy works at the facility."}}, {"type": "Feature", "geometry": {"type": "Point", "coordinates": [33.197806, -0.3113927]}, "properties": {"project_name": "Buvuma District Administration Block Phase II", "project_type": "other_building", "place_names": "Buvuma", "district": "Buvuma", "years_mentioned": "2018", "n_years": 1, "n_mentions": 1, "drivers_mentioned": "land_and_right_of_way", "min_confidence_across_mentions": "medium", "geocode_status": "success", "geocode_precision": "place-centroid", "nominatim_display_name": "Buvuma, Central Region, Uganda", "representative_sentence": "Buvuma DLG  \uf0b7 Performance of Youth Livelihood Programme  \uf0b7 Underfunding of the Programme  \uf0b7 Non Compliance with the Repayment Schedule  \uf0b7 Transfer of recovered funds to the recovery account in BOU  \uf0b7 Implementation of the Uganda Road Funds  \uf0b7 Routine manual maintenance  \uf0b7 Routine Mechanised Maintenance  \uf0b7 Periodic Maintenance  \uf0b7 Lack of Property Valuation Roll  \uf0b7 Construction of the District Administration Block under Phase II  \uf0b7 Un Confirmed Ownership of Land  \uf0b7 Lack of Land titles  \uf0b7 Under Staffing  \uf0b7 Management and Utilization of Natural Resources  \uf0b7 Lack of a District Environment Committee  \uf0b7 Failure to carry out demarcation of Wetlands  \uf0b7 Encroachment on Natural Resources  \uf0b7 Status of Medical Equipment at Buvuma Health Centre IV  \uf0b7 Lack of Essential Medical Equipment  \uf0b7 Lack of Power at the Health Centre IV  \uf0b7 Lack of a fully Constituted District Physical Planning Committee  66."}}, {"type": "Feature", "geometry": {"type": "Point", "coordinates": [33.197806, -0.3113927]}, "properties": {"project_name": "Buvuma Health Centre IV", "project_type": "hospital_health", "place_names": "Buvuma", "district": "Buvuma", "years_mentioned": "2018", "n_years": 1, "n_mentions": 1, "drivers_mentioned": "land_and_right_of_way", "min_confidence_across_mentions": "medium", "geocode_status": "success", "geocode_precision": "place-centroid", "nominatim_display_name": "Buvuma, Central Region, Uganda", "representative_sentence": "Buvuma DLG  \uf0b7 Performance of Youth Livelihood Programme  \uf0b7 Underfunding of the Programme  \uf0b7 Non Compliance with the Repayment Schedule  \uf0b7 Transfer of recovered funds to the recovery account in BOU  \uf0b7 Implementation of the Uganda Road Funds  \uf0b7 Routine manual maintenance  \uf0b7 Routine Mechanised Maintenance  \uf0b7 Periodic Maintenance  \uf0b7 Lack of Property Valuation Roll  \uf0b7 Construction of the District Administration Block under Phase II  \uf0b7 Un Confirmed Ownership of Land  \uf0b7 Lack of Land titles  \uf0b7 Under Staffing  \uf0b7 Management and Utilization of Natural Resources  \uf0b7 Lack of a District Environment Committee  \uf0b7 Failure to carry out demarcation of Wetlands  \uf0b7 Encroachment on Natural Resources  \uf0b7 Status of Medical Equipment at Buvuma Health Centre IV  \uf0b7 Lack of Essential Medical Equipment  \uf0b7 Lack of Power at the Health Centre IV  \uf0b7 Lack of a fully Constituted District Physical Planning Committee  66."}}, {"type": "Feature", "geometry": {"type": "Point", "coordinates": [33.5660057, 0.1735838]}, "properties": {"project_name": "Bwondha Primary School Classroom Blocks", "project_type": "school", "place_names": "Bwondha", "district": NaN, "years_mentioned": "2023", "n_years": 1, "n_mentions": 1, "drivers_mentioned": "delay_time_overrun", "min_confidence_across_mentions": "high", "geocode_status": "success", "geocode_precision": "place-centroid", "nominatim_display_name": "BWONDHA, Bwondha A, Mayuge, Eastern Region, Uganda", "representative_sentence": "Unjustified extensions of time lead  to delayed completion of the works."}}, {"type": "Feature", "geometry": {"type": "LineString", "coordinates": [[34.1803958, 1.0708421], [30.2780271, 0.6547034]]}, "properties": {"project_name": "Cathedral-Mugurusi Road", "project_type": "road", "place_names": "Cathedral;Mugurusi", "district": NaN, "years_mentioned": "2019", "n_years": 1, "n_mentions": 1, "drivers_mentioned": "contract_management", "min_confidence_across_mentions": "medium", "geocode_status": "success", "geocode_precision": "place-centroid (line endpoints)", "nominatim_display_name": "Cathedral: Cathedral, Mbale City, Bugisa sub-region, Eastern Region, Uganda | Mugurusi: Mugurusi Road, Fort Portal City, Western Region, Uganda", "representative_sentence": "\u2022  Under URF, I noted poor workmanship on Cathedral and Mugurusi Road."}}, {"type": "Feature", "geometry": {"type": "Point", "coordinates": [31.055722, 3.6021351]}, "properties": {"project_name": "Chakulia Health Centre II to III Upgrade", "project_type": "hospital_health", "place_names": "Chakulia", "district": NaN, "years_mentioned": "2019", "n_years": 1, "n_mentions": 1, "drivers_mentioned": "delay_time_overrun", "min_confidence_across_mentions": "high", "geocode_status": "success", "geocode_precision": "place-centroid", "nominatim_display_name": "Chakulia, Koboko, Northern Region, Uganda", "representative_sentence": "\u2022  Physical inspection on the upgrading of Chakulia Health Center II to Health Center III revealed  that the project was behind schedule."}}, {"type": "Feature", "geometry": {"type": "LineString", "coordinates": [[34.3933733, 1.3512436], [34.3957435, 1.3383123]]}, "properties": {"project_name": "Chebaser-Kapkwateny Road (NUSAF sub-project)", "project_type": "road", "place_names": "Chebaser;Kapkwateny", "district": "Kapchorwa", "years_mentioned": "2018", "n_years": 1, "n_mentions": 1, "drivers_mentioned": "delay_time_overrun", "min_confidence_across_mentions": "medium", "geocode_status": "success", "geocode_precision": "place-centroid (line endpoints)", "nominatim_display_name": "Chebaser: Chebaser, Kapchorwa, Eastern Region, Uganda | Kapkwateny: Kapkwateny, Kapchorwa, Eastern Region, Uganda", "representative_sentence": "Kapchorwa DLG    \uf0b7  YLP-Low Recovery of Funds  \uf0b7  Performance of URF  \uf0b7  Outstanding rent arrears  \uf0b7  Missing vouchers  \uf0b7  Failure to sign Financing agreements with Youth Groups  \uf0b7  NUSAF Project Operations, shortcomings on Chebaser-kapkwateny car  sub-project (road construction)  \uf0b7  Unrealized Royalties Revenue  \uf0b7  Outstanding Rent Arrears  \uf0b7  Shortfall in Central Government Transfers  \uf0b7  Staffing Gaps  \uf0b7  Stalled construction of the new Administration Block  \uf0b7  Status of Medical Equipment in the Hospital  \uf0b7  Inadequate medical equipment  \uf0b7  Failure to prepare defect reports  \uf0b7  Defects on the construction of maternity ward in Tumboboi Sub-county  \uf0b7  Lack of legal ownership of land, forests reserves  \uf0b7  Absence of a Distinct Environmental Committee  \uf0b7  Unlicensed activities on Natural resources        265    \uf0b7  Budget for the Physical Planning committee  \uf0b7  Physical Planning Committee Performance  101."}}, {"type": "Feature", "geometry": {"type": "Point", "coordinates": [32.6063658, 0.3419051]}, "properties": {"project_name": "China-Uganda Friendship Hospital (Naguru)", "project_type": "hospital_health", "place_names": "Naguru", "district": "Kampala", "years_mentioned": "2018", "n_years": 1, "n_mentions": 1, "drivers_mentioned": "procurement_irregularities", "min_confidence_across_mentions": "medium", "geocode_status": "success", "geocode_precision": "place-centroid", "nominatim_display_name": "Naguru, Nakawa, Kampala Capital City, Kampala, Central Region, Uganda", "representative_sentence": "Mulago National Referral Hospital \uf0b7  Unspent releases (UGX.3,502,000,000)  \uf0b7  Absence of an approved strategic plan  \uf0b7  Delays in Banking of Collections  \uf0b7  Lack of Hospital Management Board  \uf0b7  Staffing gaps  \uf0b7  Use of Inappropriate procurement method  \uf0b7  Procurement and execution of works worth (UGX 709,716,746)  before Solicitor General\u2019s clearance  \uf0b7  Failure to obtain a performance security  144."}}, {"type": "Feature", "geometry": {"type": "Point", "coordinates": [32.0717338, 3.5633808]}, "properties": {"project_name": "Elegu One Stop Border Post", "project_type": "other_building", "place_names": "Elegu", "district": "Amuru", "years_mentioned": "2021", "n_years": 1, "n_mentions": 1, "drivers_mentioned": "land_and_right_of_way", "min_confidence_across_mentions": "medium", "geocode_status": "success", "geocode_precision": "place-centroid [disambiguated]", "nominatim_display_name": "[CORRECTED via disambiguated query] Elegu Market, Nimule-Gulu Road, Bibia West, Amuru, Northern Region, Uganda (was: Elegu, Moyo, Northern Region, Uganda)", "representative_sentence": "When the procurement  was completed and the Lands at Malaba, Busia and Elegu were handed over to the  contractor, the contractor could not access the sites as all the sites had encroachers  and subsequent land wrangles."}}, {"type": "Feature", "geometry": {"type": "Point", "coordinates": [32.4698564, 0.0611715]}, "properties": {"project_name": "Entebbe Hospital", "project_type": "hospital_health", "place_names": "Entebbe", "district": "Wakiso", "years_mentioned": "2018", "n_years": 1, "n_mentions": 1, "drivers_mentioned": "delayed_payments", "min_confidence_across_mentions": "medium", "geocode_status": "success", "geocode_precision": "place-centroid", "nominatim_display_name": "Entebbe City, Central Region, Uganda", "representative_sentence": "Wakiso DLG    \uf0b7 Performance of Youth Livelihood Programme  \uf0b7 Implementation of the Uganda Road Funds  \uf0b7 Delayed Works on Nansana-Kireka-Biira Road (1km)  \uf0b7 Outstanding Commitments  \uf0b7 Outstanding Salary Arrears of UGX.61,419,581  \uf0b7 Pension Arrears  \uf0b7 Shortfall in Government Releases  \uf0b7 Unspent/Un-Utilized conditional Grant  \uf0b7 Pensioners not on the Payroll  \uf0b7 Unrealized Royalties fr Ministry of Energy  \uf0b7 Failure to meet minimum standards at Wakiso Health Centre IV  \uf0b7 Entebbe Hospital - Outstanding utility bills  \uf0b7 Audit of UPE Schools Capitation Grant  \uf0b7 Mismanagement of UPE Funds at Kyengeza Muslim P/S  \uf0b7 Insufficient Infrastructure in UPE Schools  \uf0b7 Management of Procurement  \uf0b7 Failure to prepare Evaluation tools  \uf0b7 Irregularities in the procurement for the Rehabilitation of Boreholes        247    \uf0b7 Lack of signed contracts  \uf0b7 Management and Utilisation of Natural Resources  \uf0b7 Lack of a land Register  \uf0b7 Lack of a lease Register  \uf0b7 Management of Road Equipment  \uf0b7 Lack of Road safety Equipment  \uf0b7 Non-functioning Road equipment  \uf0b7 Inadequate mechanical imprest  \uf0b7 Lack of Physical Planning Committee  \uf0b7 Entebbe Hospital  \uf0b7 Existence and Status of Medical equipment  \uf0b7 Essential Medicines and Health supplies Stock Outs  65."}}, {"type": "Feature", "geometry": {"type": "Point", "coordinates": [32.5813539, 0.3177137]}, "properties": {"project_name": "Enterprise Uganda Office Block", "project_type": "other_building", "place_names": "Kampala", "district": "Kampala", "years_mentioned": "2023", "n_years": 1, "n_mentions": 1, "drivers_mentioned": "delayed_payments", "min_confidence_across_mentions": "medium", "geocode_status": "success", "geocode_precision": "place-centroid", "nominatim_display_name": "Kampala, Central Region, Uganda", "representative_sentence": "Unpaid PAPs were 6,256 with  outstanding payments of UGX 4,677,888,844    Energy  for  Rural  Transformation  Project - Phase  III (ERT III)  Under  The  Project  Coordination  Unit  Energy Development    Unqualified  I observed that;    \uf0b7  Cumulative disbursements of project funds as at 30th June 2023 by the donor was  USD.11.1M (94%) out of the expected USD 11.8M, while GOU counterpart  disbursements are at 116% (USD 2.91M out of USD 2.5M)."}}, {"type": "Feature", "geometry": {"type": "Point", "coordinates": [34.6924324, 1.2549848]}, "properties": {"project_name": "Farm Access Roads Rehabilitation - Bukwo District (11km)", "project_type": "road", "place_names": "Bukwo", "district": "Bukwo", "years_mentioned": "2023", "n_years": 1, "n_mentions": 1, "drivers_mentioned": "delay_time_overrun", "min_confidence_across_mentions": "medium", "geocode_status": "success", "geocode_precision": "place-centroid", "nominatim_display_name": "Bukwo, Eastern Region, Uganda", "representative_sentence": "The details for the delays and are  presented below;    Table 44: Table showing delayed completion of works on ten projects  SN  Project  Delays [No  of Days]  1  Rehabilitative works on bottlenecks (chokes) on 11km of farm access  roads in Bukwo district."}}, {"type": "Feature", "geometry": {"type": "LineString", "coordinates": [[33.8904092, 1.1923861], [33.691487, 1.2200724]]}, "properties": {"project_name": "Farm Access Roads Rehabilitation - Butebo and Pallisa Districts (28km)", "project_type": "road", "place_names": "Butebo;Pallisa", "district": NaN, "years_mentioned": "2023", "n_years": 1, "n_mentions": 1, "drivers_mentioned": "contract_management", "min_confidence_across_mentions": "medium", "geocode_status": "success", "geocode_precision": "place-centroid (line endpoints)", "nominatim_display_name": "Butebo: Butebo, Eastern Region, Uganda | Pallisa: Pallisa, Eastern Region, Uganda", "representative_sentence": "Potholes, gullies, silted side drains, cracked head  walls  9  Rehabilitative works on bottlenecks  (chokes) on 17.7km of farm access  roads in Kabonera, Kyasiga, and  Kyanamukaka Sub county in Masaka  district  Loss of camber, absence of scour checks on  some roads, gullies, gravel loss, poorly placed  culvert end structures, misaligned culverts  10  Rehabilitative works on bottlenecks  (chokes) on 29km of farm access  (Menziro \u2013Kateera 14.5) in Kakuto  subcounty and Kasanvu Kyakatuma  Kamuli Rd 14.9km, Kyeere subcounty  roads in Kyotera District  Cracked culverts, damaged headwalls, collapsed  culvert, unjointed culverts, heavily silted culverts  11  Rehabilitative works on 28km of farm  access roads in Butebo and Pallisa  districts  Loose material around culverts, silted culverts  12  Rehabilitative works on 26km of farm  access  roads  in  Kasanda  and  Mubende districts  Absence of concrete bedding, gullies, unjointed  culverts, cracked headwalls, deformed Armco  culvert  13  Rehabilitative works on 7.8km of farm  access roads in Mpigi district  Unjointed culverts, absence of concrete bedding  14  Rehabilitative works on bottlenecks  (chokes) on 37km of farm access  roads in Kamwenge district  Absence of scour checks, gravel loss, cracked  headwalls, rutting, un compacted gravel    I advised the Accounting Officer to ensure that all the above observed defects and/or  omissions are rectified    (ix)  Implementation of Environmental, Health, Social and Safety Measures    During the physical inspection of the works, I noted that on ten (10) projects there were  incidences of inadequate implementation of environmental, health, social and safety  measures as detailed below;    Table 48: Table showing incidences of inadequate implementation of environmental,  health, social and safety measures  SN  Project  Observation  1  Rehabilitative works on bottlenecks (chokes) on  11km of farm access roads in Bukwo district."}}, {"type": "Feature", "geometry": {"type": "LineString", "coordinates": [[31.6675727, -0.4470817], [31.7114455, -0.5104498]]}, "properties": {"project_name": "Farm Access Roads Rehabilitation - Kabonera/Kyasiga/Kyanamukaka, Masaka District (17.7km)", "project_type": "road", "place_names": "Kabonera;Kyasiga;Kyanamukaka", "district": "Masaka", "years_mentioned": "2023", "n_years": 1, "n_mentions": 1, "drivers_mentioned": "delay_time_overrun", "min_confidence_across_mentions": "medium", "geocode_status": "success", "geocode_precision": "place-centroid (line endpoints)", "nominatim_display_name": "Kabonera: Kabonera, Masaka City, Central Region, Uganda | Kyanamukaka: Kyanamukaka, Masaka, Central Region, Uganda", "representative_sentence": "413  8  Rehabilitative works on bottlenecks (chokes) on 17.7km of farm access  roads in Kabonera, Kyasiga, and Kyanamukaka Sub county in Masaka  district  480  9  Rehabilitative works on bottlenecks (chokes) on 29km of farm access  (Menziro \u2013Kateera 14.5) in Kakuto Subcounty and Kasanvu Kyakatuma  Kamuli Rd 14.9km, Kyeere subcounty roads in Kyotera District  335  10  Rehabilitative works on 26km of farm access roads in Kasanda and  Mubende districts  186    Delayed completion of works denies intended users timely usage of the infrastructure    I advised the Accounting Officer to put in place measures to ensure that works are  accelerated and completed."}}, {"type": "Feature", "geometry": {"type": "Point", "coordinates": [30.6150555, 0.3373317]}, "properties": {"project_name": "Farm Access Roads Rehabilitation - Kamwenge District (37km)", "project_type": "road", "place_names": "Kamwenge", "district": "Kamwenge", "years_mentioned": "2023", "n_years": 1, "n_mentions": 1, "drivers_mentioned": "contract_management", "min_confidence_across_mentions": "medium", "geocode_status": "success", "geocode_precision": "place-centroid", "nominatim_display_name": "Kamwenge, Western Region, Uganda", "representative_sentence": "Potholes, gullies, silted side drains, cracked head  walls  9  Rehabilitative works on bottlenecks  (chokes) on 17.7km of farm access  roads in Kabonera, Kyasiga, and  Kyanamukaka Sub county in Masaka  district  Loss of camber, absence of scour checks on  some roads, gullies, gravel loss, poorly placed  culvert end structures, misaligned culverts  10  Rehabilitative works on bottlenecks  (chokes) on 29km of farm access  (Menziro \u2013Kateera 14.5) in Kakuto  subcounty and Kasanvu Kyakatuma  Kamuli Rd 14.9km, Kyeere subcounty  roads in Kyotera District  Cracked culverts, damaged headwalls, collapsed  culvert, unjointed culverts, heavily silted culverts  11  Rehabilitative works on 28km of farm  access roads in Butebo and Pallisa  districts  Loose material around culverts, silted culverts  12  Rehabilitative works on 26km of farm  access  roads  in  Kasanda  and  Mubende districts  Absence of concrete bedding, gullies, unjointed  culverts, cracked headwalls, deformed Armco  culvert  13  Rehabilitative works on 7.8km of farm  access roads in Mpigi district  Unjointed culverts, absence of concrete bedding  14  Rehabilitative works on bottlenecks  (chokes) on 37km of farm access  roads in Kamwenge district  Absence of scour checks, gravel loss, cracked  headwalls, rutting, un compacted gravel    I advised the Accounting Officer to ensure that all the above observed defects and/or  omissions are rectified    (ix)  Implementation of Environmental, Health, Social and Safety Measures    During the physical inspection of the works, I noted that on ten (10) projects there were  incidences of inadequate implementation of environmental, health, social and safety  measures as detailed below;    Table 48: Table showing incidences of inadequate implementation of environmental,  health, social and safety measures  SN  Project  Observation  1  Rehabilitative works on bottlenecks (chokes) on  11km of farm access roads in Bukwo district."}}, {"type": "Feature", "geometry": {"type": "Point", "coordinates": [34.3961656, 1.3310607]}, "properties": {"project_name": "Farm Access Roads Rehabilitation - Kapchorwa District (13km)", "project_type": "road", "place_names": "Kapchorwa", "district": "Kapchorwa", "years_mentioned": "2023", "n_years": 1, "n_mentions": 1, "drivers_mentioned": "claims_and_disputes", "min_confidence_across_mentions": "medium", "geocode_status": "success", "geocode_precision": "place-centroid", "nominatim_display_name": "Kapchorwa, Eastern Region, Uganda", "representative_sentence": "1,541,679,717  2  Rehabilitative works on 13km of farm access roads in  Kapchorwa district  339,355,870  3  Rehabilitative works on bottlenecks (chokes) on 29km of  farm access (Menziro \u2013Kateera 14.5) in Kakuto Subcounty  and Kasanvu Kyakatuma Kamuli Rd 14.9km, Kyeere  subcounty roads in Kyotera District  152,166,097  4  Rehabilitative works on 26km of farm access roads in  Kasanda and Mubende districts  517,650,738  248    SN  Project  Un Recovered Advance  [UGX]  5  Rehabilitative works on 7.8km of farm access roads in Mpigi  district  165,615,247      2,716,467,669    Failure to maintain a valid performance and advance payment guarantee constitutes a  fundamental breach of contract and exposes the client to the risk of financial loss in the  event the contractors fail to perform."}}, {"type": "Feature", "geometry": {"type": "LineString", "coordinates": [[31.802222, 0.556667], [31.4095476, 0.5154279]]}, "properties": {"project_name": "Farm Access Roads Rehabilitation - Kasanda and Mubende Districts (26km)", "project_type": "road", "place_names": "Kasanda;Mubende", "district": NaN, "years_mentioned": "2023", "n_years": 1, "n_mentions": 1, "drivers_mentioned": "delay_time_overrun", "min_confidence_across_mentions": "medium", "geocode_status": "success", "geocode_precision": "place-centroid (line endpoints)", "nominatim_display_name": "Kasanda: Kasanda, Kassanda, Central Region, Uganda | Mubende: Mubende, Central Region, Uganda", "representative_sentence": "413  8  Rehabilitative works on bottlenecks (chokes) on 17.7km of farm access  roads in Kabonera, Kyasiga, and Kyanamukaka Sub county in Masaka  district  480  9  Rehabilitative works on bottlenecks (chokes) on 29km of farm access  (Menziro \u2013Kateera 14.5) in Kakuto Subcounty and Kasanvu Kyakatuma  Kamuli Rd 14.9km, Kyeere subcounty roads in Kyotera District  335  10  Rehabilitative works on 26km of farm access roads in Kasanda and  Mubende districts  186    Delayed completion of works denies intended users timely usage of the infrastructure    I advised the Accounting Officer to put in place measures to ensure that works are  accelerated and completed."}}, {"type": "Feature", "geometry": {"type": "Point", "coordinates": [32.2527517, 0.1273955]}, "properties": {"project_name": "Farm Access Roads Rehabilitation - Mpigi District (7.8km)", "project_type": "road", "place_names": "Mpigi", "district": "Mpigi", "years_mentioned": "2023", "n_years": 1, "n_mentions": 1, "drivers_mentioned": "contract_management", "min_confidence_across_mentions": "medium", "geocode_status": "success", "geocode_precision": "place-centroid", "nominatim_display_name": "Mpigi, Central Region, Uganda", "representative_sentence": "Potholes, gullies, silted side drains, cracked head  walls  9  Rehabilitative works on bottlenecks  (chokes) on 17.7km of farm access  roads in Kabonera, Kyasiga, and  Kyanamukaka Sub county in Masaka  district  Loss of camber, absence of scour checks on  some roads, gullies, gravel loss, poorly placed  culvert end structures, misaligned culverts  10  Rehabilitative works on bottlenecks  (chokes) on 29km of farm access  (Menziro \u2013Kateera 14.5) in Kakuto  subcounty and Kasanvu Kyakatuma  Kamuli Rd 14.9km, Kyeere subcounty  roads in Kyotera District  Cracked culverts, damaged headwalls, collapsed  culvert, unjointed culverts, heavily silted culverts  11  Rehabilitative works on 28km of farm  access roads in Butebo and Pallisa  districts  Loose material around culverts, silted culverts  12  Rehabilitative works on 26km of farm  access  roads  in  Kasanda  and  Mubende districts  Absence of concrete bedding, gullies, unjointed  culverts, cracked headwalls, deformed Armco  culvert  13  Rehabilitative works on 7.8km of farm  access roads in Mpigi district  Unjointed culverts, absence of concrete bedding  14  Rehabilitative works on bottlenecks  (chokes) on 37km of farm access  roads in Kamwenge district  Absence of scour checks, gravel loss, cracked  headwalls, rutting, un compacted gravel    I advised the Accounting Officer to ensure that all the above observed defects and/or  omissions are rectified    (ix)  Implementation of Environmental, Health, Social and Safety Measures    During the physical inspection of the works, I noted that on ten (10) projects there were  incidences of inadequate implementation of environmental, health, social and safety  measures as detailed below;    Table 48: Table showing incidences of inadequate implementation of environmental,  health, social and safety measures  SN  Project  Observation  1  Rehabilitative works on bottlenecks (chokes) on  11km of farm access roads in Bukwo district."}}, {"type": "Feature", "geometry": {"type": "Point", "coordinates": [30.2779432, 0.6561907]}, "properties": {"project_name": "Fort Portal Beneficiation Centre", "project_type": "other_building", "place_names": "Fort Portal", "district": "Kabarole", "years_mentioned": "2023", "n_years": 1, "n_mentions": 1, "drivers_mentioned": "contract_management", "min_confidence_across_mentions": "high", "geocode_status": "success", "geocode_precision": "place-centroid", "nominatim_display_name": "Fort Portal City, Western Region, Uganda", "representative_sentence": "\uf0b7  The construction works for the Beneficiation centre in Fortportal were shoddy and  incomplete which delayed the operationalisation of the centre."}}, {"type": "Feature", "geometry": {"type": "Point", "coordinates": [30.2779432, 0.6561907]}, "properties": {"project_name": "Fort Portal Regional Referral Hospital", "project_type": "hospital_health", "place_names": "Fort Portal", "district": "Kabarole", "years_mentioned": "2018", "n_years": 1, "n_mentions": 1, "drivers_mentioned": "delayed_payments", "min_confidence_across_mentions": "high", "geocode_status": "success", "geocode_precision": "place-centroid", "nominatim_display_name": "Fort Portal City, Western Region, Uganda", "representative_sentence": "Gulu University  \uf0b7  Unimplemented budget activities  \uf0b7   Un disclosed Domestic Arrears UGX.5,216,963,475  \uf0b7  Teaching of Un-reviewed programs  \uf0b7  Un-Collected premium and ground rent  \uf0b7  Irregular Occupation of Premises-  \uf0b7  Statutory Deductions-PAYE of UGX.324,624,045 not remitted  \uf0b7  Undeveloped Land  \uf0b7  Inadequate University Infrastructure  \uf0b7  Loss of cash in transit- UGX.48, 527,800  \uf0b7  Staffing Gaps  \uf0b7  Inadequate budget allocation to the Library  94."}}, {"type": "Feature", "geometry": {"type": "Point", "coordinates": [30.2779432, 0.6561907]}, "properties": {"project_name": "Fort Portal Substation", "project_type": "power_transmission", "place_names": "Fort Portal", "district": "Kabarole", "years_mentioned": "2023", "n_years": 1, "n_mentions": 1, "drivers_mentioned": "contract_management", "min_confidence_across_mentions": "high", "geocode_status": "success", "geocode_precision": "place-centroid", "nominatim_display_name": "Fort Portal City, Western Region, Uganda", "representative_sentence": "The delayed  completion of works creates risks of escalation of supervision and construction  costs."}}, {"type": "Feature", "geometry": {"type": "Point", "coordinates": [32.6161152, 0.2758257]}, "properties": {"project_name": "Gaba Water Treatment Plant Project", "project_type": "water_supply", "place_names": "Gaba", "district": "Kampala", "years_mentioned": "2022", "n_years": 1, "n_mentions": 1, "drivers_mentioned": "land_and_right_of_way", "min_confidence_across_mentions": "high", "geocode_status": "success", "geocode_precision": "place-centroid [disambiguated]", "nominatim_display_name": "[CORRECTED via disambiguated query] Gaba Nook Road, Konge, Makindye, Kampala Capital City, Kampala, Central Region, Uganda (was: Gaba, Butaleja, Eastern Region, Uganda)", "representative_sentence": "\uf0b7  I noted incidents where NWSC possessed land that had expired land leases; some titles were yet to be transferred  in the company names; some land housing NWSC infrastructure and which was given by other government  agencies had no MoUs signed; and some land was encroached on."}}, {"type": "Feature", "geometry": {"type": "Point", "coordinates": [32.1236674, 3.2588262]}, "properties": {"project_name": "Gem Farm Bailey Bridge", "project_type": "bridge", "place_names": "Atiak", "district": "Amuru", "years_mentioned": "2019", "n_years": 1, "n_mentions": 1, "drivers_mentioned": "contract_management", "min_confidence_across_mentions": "high", "geocode_status": "success", "geocode_precision": "place-centroid", "nominatim_display_name": "Atiak, Amuru, Uganda", "representative_sentence": "Bleeding, broken end structures, broken and  scoured aprons, Stripped capping layer  along road carriageway, silted culverts  11  Low Cost Sealing of Selected District  Roads; Lot 6: in Kamuli District  Silted culverts, damaged culvert bases,  washed off culvert backfill, damaged road  base, damaged end structures  12  Construction of Gem Farm Bailey  Bridge in Atiak, Amuru District  Collapsed gabion at Abutment 2 RHS,  Inadequate backfill at approach to the  bridge (LHS) in the corner, Need for river  training  13  Construction of Kisaigi Bridge in  Kakumiro District Lot 1  Honey combs, collapsing backfill, Crack at  Abutment wall, Formwork left within the  bridge structure at different locations  14  Construction of Kabindula Swamp  Crossing in Kyankwanzi District Lot 20  Extensive Honey combing, poor  workmanship on concrete works    The Accounting Officer indicated that contractors had been instructed to address the  identified defects prior to issue of the practical completion certificate."}}, {"type": "Feature", "geometry": {"type": "Point", "coordinates": [32.4317682, 0.3047385]}, "properties": {"project_name": "Gerenge Ferry Landing Site, Katabi Town Council", "project_type": "other_building", "place_names": "Gerenge", "district": "Wakiso", "years_mentioned": "2023", "n_years": 1, "n_mentions": 1, "drivers_mentioned": "delay_time_overrun", "min_confidence_across_mentions": "high", "geocode_status": "partial", "geocode_precision": "district-centroid", "nominatim_display_name": "Muzinda Church of Uganda, Kampala\u2013Mpigi Expressway, Kiwumu, Masanda, Wakiso, Central Region, Uganda", "representative_sentence": "\uf0b7  There was delayed completion of; Construction of a Ferry Landing Site at Gerenge  in Katabi Town Council, Civil Works for Upgrading of Shimon Roads (3.178km) and  Civil Works for the upgrading of Kiwogoloma-Kitukutwe-Kijabijjo road (4.5km) and  Bulindo-Nsansa-Namugongo road (4.56km), Ssezibwa (Bulandi \u2013Gyira) Swamp  Crossing Between Kayunga and Nakasogola Districts as well as civil Works for  Upgrading of Kafunta-Buwampa Road (9.5KM)."}}, {"type": "Feature", "geometry": {"type": "Point", "coordinates": [32.7012752, 0.3936238]}, "properties": {"project_name": "Goma HC III Maternity Ward", "project_type": "hospital_health", "place_names": "Goma", "district": "Mukono", "years_mentioned": "2018", "n_years": 1, "n_mentions": 1, "drivers_mentioned": "delayed_payments", "min_confidence_across_mentions": "high", "geocode_status": "success", "geocode_precision": "place-centroid [disambiguated]", "nominatim_display_name": "[CORRECTED via disambiguated query] GOMA, Bukerere Road, Seeta, Bugoba, Mukono, Central Region, Uganda (was: Goma, Kyotera, Central Region, Uganda)", "representative_sentence": "Pader DLG  \uf0b7  Un-disclosed Advances  \uf0b7  Unaccounted for Funds    \uf0b7  Performance of Youth Livelihood Programme  \uf0b7  Funding of the Program  \uf0b7  Noncompliance with the Repayment Schedule  \uf0b7  Failure to transfer recovered funds to the  recovery account in BOU  \uf0b7  Inspection of Performance of Youth projects  \uf0b7  Implementation of the Uganda Road Funds  \uf0b7  Budget Performance  \uf0b7  Status of implementation        218    \uf0b7  Unpaid Pensions Arrears  \uf0b7  Under Collection of Local Revenue  \uf0b7  Non-disbursement of YLP Project Funds to  Youth Interest Groups  \uf0b7  Summary of exceptions raised in the PPDA  audit report  \uf0b7  Management of natural resources  \uf0b7  Lack of legal ownership of land, forests  reserves and wetlands  \uf0b7  Unlicensed /illegal activities on Natural  resources  \uf0b7  Status of Basic Medical Equipment  \uf0b7  Physical Planning Committee  \uf0b7  Existence of Physical Planning Committee  \uf0b7  Performance of Physical Planning the  Committee    KAMPALA  BRANCH      7."}}, {"type": "Feature", "geometry": {"type": "Point", "coordinates": [32.1128011, 0.1795414]}, "properties": {"project_name": "Gombe Hospital", "project_type": "hospital_health", "place_names": "Gombe", "district": "Butambala", "years_mentioned": "2018", "n_years": 1, "n_mentions": 1, "drivers_mentioned": "land_and_right_of_way", "min_confidence_across_mentions": "high", "geocode_status": "success", "geocode_precision": "place-centroid [disambiguated]", "nominatim_display_name": "[CORRECTED via disambiguated query] Gombe, Butambala, Central Region, Uganda (was: Gombe, Bussi, Entebbe City, Central Region, Uganda)", "representative_sentence": "Butambala DLG  \uf0b7 Performance of Youth Livelihood Programme  \uf0b7  Implementation of the Uganda Road Funds  - Budget Performance  - Status of implementation  - Routine manual maintenance  - Routine mechanised maintenance  - Periodic maintenance  - In adequate Monitoring and Supervision of Road works    \uf0b7  Un verified Outstanding Pension and Gratuity Payments  \uf0b7  Under Staffing  \uf0b7  Gombe Hospital  \uf0b7  Inadequate Funding  \uf0b7  Hospital Dilapidated Buildings  \uf0b7  Discharge of Sewage into the Community by the Hospital  \uf0b7  Lack of Land title for the Hospital  \uf0b7 Management of Procurement  \uf0b7 Drilling and Installation of Hand pump Borehole to Solar Powered  Boreholes  \uf0b7 Failure to Meet Evaluation Criteria  \uf0b7 Inspection of the motorized Pump  \uf0b7  Procurement Evaluation for Construction of classrooms at Mavugera  P/S  \uf0b7  Construction of Facilities at Bwetyabya UMEA P/S  \uf0b7  Management of Natural Resources  \uf0b7  Absence of Environment Committees        251    \uf0b7  Conservation of Natural Resources  \uf0b7  Encroachment on Forest Reserves  \uf0b7  Un controlled Human Activities on Wetlands  \uf0b7  Lack of a District Land Office  \uf0b7  Lack of a Land Board  \uf0b7  Inflated Pupil Enrolment  \uf0b7  Status of Basic Medical Equipment at Gbe Hospital  70."}}, {"type": "Feature", "geometry": {"type": "Point", "coordinates": [32.3802374, 3.0346584]}, "properties": {"project_name": "Gulu University Infrastructure", "project_type": "school", "place_names": "Gulu", "district": "Gulu", "years_mentioned": "2018", "n_years": 1, "n_mentions": 1, "drivers_mentioned": "delayed_payments", "min_confidence_across_mentions": "high", "geocode_status": "success", "geocode_precision": "place-centroid", "nominatim_display_name": "Gulu, Northern Region, Uganda", "representative_sentence": "\uf0b7  Delayed execution of construction of National High Altitude  Training Centre (Kiprotich)  \uf0b7   Irregularities in development of Secondary school program  \uf0b7  Accumulation of Domestic Arrears UGX."}}, {"type": "Feature", "geometry": {"type": "LineString", "coordinates": [[32.3802374, 3.0346584], [33.3861057, 2.9476598]]}, "properties": {"project_name": "Gulu-Agago Transmission Line", "project_type": "power_transmission", "place_names": "Gulu;Agago", "district": NaN, "years_mentioned": "2023", "n_years": 1, "n_mentions": 1, "drivers_mentioned": "governance_and_controls", "min_confidence_across_mentions": "high", "geocode_status": "success", "geocode_precision": "place-centroid (line endpoints)", "nominatim_display_name": "Gulu: Gulu, Northern Region, Uganda | Agago: Agago, Uganda", "representative_sentence": "The other  six pillars which support the primary pillar include: Infrastructure and Economic Services;  Financial Inclusion (FI); Social Services; Community Mobilization and Mind-set Change;  Parish Development Management Information System (PDMIS); and Governance and  Administration."}}, {"type": "Feature", "geometry": {"type": "Point", "coordinates": [31.1480968, 1.5661927]}, "properties": {"project_name": "Hoima City Stadium", "project_type": "stadium", "place_names": "Hoima", "district": "Hoima", "years_mentioned": "2024", "n_years": 1, "n_mentions": 1, "drivers_mentioned": "governance_and_controls", "min_confidence_across_mentions": "high", "geocode_status": "success", "geocode_precision": "place-centroid", "nominatim_display_name": "Hoima, Western Region, Uganda", "representative_sentence": "National Enterprises  Corporation (NEC) -  Construction Works  and Engineering Ltd  Governance  and  Security  Unqualified  i)  The Company had outstanding trade debtors worth UGX.20.37Bn by the  close of the financial year."}}, {"type": "Feature", "geometry": {"type": "Point", "coordinates": [31.1480968, 1.5661927]}, "properties": {"project_name": "Hoima Regional Referral Hospital", "project_type": "hospital_health", "place_names": "Hoima", "district": "Hoima", "years_mentioned": "2018", "n_years": 1, "n_mentions": 1, "drivers_mentioned": "cost_overrun", "min_confidence_across_mentions": "high", "geocode_status": "success", "geocode_precision": "place-centroid", "nominatim_display_name": "Hoima, Western Region, Uganda", "representative_sentence": "Fort Portal Regional Referral  Hospital  \uf0b7  Unimplemented budget activities  \uf0b7  Inadequate controls surrounding management of Domestic  arrears- UGX 362,688,782  \uf0b7  Under Budgeting for Domestic Arrears  \uf0b7  Unspent Balances  \uf0b7  Unauthorized Excess Expenditure  \uf0b7  Non Delivery of Ambulance Equipment  \uf0b7  Lack of Skilled Staff to handle Medical Equipment  \uf0b7  Inadequate Medical Equipment  \uf0b7  Condition of Medical Equipment  \uf0b7  Hospital Governing Board not fully constituted  129."}}, {"type": "Feature", "geometry": {"type": "Point", "coordinates": [31.1480968, 1.5661927]}, "properties": {"project_name": "Hoima Town Roads", "project_type": "road", "place_names": "Hoima", "district": "Hoima", "years_mentioned": "2022", "n_years": 1, "n_mentions": 1, "drivers_mentioned": "contract_management", "min_confidence_across_mentions": "medium", "geocode_status": "success", "geocode_precision": "place-centroid", "nominatim_display_name": "Hoima, Western Region, Uganda", "representative_sentence": "\uf0b7  While UNRA obtained a certificate of no objection for the construction and construction supervision of Hoima Town  roads, certificate of no-objection was not obtained for the construction and construction supervision of Masindi  and Kigumba Town roads due to delays in approvals by the funders."}}, {"type": "Feature", "geometry": {"type": "LineString", "coordinates": [[31.1480968, 1.5661927], [32.2055112, 0.5651175]]}, "properties": {"project_name": "Hoima-Busunju Road", "project_type": "road", "place_names": "Hoima;Busunju", "district": NaN, "years_mentioned": "2025", "n_years": 1, "n_mentions": 1, "drivers_mentioned": "delay_time_overrun", "min_confidence_across_mentions": "high", "geocode_status": "success", "geocode_precision": "place-centroid (line endpoints)", "nominatim_display_name": "Hoima: Hoima, Western Region, Uganda | Busunju: Busunju, Mityana, Central Region, Uganda", "representative_sentence": "xiii) Two (2) construction contracts worth UGX.16.91Bn were behind schedule, while  four (4) supplies worth UGX.3.03Bn procured and delivered to MAAIF and  NAGRC stores remained undistributed three (3) months after delivery."}}, {"type": "Feature", "geometry": {"type": "Point", "coordinates": [32.5813539, 0.3177137]}, "properties": {"project_name": "Insurance Regulatory Authority Office Building", "project_type": "other_building", "place_names": "Kampala", "district": "Kampala", "years_mentioned": "2018", "n_years": 1, "n_mentions": 1, "drivers_mentioned": "claims_and_disputes", "min_confidence_across_mentions": "low", "geocode_status": "success", "geocode_precision": "place-centroid", "nominatim_display_name": "Kampala, Central Region, Uganda", "representative_sentence": "Kampala Sanitation Program  (KSP) - National Water  \uf0b7  Delay to pay contractors by GoU to the tune of  UGX.31,158,540,457  \uf0b7  Impending Legal Suits on Disputed Compensation  Offers/claims i.e Amount Claimed is UGX 1,395,856,789 but  Compensated amount is UGX 115,616,970  32."}}, {"type": "Feature", "geometry": {"type": "Point", "coordinates": [29.6567149, -0.8386892]}, "properties": {"project_name": "Ishasha Bridge", "project_type": "bridge", "place_names": "Ishasha", "district": "Kanungu", "years_mentioned": "2022", "n_years": 1, "n_mentions": 1, "drivers_mentioned": "delayed_payments", "min_confidence_across_mentions": "high", "geocode_status": "success", "geocode_precision": "place-centroid", "nominatim_display_name": "Ishasha, Kanyantorogo, Kanungu, Western Region, Uganda", "representative_sentence": "2022    Opinion  Unqualified    \uf0b7  A review of the Interim payment certificates (IPCs) established that there was delayed certification of contractor\u2019s  IPCs and subsequently delayed payments beyond the stipulated time period of 56 days with a time lag ranging  from 23-122 days for GOU portion and 44-101 days for IsDB portion."}}, {"type": "Feature", "geometry": {"type": "LineString", "coordinates": [[31.335259, 1.502848], [31.8124355, -0.1054043]]}, "properties": {"project_name": "Isimba-Bujagali Transmission Line", "project_type": "power_transmission", "place_names": "Isimba;Bujagali", "district": NaN, "years_mentioned": "2019", "n_years": 1, "n_mentions": 1, "drivers_mentioned": "land_and_right_of_way", "min_confidence_across_mentions": "high", "geocode_status": "success", "geocode_precision": "place-centroid (line endpoints)", "nominatim_display_name": "Isimba: Isimba, Hoima, Western Region, Uganda | Bujagali: Bujagali, Kalungu, Central Region, Uganda", "representative_sentence": "4.7  Value for Money Audit on compensation of Project Affected Persons under the  Karuma and Isimba Hydropower Projects and associated transmission lines    In a bid to increase electricity supply countrywide, GoU decided to construct Karuma and  Isimba Hydropower projects, as well as their associated transmission lines, namely Karuma- Kawanda, Karuma-Lira, Karuma-Olwiyo and Isimba-Bujagali."}}, {"type": "Feature", "geometry": {"type": "Point", "coordinates": [30.9356559, -0.8388694]}, "properties": {"project_name": "Isingiro Fruit Factory", "project_type": "other_building", "place_names": "Isingiro", "district": "Isingiro", "years_mentioned": "2018", "n_years": 1, "n_mentions": 1, "drivers_mentioned": "claims_and_disputes", "min_confidence_across_mentions": "medium", "geocode_status": "success", "geocode_precision": "place-centroid", "nominatim_display_name": "Isingiro, Western Region, Uganda", "representative_sentence": "\uf0b7  Payment of un-budgeted prior year arrears amounting to  UGX.48,634,712,458  \uf0b7  Payment for tea lead agency fees for Kabale and Kisoro  districts        201    \uf0d8 Flawed MOU with regard to measurement of  deliverables:  \uf0d8 Rationale for the 30% Lead agency fee on distributed  tea:  \uf0d8 Partial consent settlement without Guarantee;  \uf0b7  Mischarge of Expenditure totalling to UGX.1,009,498,818  \uf0b7  Nugatory Expenditure \u2013 UGX 93,159,046  \uf0b7  Pending cases whose value was in excess of UGX.18 billion  pending resolution by court  \uf0b7  Operation Wealth Creation vehicle status review  \uf0b7  Basis for computation of transport costs to the tune of  UGX.1,978,744,208  \uf0b7  Sugarcane Production in Northern Uganda  \uf0d8 Cane seed procurement-UGX.4,518,260,220  \uf0a7  Non consideration of the evaluation  methodology and criteria  \uf0a7  Delayed delivery and Liquidated damages  charges  \uf0a7  Expiry of the Advance payment guarantee  \uf0d8 Bush Clearing, Land preparation, Planting cane, weed  management, manual and mechanical weeding, seed  cane harvesting and loading-UGX.15,526,487,530  \uf0a7  Irregular Advance payment security in form  of Log books- UGX.4,657,946,259  \uf0a7  Contract price adjustment:  \uf0b7  NAADS\u2019 restructuring and Legal Mandate  \uf0d8 Irregular restructuring:-  \uf0d8 Uncertainty on ownership of Assets:-  \uf0d8 Liability against OWC:-  \uf0b7  NAADS\u2019 assets held by districts  \uf0b7  Failure to execute performance security worth  UGX.23,325,873,958  \uf0b7  Recruitment of Civilians under Operation Wealth Creation  \uf0d8 Unclear Authority for the recruitment of civilians  \uf0d8 Non deduction of PAYE from OWC civilian staff        202      TRADE SECTOR  103."}}, {"type": "Feature", "geometry": {"type": "Point", "coordinates": [31.656046, 3.48608]}, "properties": {"project_name": "Itula-Lomunga Parish Piped Water Extension", "project_type": "water_supply", "place_names": "Itula;Lomunga", "district": NaN, "years_mentioned": "2023", "n_years": 1, "n_mentions": 1, "drivers_mentioned": "delay_time_overrun", "min_confidence_across_mentions": "high", "geocode_status": "success", "geocode_precision": "place-centroid", "nominatim_display_name": "Itula, Obongi, Northern Region, Uganda", "representative_sentence": "Delayed Completion of Works    I noted delays in completion of the works on seven (7) out of the fifteen (15) contracts  ranging from 30 to 182 days."}}, {"type": "Feature", "geometry": {"type": "Point", "coordinates": [33.2805299, 0.5751567]}, "properties": {"project_name": "Jinja Goods Shed (Uganda Railways)", "project_type": "other_building", "place_names": "Jinja", "district": "Jinja", "years_mentioned": "2025", "n_years": 1, "n_mentions": 1, "drivers_mentioned": "delay_time_overrun", "min_confidence_across_mentions": "high", "geocode_status": "success", "geocode_precision": "place-centroid", "nominatim_display_name": "Jinja, Eastern Region, Uganda", "representative_sentence": "xiii) Of the sixty-one (61) road projects handed over to the Ministry at various stages  of implementation, thirty-four (34) were behind the planned level of physical  progress as at 30th June 2025, increasing the risk of delayed completion and  deterioration of earlier works."}}, {"type": "Feature", "geometry": {"type": "Point", "coordinates": [32.5813539, 0.3177137]}, "properties": {"project_name": "KW-LV WATSAN II Package 4B (Kampala Water Treatment Plant)", "project_type": "water_supply", "place_names": "Kampala", "district": "Kampala", "years_mentioned": "2022", "n_years": 1, "n_mentions": 1, "drivers_mentioned": "land_and_right_of_way", "min_confidence_across_mentions": "high", "geocode_status": "success", "geocode_precision": "place-centroid", "nominatim_display_name": "Kampala, Central Region, Uganda", "representative_sentence": "\uf0b7  I noted incidents where NWSC possessed land that had expired land leases; some titles were yet to be transferred  in the company names; some land housing NWSC infrastructure and which was given by other government  agencies had no MoUs signed; and some land was encroached on."}}, {"type": "Feature", "geometry": {"type": "Point", "coordinates": [34.2111234, 3.6582062]}, "properties": {"project_name": "Kaabong Bridge", "project_type": "bridge", "place_names": "Kaabong", "district": "Kaabong", "years_mentioned": "2019", "n_years": 1, "n_mentions": 1, "drivers_mentioned": "procurement_irregularities", "min_confidence_across_mentions": "high", "geocode_status": "success", "geocode_precision": "place-centroid", "nominatim_display_name": "Kaabong, Northern Region, Uganda", "representative_sentence": "c)  Delayed procurement of the Consultant    The contractor for the civil works was procured on 8th February 2016 while the  commencement date of the project was 20th June 2016."}}, {"type": "Feature", "geometry": {"type": "Point", "coordinates": [34.2111234, 3.6582062]}, "properties": {"project_name": "Kaabong Valley Dam", "project_type": "dam", "place_names": "Kaabong", "district": "Kaabong", "years_mentioned": "2023", "n_years": 1, "n_mentions": 1, "drivers_mentioned": "delay_time_overrun", "min_confidence_across_mentions": "low", "geocode_status": "success", "geocode_precision": "place-centroid", "nominatim_display_name": "Kaabong, Northern Region, Uganda", "representative_sentence": "\uf0b7  Two (2) contractors undertaking contract works for the valley dams in Moroto and  Kaabong districts are past the completion time but works are still significantly  behind schedule."}}, {"type": "Feature", "geometry": {"type": "Point", "coordinates": [31.1975239, -0.742071]}, "properties": {"project_name": "Kabaale Health Centre II", "project_type": "hospital_health", "place_names": "Kabaale", "district": NaN, "years_mentioned": "2019", "n_years": 1, "n_mentions": 1, "drivers_mentioned": "procurement_irregularities", "min_confidence_across_mentions": "high", "geocode_status": "success", "geocode_precision": "place-centroid", "nominatim_display_name": "Kabaale (lwambajjo), Rakai, Central Region, Uganda", "representative_sentence": "\u2022  Under the UgIFT, I noted there were procurement delays of up to four months in the contract  for the upgrade of Kabaale health centre II."}}, {"type": "Feature", "geometry": {"type": "Point", "coordinates": [31.045278, 1.474167]}, "properties": {"project_name": "Kabaale Industrial Park", "project_type": "other_building", "place_names": "Kabaale", "district": "Hoima", "years_mentioned": "2022", "n_years": 1, "n_mentions": 1, "drivers_mentioned": "procurement_irregularities", "min_confidence_across_mentions": "high", "geocode_status": "success", "geocode_precision": "place-centroid [disambiguated]", "nominatim_display_name": "[CORRECTED via disambiguated query] Kabaale, Hoima, Western Region, Uganda (was: Kabaale (lwambajjo), Rakai, Central Region, Uganda)", "representative_sentence": "\uf0b7  I noted that the Company was unable to secure a Joint Venture Partner for the planned Engineering, Procurement  and Construction (EPC) of the Kampala Storage Terminal."}}, {"type": "Feature", "geometry": {"type": "Point", "coordinates": [31.045278, 1.474167]}, "properties": {"project_name": "Kabaale International Airport", "project_type": "airport", "place_names": "Kabaale", "district": "Hoima", "years_mentioned": "2025", "n_years": 1, "n_mentions": 1, "drivers_mentioned": "contract_management", "min_confidence_across_mentions": "high", "geocode_status": "success", "geocode_precision": "place-centroid [disambiguated]", "nominatim_display_name": "[CORRECTED via disambiguated query] Kabaale, Hoima, Western Region, Uganda (was: Kabaale (lwambajjo), Rakai, Central Region, Uganda)", "representative_sentence": "xxiii)  Weak controls were noted in safeguarding non-current assets, including  thirty-nine (39) Government vehicles used for road supervision that still had  private number plates and were not recorded in the fixed assets register."}}, {"type": "Feature", "geometry": {"type": "Point", "coordinates": [31.045278, 1.474167]}, "properties": {"project_name": "Kabaale International Airport Access Road", "project_type": "road", "place_names": "Kabaale", "district": "Hoima", "years_mentioned": "2025", "n_years": 1, "n_mentions": 1, "drivers_mentioned": "delay_time_overrun", "min_confidence_across_mentions": "high", "geocode_status": "success", "geocode_precision": "place-centroid [disambiguated]", "nominatim_display_name": "[CORRECTED via disambiguated query] Kabaale, Hoima, Western Region, Uganda (was: Kabaale (lwambajjo), Rakai, Central Region, Uganda)", "representative_sentence": "xiii) Two (2) construction contracts worth UGX.16.91Bn were behind schedule, while  four (4) supplies worth UGX.3.03Bn procured and delivered to MAAIF and  NAGRC stores remained undistributed three (3) months after delivery."}}, {"type": "Feature", "geometry": {"type": "LineString", "coordinates": [[32.2616662, 0.7956363], [33.4666672, 2.9869385]]}, "properties": {"project_name": "Kabala-Kaket Road", "project_type": "road", "place_names": "Kabala;Kaket", "district": NaN, "years_mentioned": "2019", "n_years": 1, "n_mentions": 1, "drivers_mentioned": "delay_time_overrun", "min_confidence_across_mentions": "medium", "geocode_status": "success", "geocode_precision": "place-centroid (line endpoints)", "nominatim_display_name": "Kabala: Kabala, Nakaseke, Central Region, Uganda | Kaket: Kaket Primary School, Layugi, Agago, Uganda", "representative_sentence": "\u2022  URF field inspection revealed incomplete works on Kabala-Kaket road."}}, {"type": "Feature", "geometry": {"type": "Point", "coordinates": [30.036886, -1.3359666]}, "properties": {"project_name": "Kabale International Airport", "project_type": "airport", "place_names": "Kabale", "district": "Kabale", "years_mentioned": "2024", "n_years": 1, "n_mentions": 1, "drivers_mentioned": "delay_time_overrun", "min_confidence_across_mentions": "high", "geocode_status": "success", "geocode_precision": "place-centroid", "nominatim_display_name": "Kabale, Western Region, Uganda", "representative_sentence": "This affected construction of 3 strategic bulk markets, 100        479      2000000947 and  ASAP Grant  No.2000000324 for  9-month period  ended 31st March  2024  demonstration water harvesting infrastructure and recruitment of 7  weather station workers  iii)  The maintenance of completed 1,138 Kms of community access  roads and 2 markets was not effectively undertaken by the districts  due to failure by management to put in place effective sustainability  measures  iv)  Inspection of Ayerolwango - Aswa River Community Road revealed  that although the project had spent UGX.0.799Bn, the works had  stalled due to the rocks in the basement, which were not envisioned  v)  Three projects namely; the bridge at St."}}, {"type": "Feature", "geometry": {"type": "Point", "coordinates": [30.036886, -1.3359666]}, "properties": {"project_name": "Kabale Regional Referral Hospital", "project_type": "hospital_health", "place_names": "Kabale", "district": "Kabale", "years_mentioned": "2025", "n_years": 1, "n_mentions": 1, "drivers_mentioned": "delayed_payments", "min_confidence_across_mentions": "high", "geocode_status": "success", "geocode_precision": "place-centroid", "nominatim_display_name": "Kabale, Western Region, Uganda", "representative_sentence": "Kabale  Regional  Referral Hospital  Human  capital  development  Unqualified  i)  The statement of financial position reported an outstanding balance of  UGX.0.448Bn in respect of unpaid retention fees and other works on the interns\u2019  hostel, and pension arrears of UGX.0.018Bn which remained unpaid."}}, {"type": "Feature", "geometry": {"type": "Point", "coordinates": [30.036886, -1.3359666]}, "properties": {"project_name": "Kabale Regional Referral Hospital Surgical Complex", "project_type": "hospital_health", "place_names": "Kabale", "district": "Kabale", "years_mentioned": "2025", "n_years": 1, "n_mentions": 1, "drivers_mentioned": "procurement_irregularities", "min_confidence_across_mentions": "medium", "geocode_status": "success", "geocode_precision": "place-centroid", "nominatim_display_name": "Kabale, Western Region, Uganda", "representative_sentence": "v)  The Regional Referral Hospital did not indicate the procurements reserved for  registered associations as required by the guidelines and as such, no contract  awards were made to the registered associations."}}, {"type": "Feature", "geometry": {"type": "Point", "coordinates": [33.1174888, 1.6879675]}, "properties": {"project_name": "Kaberamaido Technical Institute", "project_type": "school", "place_names": "Kaberamaido", "district": "Kaberamaido", "years_mentioned": "2022", "n_years": 1, "n_mentions": 1, "drivers_mentioned": "procurement_irregularities", "min_confidence_across_mentions": "high", "geocode_status": "success", "geocode_precision": "place-centroid", "nominatim_display_name": "Kaberamaido, Eastern Region, Uganda", "representative_sentence": "The audit made the following observations;    \uf0b7  There was lack of competition during procurement of IPPs to the extent that 15  out of the 17 sampled small/mini hydro power plants, which commenced  construction and were commissioned after the enactment of the PPP Act 2015  and PPP regulations 2016, were not subjected to any competition before securing  the sites."}}, {"type": "Feature", "geometry": {"type": "Point", "coordinates": [31.6813924, 1.0933471]}, "properties": {"project_name": "Kabindula Swamp Crossing", "project_type": "bridge", "place_names": "Kyankwanzi", "district": "Kyankwanzi", "years_mentioned": "2019", "n_years": 1, "n_mentions": 1, "drivers_mentioned": "contract_management", "min_confidence_across_mentions": "high", "geocode_status": "success", "geocode_precision": "place-centroid", "nominatim_display_name": "Kyankwanzi, Central Region, Uganda", "representative_sentence": "Bleeding, broken end structures, broken and  scoured aprons, Stripped capping layer  along road carriageway, silted culverts  11  Low Cost Sealing of Selected District  Roads; Lot 6: in Kamuli District  Silted culverts, damaged culvert bases,  washed off culvert backfill, damaged road  base, damaged end structures  12  Construction of Gem Farm Bailey  Bridge in Atiak, Amuru District  Collapsed gabion at Abutment 2 RHS,  Inadequate backfill at approach to the  bridge (LHS) in the corner, Need for river  training  13  Construction of Kisaigi Bridge in  Kakumiro District Lot 1  Honey combs, collapsing backfill, Crack at  Abutment wall, Formwork left within the  bridge structure at different locations  14  Construction of Kabindula Swamp  Crossing in Kyankwanzi District Lot 20  Extensive Honey combing, poor  workmanship on concrete works    The Accounting Officer indicated that contractors had been instructed to address the  identified defects prior to issue of the practical completion certificate."}}, {"type": "Feature", "geometry": {"type": "LineString", "coordinates": [[33.1851618, 0.467644], [33.1245517, 0.8762114]]}, "properties": {"project_name": "Kaitabawala-Kisozi-Busota Road", "project_type": "road", "place_names": "Kaitabawala;Kisozi;Busota", "district": NaN, "years_mentioned": "2019", "n_years": 1, "n_mentions": 1, "drivers_mentioned": "procurement_irregularities", "min_confidence_across_mentions": "medium", "geocode_status": "success", "geocode_precision": "place-centroid (line endpoints)", "nominatim_display_name": "Kaitabawala: Kaitabawala, Jinja City, Eastern Region, Uganda | Busota: Busota, Kamuli, Eastern Region, Uganda", "representative_sentence": "c)  Delayed procurement of the Consultant    The contractor for the civil works was procured on 8th February 2016 while the  commencement date of the project was 20th June 2016."}}, {"type": "Feature", "geometry": {"type": "Point", "coordinates": [29.7477022, 0.0718673]}, "properties": {"project_name": "Kakogha Bridge", "project_type": "bridge", "place_names": "Kakogha", "district": NaN, "years_mentioned": "2019", "n_years": 1, "n_mentions": 1, "drivers_mentioned": "contract_management", "min_confidence_across_mentions": "medium", "geocode_status": "success", "geocode_precision": "place-centroid", "nominatim_display_name": "Kakogha, Kasese, Western Region, Uganda", "representative_sentence": "I also noted poor workmanship on Rwebisengo- Rwangara Road and  Rehabilitation of Rwensenene and Kakogha Bridges  \u2022  A review of the cumulative water situation analysis of the 4 different types of water sources in  the district, revealed 35% of the water facilities were non-functional  \u2022  Deductions of UGX 1.49Bn were noted in respect of statutory and other bodies but only UGX  1.41Bn was remitted resulting into under payment of UGX 82 million  \u2022  Under UWEP, i noted that out of UGX 33 million collected; only UGX 15 million was transferred  to the Ministry of Gender leaving a balance of UGX 18 million."}}, {"type": "Feature", "geometry": {"type": "Point", "coordinates": [30.6401332, -0.6110593]}, "properties": {"project_name": "Kakyeka Stadium Redevelopment", "project_type": "stadium", "place_names": "Kakyeka", "district": "Mbarara", "years_mentioned": "2024", "n_years": 1, "n_mentions": 1, "drivers_mentioned": "governance_and_controls", "min_confidence_across_mentions": "high", "geocode_status": "success", "geocode_precision": "place-centroid [disambiguated]", "nominatim_display_name": "[CORRECTED via disambiguated query] Kakyeka, Kamukuzi, Mbarara City, Western Region, Uganda (was: Kakyeka, Isingiro, Western Region, Uganda)", "representative_sentence": "National Enterprises  Corporation (NEC) -  Construction Works  and Engineering Ltd  Governance  and  Security  Unqualified  i)  The Company had outstanding trade debtors worth UGX.20.37Bn by the  close of the financial year."}}, {"type": "Feature", "geometry": {"type": "Point", "coordinates": [33.373859, 3.0384496]}, "properties": {"project_name": "Kalongo Technical Institute", "project_type": "school", "place_names": "Kalongo", "district": "Agago", "years_mentioned": "2022", "n_years": 1, "n_mentions": 1, "drivers_mentioned": "procurement_irregularities", "min_confidence_across_mentions": "high", "geocode_status": "success", "geocode_precision": "place-centroid", "nominatim_display_name": "KALONGO, Alupere West, Agago, Uganda", "representative_sentence": "The audit made the following observations;    \uf0b7  There was lack of competition during procurement of IPPs to the extent that 15  out of the 17 sampled small/mini hydro power plants, which commenced  construction and were commissioned after the enactment of the PPP Act 2015  and PPP regulations 2016, were not subjected to any competition before securing  the sites."}}, {"type": "Feature", "geometry": {"type": "Point", "coordinates": [32.5813539, 0.3177137]}, "properties": {"project_name": "Kampala Institutional and Infrastructure Development Project (KIIDP2)", "project_type": "other", "place_names": "Kampala", "district": "Kampala", "years_mentioned": "2018", "n_years": 1, "n_mentions": 1, "drivers_mentioned": "claims_and_disputes", "min_confidence_across_mentions": "high", "geocode_status": "success", "geocode_precision": "place-centroid", "nominatim_display_name": "Kampala, Central Region, Uganda", "representative_sentence": "UGX.44,095,770,425  \uf0b7  Legal costs paid - UGX19,445,101,578 and  UGX.5,032,868,969 provision for legal costs for the period  under review  \uf0b7  UGX.433.8 million receivable from Multiplex as at 30th June  2018 and non-compliance of the contractor to contract  terms  \uf0b7  Nugatory expenditure in the form of Interest on Delayed  Payments-UGX."}}, {"type": "Feature", "geometry": {"type": "Point", "coordinates": [32.5813539, 0.3177137]}, "properties": {"project_name": "Kampala Northern Bypass Project Phase 2", "project_type": "road", "place_names": "Kampala", "district": "Kampala", "years_mentioned": "2019", "n_years": 1, "n_mentions": 1, "drivers_mentioned": "procurement_irregularities", "min_confidence_across_mentions": "high", "geocode_status": "success", "geocode_precision": "place-centroid", "nominatim_display_name": "Kampala, Central Region, Uganda", "representative_sentence": "\u2022  URF and Public Procurement and Disposal of Public Assets Authority (PPDA) jointly entered into  a contract for the construction of PPDA-URF office building and the parties agreed to contribute  funds in equal proportion to finance the project."}}, {"type": "Feature", "geometry": {"type": "Point", "coordinates": [32.5813539, 0.3177137]}, "properties": {"project_name": "Kampala-Namanve-Mukono Railway Line Refurbishment (26.8km)", "project_type": "other", "place_names": "Kampala;Namanve;Mukono", "district": NaN, "years_mentioned": "2024", "n_years": 1, "n_mentions": 1, "drivers_mentioned": "procurement_irregularities", "min_confidence_across_mentions": "high", "geocode_status": "success", "geocode_precision": "place-centroid", "nominatim_display_name": "Kampala, Central Region, Uganda", "representative_sentence": "2  Rehabilitation of Mukono- Malaba Railway Section  \u2022  Procurement of contractor and supervising outside  the procurement plan  \u2022  Inadequate  justification  for  use  of  direct  procurement  \u2022  Unsupported increase of the estimated value for  rehabilitation    3  Rehabilitation of Tororo- Gulu railway line  \u2022  Inadequate  justification  for  use  of  direct  procurement      Procurement inadequacies risk engaging contractors and consultants at uncompetitive  rates, increasing project costs and reducing value for money."}}, {"type": "Feature", "geometry": {"type": "Point", "coordinates": [33.1263004, 0.9422475]}, "properties": {"project_name": "Kamuli Faecal Sludge Management Facility", "project_type": "other_building", "place_names": "Kamuli", "district": "Kamuli", "years_mentioned": "2018", "n_years": 1, "n_mentions": 1, "drivers_mentioned": "procurement_irregularities", "min_confidence_across_mentions": "high", "geocode_status": "success", "geocode_precision": "place-centroid", "nominatim_display_name": "Kamuli, Eastern Region, Uganda", "representative_sentence": "Regional  Pastoral  Livelihood  Improvement Project  \uf0b7  Budget shortfall UGX.7.01bn  \uf0b7  Under absorption of funds 32.6bn  \uf0b7  Non-implementation of budgeted activities  \uf0b7  Irregular payment of VAT on exempted supplies  \u2013  UGX.139,703,172  \uf0b7  Failure to supply vaccines  \uf0b7  Delayed deliveries  \uf0b7  Failure to deliver on second contract  \uf0b7  Irregular transfer of District Project funds to General Fund  Account  \uf0b7  Delayed procurement process for Consultancy services for the  design and construction of livestock watering facilities  \uf0b7  Inadequate Project Monitoring  \uf0b7  Delayed Disbursement of Funds to Implementing Districts  \uf0b7  Unimplemented Activities(Inspection in Katakwi District)  27."}}, {"type": "Feature", "geometry": {"type": "Point", "coordinates": [34.0030505, 1.195728]}, "properties": {"project_name": "Kanginima Seed Secondary School", "project_type": "school", "place_names": "Kanginima", "district": NaN, "years_mentioned": "2019", "n_years": 1, "n_mentions": 1, "drivers_mentioned": "procurement_irregularities", "min_confidence_across_mentions": "high", "geocode_status": "success", "geocode_precision": "place-centroid", "nominatim_display_name": "Kanginima, Butebo, Eastern Region, Uganda", "representative_sentence": "\u2022  Works under UgIFT were ongoing however there was delayed construction works at Kanginima  Seed Secondary School and delay in procurement process which resulted in delay of 7 months  from the plan."}}, {"type": "Feature", "geometry": {"type": "Point", "coordinates": [34.3961656, 1.3310607]}, "properties": {"project_name": "Kapchorwa District Administration Block", "project_type": "other_building", "place_names": "Kapchorwa", "district": "Kapchorwa", "years_mentioned": "2018", "n_years": 1, "n_mentions": 1, "drivers_mentioned": "delay_time_overrun", "min_confidence_across_mentions": "medium", "geocode_status": "success", "geocode_precision": "place-centroid", "nominatim_display_name": "Kapchorwa, Eastern Region, Uganda", "representative_sentence": "Kapchorwa DLG    \uf0b7  YLP-Low Recovery of Funds  \uf0b7  Performance of URF  \uf0b7  Outstanding rent arrears  \uf0b7  Missing vouchers  \uf0b7  Failure to sign Financing agreements with Youth Groups  \uf0b7  NUSAF Project Operations, shortcomings on Chebaser-kapkwateny car  sub-project (road construction)  \uf0b7  Unrealized Royalties Revenue  \uf0b7  Outstanding Rent Arrears  \uf0b7  Shortfall in Central Government Transfers  \uf0b7  Staffing Gaps  \uf0b7  Stalled construction of the new Administration Block  \uf0b7  Status of Medical Equipment in the Hospital  \uf0b7  Inadequate medical equipment  \uf0b7  Failure to prepare defect reports  \uf0b7  Defects on the construction of maternity ward in Tumboboi Sub-county  \uf0b7  Lack of legal ownership of land, forests reserves  \uf0b7  Absence of a Distinct Environmental Committee  \uf0b7  Unlicensed activities on Natural resources        265    \uf0b7  Budget for the Physical Planning committee  \uf0b7  Physical Planning Committee Performance  101."}}, {"type": "Feature", "geometry": {"type": "LineString", "coordinates": [[34.3961656, 1.3310607], [34.7343223, 1.2196227]]}, "properties": {"project_name": "Kapchorwa-Suam Road Project", "project_type": "road", "place_names": "Kapchorwa;Suam", "district": NaN, "years_mentioned": "2025", "n_years": 1, "n_mentions": 1, "drivers_mentioned": "cost_overrun", "min_confidence_across_mentions": "high", "geocode_status": "success", "geocode_precision": "place-centroid (line endpoints)", "nominatim_display_name": "Kapchorwa: Kapchorwa, Eastern Region, Uganda | Suam: Suam, Bukwo, Eastern Region, Uganda", "representative_sentence": "ii)  DFID funding of GBP 8.9Mn was fully disbursed, while GoU counterpart funding  exceeded the approved amount by UGX.48.20Bn due to increased land  acquisition and price variation costs."}}, {"type": "Feature", "geometry": {"type": "Point", "coordinates": [30.3054894, -0.61977]}, "properties": {"project_name": "Karera Technical Institute", "project_type": "school", "place_names": "Karera", "district": "Kazo", "years_mentioned": "2022", "n_years": 1, "n_mentions": 1, "drivers_mentioned": "procurement_irregularities", "min_confidence_across_mentions": "medium", "geocode_status": "success", "geocode_precision": "place-centroid", "nominatim_display_name": "Karera, Sheema, Western Region, Uganda", "representative_sentence": "The audit made the following observations;    \uf0b7  There was lack of competition during procurement of IPPs to the extent that 15  out of the 17 sampled small/mini hydro power plants, which commenced  construction and were commissioned after the enactment of the PPP Act 2015  and PPP regulations 2016, were not subjected to any competition before securing  the sites."}}, {"type": "Feature", "geometry": {"type": "Point", "coordinates": [32.2468048, 2.2331116]}, "properties": {"project_name": "Karuma Interconnection Transmission Lines", "project_type": "power_transmission", "place_names": "Karuma", "district": NaN, "years_mentioned": "2019", "n_years": 1, "n_mentions": 1, "drivers_mentioned": "procurement_irregularities", "min_confidence_across_mentions": "medium", "geocode_status": "success", "geocode_precision": "place-centroid", "nominatim_display_name": "Karuma, Kiryandongo, Western Region, Uganda", "representative_sentence": "\u2022  UETCL procured goods, works and services amounting to UGX 7,453,066,691 outside the  procurement plan."}}, {"type": "Feature", "geometry": {"type": "LineString", "coordinates": [[32.2468048, 2.2331116], [31.0671357, 0.9387568]]}, "properties": {"project_name": "Karuma-Kawanda Transmission Line", "project_type": "power_transmission", "place_names": "Karuma;Kawanda", "district": NaN, "years_mentioned": "2019", "n_years": 1, "n_mentions": 1, "drivers_mentioned": "land_and_right_of_way", "min_confidence_across_mentions": "high", "geocode_status": "success", "geocode_precision": "place-centroid (line endpoints)", "nominatim_display_name": "Karuma: Karuma, Kiryandongo, Western Region, Uganda | Kawanda: Kawanda, Kibaale, Western Region, Uganda", "representative_sentence": "4.7  Value for Money Audit on compensation of Project Affected Persons under the  Karuma and Isimba Hydropower Projects and associated transmission lines    In a bid to increase electricity supply countrywide, GoU decided to construct Karuma and  Isimba Hydropower projects, as well as their associated transmission lines, namely Karuma- Kawanda, Karuma-Lira, Karuma-Olwiyo and Isimba-Bujagali."}}, {"type": "Feature", "geometry": {"type": "LineString", "coordinates": [[32.2468048, 2.2331116], [32.9501481, 2.3320326]]}, "properties": {"project_name": "Karuma-Lira Transmission Line", "project_type": "power_transmission", "place_names": "Karuma;Lira", "district": NaN, "years_mentioned": "2019", "n_years": 1, "n_mentions": 1, "drivers_mentioned": "land_and_right_of_way", "min_confidence_across_mentions": "high", "geocode_status": "success", "geocode_precision": "place-centroid (line endpoints)", "nominatim_display_name": "Karuma: Karuma, Kiryandongo, Western Region, Uganda | Lira: Lira, Northern Region, Uganda", "representative_sentence": "4.7  Value for Money Audit on compensation of Project Affected Persons under the  Karuma and Isimba Hydropower Projects and associated transmission lines    In a bid to increase electricity supply countrywide, GoU decided to construct Karuma and  Isimba Hydropower projects, as well as their associated transmission lines, namely Karuma- Kawanda, Karuma-Lira, Karuma-Olwiyo and Isimba-Bujagali."}}, {"type": "Feature", "geometry": {"type": "LineString", "coordinates": [[32.2468048, 2.2331116], [31.885162, 2.536989]]}, "properties": {"project_name": "Karuma-Olwiyo Transmission Line", "project_type": "power_transmission", "place_names": "Karuma;Olwiyo", "district": NaN, "years_mentioned": "2019", "n_years": 1, "n_mentions": 1, "drivers_mentioned": "land_and_right_of_way", "min_confidence_across_mentions": "high", "geocode_status": "success", "geocode_precision": "place-centroid (line endpoints)", "nominatim_display_name": "Karuma: Karuma, Kiryandongo, Western Region, Uganda | Olwiyo: Olwiyo, Nwoya, Northern Region, Uganda", "representative_sentence": "4.7  Value for Money Audit on compensation of Project Affected Persons under the  Karuma and Isimba Hydropower Projects and associated transmission lines    In a bid to increase electricity supply countrywide, GoU decided to construct Karuma and  Isimba Hydropower projects, as well as their associated transmission lines, namely Karuma- Kawanda, Karuma-Lira, Karuma-Olwiyo and Isimba-Bujagali."}}, {"type": "Feature", "geometry": {"type": "LineString", "coordinates": [[32.5218101, 0.0789763], [31.1792127, 1.5870566]]}, "properties": {"project_name": "Kasenyi-Lyato Road", "project_type": "road", "place_names": "Kasenyi;Lyato", "district": NaN, "years_mentioned": "2023", "n_years": 1, "n_mentions": 1, "drivers_mentioned": "delay_time_overrun", "min_confidence_across_mentions": "medium", "geocode_status": "success", "geocode_precision": "place-centroid (line endpoints)", "nominatim_display_name": "Kasenyi: Kasenyi, Entebbe City, Central Region, Uganda | Lyato: Kisenyi-lyato, Hoima, Western Region, Uganda", "representative_sentence": "Delayed Completion of Works    I noted delays in completion of the works on seven (7) out of the fifteen (15) contracts  ranging from 30 to 182 days."}}, {"type": "Feature", "geometry": {"type": "Point", "coordinates": [30.683333, -0.616667]}, "properties": {"project_name": "Katete Seed Secondary School (unnamed, inferred)", "project_type": "school", "place_names": "Katete", "district": NaN, "years_mentioned": "2019", "n_years": 1, "n_mentions": 1, "drivers_mentioned": "procurement_irregularities", "min_confidence_across_mentions": "low", "geocode_status": "success", "geocode_precision": "place-centroid", "nominatim_display_name": "Katete, Mbarara City, Western Region, Uganda", "representative_sentence": "I further noted that the  Construction of Kihanga Seed School was not implemented due to delayed procurement process."}}, {"type": "Feature", "geometry": {"type": "Point", "coordinates": [32.4873431, 0.8512506]}, "properties": {"project_name": "Katikamu Seed Secondary School (unnamed, inferred)", "project_type": "school", "place_names": "Katikamu", "district": "Luwero", "years_mentioned": "2019", "n_years": 1, "n_mentions": 1, "drivers_mentioned": "delay_time_overrun", "min_confidence_across_mentions": "low", "geocode_status": "partial", "geocode_precision": "district-centroid [corrected from wrong place match]", "nominatim_display_name": "[FALLBACK to district centroid - original 'Katikamu' match was a different, incorrectly-matched same-named place] Luwero District Farmers Association, Gulu - Kampala Road, Binyonyi, Kasana, Luweero, Central Region, Uganda (was: Katikamu, Masaka, Central Region, Uganda)", "representative_sentence": "\u2022  Under UgIFT, works for upgrade of Katuugo Health Centre II had stalled and funds for the  construction of a Seed secondary school in Katikamu Sub County were not utilized."}}, {"type": "Feature", "geometry": {"type": "Point", "coordinates": [31.3533543, 1.3982893]}, "properties": {"project_name": "Katuugo Health Centre II", "project_type": "hospital_health", "place_names": "Katuugo", "district": NaN, "years_mentioned": "2019", "n_years": 1, "n_mentions": 1, "drivers_mentioned": "delay_time_overrun", "min_confidence_across_mentions": "high", "geocode_status": "success", "geocode_precision": "place-centroid", "nominatim_display_name": "Katuugo, Hoima City, Western Region, Uganda", "representative_sentence": "\u2022  Under UgIFT, works for upgrade of Katuugo Health Centre II had stalled and funds for the  construction of a Seed secondary school in Katikamu Sub County were not utilized."}}, {"type": "Feature", "geometry": {"type": "Point", "coordinates": [32.942579, 0.3684502]}, "properties": {"project_name": "Kawolo Hospital", "project_type": "hospital_health", "place_names": "Kawolo", "district": "Buikwe", "years_mentioned": "2018", "n_years": 1, "n_mentions": 1, "drivers_mentioned": "contract_management", "min_confidence_across_mentions": "high", "geocode_status": "success", "geocode_precision": "place-centroid", "nominatim_display_name": "KAWOLO, Jinja - Kampala Road, Kinawataka, Buikwe, Central Region, Uganda", "representative_sentence": "Buikwe DLG  \uf0b7 Performance of Youth Livelihood Programme  \uf0b7  Underfunding of the Programme  \uf0b7  Non-compliance with the Repayment schedule  \uf0b7  Transfer of recovered funds to the Recovery Account in BOU  \uf0b7  Inspection of Njeru Youth Group project  \uf0b7  Implementation of the Uganda Road Funds  \uf0b7  Budget Performance  \uf0b7  Status of Implementation  \uf0b7  Routine Manual Maintenance  \uf0b7  Periodic Maintenance  \uf0b7 Outstanding Commitments of UGX.110,530,664  \uf0b7  Un utilized Funds under ICEIDA Project  \uf0b7  Insufficient School Infrastructure  \uf0b7  Status of Fish handling Facility at Kiyindi  \uf0b7  Inspection at Kawolo Hospital  \uf0b7  Insufficient housing facilities at Kawolo Hospital  \uf0b7  Stock out of Essential medicines and health supplies at Kawolo Hospital  \uf0b7  Under staffing at Kawolo Hospital  \uf0b7  Status of Basic Medical Equipment at Kawolo Hospital  \uf0b7  Management and Utilization of Natural Resources  \uf0b7  Pollution of Environment  \uf0b7  Illegal sand mining on the lake  \uf0b7  Lack of a fully constituted Physical Planning Committee  63."}}, {"type": "Feature", "geometry": {"type": "Point", "coordinates": [32.8592384, 0.9924074]}, "properties": {"project_name": "Kayunga General Hospital", "project_type": "hospital_health", "place_names": "Kayunga", "district": "Kayunga", "years_mentioned": "2018", "n_years": 1, "n_mentions": 1, "drivers_mentioned": "land_and_right_of_way", "min_confidence_across_mentions": "medium", "geocode_status": "success", "geocode_precision": "place-centroid", "nominatim_display_name": "Kayunga, Central Region, Uganda", "representative_sentence": "- Noncompliance with the repayment schedule  - Transfer of the Recovered Funds to the Recovery Account in BOU  - Inspection of Performance of Youth projects  - Kayonjo Piggery Youth Project  - Record keeping  - Bwetyaba Youth dairy Production  - Record Keeping  - Failed Youth Livelihood Projects  \uf0b7 Implementation of the Uganda Road Funds  - Budget Performance  - Status of implementation  - Routine manual maintenance  - Under Utilization of Road Gangs  - Routine mechanised maintenance  - Periodic maintenance  - Burnt district Grader  \uf0b7 Outstanding Pensions  \uf0b7 Outstanding Commitments  \uf0b7 Construction of Nakyesa Public Latrine  \uf0b7 High School Dropout Rates  \uf0b7 Failure to collect Local service Tax (LST) fr Non-Government employees  \uf0b7 Management and Utilisation of Natural Resources  \uf0b7 Ruining and encroachment on wet land  \uf0b7 Failure to demarcate wetlands  \uf0b7 Lack of a District Environmental Action Plan        252    \uf0b7 Status of Essential medical equipment at the Kayunga General Hospital  \uf0b7 Challenges faced by Kayunga HCIVs  \uf0b7 District Road Equipment Inadequate Road Equipment  \uf0b7  In adequate Infrastructure in Primary schools  71."}}, {"type": "Feature", "geometry": {"type": "LineString", "coordinates": [[32.8592384, 0.9924074], [33.0186074, 0.804175]]}, "properties": {"project_name": "Kayunga-Nabuganyi Road", "project_type": "road", "place_names": "Kayunga;Nabuganyi", "district": NaN, "years_mentioned": "2025", "n_years": 1, "n_mentions": 1, "drivers_mentioned": "contract_management", "min_confidence_across_mentions": "high", "geocode_status": "success", "geocode_precision": "place-centroid (line endpoints)", "nominatim_display_name": "Kayunga: Kayunga, Central Region, Uganda | Nabuganyi: Nabuganyi Church of Uganda Primary School, Busaana Road, Kayunga, Central Region, Uganda", "representative_sentence": "xxiii)  Weak controls were noted in safeguarding non-current assets, including  thirty-nine (39) Government vehicles used for road supervision that still had  private number plates and were not recorded in the fixed assets register."}}, {"type": "Feature", "geometry": {"type": "Point", "coordinates": [30.036667, -0.921111]}, "properties": {"project_name": "Kebisoni Seed Secondary School", "project_type": "school", "place_names": "Kebisoni", "district": NaN, "years_mentioned": "2019", "n_years": 1, "n_mentions": 1, "drivers_mentioned": "delay_time_overrun", "min_confidence_across_mentions": "high", "geocode_status": "success", "geocode_precision": "place-centroid", "nominatim_display_name": "Kebisoni, Rukungiri, Western Region, Uganda", "representative_sentence": "Field inspections revealed incomplete works for this project."}}, {"type": "Feature", "geometry": {"type": "Point", "coordinates": [30.266667, 0.616667]}, "properties": {"project_name": "Kibale-Kasekulo-Ttubi Road", "project_type": "road", "place_names": "Kibale;Kasekulo;Ttubi", "district": NaN, "years_mentioned": "2019", "n_years": 1, "n_mentions": 1, "drivers_mentioned": "contract_management", "min_confidence_across_mentions": "high", "geocode_status": "partial", "geocode_precision": "place-centroid (one endpoint only)", "nominatim_display_name": "Kibale: Kibale, Fort Portal City, Western Region, Uganda", "representative_sentence": "Inspection of the Kibale \u2013 Kasekulo \u2013 Ttubi road revealed poor workmanship on  some road sections."}}, {"type": "Feature", "geometry": {"type": "Point", "coordinates": [31.1444656, 0.7654557]}, "properties": {"project_name": "Kigarama Seed School", "project_type": "school", "place_names": "Kigarama", "district": NaN, "years_mentioned": "2019", "n_years": 1, "n_mentions": 1, "drivers_mentioned": "delay_time_overrun", "min_confidence_across_mentions": "high", "geocode_status": "success", "geocode_precision": "place-centroid", "nominatim_display_name": "Kigarama, Kibaale, Western Region, Uganda", "representative_sentence": "Field inspections of road works revealed  lack of off shoot and incomplete works on some sections of the sampled roads."}}, {"type": "Feature", "geometry": {"type": "LineString", "coordinates": [[32.0115646, 1.8105308], [31.075556, 1.258611]]}, "properties": {"project_name": "Kigumba-Masindi-Hoima-Kabwoya Road (RSSP-4)", "project_type": "road", "place_names": "Kigumba;Masindi;Hoima;Kabwoya", "district": NaN, "years_mentioned": "2022", "n_years": 1, "n_mentions": 1, "drivers_mentioned": "land_and_right_of_way", "min_confidence_across_mentions": "high", "geocode_status": "success", "geocode_precision": "place-centroid (line endpoints)", "nominatim_display_name": "Kigumba: Kigumba, Kiryandongo, Western Region, Uganda | Kabwoya: Kabwoya, Kikuube, Western Region, Uganda", "representative_sentence": "Road Sector Support Project 4 (RSSP\u20134),  for the upgrading of Kigumba \u2013 Masindi  \u2013 Hoima \u2013 Kabwoya Road Project  implemented by UNRA  \uf0b7  I noted during various grievances relating with the resettlement of PAPs for Lot 1."}}, {"type": "Feature", "geometry": {"type": "Point", "coordinates": [29.9734291, -1.2391357]}, "properties": {"project_name": "Kihanga Seed School", "project_type": "school", "place_names": "Kihanga", "district": NaN, "years_mentioned": "2019", "n_years": 1, "n_mentions": 1, "drivers_mentioned": "delay_time_overrun", "min_confidence_across_mentions": "high", "geocode_status": "success", "geocode_precision": "place-centroid", "nominatim_display_name": "Kihanga, Kabale, Western Region, Uganda", "representative_sentence": "\u2022  Under URF, I noted a 100% release of the budget however, field inspections of road works  revealed some cases of incomplete works."}}, {"type": "Feature", "geometry": {"type": "LineString", "coordinates": [[32.7, 1.516667], [31.6604964, -0.4718237]]}, "properties": {"project_name": "Kikondo-Kawule-Busowe-Abonera/Kabuwoko Road", "project_type": "road", "place_names": "Kikondo;Kawule;Busowe;Abonera;Kabuwoko", "district": NaN, "years_mentioned": "2019", "n_years": 1, "n_mentions": 1, "drivers_mentioned": "contract_management", "min_confidence_across_mentions": "high", "geocode_status": "success", "geocode_precision": "place-centroid (line endpoints)", "nominatim_display_name": "Kikondo: Kikondo, Amolatar, Northern Region, Uganda | Kabuwoko: Kabuwoko, Kyotera, Central Region, Uganda", "representative_sentence": "\u2022  Under URF field inspections, I observed poor workmanship on the 10 km stretch of Kikondo \u2013  Kawule \u2013 Busowe\u2013 Abonera/Kabuwoko road."}}, {"type": "Feature", "geometry": {"type": "Point", "coordinates": [32.5062153, 0.384713]}, "properties": {"project_name": "Kikoza-Kigoloba-Naluvule Road", "project_type": "road", "place_names": "Kikoza;Kigoloba;Naluvule", "district": "Luwero", "years_mentioned": "2018", "n_years": 1, "n_mentions": 1, "drivers_mentioned": "delayed_payments", "min_confidence_across_mentions": "high", "geocode_status": "partial", "geocode_precision": "place-centroid (one endpoint only)", "nominatim_display_name": "Naluvule: Naluvule, Wakiso, Central Region, Uganda", "representative_sentence": "Luwero DLG  \uf0b7 Performance of Youth Livelihood Programme  - Under funding of the Programme  - Non Compliance with Repayments Schedules  - Un confirmed transfers of Recovered funds to Recovery Account in  BOU  - Inspection of performance of Youth Projects  - Nakigoza Youth Tato Growing Project  - Record keeping  - Kanyogoga Youth Piggery Project  - Poor Record keeping  \uf0b7 Implementation of the Uganda Road Funds  - Inspection of Kikoza-Kigoloba-Naluvule Road (8.9Kms)  - Failure to carry out Routine Manual Maintenance on District Roads  \uf0b7 Mischarge of Expenditure  \uf0b7 Un accounted for funds  \uf0b7 Financial Loss  \uf0b7 Outstanding Creditors  \uf0b7 Outstanding Salary and Pension Arrears  \uf0b7 Diversion of PHC and Agricultural Extension Services Wage to Pay  Primary Teachers Salary  \uf0b7 Un-updated property valuation list  \uf0b7 Under staffing and related  \uf0b7 Un Recovered UWEP Revolving Funds  \uf0b7 Un approved borehole Rehabilitation Assessments  \uf0b7 Difficulties in accessing Road equipment fr Regional Workshops  \uf0b7 Failure to Perform Physical count for students under USE  \uf0b7 Review of Eye Clinic Donation at Luwero Health Centre IV  \uf0b7 Management of Procurement  \uf0b7 Absence of a Contracts Register  \uf0b7 Absence of 10% Performance securities for Procurement contracts        253    \uf0b7 Lack of a representative of Lower Local Government on Evaluation  Committee  \uf0b7 Management of Natural Resources  \uf0b7 Environmental dilapidation of district wetlands  \uf0b7 Failure to de-gazette Bombo Local Forest Reserve  \uf0b7 Poor Status of basic Medical Equipment  \uf0b7 Lack of a District Physical Development Plan  \uf0b7 Absence of District land and Lease Registers  \uf0b7 Absence of legitimate Registration of the District Land  \uf0b7 Capitation Grants  \uf0b7 Under funding of the USE and UPE capitation programs  \uf0b7 Construction of a 2 classro block and others at Bulamba Primary Schoo  \uf0b7 Status of Basic Medical Equipment  72."}}, {"type": "Feature", "geometry": {"type": "LineString", "coordinates": [[30.9027128, 3.5058168], [30.8807333, 3.5155573]]}, "properties": {"project_name": "Kindra-Lokajo Road", "project_type": "road", "place_names": "Kindra;Lokajo", "district": NaN, "years_mentioned": "2019", "n_years": 1, "n_mentions": 1, "drivers_mentioned": "procurement_irregularities", "min_confidence_across_mentions": "high", "geocode_status": "success", "geocode_precision": "place-centroid (line endpoints)", "nominatim_display_name": "Kindra: Kindra, Koboko, Northern Region, Uganda | Lokajo: Lokajo, Koboko, Northern Region, Uganda", "representative_sentence": "\u2022  Inspection of Kindra-Lokajo road revealed that a section of the road with a stream need a bridge,  there was no sign post and no records of community procurement and project management."}}, {"type": "Feature", "geometry": {"type": "Point", "coordinates": [32.6391845, 0.4003408]}, "properties": {"project_name": "Kira Municipal Council Administration Building Phase II", "project_type": "other_building", "place_names": "Kira", "district": "Wakiso", "years_mentioned": "2018", "n_years": 1, "n_mentions": 1, "drivers_mentioned": "delay_time_overrun", "min_confidence_across_mentions": "high", "geocode_status": "success", "geocode_precision": "place-centroid", "nominatim_display_name": "Kira, Wakiso, Central Region, Uganda", "representative_sentence": "Kira MC  \uf0b7  Implementation of the Uganda Road Funds  \uf0b7  Under-funded emergency Road Works        257    \uf0b7  Fragmentation of Resources under Up-grading of un-paved Roads to  Bitumen standard  \uf0b7  Inadequate Road Equipment  \uf0b7  Incomplete works - Construction of Kira MC Administration Building  Phase II  \uf0b7  Under staffing  \uf0b7  Lack of Land titles for UPE Schools  \uf0b7  Inspection of Primary Schools  \uf0b7  Management and Utilization of Natural Resources  \uf0b7  Failure to demarcate wetlands  \uf0b7  Establishment of Urban Physical Planning Committees  \uf0b7  Garbage Collection Management  \uf0b7  Inadequate Garbage transportation equipment \u2013 Hiring of Equipment    MASAKA  BRANCH    78."}}, {"type": "Feature", "geometry": {"type": "LineString", "coordinates": [[32.6391845, 0.4003408], [32.5250718, 0.4616243]]}, "properties": {"project_name": "Kira-Matugga Road Project", "project_type": "road", "place_names": "Kira;Matugga", "district": "Wakiso", "years_mentioned": "2024", "n_years": 1, "n_mentions": 1, "drivers_mentioned": "contract_management", "min_confidence_across_mentions": "high", "geocode_status": "success", "geocode_precision": "place-centroid (line endpoints)", "nominatim_display_name": "Kira: Kira, Wakiso, Central Region, Uganda | Matugga: Matugga, Wakiso, Central Region, Uganda", "representative_sentence": "ii) I noted that two (2) activities namely, construction works, rehabilitation  and upgrade of health facilities; and procurement of assorted medical  and laboratory equipment for 10 Health Centers, 2 ambulances, 5  supervision vehicles and 18 motorcycles valued at UGX.18.049Bn had  not been fully implemented by close of the year."}}, {"type": "Feature", "geometry": {"type": "LineString", "coordinates": [[32.6391845, 0.4003408], [32.7262557, -0.0523245]]}, "properties": {"project_name": "Kira-Mukono Roads Lot 2 (Anthony-Kame, Kame Annex, Albert Cook-Cathedral Rise, Kame-Nabuti-Katosi)", "project_type": "road", "place_names": "Kira;Mukono", "district": NaN, "years_mentioned": "2025", "n_years": 1, "n_mentions": 1, "drivers_mentioned": "land_and_right_of_way", "min_confidence_across_mentions": "medium", "geocode_status": "success", "geocode_precision": "place-centroid (line endpoints)", "nominatim_display_name": "Kira: Kira, Wakiso, Central Region, Uganda | Mukono: Mukono, Central Region, Uganda", "representative_sentence": "The Accounting Officer explained that under absorption of capital budget was attributed  to delayed procurement processes, Prolonged Land acquisition processes, inadequate  budget provisions, limited capacity of the Contractors, and changes of designs during  execution, among others."}}, {"type": "Feature", "geometry": {"type": "LineString", "coordinates": [[32.6391845, 0.4003408], [32.7262557, -0.0523245]]}, "properties": {"project_name": "Kira-Mukono Roads Lot 3 (Nasuuti-Nakabago-Ntawo, Bajjo-Seeta, Serado Link, Kigunga Link)", "project_type": "road", "place_names": "Kira;Mukono", "district": NaN, "years_mentioned": "2025", "n_years": 1, "n_mentions": 1, "drivers_mentioned": "land_and_right_of_way", "min_confidence_across_mentions": "medium", "geocode_status": "success", "geocode_precision": "place-centroid (line endpoints)", "nominatim_display_name": "Kira: Kira, Wakiso, Central Region, Uganda | Mukono: Mukono, Central Region, Uganda", "representative_sentence": "The Accounting Officer explained that under absorption of capital budget was attributed  to delayed procurement processes, Prolonged Land acquisition processes, inadequate  budget provisions, limited capacity of the Contractors, and changes of designs during  execution, among others."}}, {"type": "Feature", "geometry": {"type": "Point", "coordinates": [31.2903789, 0.9624933]}, "properties": {"project_name": "Kisaigi Bridge", "project_type": "bridge", "place_names": "Kakumiro", "district": "Kakumiro", "years_mentioned": "2019", "n_years": 1, "n_mentions": 1, "drivers_mentioned": "contract_management", "min_confidence_across_mentions": "high", "geocode_status": "success", "geocode_precision": "place-centroid", "nominatim_display_name": "Kakumiro, Western Region, Uganda", "representative_sentence": "Bleeding, broken end structures, broken and  scoured aprons, Stripped capping layer  along road carriageway, silted culverts  11  Low Cost Sealing of Selected District  Roads; Lot 6: in Kamuli District  Silted culverts, damaged culvert bases,  washed off culvert backfill, damaged road  base, damaged end structures  12  Construction of Gem Farm Bailey  Bridge in Atiak, Amuru District  Collapsed gabion at Abutment 2 RHS,  Inadequate backfill at approach to the  bridge (LHS) in the corner, Need for river  training  13  Construction of Kisaigi Bridge in  Kakumiro District Lot 1  Honey combs, collapsing backfill, Crack at  Abutment wall, Formwork left within the  bridge structure at different locations  14  Construction of Kabindula Swamp  Crossing in Kyankwanzi District Lot 20  Extensive Honey combing, poor  workmanship on concrete works    The Accounting Officer indicated that contractors had been instructed to address the  identified defects prior to issue of the practical completion certificate."}}, {"type": "Feature", "geometry": {"type": "Point", "coordinates": [33.4841172, 3.4438846]}, "properties": {"project_name": "Kitgum Technical Institute", "project_type": "school", "place_names": "Kitgum", "district": "Kitgum", "years_mentioned": "2022", "n_years": 1, "n_mentions": 1, "drivers_mentioned": "procurement_irregularities", "min_confidence_across_mentions": "high", "geocode_status": "success", "geocode_precision": "place-centroid", "nominatim_display_name": "Kitgum, Northern Region, Uganda", "representative_sentence": "The audit made the following observations;    \uf0b7  There was lack of competition during procurement of IPPs to the extent that 15  out of the 17 sampled small/mini hydro power plants, which commenced  construction and were commissioned after the enactment of the PPP Act 2015  and PPP regulations 2016, were not subjected to any competition before securing  the sites."}}, {"type": "Feature", "geometry": {"type": "Point", "coordinates": [32.5630946, 0.3237175]}, "properties": {"project_name": "Kiyindi Fish Handling Facility", "project_type": "other_building", "place_names": "Kiyindi", "district": "Buikwe", "years_mentioned": "2018", "n_years": 1, "n_mentions": 1, "drivers_mentioned": "contract_management", "min_confidence_across_mentions": "high", "geocode_status": "success", "geocode_precision": "place-centroid", "nominatim_display_name": "Kiyindi, Kampala, Central Region, Uganda", "representative_sentence": "Buikwe DLG  \uf0b7 Performance of Youth Livelihood Programme  \uf0b7  Underfunding of the Programme  \uf0b7  Non-compliance with the Repayment schedule  \uf0b7  Transfer of recovered funds to the Recovery Account in BOU  \uf0b7  Inspection of Njeru Youth Group project  \uf0b7  Implementation of the Uganda Road Funds  \uf0b7  Budget Performance  \uf0b7  Status of Implementation  \uf0b7  Routine Manual Maintenance  \uf0b7  Periodic Maintenance  \uf0b7 Outstanding Commitments of UGX.110,530,664  \uf0b7  Un utilized Funds under ICEIDA Project  \uf0b7  Insufficient School Infrastructure  \uf0b7  Status of Fish handling Facility at Kiyindi  \uf0b7  Inspection at Kawolo Hospital  \uf0b7  Insufficient housing facilities at Kawolo Hospital  \uf0b7  Stock out of Essential medicines and health supplies at Kawolo Hospital  \uf0b7  Under staffing at Kawolo Hospital  \uf0b7  Status of Basic Medical Equipment at Kawolo Hospital  \uf0b7  Management and Utilization of Natural Resources  \uf0b7  Pollution of Environment  \uf0b7  Illegal sand mining on the lake  \uf0b7  Lack of a fully constituted Physical Planning Committee  63."}}, {"type": "Feature", "geometry": {"type": "Point", "coordinates": [31.6438129, -0.4339748]}, "properties": {"project_name": "Kiziba Health Centre II-III Upgrade", "project_type": "hospital_health", "place_names": "Kiziba", "district": NaN, "years_mentioned": "2019", "n_years": 1, "n_mentions": 1, "drivers_mentioned": "procurement_irregularities", "min_confidence_across_mentions": "high", "geocode_status": "success", "geocode_precision": "place-centroid", "nominatim_display_name": "Kiziba, Masaka City, Central Region, Uganda", "representative_sentence": "\u2022  I noted procurement delays of 7 and 10 months in the signing of contracts for upgrading Kiziba  HC II to HC III and construction of Samson Kalibala Kamya Memorial Seed Secondary school  respectively."}}, {"type": "Feature", "geometry": {"type": "LineString", "coordinates": [[32.7359522, 2.2988158], [30.9607549, 2.835532]]}, "properties": {"project_name": "Kole-Gulu-Nebbi-Arua Transmission Line", "project_type": "power_transmission", "place_names": "Kole;Gulu;Nebbi;Arua", "district": NaN, "years_mentioned": "2023", "n_years": 1, "n_mentions": 1, "drivers_mentioned": "governance_and_controls", "min_confidence_across_mentions": "high", "geocode_status": "success", "geocode_precision": "place-centroid (line endpoints)", "nominatim_display_name": "Kole: Kole, Northern Region, Uganda | Arua: Arua, Northern Region, Uganda", "representative_sentence": "The other  six pillars which support the primary pillar include: Infrastructure and Economic Services;  Financial Inclusion (FI); Social Services; Community Mobilization and Mind-set Change;  Parish Development Management Information System (PDMIS); and Governance and  Administration."}}, {"type": "Feature", "geometry": {"type": "Point", "coordinates": [34.0342128, 2.9951839]}, "properties": {"project_name": "Kotido District Council Hall", "project_type": "other_building", "place_names": "Kotido", "district": "Kotido", "years_mentioned": "2018", "n_years": 1, "n_mentions": 1, "drivers_mentioned": "delayed_payments", "min_confidence_across_mentions": "medium", "geocode_status": "success", "geocode_precision": "place-centroid", "nominatim_display_name": "Kotido, Northern Region, Uganda", "representative_sentence": "Kotido DLG  \uf0b7 Unsupported Pension  Payments    \uf0b7  YLP-Low Recovery of Funds  \uf0b7  URF-Performance of URF  \uf0b7  Release of Funds for the implementation of  Duplicated Sub-Projects under NUSAF III  \uf0b7  Un-Spent Conditional Grant  \uf0b7  Under-Collection of Local Revenue  \uf0b7  Delays in Implementation of NUSAF Sub- Projects  \uf0b7  Construction of Council Hall  \uf0b7  Incomplete and abandoned Contractual  Obligations  \uf0b7  Un-Sustainable Accumulation of Domestic  Arrears  \uf0b7  Lack of Land Titles  \uf0b7  Inadequate Infrastructure in UPE Schools  \uf0b7  Composition of Physical Planning Committee  11."}}, {"type": "Feature", "geometry": {"type": "Point", "coordinates": [31.4489394, 3.3994773]}, "properties": {"project_name": "Kurunga-Tokuru Road", "project_type": "road", "place_names": "Kurunga;Tokuru", "district": "Yumbe", "years_mentioned": "2018", "n_years": 1, "n_mentions": 1, "drivers_mentioned": "claims_and_disputes", "min_confidence_across_mentions": "high", "geocode_status": "partial", "geocode_precision": "place-centroid (one endpoint only)", "nominatim_display_name": "Kurunga: Kurunga, Obongi, Uganda", "representative_sentence": "Yumbe DLG    \uf0b7  YLP-Low Recovery of Funds  \uf0b7  URF-Performance of URF  \uf0b7  Unspent Balance not returned to the Consolidated Fund  \uf0b7  Delayed Disbursement of Funds to Groups  \uf0b7  Failure to Remit Sub-counties\u2019 Share of Collected Local Revenue  \uf0b7  Nugatory Expenditure  \uf0b7  Lack of Budget Provisions for the Committee  \uf0b7  Failure to Issue Occupational Permits, Monitor and Control Developments  \uf0b7  Condition of Medical equipment  \uf0b7  Inspections of Health Centres  \uf0b7  Award of Contract to a Company that Failed the Eligibility Test  \uf0b7  Wasteful Expenditure on Kurunga \u2013 Tokuru Road  \uf0b7  PPDA Reports for FY 2017/18    10."}}, {"type": "Feature", "geometry": {"type": "Point", "coordinates": [31.4197847, 0.2322598]}, "properties": {"project_name": "Kyayi Seed School", "project_type": "school", "place_names": "Kyayi", "district": NaN, "years_mentioned": "2019", "n_years": 1, "n_mentions": 1, "drivers_mentioned": "delay_time_overrun", "min_confidence_across_mentions": "high", "geocode_status": "success", "geocode_precision": "place-centroid", "nominatim_display_name": "Kyayi, Gomba, Central Region, Uganda", "representative_sentence": "\u2022  Under the UgIFT Program, I noted incomplete works for the upgrade of Ngomanene and Mamba  health centres IIs to IIIs whilst works on the construction of Kyayi seed school had not yet began  by 1/08/2019."}}, {"type": "Feature", "geometry": {"type": "Point", "coordinates": [30.1495573, 0.4441881]}, "properties": {"project_name": "Kyoho Bridge", "project_type": "bridge", "place_names": "Kyoho", "district": NaN, "years_mentioned": "2019", "n_years": 1, "n_mentions": 1, "drivers_mentioned": "cost_overrun", "min_confidence_across_mentions": "high", "geocode_status": "success", "geocode_precision": "place-centroid", "nominatim_display_name": "Kyoho Ii, Kasese, Western Region, Uganda", "representative_sentence": "\u2022  I noted excess expenditure of UGX.0.19bn on the construction of Kyoho Bridge due to a decision  to change from force Account to irregular contracting of the unfinished works to a private  contractor."}}, {"type": "Feature", "geometry": {"type": "LineString", "coordinates": [[32.7140174, 3.3585853], [32.5171282, 3.325058]]}, "properties": {"project_name": "Labworoyeng-Pawena-Laliya-Pawic-Lagot Anyara-Beyogoya Community Access Road", "project_type": "road", "place_names": "Labworoyeng;Pawena;Laliya;Pawic;Lagot Anyara;Beyogoya", "district": NaN, "years_mentioned": "2025", "n_years": 1, "n_mentions": 1, "drivers_mentioned": "procurement_irregularities", "min_confidence_across_mentions": "high", "geocode_status": "success", "geocode_precision": "place-centroid (line endpoints)", "nominatim_display_name": "Labworoyeng: Labworoyeng, Lamwo, Uganda | Beyogoya: Beyogoya, Lamwo, Uganda", "representative_sentence": "viii) Three (3) years after the Presidential Directive to conclude a direct procurement  agreement for the construction of the Commission\u2019s headquarters, the  Commission had not implemented the required agreement or contract."}}, {"type": "Feature", "geometry": {"type": "Point", "coordinates": [29.8846034, -0.144469]}, "properties": {"project_name": "Lake Katwe Technical Institute", "project_type": "school", "place_names": "Katwe", "district": "Kasese", "years_mentioned": "2022", "n_years": 1, "n_mentions": 1, "drivers_mentioned": "procurement_irregularities", "min_confidence_across_mentions": "high", "geocode_status": "success", "geocode_precision": "place-centroid [disambiguated]", "nominatim_display_name": "[CORRECTED via disambiguated query] Katwe, Kasese, Western Region, Uganda (was: Katwe, Makindye, Kampala Capital City, Kampala, Central Region, Uganda)", "representative_sentence": "The audit made the following observations;    \uf0b7  There was lack of competition during procurement of IPPs to the extent that 15  out of the 17 sampled small/mini hydro power plants, which commenced  construction and were commissioned after the enactment of the PPP Act 2015  and PPP regulations 2016, were not subjected to any competition before securing  the sites."}}, {"type": "Feature", "geometry": {"type": "LineString", "coordinates": [[32.8639233, 2.6721751], [32.3430677, 2.7818527]]}, "properties": {"project_name": "Laroo-Pageya Road", "project_type": "road", "place_names": "Laroo;Pageya", "district": "Gulu", "years_mentioned": "2018", "n_years": 1, "n_mentions": 1, "drivers_mentioned": "claims_and_disputes", "min_confidence_across_mentions": "high", "geocode_status": "success", "geocode_precision": "place-centroid (line endpoints)", "nominatim_display_name": "Laroo: Angole Laroo, Pader, Uganda | Pageya: Pageya, Gulu City, Northern Region, Uganda", "representative_sentence": "Gulu DLG  \uf0b7  Performance of Youth Livelihood Programme  \uf0b7  Failure to transfer recovered funds to the recovery account in BOU  \uf0b7  Inspection of performance of youth projects  \uf0b7  Implementation of the Uganda Road Funds  \uf0b7  Budget performance  \uf0b7  Status of implementation  \uf0b7  Contingent liability  \uf0b7  Unpaid pension and gratuity arrears  \uf0b7  Payables  \uf0b7  Incomplete and abandoned work  \uf0b7  Incomplete renovation and expansion of OPD in Lugore HCII Palaro sub  county  \uf0b7  Incomplete/ abandoned low cost sealing of Laroo- Pageya Road 2Km  \uf0b7  Non- disbursement of YLP funds for financial year 2017/2018  \uf0b7  Non-assessment of taxable revenue  \uf0b7  Summary of exceptions raised in the PPDA report  \uf0b7  Management of natural resources  \uf0b7  Unlicensed activities on natural resources  \uf0b7  The physical planning Committee  \uf0b7  Establishment of the physical planning Committee  \uf0b7  Performance of the physical planning Committee  \uf0b7  Non budgeting for the physical planning Committee activities  \uf0b7  Management of road equipment  \uf0b7  Failure to maintain road equipment records  \uf0b7  Non-functional/ grounded equipment  \uf0b7  Status of basic medical equipment  \uf0b7  Failure to record medical equipment in the district assets register  \uf0b7  Missing procurement records  27."}}, {"type": "Feature", "geometry": {"type": "Point", "coordinates": [32.9501481, 2.3320326]}, "properties": {"project_name": "Lira Regional Referral Hospital", "project_type": "hospital_health", "place_names": "Lira", "district": "Lira", "years_mentioned": "2018", "n_years": 1, "n_mentions": 1, "drivers_mentioned": "delayed_payments", "min_confidence_across_mentions": "high", "geocode_status": "success", "geocode_precision": "place-centroid", "nominatim_display_name": "Lira, Northern Region, Uganda", "representative_sentence": "Lira Regional Referral  Hospital  \uf0b7  Mischarged  Expenditure -  UGX.167,904,869  \uf0b7  Unaccounted for  funds -  UGX.136,359,356  \uf0b7  Non Tax Revenue (NTR) Spent at source -  UGX.15,475,663  \uf0b7  Over statements of Benefits Expenditure -  UGX.170,282,724  \uf0b7  Unsupported Payables/Domestic Arrears -  UGX.157,916,520        150    \uf0b7  Undisclosed  Expenditure -  UGX.298,206,573  \uf0b7  Overstatement of  Net worth -  UGX.108,735,083    \uf0b7  Understaffing  \uf0b7  Condition of Medical Equipment  \uf0b7  Failure to plan for Consultancy Services  \uf0b7  Failure to provide a Performance Security  12."}}, {"type": "Feature", "geometry": {"type": "Point", "coordinates": [32.9560906, 3.3673861]}, "properties": {"project_name": "Loborom HC III Solar-Powered Water System", "project_type": "water_supply", "place_names": "Loborom", "district": "Kitgum", "years_mentioned": "2018", "n_years": 1, "n_mentions": 1, "drivers_mentioned": "delayed_payments", "min_confidence_across_mentions": "high", "geocode_status": "partial", "geocode_precision": "place-centroid [subcounty proxy]", "nominatim_display_name": "[CORRECTED] Labongo Layamo Polytechnic, Atura, Kitgum, Northern Region, Uganda (subcounty-level proxy; exact HC III site not found in OSM) (was: Loborom, Agago, Northern Region, Uganda)", "representative_sentence": "Apac DLG  \uf0b7 Unsupported  expenditure  transactions  \uf0b7 Unexplained adjustment    \uf0b7  Performance of Youth Livelihood Programme  \uf0b7  Funding of the program  \uf0b7  Non \u2013 compliance with the repayment  schedule  \uf0b7  Transfer of recovered funds to the recovery  account in BOU  \uf0b7  Inspection of performance of youth projects  \uf0b7  Implementation of the Uganda Road Fund  \uf0b7  Budget performance  \uf0b7  Status of implementation  \uf0b7  Unsupported domestic arrears  \uf0b7  Unbudgeted for domestic arrears  \uf0b7  Loss of district motor cycles  \uf0b7  Outstanding electricity bill  \uf0b7  Management of natural resources  \uf0b7  Lack of legal ownership of land, forest  reserves and wetlands  \uf0b7  Unlicensed/illegal activities on Natural  Resources  \uf0b7  Physical Planning Committees  \uf0b7  Existence of Physical Planning Committee  \uf0b7  Capitation grant in Aninolal Primary school  \uf0b7  Disclosure of capitation grant funds in financial  statements  \uf0b7  Status of basic medical equipment  \uf0b7  Inventory of Medical Equipment  \uf0b7  Condition of Medical Equipment  3."}}, {"type": "Feature", "geometry": {"type": "Point", "coordinates": [34.35, 2.55]}, "properties": {"project_name": "Lopei Bridge", "project_type": "bridge", "place_names": "Lopei", "district": NaN, "years_mentioned": "2019", "n_years": 1, "n_mentions": 1, "drivers_mentioned": "procurement_irregularities", "min_confidence_across_mentions": "high", "geocode_status": "success", "geocode_precision": "place-centroid", "nominatim_display_name": "Lopei, Napak, Northern Region, Uganda", "representative_sentence": "c)  Delayed procurement of the Consultant    The contractor for the civil works was procured on 8th February 2016 while the  commencement date of the project was 20th June 2016."}}, {"type": "Feature", "geometry": {"type": "Point", "coordinates": [33.1263004, 0.9422475]}, "properties": {"project_name": "Low Cost Sealing of Selected District Roads Lot 6 (Kamuli)", "project_type": "road", "place_names": "Kamuli", "district": "Kamuli", "years_mentioned": "2019", "n_years": 1, "n_mentions": 1, "drivers_mentioned": "contract_management", "min_confidence_across_mentions": "high", "geocode_status": "success", "geocode_precision": "place-centroid", "nominatim_display_name": "Kamuli, Eastern Region, Uganda", "representative_sentence": "Bleeding, broken end structures, broken and  scoured aprons, Stripped capping layer  along road carriageway, silted culverts  11  Low Cost Sealing of Selected District  Roads; Lot 6: in Kamuli District  Silted culverts, damaged culvert bases,  washed off culvert backfill, damaged road  base, damaged end structures  12  Construction of Gem Farm Bailey  Bridge in Atiak, Amuru District  Collapsed gabion at Abutment 2 RHS,  Inadequate backfill at approach to the  bridge (LHS) in the corner, Need for river  training  13  Construction of Kisaigi Bridge in  Kakumiro District Lot 1  Honey combs, collapsing backfill, Crack at  Abutment wall, Formwork left within the  bridge structure at different locations  14  Construction of Kabindula Swamp  Crossing in Kyankwanzi District Lot 20  Extensive Honey combing, poor  workmanship on concrete works    The Accounting Officer indicated that contractors had been instructed to address the  identified defects prior to issue of the practical completion certificate."}}, {"type": "Feature", "geometry": {"type": "Point", "coordinates": [32.516081, 0.3170497]}, "properties": {"project_name": "Lubigi Primary Channel", "project_type": "other", "place_names": "Lubigi", "district": "Kampala", "years_mentioned": "2019", "n_years": 1, "n_mentions": 1, "drivers_mentioned": "cost_overrun", "min_confidence_across_mentions": "high", "geocode_status": "success", "geocode_precision": "place-centroid", "nominatim_display_name": "Lubigi, Rubaga, Kampala Capital City, Kampala, Wakiso, Central Region, Uganda", "representative_sentence": "\u2022  I noted that the Council awarded a contract for the construction of a water borne toilet at UNMC  at UGX.43,770,330, while the approved budget was UGX.32,000,000 and there was no approved  supplementary budget to support the additional allocation of UGX 11,770,330."}}, {"type": "Feature", "geometry": {"type": "Point", "coordinates": [32.2963041, 2.7776888]}, "properties": {"project_name": "Lugore HC II OPD Renovation/Expansion", "project_type": "hospital_health", "place_names": "Lugore (Palaro sub-county)", "district": "Gulu", "years_mentioned": "2018", "n_years": 1, "n_mentions": 1, "drivers_mentioned": "claims_and_disputes", "min_confidence_across_mentions": "high", "geocode_status": "partial", "geocode_precision": "district-centroid", "nominatim_display_name": "Gulu District Council, A6, Green Valley, Gulu City, Uganda", "representative_sentence": "Gulu DLG  \uf0b7  Performance of Youth Livelihood Programme  \uf0b7  Failure to transfer recovered funds to the recovery account in BOU  \uf0b7  Inspection of performance of youth projects  \uf0b7  Implementation of the Uganda Road Funds  \uf0b7  Budget performance  \uf0b7  Status of implementation  \uf0b7  Contingent liability  \uf0b7  Unpaid pension and gratuity arrears  \uf0b7  Payables  \uf0b7  Incomplete and abandoned work  \uf0b7  Incomplete renovation and expansion of OPD in Lugore HCII Palaro sub  county  \uf0b7  Incomplete/ abandoned low cost sealing of Laroo- Pageya Road 2Km  \uf0b7  Non- disbursement of YLP funds for financial year 2017/2018  \uf0b7  Non-assessment of taxable revenue  \uf0b7  Summary of exceptions raised in the PPDA report  \uf0b7  Management of natural resources  \uf0b7  Unlicensed activities on natural resources  \uf0b7  The physical planning Committee  \uf0b7  Establishment of the physical planning Committee  \uf0b7  Performance of the physical planning Committee  \uf0b7  Non budgeting for the physical planning Committee activities  \uf0b7  Management of road equipment  \uf0b7  Failure to maintain road equipment records  \uf0b7  Non-functional/ grounded equipment  \uf0b7  Status of basic medical equipment  \uf0b7  Failure to record medical equipment in the district assets register  \uf0b7  Missing procurement records  27."}}, {"type": "Feature", "geometry": {"type": "Point", "coordinates": [33.3305031, 2.834129]}, "properties": {"project_name": "Lukole Market", "project_type": "market", "place_names": "Lukole", "district": "Agago", "years_mentioned": "2023", "n_years": 1, "n_mentions": 1, "drivers_mentioned": "delay_time_overrun", "min_confidence_across_mentions": "high", "geocode_status": "success", "geocode_precision": "place-centroid", "nominatim_display_name": "Lukole H/q, Agago, Northern Region, Uganda", "representative_sentence": "\uf0b7  There was delayed completion of the construction of the two (2) markets namely  Opit in Omoro district and Lukole in Agago district by an average of eight (8)  months as at the time of audit in October 2023."}}, {"type": "Feature", "geometry": {"type": "Point", "coordinates": [31.6646593, 2.6576282]}, "properties": {"project_name": "Lulyango Primary School Works", "project_type": "school", "place_names": "Lulyango", "district": "Nwoya", "years_mentioned": "2018", "n_years": 1, "n_mentions": 1, "drivers_mentioned": "contract_management", "min_confidence_across_mentions": "medium", "geocode_status": "success", "geocode_precision": "place-centroid", "nominatim_display_name": "Lulyango, Nwoya, Uganda", "representative_sentence": "Nwoya DLG  \uf0b7  Performance of Youth Livelihood Programme  \uf0b7  Funding of the Programme  \uf0b7  Non-compliance with the Repayment Schedule  \uf0b7  Transfer of recovered funds to the recovery account in BOU  \uf0b7  Inspection of Performance of Youth projects  \uf0b7  Implementation of the Uganda Road Funds  \uf0b7  Budget performance  \uf0b7  Status of implementation        235      \uf0b7  Unpaid, Salaries , Pensions Gratuity Arrears  \uf0b7  Payment for Work not done at Anaka Central P/S  \uf0b7  Payment for Work not done at Todora HCII  \uf0b7  Payment for Work not done at Lulyango Primary School  \uf0b7  Construction of Box Culvert on Ceke Stream/ Diversion of Funds  \uf0b7  Summary of exceptions raised in the PPDA audit reports  \uf0b7  Management of Natural Resources  \uf0b7  Lack of legal ownership of land, forests reserves and wetlands."}}, {"type": "Feature", "geometry": {"type": "Point", "coordinates": [32.3952676, 0.7194112]}, "properties": {"project_name": "Lusenke Ranch", "project_type": "other_building", "place_names": "Lusenke", "district": "Nakaseke", "years_mentioned": "2018", "n_years": 1, "n_mentions": 1, "drivers_mentioned": "claims_and_disputes", "min_confidence_across_mentions": "medium", "geocode_status": "partial", "geocode_precision": "district-centroid [corrected from wrong place match]", "nominatim_display_name": "[FALLBACK to district centroid - original 'Lusenke' match was a different, incorrectly-matched same-named place] Office of the District Registrar Nakaseke, Kasule - Kapeeka Road, Nakaseke, Central Region, Uganda (was: Lusenke, Kibaale, Western Region, Uganda)", "representative_sentence": "\uf0b7  Non-implementation of planned activities  \uf0b7  Contingent liability due to delay in site handover- UGX,6,630,071,834  \uf0b7  Garnishee order on KIIDP2 Account - US$."}}, {"type": "Feature", "geometry": {"type": "Point", "coordinates": [32.1454989, -0.5248796]}, "properties": {"project_name": "Luuku-Kalangala-Mulabana Road", "project_type": "road", "place_names": "Luuku;Kalangala;Mulabana", "district": "Kalangala", "years_mentioned": "2019", "n_years": 1, "n_mentions": 1, "drivers_mentioned": "delay_time_overrun", "min_confidence_across_mentions": "high", "geocode_status": "partial", "geocode_precision": "place-centroid (one endpoint only)", "nominatim_display_name": "Mulabana: Kyagalanyi Mulabana, Bujumba, Kalangala, Central Region, Uganda", "representative_sentence": "Road Component    The road construction works for the upgrade of Luuku \u2013 Kalangala \u2013 Mulabana  (65.6 km) road from Class \u201cC\u201d to Class \u201cB\u201d gravel standards that were expected to  be executed within a period of twelve (12) months were completed after three  years in March 2016 resulting in a two years delay with no provisions for remedies/  penalties for delayed completion of the road construction works by the  implementation agreement."}}, {"type": "Feature", "geometry": {"type": "Point", "coordinates": [33.8055239, 0.4779014]}, "properties": {"project_name": "Luwero Fruit Factory", "project_type": "other_building", "place_names": "Luwero", "district": "Luwero", "years_mentioned": "2018", "n_years": 1, "n_mentions": 1, "drivers_mentioned": "claims_and_disputes", "min_confidence_across_mentions": "high", "geocode_status": "success", "geocode_precision": "place-centroid", "nominatim_display_name": "Luwero, Bugiri, Eastern Region, Uganda", "representative_sentence": "\uf0b7  Payment of un-budgeted prior year arrears amounting to  UGX.48,634,712,458  \uf0b7  Payment for tea lead agency fees for Kabale and Kisoro  districts        201    \uf0d8 Flawed MOU with regard to measurement of  deliverables:  \uf0d8 Rationale for the 30% Lead agency fee on distributed  tea:  \uf0d8 Partial consent settlement without Guarantee;  \uf0b7  Mischarge of Expenditure totalling to UGX.1,009,498,818  \uf0b7  Nugatory Expenditure \u2013 UGX 93,159,046  \uf0b7  Pending cases whose value was in excess of UGX.18 billion  pending resolution by court  \uf0b7  Operation Wealth Creation vehicle status review  \uf0b7  Basis for computation of transport costs to the tune of  UGX.1,978,744,208  \uf0b7  Sugarcane Production in Northern Uganda  \uf0d8 Cane seed procurement-UGX.4,518,260,220  \uf0a7  Non consideration of the evaluation  methodology and criteria  \uf0a7  Delayed delivery and Liquidated damages  charges  \uf0a7  Expiry of the Advance payment guarantee  \uf0d8 Bush Clearing, Land preparation, Planting cane, weed  management, manual and mechanical weeding, seed  cane harvesting and loading-UGX.15,526,487,530  \uf0a7  Irregular Advance payment security in form  of Log books- UGX.4,657,946,259  \uf0a7  Contract price adjustment:  \uf0b7  NAADS\u2019 restructuring and Legal Mandate  \uf0d8 Irregular restructuring:-  \uf0d8 Uncertainty on ownership of Assets:-  \uf0d8 Liability against OWC:-  \uf0b7  NAADS\u2019 assets held by districts  \uf0b7  Failure to execute performance security worth  UGX.23,325,873,958  \uf0b7  Recruitment of Civilians under Operation Wealth Creation  \uf0d8 Unclear Authority for the recruitment of civilians  \uf0d8 Non deduction of PAYE from OWC civilian staff        202      TRADE SECTOR  103."}}, {"type": "Feature", "geometry": {"type": "Point", "coordinates": [33.8055239, 0.4779014]}, "properties": {"project_name": "Luwero Health Centre IV Eye Clinic", "project_type": "hospital_health", "place_names": "Luwero", "district": "Luwero", "years_mentioned": "2018", "n_years": 1, "n_mentions": 1, "drivers_mentioned": "delayed_payments", "min_confidence_across_mentions": "medium", "geocode_status": "success", "geocode_precision": "place-centroid", "nominatim_display_name": "Luwero, Bugiri, Eastern Region, Uganda", "representative_sentence": "Luwero DLG  \uf0b7 Performance of Youth Livelihood Programme  - Under funding of the Programme  - Non Compliance with Repayments Schedules  - Un confirmed transfers of Recovered funds to Recovery Account in  BOU  - Inspection of performance of Youth Projects  - Nakigoza Youth Tato Growing Project  - Record keeping  - Kanyogoga Youth Piggery Project  - Poor Record keeping  \uf0b7 Implementation of the Uganda Road Funds  - Inspection of Kikoza-Kigoloba-Naluvule Road (8.9Kms)  - Failure to carry out Routine Manual Maintenance on District Roads  \uf0b7 Mischarge of Expenditure  \uf0b7 Un accounted for funds  \uf0b7 Financial Loss  \uf0b7 Outstanding Creditors  \uf0b7 Outstanding Salary and Pension Arrears  \uf0b7 Diversion of PHC and Agricultural Extension Services Wage to Pay  Primary Teachers Salary  \uf0b7 Un-updated property valuation list  \uf0b7 Under staffing and related  \uf0b7 Un Recovered UWEP Revolving Funds  \uf0b7 Un approved borehole Rehabilitation Assessments  \uf0b7 Difficulties in accessing Road equipment fr Regional Workshops  \uf0b7 Failure to Perform Physical count for students under USE  \uf0b7 Review of Eye Clinic Donation at Luwero Health Centre IV  \uf0b7 Management of Procurement  \uf0b7 Absence of a Contracts Register  \uf0b7 Absence of 10% Performance securities for Procurement contracts        253    \uf0b7 Lack of a representative of Lower Local Government on Evaluation  Committee  \uf0b7 Management of Natural Resources  \uf0b7 Environmental dilapidation of district wetlands  \uf0b7 Failure to de-gazette Bombo Local Forest Reserve  \uf0b7 Poor Status of basic Medical Equipment  \uf0b7 Lack of a District Physical Development Plan  \uf0b7 Absence of District land and Lease Registers  \uf0b7 Absence of legitimate Registration of the District Land  \uf0b7 Capitation Grants  \uf0b7 Under funding of the USE and UPE capitation programs  \uf0b7 Construction of a 2 classro block and others at Bulamba Primary Schoo  \uf0b7 Status of Basic Medical Equipment  72."}}, {"type": "Feature", "geometry": {"type": "Point", "coordinates": [31.3572517, 0.6038772]}, "properties": {"project_name": "Lwemikomago Health Centre II", "project_type": "hospital_health", "place_names": "Lwemikomago", "district": NaN, "years_mentioned": "2019", "n_years": 1, "n_mentions": 1, "drivers_mentioned": "delay_time_overrun", "min_confidence_across_mentions": "high", "geocode_status": "success", "geocode_precision": "place-centroid", "nominatim_display_name": "LWEMIKOMAGO, Mijumwa, Mubende, Central Region, Uganda", "representative_sentence": "\u2022  Under the UgIFT program, I noted delays in contract execution of up to three months for the  upgrade of Lwemikomago health centre II and incomplete works."}}, {"type": "Feature", "geometry": {"type": "Point", "coordinates": [34.2021869, 0.9765706]}, "properties": {"project_name": "MTAC Centre, Mbale", "project_type": "other_building", "place_names": "Mbale", "district": "Mbale", "years_mentioned": "2025", "n_years": 1, "n_mentions": 1, "drivers_mentioned": "contract_management", "min_confidence_across_mentions": "high", "geocode_status": "success", "geocode_precision": "place-centroid", "nominatim_display_name": "Mbale, Eastern Region, Uganda", "representative_sentence": "iv) The construction of the MTAC Centre in Mbale had not been formally transferred  to Nakawa Vocational Training College, raising supervision concerns."}}, {"type": "Feature", "geometry": {"type": "Point", "coordinates": [32.6083702, 0.4694282]}, "properties": {"project_name": "Makerere University Agricultural Research Institute Kabanyolo (MUARIK, inferred)", "project_type": "school", "place_names": "Kabanyolo", "district": "Wakiso", "years_mentioned": "2023", "n_years": 1, "n_mentions": 1, "drivers_mentioned": "land_and_right_of_way", "min_confidence_across_mentions": "low", "geocode_status": "success", "geocode_precision": "place-centroid", "nominatim_display_name": "Kabanyolo, Wakiso, Central Region, Uganda", "representative_sentence": "\uf0b7  The Institute owns land measuring 650 acres in Kabanyolo with a total of 15  Security guards, however, the land is encroached upon and a school is being built  on it, the land is not fully demated and not fully fenced."}}, {"type": "Feature", "geometry": {"type": "Point", "coordinates": [34.2629562, 0.6407313]}, "properties": {"project_name": "Malaba One Stop Border Post", "project_type": "other_building", "place_names": "Malaba", "district": "Tororo", "years_mentioned": "2021", "n_years": 1, "n_mentions": 1, "drivers_mentioned": "land_and_right_of_way", "min_confidence_across_mentions": "medium", "geocode_status": "success", "geocode_precision": "place-centroid", "nominatim_display_name": "Malaba, Tororo, Eastern Region, Uganda", "representative_sentence": "When the procurement  was completed and the Lands at Malaba, Busia and Elegu were handed over to the  contractor, the contractor could not access the sites as all the sites had encroachers  and subsequent land wrangles."}}, {"type": "Feature", "geometry": {"type": "Point", "coordinates": [31.8225954, 0.2587465]}, "properties": {"project_name": "Mamba Health Centre II-III Upgrade", "project_type": "hospital_health", "place_names": "Mamba", "district": NaN, "years_mentioned": "2019", "n_years": 1, "n_mentions": 1, "drivers_mentioned": "delay_time_overrun", "min_confidence_across_mentions": "high", "geocode_status": "success", "geocode_precision": "place-centroid", "nominatim_display_name": "Mamba, Gomba, Central Region, Uganda", "representative_sentence": "\u2022  Under the UgIFT Program, I noted incomplete works for the upgrade of Ngomanene and Mamba  health centres IIs to IIIs whilst works on the construction of Kyayi seed school had not yet began  by 1/08/2019."}}, {"type": "Feature", "geometry": {"type": "LineString", "coordinates": [[31.7737524, 1.6917534], [32.0115646, 1.8105308]]}, "properties": {"project_name": "Masindi and Kigumba Town Roads", "project_type": "road", "place_names": "Masindi;Kigumba", "district": NaN, "years_mentioned": "2022", "n_years": 1, "n_mentions": 1, "drivers_mentioned": "contract_management", "min_confidence_across_mentions": "medium", "geocode_status": "success", "geocode_precision": "place-centroid (line endpoints)", "nominatim_display_name": "Masindi: Masindi, Western Region, Uganda | Kigumba: Kigumba, Kiryandongo, Western Region, Uganda", "representative_sentence": "\uf0b7  While UNRA obtained a certificate of no objection for the construction and construction supervision of Hoima Town  roads, certificate of no-objection was not obtained for the construction and construction supervision of Masindi  and Kigumba Town roads due to delays in approvals by the funders."}}, {"type": "Feature", "geometry": {"type": "Point", "coordinates": [31.7737524, 1.6917534]}, "properties": {"project_name": "Masindi-Biiso-Kabale-Kiziranfumbi-Hohwa-Nyairongo-Butole Road", "project_type": "road", "place_names": "Masindi;Biiso;Kabale;Kiziranfumbi;Hohwa;Nyairongo;Butole", "district": NaN, "years_mentioned": "2025", "n_years": 1, "n_mentions": 1, "drivers_mentioned": "delay_time_overrun", "min_confidence_across_mentions": "high", "geocode_status": "partial", "geocode_precision": "place-centroid (one endpoint only)", "nominatim_display_name": "Masindi: Masindi, Western Region, Uganda", "representative_sentence": "xiii) Two (2) construction contracts worth UGX.16.91Bn were behind schedule, while  four (4) supplies worth UGX.3.03Bn procured and delivered to MAAIF and  NAGRC stores remained undistributed three (3) months after delivery."}}, {"type": "Feature", "geometry": {"type": "Point", "coordinates": [32.2017961, 0.2261614]}, "properties": {"project_name": "Mavugera Primary School Classrooms", "project_type": "school", "place_names": "Mavugera", "district": "Butambala", "years_mentioned": "2018", "n_years": 1, "n_mentions": 1, "drivers_mentioned": "land_and_right_of_way", "min_confidence_across_mentions": "high", "geocode_status": "success", "geocode_precision": "place-centroid", "nominatim_display_name": "Mavugera Primary School, Kabasanda Kibibi Road, Kawami A, Butambala, Central Region, Uganda", "representative_sentence": "Butambala DLG  \uf0b7 Performance of Youth Livelihood Programme  \uf0b7  Implementation of the Uganda Road Funds  - Budget Performance  - Status of implementation  - Routine manual maintenance  - Routine mechanised maintenance  - Periodic maintenance  - In adequate Monitoring and Supervision of Road works    \uf0b7  Un verified Outstanding Pension and Gratuity Payments  \uf0b7  Under Staffing  \uf0b7  Gombe Hospital  \uf0b7  Inadequate Funding  \uf0b7  Hospital Dilapidated Buildings  \uf0b7  Discharge of Sewage into the Community by the Hospital  \uf0b7  Lack of Land title for the Hospital  \uf0b7 Management of Procurement  \uf0b7 Drilling and Installation of Hand pump Borehole to Solar Powered  Boreholes  \uf0b7 Failure to Meet Evaluation Criteria  \uf0b7 Inspection of the motorized Pump  \uf0b7  Procurement Evaluation for Construction of classrooms at Mavugera  P/S  \uf0b7  Construction of Facilities at Bwetyabya UMEA P/S  \uf0b7  Management of Natural Resources  \uf0b7  Absence of Environment Committees        251    \uf0b7  Conservation of Natural Resources  \uf0b7  Encroachment on Forest Reserves  \uf0b7  Un controlled Human Activities on Wetlands  \uf0b7  Lack of a District Land Office  \uf0b7  Lack of a Land Board  \uf0b7  Inflated Pupil Enrolment  \uf0b7  Status of Basic Medical Equipment at Gbe Hospital  70."}}, {"type": "Feature", "geometry": {"type": "Point", "coordinates": [34.2021869, 0.9765706]}, "properties": {"project_name": "Mbale Regional Referral Hospital", "project_type": "hospital_health", "place_names": "Mbale", "district": "Mbale", "years_mentioned": "2018", "n_years": 1, "n_mentions": 1, "drivers_mentioned": "delayed_payments", "min_confidence_across_mentions": "high", "geocode_status": "success", "geocode_precision": "place-centroid", "nominatim_display_name": "Mbale, Eastern Region, Uganda", "representative_sentence": "Mbale Regional  Referral Hospital  \uf0b7  Unsupported  Gratuity Payments  UGX.695,585,680  \uf0b7    \uf0b7  Unsupported  domestic  arrears  UGX.752,666,672  \uf0b7  Shortfall in Central Government Grants  UGX.141,57,943  \uf0b7  Understaffing  \uf0b7  Irregular Payment of Salaries to Retired Staff  \uf0b7  Lack of land titles  \uf0b7  shortage of medical equipment, (Condition of  the Medical equipment )  \uf0b7  There was no fridge for storage of dead  bodies (State of the Hospital Mortuary)  13."}}, {"type": "Feature", "geometry": {"type": "Point", "coordinates": [34.2021869, 0.9765706]}, "properties": {"project_name": "Mbale Satellite Centre Construction", "project_type": "other_building", "place_names": "Mbale", "district": "Mbale", "years_mentioned": "2025", "n_years": 1, "n_mentions": 1, "drivers_mentioned": "procurement_irregularities", "min_confidence_across_mentions": "high", "geocode_status": "success", "geocode_precision": "place-centroid", "nominatim_display_name": "Mbale, Eastern Region, Uganda", "representative_sentence": "1.9.1 Inadequacies in the standardisation of specifications and prices for common  user works, services and supplies    Section 8 of the PPDA Act, Cap 205, empowers the Authority, where applicable, to  determine the prices of works, services and supplies which are used in common by two  or more procuring and disposing entities and which may be subject to common  procurement; and review the prices as may be necessary."}}, {"type": "Feature", "geometry": {"type": "LineString", "coordinates": [[34.2021869, 0.9765706], [34.1026752, 0.7407633]]}, "properties": {"project_name": "Mbale-Tororo Transmission Line", "project_type": "power_transmission", "place_names": "Mbale;Tororo", "district": NaN, "years_mentioned": "2023", "n_years": 1, "n_mentions": 1, "drivers_mentioned": "governance_and_controls", "min_confidence_across_mentions": "high", "geocode_status": "success", "geocode_precision": "place-centroid (line endpoints)", "nominatim_display_name": "Mbale: Mbale, Eastern Region, Uganda | Tororo: Tororo, Eastern Region, Uganda", "representative_sentence": "The other  six pillars which support the primary pillar include: Infrastructure and Economic Services;  Financial Inclusion (FI); Social Services; Community Mobilization and Mind-set Change;  Parish Development Management Information System (PDMIS); and Governance and  Administration."}}, {"type": "Feature", "geometry": {"type": "Point", "coordinates": [30.5737374, -0.4180848]}, "properties": {"project_name": "Mbarara Regional Referral Hospital", "project_type": "hospital_health", "place_names": "Mbarara", "district": "Mbarara", "years_mentioned": "2018", "n_years": 1, "n_mentions": 1, "drivers_mentioned": "delayed_payments", "min_confidence_across_mentions": "high", "geocode_status": "success", "geocode_precision": "place-centroid", "nominatim_display_name": "Mbarara, Western Region, Uganda", "representative_sentence": "Soroti Regional Referral Hospital  \uf0b7  Revenue Shortfall  \uf0b7  Budget Under Absorption  \uf0b7  Unapproved Supplementary Funding  \uf0b7  Un accounted for Funds  \uf0b7  Under staffing  \uf0b7  Unsupported Domestic Arrears  \uf0b7  Lack of a Hospital Board  \uf0b7  Management of the of Oxygen Plant and supply of oxygen        177    \uf0b7  Shortage of medical equipment at the health facility  \uf0b7  Utilization of Medical Equipment  \uf0b7  Failure to supply ordered Medicines  \uf0b7  Expired Drugs  \uf0b7  Drug Stock Outs  \uf0b7  Unapproved Variation  133."}}, {"type": "Feature", "geometry": {"type": "LineString", "coordinates": [[31.0741159, 0.1472675], [30.036886, -1.3359666]]}, "properties": {"project_name": "Mirama-Kabale Transmission Line", "project_type": "power_transmission", "place_names": "Mirama;Kabale", "district": NaN, "years_mentioned": "2023", "n_years": 1, "n_mentions": 1, "drivers_mentioned": "governance_and_controls", "min_confidence_across_mentions": "high", "geocode_status": "success", "geocode_precision": "place-centroid (line endpoints)", "nominatim_display_name": "Mirama: Mirama, Lwemiyaga, Sembabule, Central Region, Uganda | Kabale: Kabale, Western Region, Uganda", "representative_sentence": "The other  six pillars which support the primary pillar include: Infrastructure and Economic Services;  Financial Inclusion (FI); Social Services; Community Mobilization and Mind-set Change;  Parish Development Management Information System (PDMIS); and Governance and  Administration."}}, {"type": "Feature", "geometry": {"type": "Point", "coordinates": [32.0768024, 0.4560686]}, "properties": {"project_name": "Mityana Substation", "project_type": "power_transmission", "place_names": "Mityana", "district": "Mityana", "years_mentioned": "2023", "n_years": 1, "n_mentions": 1, "drivers_mentioned": "contract_management", "min_confidence_across_mentions": "high", "geocode_status": "success", "geocode_precision": "place-centroid", "nominatim_display_name": "Mityana, Central Region, Uganda", "representative_sentence": "The delayed  completion of works creates risks of escalation of supervision and construction  costs."}}, {"type": "Feature", "geometry": {"type": "Point", "coordinates": [34.175556, 0.832778]}, "properties": {"project_name": "Molo Sub-county Administration Block", "project_type": "other_building", "place_names": "Molo", "district": NaN, "years_mentioned": "2019", "n_years": 1, "n_mentions": 1, "drivers_mentioned": "delay_time_overrun", "min_confidence_across_mentions": "medium", "geocode_status": "success", "geocode_precision": "place-centroid", "nominatim_display_name": "Molo, Tororo, Eastern Region, Uganda", "representative_sentence": "\u2022  I noted that the Construction of administration block had stalled  \u2022  Under NUSAF, I noted delayed implementation of projects, and absence of internal audit  \u2022  I noted during inspection YLP that youth groups received project funds however no records on  group management, group management and selection, repayment schedule were availed."}}, {"type": "Feature", "geometry": {"type": "Point", "coordinates": [34.6399817, 2.6156454]}, "properties": {"project_name": "Moroto Bus Terminal", "project_type": "other_building", "place_names": "Moroto", "district": "Moroto", "years_mentioned": "2019", "n_years": 1, "n_mentions": 1, "drivers_mentioned": "procurement_irregularities", "min_confidence_across_mentions": "high", "geocode_status": "success", "geocode_precision": "place-centroid", "nominatim_display_name": "Moroto, Northern Region, Uganda", "representative_sentence": "\u2022  I noted a delay of 22 days in the procurement process under UgIFT and works at one of the  structures was at foundation level."}}, {"type": "Feature", "geometry": {"type": "Point", "coordinates": [34.6399817, 2.6156454]}, "properties": {"project_name": "Moroto Valley Dam", "project_type": "dam", "place_names": "Moroto", "district": "Moroto", "years_mentioned": "2023", "n_years": 1, "n_mentions": 1, "drivers_mentioned": "delay_time_overrun", "min_confidence_across_mentions": "low", "geocode_status": "success", "geocode_precision": "place-centroid", "nominatim_display_name": "Moroto, Northern Region, Uganda", "representative_sentence": "\uf0b7  Two (2) contractors undertaking contract works for the valley dams in Moroto and  Kaabong districts are past the completion time but works are still significantly  behind schedule."}}, {"type": "Feature", "geometry": {"type": "Point", "coordinates": [34.6399817, 2.6156454]}, "properties": {"project_name": "Moroto-Lokitanyala Road", "project_type": "road", "place_names": "Moroto;Lokitanyala", "district": NaN, "years_mentioned": "2025", "n_years": 1, "n_mentions": 1, "drivers_mentioned": "delay_time_overrun", "min_confidence_across_mentions": "high", "geocode_status": "partial", "geocode_precision": "place-centroid (one endpoint only)", "nominatim_display_name": "Moroto: Moroto, Northern Region, Uganda", "representative_sentence": "xiii) Two (2) construction contracts worth UGX.16.91Bn were behind schedule, while  four (4) supplies worth UGX.3.03Bn procured and delivered to MAAIF and  NAGRC stores remained undistributed three (3) months after delivery."}}, {"type": "Feature", "geometry": {"type": "Point", "coordinates": [32.7390995, 0.4379677]}, "properties": {"project_name": "Mpoma Perimeter Wall", "project_type": "other_building", "place_names": "Mpoma", "district": "Mukono", "years_mentioned": "2025", "n_years": 1, "n_mentions": 1, "drivers_mentioned": "procurement_irregularities", "min_confidence_across_mentions": "medium", "geocode_status": "success", "geocode_precision": "place-centroid", "nominatim_display_name": "Mpoma, Mukono, Central Region, Uganda", "representative_sentence": "Climate Change and  Infectious Diseases  (One  Health  Approach\u201d  -  CIDIMOH  Project  (MAK)  for  the  period ended 31st  December 2024  Human  Capital  Development  Unqualified  There were no reportable issues  Climate  Smart  Agriculture in Sub- Saharan  Africa  (CSA)  Project  (MUK)  for  the  period ended 31st  December 2024  Human  Capital  Development  Unqualified  There were no reportable issues  Energy Technology  Network  (Energynet) Project  Human  Capital  Development  Unqualified  There were no reportable issues    333  Entity Name  Programme  Name  Opinion    Summary of Key Findings  I noted that;  (MUK)  for  the  Period 1st Jan 2024  to 31st Dec 2024  Gender  and  Digitalization Across  Context  (GENDIG)  Project (MUK) for  period 1st Jan 2024  to 31st Dec 2024  Human  Capital  Development  Unqualified  There were no reportable issues  Enhanced Capacity  for  Aquatic  Resources in East  and  South  Africa  (ECARESA) Project  (MUK)  for  the  period 1st Jan 2024  to 31st Dec 2024  Human  Capital  Development  Unqualified  There were no reportable issues  Decolonizing  Epistemologies: The  Disciplines and the  University  in  relation  to  the  Society  and  the  World  Project  (MUK)  for  the  Period 1st Jan 2024  to 31st Dec 2024  Human  Capital  Development  Unqualified  There were no reportable issues    Co  -  Creating  Knowledge for Local  Adaptation  to  Climate Change in  LDCS  (COLOCAL)  Project (MUK) for  the period 1st Jan  2024 to 31st Dec  2024  Human  Capital  Development  Unqualified  There were no reportable issues    334  Entity Name  Programme  Name  Opinion    Summary of Key Findings  I noted that;  Competitiveness  and  Enterprise  Development  Project (CEDP-AF) \u2013  MoFPED    Public  Sector  Transformation  &  Tourism  Development  Unqualified  i)  For procurements worth UGX.2.577Bn, the project shortlisted providers that  were not on its prequalified list of suppliers."}}, {"type": "Feature", "geometry": {"type": "Point", "coordinates": [29.7649624, 0.0949933]}, "properties": {"project_name": "Mpondwe Bridge", "project_type": "bridge", "place_names": "Mpondwe", "district": "Kasese", "years_mentioned": "2019", "n_years": 1, "n_mentions": 1, "drivers_mentioned": "procurement_irregularities", "min_confidence_across_mentions": "high", "geocode_status": "success", "geocode_precision": "place-centroid", "nominatim_display_name": "Mpondwe, Kasese, Western Region, Uganda", "representative_sentence": "c)  Delayed procurement of the Consultant    The contractor for the civil works was procured on 8th February 2016 while the  commencement date of the project was 20th June 2016."}}, {"type": "Feature", "geometry": {"type": "Point", "coordinates": [29.6930183, -0.9804792]}, "properties": {"project_name": "Mpungu Health Centre II-III Upgrade", "project_type": "hospital_health", "place_names": "Mpungu", "district": NaN, "years_mentioned": "2019", "n_years": 1, "n_mentions": 1, "drivers_mentioned": "delay_time_overrun", "min_confidence_across_mentions": "high", "geocode_status": "success", "geocode_precision": "place-centroid", "nominatim_display_name": "Mpungu Sub-County, Kanungu, Western Region, Uganda", "representative_sentence": "\u2022  I noted incomplete works for construction of motorised pump boreholes three months after  contract expected completion date and thus communities could not realise the benefits."}}, {"type": "Feature", "geometry": {"type": "Point", "coordinates": [31.4499035, 1.1960082]}, "properties": {"project_name": "MuJunza Health Centre", "project_type": "hospital_health", "place_names": "MuJunza", "district": NaN, "years_mentioned": "2019", "n_years": 1, "n_mentions": 1, "drivers_mentioned": "delay_time_overrun", "min_confidence_across_mentions": "low", "geocode_status": "success", "geocode_precision": "place-centroid", "nominatim_display_name": "Mujunza Central, Kyankwanzi, Central Region, Uganda", "representative_sentence": "\u2022  Under UgIFT I noted incomplete works on the construction of a seed school at Banamywa Sub  County while the site for construction of MuJunza health centre appeared abandoned."}}, {"type": "Feature", "geometry": {"type": "Point", "coordinates": [31.4095476, 0.5154279]}, "properties": {"project_name": "Mubende Regional Referral Hospital", "project_type": "hospital_health", "place_names": "Mubende", "district": "Mubende", "years_mentioned": "2018", "n_years": 1, "n_mentions": 1, "drivers_mentioned": "delayed_payments", "min_confidence_across_mentions": "high", "geocode_status": "success", "geocode_precision": "place-centroid", "nominatim_display_name": "Mubende, Central Region, Uganda", "representative_sentence": "Mubende Regional  Referral Hospital  \uf0b7  Mischarged  Expenditure  UGX.777,764,898  \uf0b7  Un-supported  Receivables  UGX.215,408,183  \uf0b7  Budget shortfall of UGX.1,057,562,572  \uf0b7  Non construction of the paediatrics and  medical wards  \uf0b7  Domestic Arrears UGX.1,543,294,611  \uf0b7  Poor Condition of Medical Equipment  \uf0b7  Poor maintenance of Medical Equipment    14."}}, {"type": "Feature", "geometry": {"type": "Point", "coordinates": [31.4095476, 0.5154279]}, "properties": {"project_name": "Mubende Substation", "project_type": "power_transmission", "place_names": "Mubende", "district": "Mubende", "years_mentioned": "2023", "n_years": 1, "n_mentions": 1, "drivers_mentioned": "contract_management", "min_confidence_across_mentions": "high", "geocode_status": "success", "geocode_precision": "place-centroid", "nominatim_display_name": "Mubende, Central Region, Uganda", "representative_sentence": "The delayed  completion of works creates risks of escalation of supervision and construction  costs."}}, {"type": "Feature", "geometry": {"type": "Point", "coordinates": [32.5773569, 0.3408291]}, "properties": {"project_name": "Mulago Hospital and Kampala City Capacity Project (MKCCAP)", "project_type": "hospital_health", "place_names": "Kampala (Mulago)", "district": "Kampala", "years_mentioned": "2018", "n_years": 1, "n_mentions": 1, "drivers_mentioned": "delayed_payments", "min_confidence_across_mentions": "high", "geocode_status": "success", "geocode_precision": "place-centroid", "nominatim_display_name": "Uganda Cancer Institute, Mulago Hill Road 2, Mulago, Kawempe, Kampala Capital City, Kampala, Central Region, Uganda", "representative_sentence": "4,811,238,710  \uf0b7  Unspent balances UGX.3,641,516,554  \uf0b7  None Alignment of the Ministry\u2019s budget with  the National Development Plan  \uf0b7  Domestic arrears UGX.42,597,252,938  \uf0b7  Improvement of Health Services at Mulago  Hospital and the City of Kampala Project  (MKCCAP)  o  Omission of essential components  of works during planning and  design review  o  Delayed execution of works  o  Validity of contractor\u2019s all risk policy  o  Unspecified  percentage  for  Subcontracting of works  o  Non recovery of Advance Payment  worth  UGX.251,848,338,  and  retention worth UGX.628,710,846  o  Implementation and Payment of  some Addendum Works before  Contractual Approval by contracts  committee  o  Payment for unexecuted works  USD.221, 142.63  o  Delayed payment of VAT and IPCs  USD."}}, {"type": "Feature", "geometry": {"type": "Point", "coordinates": [32.5773569, 0.3408291]}, "properties": {"project_name": "Mulago Specialized Women & Neonatal Hospital (MSWNH)", "project_type": "hospital_health", "place_names": "Kampala (Mulago)", "district": "Kampala", "years_mentioned": "2025", "n_years": 1, "n_mentions": 1, "drivers_mentioned": "delayed_payments", "min_confidence_across_mentions": "high", "geocode_status": "success", "geocode_precision": "place-centroid", "nominatim_display_name": "Uganda Cancer Institute, Mulago Hill Road 2, Mulago, Kawempe, Kampala Capital City, Kampala, Central Region, Uganda", "representative_sentence": "v)  The Hospital made payments for settlement of arrears worth UGX.0.29Bn beyond  the approved domestic arrears budget without seeking approvals of the PSST."}}, {"type": "Feature", "geometry": {"type": "LineString", "coordinates": [[32.5326642, 0.2827263], [32.4698564, 0.0611715]]}, "properties": {"project_name": "Mutundwe-Entebbe 132kV Double Circuit Transmission Line", "project_type": "power_transmission", "place_names": "Mutundwe;Entebbe", "district": NaN, "years_mentioned": "2025", "n_years": 1, "n_mentions": 1, "drivers_mentioned": "contract_management", "min_confidence_across_mentions": "high", "geocode_status": "success", "geocode_precision": "place-centroid (line endpoints)", "nominatim_display_name": "Mutundwe: Mutundwe, Rubaga, Kampala Capital City, Kampala, Central Region, Uganda | Entebbe: Entebbe City, Central Region, Uganda", "representative_sentence": "Mutundwe-Entebbe  132  Kv  Double  Circuit Transmission  Line project for the  year  ended  30th  June 2024  Energy  Development  Unqualified  i)  There was no valid contract for provision of consultancy services between UETCL  and M/S GOPA Intec and yet there were defects liability period activities that  were supposed to be supervised."}}, {"type": "Feature", "geometry": {"type": "Point", "coordinates": [32.1758087, 1.0022373]}, "properties": {"project_name": "Nakaseke Hospital", "project_type": "hospital_health", "place_names": "Nakaseke", "district": "Nakaseke", "years_mentioned": "2018", "n_years": 1, "n_mentions": 1, "drivers_mentioned": "delay_time_overrun", "min_confidence_across_mentions": "high", "geocode_status": "success", "geocode_precision": "place-centroid", "nominatim_display_name": "Nakaseke, Central Region, Uganda", "representative_sentence": "Nakaseke DLG  Performance of Youth Livelihood Programme  - Noncompliance with the Repayment schedule  - Inspection of Performance of Youth projects  - Lack of Project Records  \uf0b7 Implementation of the Uganda Road Funds  - Budget Performance  - Status of implementation  \uf0b7 Under staffing  \uf0b7 Double Deployment of Head Teachers in One School  \uf0b7 Delayed disbursement of funds to Youth and Wen Groups FYR 2017/18  \uf0b7 Construction of Primary Schools under Global Partnership for Education  \uf0b7 Direct Payments by the Ministry of Education to the Contractor  \uf0b7 Incomplete works  \uf0b7 Construction works under School Facilities Grant  \uf0b7 Lack of Basic Infrastructure in Primary Schools  \uf0b7 Inspection of Semuto HCIV  \uf0b7 Inadequate Funding of Nakaseke Hospital  \uf0b7 Theft of Hospital equipment at Nakaseke Hospital  \uf0b7 Management and Utilisation of Natural Resources  \uf0b7 Lack of legal ownership of Nabika forest reserves and wetlands  \uf0b7 Absence of a Distinct Environmental Committee  \uf0b7 Lack of Lease Register        254    \uf0b7 Illegal Land Management of the District land by Luwero District Land  Board  \uf0b7 Lack of a Wetlands Register  \uf0b7 Degradation and Illegal activities on River Mayanja wetland  \uf0b7 Lack of Land Title for health facilities  \uf0b7  Status of basic medical equipment in health facilities    73."}}, {"type": "Feature", "geometry": {"type": "Point", "coordinates": [32.1758087, 1.0022373]}, "properties": {"project_name": "Nakaseke Seed Secondary School", "project_type": "school", "place_names": "Nakaseke", "district": "Nakaseke", "years_mentioned": "2019", "n_years": 1, "n_mentions": 1, "drivers_mentioned": "delay_time_overrun", "min_confidence_across_mentions": "high", "geocode_status": "success", "geocode_precision": "place-centroid", "nominatim_display_name": "Nakaseke, Central Region, Uganda", "representative_sentence": "\u2022  Under UgIFT, Inspections revealed construction works of the Health Centre had stalled and  construction of Nakaseke Seed Secondary School had not commenced."}}, {"type": "Feature", "geometry": {"type": "Point", "coordinates": [32.154722, 0.378056]}, "properties": {"project_name": "Nakaseta Primary School Pit Latrine", "project_type": "school", "place_names": "Nakaseta", "district": "Mityana", "years_mentioned": "2018", "n_years": 1, "n_mentions": 1, "drivers_mentioned": "delay_time_overrun", "min_confidence_across_mentions": "high", "geocode_status": "success", "geocode_precision": "place-centroid [disambiguated]", "nominatim_display_name": "[CORRECTED via disambiguated query] Nakaseta, Mityana, Central Region, Uganda (was: Nakaseta, Mawogola, Sembabule, Central Region, Uganda)", "representative_sentence": "Mityana MC    \uf0b7  Budget Performance under Uganda Road Fund  - Status of implementation  - Routine manual maintenance  - Routine mechanised maintenance  - Inspection of Wabigalo- Busubizi Road (Status of Road)  - The Poor state of Main Street  - Lack of Road Equipment  \uf0b7  Under Collection of Local Revenue  \uf0b7  Comingling of Property Tax with other Revenues  \uf0b7  Lack of a Valuation Roll for Property Tax  \uf0b7  Irregular Allocation of Classroom Block to Pre Primary Section  \uf0b7  Incomplete works on Pit latrine constructed at NAKASETA P/S  \uf0b7  Un Distributed Youth Livelihood program Funds financial year 2017/18  \uf0b7  Non functionality of the Stores system  \uf0b7  Lack of an owned Office Premises  \uf0b7  Understaffing  \uf0b7  Management and Utilization of Natural Resources  \uf0b7  Lack of Land Titles  \uf0b7  Lack of inventory of wetlands (Un known wetlands)  \uf0b7  Human Activities on Lake Wamala Buffer Zone  \uf0b7  Garbage Management  \uf0b7  Littering of Garbage  \uf0b7  Absence of by-laws on Garbage Management  \uf0b7  Failure to Maintain Data and Records on Garbage Volume  \uf0b7  In appropriate Location of the Landfill  \uf0b7  Lack of a Physical Development Plan  77."}}, {"type": "Feature", "geometry": {"type": "Point", "coordinates": [34.2333294, 1.1208831]}, "properties": {"project_name": "Nakitokolo Health Centre II", "project_type": "hospital_health", "place_names": "Nakitokolo", "district": NaN, "years_mentioned": "2019", "n_years": 1, "n_mentions": 1, "drivers_mentioned": "delay_time_overrun", "min_confidence_across_mentions": "high", "geocode_status": "success", "geocode_precision": "place-centroid", "nominatim_display_name": "Nakitokolo, Mbale City, Bugisa sub-region, Eastern Region, Uganda", "representative_sentence": "\u2022  Under UgFIT, inspections revealed stalled works for Nakitokolo Health Centre II and Seed  Secondary School with both lacking land titles."}}, {"type": "Feature", "geometry": {"type": "Point", "coordinates": [34.2333294, 1.1208831]}, "properties": {"project_name": "Nakitokolo Seed Secondary School", "project_type": "school", "place_names": "Nakitokolo", "district": NaN, "years_mentioned": "2019", "n_years": 1, "n_mentions": 1, "drivers_mentioned": "delay_time_overrun", "min_confidence_across_mentions": "high", "geocode_status": "success", "geocode_precision": "place-centroid", "nominatim_display_name": "Nakitokolo, Mbale City, Bugisa sub-region, Eastern Region, Uganda", "representative_sentence": "\u2022  Under UgFIT, inspections revealed stalled works for Nakitokolo Health Centre II and Seed  Secondary School with both lacking land titles."}}, {"type": "Feature", "geometry": {"type": "Point", "coordinates": [32.8612518, 0.9360004]}, "properties": {"project_name": "Nakyesa Public Latrine", "project_type": "other_building", "place_names": "Nakyesa", "district": "Kayunga", "years_mentioned": "2018", "n_years": 1, "n_mentions": 1, "drivers_mentioned": "land_and_right_of_way", "min_confidence_across_mentions": "low", "geocode_status": "success", "geocode_precision": "place-centroid", "nominatim_display_name": "Nakyesa III, Kayunga, Central Region, Uganda", "representative_sentence": "- Noncompliance with the repayment schedule  - Transfer of the Recovered Funds to the Recovery Account in BOU  - Inspection of Performance of Youth projects  - Kayonjo Piggery Youth Project  - Record keeping  - Bwetyaba Youth dairy Production  - Record Keeping  - Failed Youth Livelihood Projects  \uf0b7 Implementation of the Uganda Road Funds  - Budget Performance  - Status of implementation  - Routine manual maintenance  - Under Utilization of Road Gangs  - Routine mechanised maintenance  - Periodic maintenance  - Burnt district Grader  \uf0b7 Outstanding Pensions  \uf0b7 Outstanding Commitments  \uf0b7 Construction of Nakyesa Public Latrine  \uf0b7 High School Dropout Rates  \uf0b7 Failure to collect Local service Tax (LST) fr Non-Government employees  \uf0b7 Management and Utilisation of Natural Resources  \uf0b7 Ruining and encroachment on wet land  \uf0b7 Failure to demarcate wetlands  \uf0b7 Lack of a District Environmental Action Plan        252    \uf0b7 Status of Essential medical equipment at the Kayunga General Hospital  \uf0b7 Challenges faced by Kayunga HCIVs  \uf0b7 District Road Equipment Inadequate Road Equipment  \uf0b7  In adequate Infrastructure in Primary schools  71."}}, {"type": "Feature", "geometry": {"type": "Point", "coordinates": [32.3267487, 0.4204536]}, "properties": {"project_name": "Namagera Town Water Supply System", "project_type": "water_supply", "place_names": "Namagera", "district": NaN, "years_mentioned": "2018", "n_years": 1, "n_mentions": 1, "drivers_mentioned": "procurement_irregularities", "min_confidence_across_mentions": "high", "geocode_status": "success", "geocode_precision": "place-centroid", "nominatim_display_name": "Namagera, Wakiso, Central Region, Uganda", "representative_sentence": "Regional  Pastoral  Livelihood  Improvement Project  \uf0b7  Budget shortfall UGX.7.01bn  \uf0b7  Under absorption of funds 32.6bn  \uf0b7  Non-implementation of budgeted activities  \uf0b7  Irregular payment of VAT on exempted supplies  \u2013  UGX.139,703,172  \uf0b7  Failure to supply vaccines  \uf0b7  Delayed deliveries  \uf0b7  Failure to deliver on second contract  \uf0b7  Irregular transfer of District Project funds to General Fund  Account  \uf0b7  Delayed procurement process for Consultancy services for the  design and construction of livestock watering facilities  \uf0b7  Inadequate Project Monitoring  \uf0b7  Delayed Disbursement of Funds to Implementing Districts  \uf0b7  Unimplemented Activities(Inspection in Katakwi District)  27."}}, {"type": "Feature", "geometry": {"type": "Point", "coordinates": [33.7995993, 0.5140815]}, "properties": {"project_name": "Namayemba Primary School Classroom Block", "project_type": "school", "place_names": "Namayemba", "district": NaN, "years_mentioned": "2023", "n_years": 1, "n_mentions": 1, "drivers_mentioned": "delay_time_overrun", "min_confidence_across_mentions": "high", "geocode_status": "success", "geocode_precision": "place-centroid", "nominatim_display_name": "Namayemba, Bugiri, Eastern Region, Uganda", "representative_sentence": "Unjustified extensions of time lead  to delayed completion of the works."}}, {"type": "Feature", "geometry": {"type": "Point", "coordinates": [34.3831407, 0.8678396]}, "properties": {"project_name": "Namisindwa District Administration Block", "project_type": "other_building", "place_names": "Namisindwa", "district": "Namisindwa", "years_mentioned": "2018", "n_years": 1, "n_mentions": 1, "drivers_mentioned": "cost_overrun", "min_confidence_across_mentions": "medium", "geocode_status": "success", "geocode_precision": "place-centroid", "nominatim_display_name": "Namisindwa, Eastern Region, Uganda", "representative_sentence": "Namisindwa DLG    \uf0b7  Performance Of URF  \uf0b7  YLP-low recovery of funds  \uf0b7  Unpaid salaries  \uf0b7  Excess Expenditure  \uf0b7  Understaffing  \uf0b7  Construction of District administration block  \uf0b7  Failure to conduct a comprehensive revenue assessment  \uf0b7  Disaster management - Effect of Heavy rains  \uf0b7  Lack of legal ownership of land, forests reserves and wetlands  \uf0b7  Lack of a District Environmental Committee  \uf0b7  Unlicensed activities on Natural resources  \uf0b7  Failure to maintain road equipment records  \uf0b7  Condition of medical equipment  94."}}, {"type": "Feature", "geometry": {"type": "LineString", "coordinates": [[32.5461254, 0.3401161], [32.3907615, 0.4187326]]}, "properties": {"project_name": "Namungoona-Nansana-Wakiso-Kakiri Road", "project_type": "road", "place_names": "Namungoona;Nansana;Wakiso;Kakiri", "district": NaN, "years_mentioned": "2025", "n_years": 1, "n_mentions": 1, "drivers_mentioned": "procurement_irregularities", "min_confidence_across_mentions": "high", "geocode_status": "success", "geocode_precision": "place-centroid (line endpoints)", "nominatim_display_name": "Namungoona: Namungoona, Kampala, Central Region, Uganda | Kakiri: Kakiri, Wakiso, Central Region, Uganda", "representative_sentence": "Kapchorwa - Suam  Road-project  Integrated  transport  infrastructure  and  services  Unqualified  i)  The Commission did not reserve any procurements for registered associations  as required by the PPDA guidelines."}}, {"type": "Feature", "geometry": {"type": "Point", "coordinates": [33.545556, 1.081111]}, "properties": {"project_name": "Namwiwa Town Water Supply System", "project_type": "water_supply", "place_names": "Namwiwa", "district": NaN, "years_mentioned": "2018", "n_years": 1, "n_mentions": 1, "drivers_mentioned": "procurement_irregularities", "min_confidence_across_mentions": "high", "geocode_status": "success", "geocode_precision": "place-centroid", "nominatim_display_name": "Namwiwa, Kaliro, Eastern Region, Uganda", "representative_sentence": "Regional  Pastoral  Livelihood  Improvement Project  \uf0b7  Budget shortfall UGX.7.01bn  \uf0b7  Under absorption of funds 32.6bn  \uf0b7  Non-implementation of budgeted activities  \uf0b7  Irregular payment of VAT on exempted supplies  \u2013  UGX.139,703,172  \uf0b7  Failure to supply vaccines  \uf0b7  Delayed deliveries  \uf0b7  Failure to deliver on second contract  \uf0b7  Irregular transfer of District Project funds to General Fund  Account  \uf0b7  Delayed procurement process for Consultancy services for the  design and construction of livestock watering facilities  \uf0b7  Inadequate Project Monitoring  \uf0b7  Delayed Disbursement of Funds to Implementing Districts  \uf0b7  Unimplemented Activities(Inspection in Katakwi District)  27."}}, {"type": "Feature", "geometry": {"type": "Point", "coordinates": [34.1718785, 2.3981727]}, "properties": {"project_name": "Napak District Council Chambers", "project_type": "other_building", "place_names": "Napak", "district": "Napak", "years_mentioned": "2018", "n_years": 1, "n_mentions": 1, "drivers_mentioned": "delay_time_overrun", "min_confidence_across_mentions": "medium", "geocode_status": "success", "geocode_precision": "place-centroid", "nominatim_display_name": "Napak, Northern Region, Uganda", "representative_sentence": "Napak DLG    \uf0b7  Performance of YLP  \uf0b7  Performance Of URF  \uf0b7  Accumulation of domestic arrears  \uf0b7  Under Collection of Local Revenue      \uf0b7  Unrealised Budget on grants  \uf0b7  Stalled Construction of Council chambers  \uf0b7  Lack of land titles  \uf0b7  Under Staffing  \uf0b7  Failure to meet the Minimum Standards in UPE Schools  \uf0b7  Lack of a District Environment Committee  \uf0b7  Lack of Register for Land, Wetlands and Forests  \uf0b7  Unlicensed activities on the Natural Resources  136."}}, {"type": "Feature", "geometry": {"type": "Point", "coordinates": [33.8675492, 1.1975629]}, "properties": {"project_name": "Nasuleta Health Centre II", "project_type": "hospital_health", "place_names": "Nasuleta", "district": "Butebo", "years_mentioned": "2018", "n_years": 1, "n_mentions": 1, "drivers_mentioned": "land_and_right_of_way", "min_confidence_across_mentions": "medium", "geocode_status": "success", "geocode_precision": "place-centroid", "nominatim_display_name": "Nasuleta, Butebo, Eastern Region, Uganda", "representative_sentence": "Butebo DLG    \uf0b7  Performance Of URF  \uf0b7  Local Revenue Shortfall  \uf0b7  Failure to carry out local revenue enumeration and assessment  \uf0b7  Absence of a District Environmental Committee  \uf0b7  Unlicensed activities carried out in the gazetted wetlands  \uf0b7  Lack of clear boundaries of wetlands  \uf0b7  Lack of Financial Statements for Nasenyi Primary School  \uf0b7  Inadequate supervision by district officials  \uf0b7  Lack of District Physical Planning Committee  \uf0b7  Encroachment on council land at Nasuleta Health Centre II  100."}}, {"type": "Feature", "geometry": {"type": "Point", "coordinates": [32.529298, 0.2992851]}, "properties": {"project_name": "Natete Police Station", "project_type": "other_building", "place_names": "Natete", "district": "Kampala", "years_mentioned": "2018", "n_years": 1, "n_mentions": 1, "drivers_mentioned": "land_and_right_of_way", "min_confidence_across_mentions": "medium", "geocode_status": "success", "geocode_precision": "place-centroid [disambiguated]", "nominatim_display_name": "[CORRECTED via disambiguated query] Natete Central B Zone, Kampala, Central Region, Uganda (was: Natete, Ibanda, Western Region, Uganda)", "representative_sentence": "1,054,937,758  \uf0b7  Inadequate provisions for maintenance of existing fleet  \uf0b7  Lack of an approved fleet management policy  \uf0b7  Inadequate controls for fleet operational costs  \uf0b7  Delays in some construction projects such as Natete police  station  \uf0b7  Un surveyed and untitled police land leading to encroachment  \uf0b7  Non-operationalization of the Crime Records Management  Information System (CRMS) and Suspect Profile System (SPS)  \uf0b7  Un satisfactory performance in the investigation of crimes  reported (only 22% successfully investigated and taken to  court)        153      6."}}, {"type": "Feature", "geometry": {"type": "Point", "coordinates": [34.4830795, 1.33743]}, "properties": {"project_name": "National High Altitude Training Centre (Kiprotich)", "project_type": "other_building", "place_names": "Teryet", "district": "Kapchorwa", "years_mentioned": "2018", "n_years": 1, "n_mentions": 1, "drivers_mentioned": "delayed_payments", "min_confidence_across_mentions": "high", "geocode_status": "success", "geocode_precision": "place-centroid", "nominatim_display_name": "Teryet, Kween, Eastern Region, Uganda", "representative_sentence": "WSDF-E (2016/17)  \uf0b7 Failure to achieve planned consumer connections i.e only 813  of the 1,205 made  \uf0b7 Delayed Payments to Contractors  68."}}, {"type": "Feature", "geometry": {"type": "Point", "coordinates": [32.6806591, 0.3543819]}, "properties": {"project_name": "National Science & Technology Entrepreneurship Innovation Centre", "project_type": "other_building", "place_names": "Namanve", "district": "Wakiso", "years_mentioned": "2023", "n_years": 1, "n_mentions": 1, "drivers_mentioned": "land_and_right_of_way", "min_confidence_across_mentions": "medium", "geocode_status": "success", "geocode_precision": "place-centroid", "nominatim_display_name": "Namanve, Kireku Railway, Wakiso, Central Region, Uganda", "representative_sentence": "\uf0b7  The land acquisition status report as at 30th June 2023 for road projects  implemented by UNRA revealed that UNRA cumulatively acquired a total of  28,960.87 acres from 172,608 PAPs for a total of UGX.3,263,758,811,455."}}, {"type": "Feature", "geometry": {"type": "Point", "coordinates": [32.0002644, 0.1964065]}, "properties": {"project_name": "Ngomanene Health Centre II-III Upgrade", "project_type": "hospital_health", "place_names": "Ngomanene", "district": NaN, "years_mentioned": "2019", "n_years": 1, "n_mentions": 1, "drivers_mentioned": "delay_time_overrun", "min_confidence_across_mentions": "high", "geocode_status": "success", "geocode_precision": "place-centroid", "nominatim_display_name": "NGOMANENE, Tondola Mpenja Road, Kanoni, Gomba, Central Region, Uganda", "representative_sentence": "\u2022  Under the UgIFT Program, I noted incomplete works for the upgrade of Ngomanene and Mamba  health centres IIs to IIIs whilst works on the construction of Kyayi seed school had not yet began  by 1/08/2019."}}, {"type": "Feature", "geometry": {"type": "LineString", "coordinates": [[30.3023928, -0.9550929], [30.0098485, -1.421437]]}, "properties": {"project_name": "Ntungamo-Kabale-Katuna Road", "project_type": "road", "place_names": "Ntungamo;Kabale;Katuna", "district": NaN, "years_mentioned": "2025", "n_years": 1, "n_mentions": 1, "drivers_mentioned": "delay_time_overrun", "min_confidence_across_mentions": "high", "geocode_status": "success", "geocode_precision": "place-centroid (line endpoints)", "nominatim_display_name": "Ntungamo: Ntungamo, Western Region, Uganda | Katuna: Katuna, Kabale, Western Region, Uganda", "representative_sentence": "xiii) Two (2) construction contracts worth UGX.16.91Bn were behind schedule, while  four (4) supplies worth UGX.3.03Bn procured and delivered to MAAIF and  NAGRC stores remained undistributed three (3) months after delivery."}}, {"type": "Feature", "geometry": {"type": "Point", "coordinates": [30.0882128, -0.5947314]}, "properties": {"project_name": "Nyakasharara Seed School", "project_type": "school", "place_names": "Nyakasharara", "district": NaN, "years_mentioned": "2019", "n_years": 1, "n_mentions": 1, "drivers_mentioned": "procurement_irregularities", "min_confidence_across_mentions": "high", "geocode_status": "success", "geocode_precision": "place-centroid", "nominatim_display_name": "Nyakasharara (Kirembe Parish), Mitooma, Western Region, Uganda", "representative_sentence": "I also noted the construction  of a Seed Secondary School in Katete Sub-county did not take off due to incomplete procurement  process and funds worth UGX.731,049,478 was swept back to CF."}}, {"type": "Feature", "geometry": {"type": "Point", "coordinates": [30.50142, -0.4262469]}, "properties": {"project_name": "Nyakayojo Daily Matooke Market", "project_type": "market", "place_names": "Nyakayojo", "district": "Mbarara", "years_mentioned": "2025", "n_years": 1, "n_mentions": 1, "drivers_mentioned": "procurement_irregularities", "min_confidence_across_mentions": "medium", "geocode_status": "success", "geocode_precision": "place-centroid", "nominatim_display_name": "Nyakayojo, Mbarara, Western Region, Uganda", "representative_sentence": "The status of some  of the Special Audits is as shown in the table below;    Table 58: Special Audits Conducted  SN  Subject of Investigation  Requester  of  Investigation  Entity  Under  Investigation  Status of  Audit  1  Mismanagement  of  USMID  projects, property rates income  and expenditure, street parking  tender  and  Nyakayojo  daily  matooke market tender  Office of the Speaker  of  Parliament  on  behalf of Member of  Parliament  Mbarara  City North Division  Mbarara City  Completed  2  Misappropriation  of  Road  Maintenance Grant funds by the  District  officials  in  Kiruhura  District  Member of Parliament  \u2013  Kashongi  Constituency,  Kiruhura District  Kiruhura District Completed  3  End of Lease and Assignment  Agreement  Between  Umeme  Limited and Uganda Electricity  Distribution Company Limited  PS."}}, {"type": "Feature", "geometry": {"type": "Point", "coordinates": [29.6543533, -1.2683533]}, "properties": {"project_name": "Nyakinama Seed School", "project_type": "school", "place_names": "Nyakinama", "district": NaN, "years_mentioned": "2019", "n_years": 1, "n_mentions": 1, "drivers_mentioned": "procurement_irregularities", "min_confidence_across_mentions": "high", "geocode_status": "success", "geocode_precision": "place-centroid", "nominatim_display_name": "Nyakinama, Cyanika, Kisoro, Western Region, Uganda", "representative_sentence": "I further noted  that the construction of Kigarama Seed School was partially implemented due to delayed  procurement process."}}, {"type": "Feature", "geometry": {"type": "Point", "coordinates": [30.633333, -0.616667]}, "properties": {"project_name": "Nyamitanga Technical Institute", "project_type": "school", "place_names": "Nyamitanga", "district": "Mbarara", "years_mentioned": "2022", "n_years": 1, "n_mentions": 1, "drivers_mentioned": "procurement_irregularities", "min_confidence_across_mentions": "high", "geocode_status": "success", "geocode_precision": "place-centroid", "nominatim_display_name": "Nyamitanga, Mbarara City, Western Region, Uganda", "representative_sentence": "The audit made the following observations;    \uf0b7  There was lack of competition during procurement of IPPs to the extent that 15  out of the 17 sampled small/mini hydro power plants, which commenced  construction and were commissioned after the enactment of the PPP Act 2015  and PPP regulations 2016, were not subjected to any competition before securing  the sites."}}, {"type": "Feature", "geometry": {"type": "Point", "coordinates": [29.9751678, -1.164344]}, "properties": {"project_name": "Nyamweru Seed School", "project_type": "school", "place_names": "Nyamweru", "district": NaN, "years_mentioned": "2019", "n_years": 1, "n_mentions": 1, "drivers_mentioned": "delay_time_overrun", "min_confidence_across_mentions": "high", "geocode_status": "success", "geocode_precision": "place-centroid", "nominatim_display_name": "Nyamweru, Rubanda, Western Region, Uganda", "representative_sentence": "\u2022  I noted incomplete works for construction of motorised pump boreholes three months after  contract expected completion date and thus communities could not realise the benefits."}}, {"type": "Feature", "geometry": {"type": "Point", "coordinates": [31.735, -0.293889]}, "properties": {"project_name": "Nyendo Health Centre II-III Upgrade", "project_type": "hospital_health", "place_names": "Nyendo", "district": "Masaka", "years_mentioned": "2019", "n_years": 1, "n_mentions": 1, "drivers_mentioned": "delay_time_overrun", "min_confidence_across_mentions": "high", "geocode_status": "success", "geocode_precision": "place-centroid", "nominatim_display_name": "Nyendo, Masaka City, Central Region, Uganda", "representative_sentence": "\u2022  Under the UgIFT program, I noted a delay in the upgrade of Nyendo health centre II to III of  five months and incomplete works despite payment of all the contract funds to the contractor."}}, {"type": "Feature", "geometry": {"type": "Point", "coordinates": [31.735, -0.293889]}, "properties": {"project_name": "Nyendo Market", "project_type": "market", "place_names": "Nyendo", "district": "Masaka", "years_mentioned": "2018", "n_years": 1, "n_mentions": 1, "drivers_mentioned": "delay_time_overrun", "min_confidence_across_mentions": "high", "geocode_status": "success", "geocode_precision": "place-centroid", "nominatim_display_name": "Nyendo, Masaka City, Central Region, Uganda", "representative_sentence": "40,563,582  \uf0b7  Delayed completion of additional civil works for Nyendo Market  \uf0b7  Performance as per the logical framework-additional works on  Nyendo market stalled  16."}}, {"type": "Feature", "geometry": {"type": "Point", "coordinates": [32.6566617, 0.3191131]}, "properties": {"project_name": "Office Block, Plot 92a Butabika Road/Plot 2-4 Bukasa Lane, Butabika", "project_type": "other_building", "place_names": "Butabika", "district": "Kampala", "years_mentioned": "2024", "n_years": 1, "n_mentions": 1, "drivers_mentioned": "contract_management", "min_confidence_across_mentions": "high", "geocode_status": "success", "geocode_precision": "place-centroid", "nominatim_display_name": "Butabika, Mutungo, Nakawa, Kampala Capital City, Kampala, Central Region, Uganda", "representative_sentence": "vii)  Karuma Hydro Power plant (HPP) was commissioned on 12th June  2024, but there were 4,539 snags and outstanding scope of works  which would be addressed during the defect\u2019s liability period."}}, {"type": "Feature", "geometry": {"type": "Point", "coordinates": [32.6523649, 2.9619203]}, "properties": {"project_name": "Ogom Seed Secondary School", "project_type": "school", "place_names": "Ogom", "district": NaN, "years_mentioned": "2019", "n_years": 1, "n_mentions": 1, "drivers_mentioned": "delay_time_overrun", "min_confidence_across_mentions": "high", "geocode_status": "success", "geocode_precision": "place-centroid", "nominatim_display_name": "Ogom, Pader, Northern Region, Uganda", "representative_sentence": "\u2022  Under UgIFT, construction of Ogom Seed Secondary School was not undertaken and works at  Lapu HC II had stalled at beam level despite receipt of funds that were swept back at year end."}}, {"type": "Feature", "geometry": {"type": "Point", "coordinates": [33.3332061, 1.8973697]}, "properties": {"project_name": "Ogonyo-Odum Swamp Crossing", "project_type": "bridge", "place_names": "Ogonyo;Odum", "district": NaN, "years_mentioned": "2019", "n_years": 1, "n_mentions": 1, "drivers_mentioned": "delay_time_overrun", "min_confidence_across_mentions": "medium", "geocode_status": "success", "geocode_precision": "place-centroid", "nominatim_display_name": "Ogonyo, Kalaki, Eastern Region, Uganda", "representative_sentence": "\u2022  Under RTI, there were incomplete works on Ogonyo- Odum of swamp filling and culvert  installations four months after project expected completion date."}}, {"type": "Feature", "geometry": {"type": "LineString", "coordinates": [[31.885162, 2.536989], [31.3973914, 2.4679272]]}, "properties": {"project_name": "Olwiyo-Pakwach Road", "project_type": "road", "place_names": "Olwiyo;Pakwach", "district": NaN, "years_mentioned": "2025", "n_years": 1, "n_mentions": 1, "drivers_mentioned": "delay_time_overrun", "min_confidence_across_mentions": "high", "geocode_status": "success", "geocode_precision": "place-centroid (line endpoints)", "nominatim_display_name": "Olwiyo: Olwiyo, Nwoya, Northern Region, Uganda | Pakwach: Pakwach, Northern Region, Uganda", "representative_sentence": "xiii) Two (2) construction contracts worth UGX.16.91Bn were behind schedule, while  four (4) supplies worth UGX.3.03Bn procured and delivered to MAAIF and  NAGRC stores remained undistributed three (3) months after delivery."}}, {"type": "Feature", "geometry": {"type": "Point", "coordinates": [32.4744444, 2.6088889]}, "properties": {"project_name": "Opit Market", "project_type": "market", "place_names": "Opit", "district": "Omoro", "years_mentioned": "2023", "n_years": 1, "n_mentions": 1, "drivers_mentioned": "delay_time_overrun", "min_confidence_across_mentions": "high", "geocode_status": "success", "geocode_precision": "place-centroid", "nominatim_display_name": "Opit, Omoro, Uganda", "representative_sentence": "\uf0b7  There was delayed completion of the construction of the two (2) markets namely  Opit in Omoro district and Lukole in Agago district by an average of eight (8)  months as at the time of audit in October 2023."}}, {"type": "Feature", "geometry": {"type": "Point", "coordinates": [31.02057, 2.694052]}, "properties": {"project_name": "Ora Technical Institute", "project_type": "school", "place_names": "Ora", "district": "Zombo", "years_mentioned": "2022", "n_years": 1, "n_mentions": 1, "drivers_mentioned": "procurement_irregularities", "min_confidence_across_mentions": "medium", "geocode_status": "success", "geocode_precision": "place-centroid", "nominatim_display_name": "Ora, Offaka, Madi Okollo, Uganda", "representative_sentence": "The audit made the following observations;    \uf0b7  There was lack of competition during procurement of IPPs to the extent that 15  out of the 17 sampled small/mini hydro power plants, which commenced  construction and were commissioned after the enactment of the PPP Act 2015  and PPP regulations 2016, were not subjected to any competition before securing  the sites."}}, {"type": "Feature", "geometry": {"type": "Point", "coordinates": [31.1104598, 2.2788349]}, "properties": {"project_name": "Otwago Non-Formal Education Learning Centre Classroom Block", "project_type": "school", "place_names": "Otwago", "district": "Nebbi", "years_mentioned": "2018", "n_years": 1, "n_mentions": 1, "drivers_mentioned": "contract_management", "min_confidence_across_mentions": "high", "geocode_status": "success", "geocode_precision": "place-centroid", "nominatim_display_name": "Otwago Primary School, Tendo, Nebbi, Uganda", "representative_sentence": "Nebbi DLG    \uf0b7  YLP-Low Recovery of Funds  \uf0b7  URF-Performance of URF  \uf0b7  Destruction of Artificial forest under NUSAF3 Project  \uf0b7  Delayed Release of NUSAF 3 project Funds to the Beneficiary Groups  \uf0b7  Defects identified in a two Class Ro Block at Otwago Non-Formal  Education Learning Centre  \uf0b7  Understaffing  \uf0b7  Failure to gazette and monitor wetlands  \uf0b7  Failure to provide the prescribed documentation for road equipment  \uf0b7  Lack of required Medical Equipment  \uf0b7  Irregular Maintenance of Medical Equipment    5."}}, {"type": "Feature", "geometry": {"type": "Point", "coordinates": [32.4988277, 2.3050035]}, "properties": {"project_name": "Otwee Health Centre II", "project_type": "hospital_health", "place_names": "Otwee", "district": NaN, "years_mentioned": "2019", "n_years": 1, "n_mentions": 1, "drivers_mentioned": "delay_time_overrun", "min_confidence_across_mentions": "medium", "geocode_status": "success", "geocode_precision": "place-centroid", "nominatim_display_name": "Otwee A, Oyam, Uganda", "representative_sentence": "228    SN  LOCAL  GOVERNMENTS  SUMMARY OF KEY FINDINGS  \u2022  Construction works under UgIFT at Amuru Seed Secondary School and Otwee Health Centre II  were behind schedule."}}, {"type": "Feature", "geometry": {"type": "Point", "coordinates": [32.5813539, 0.3177137]}, "properties": {"project_name": "PPDA-URF Office Building", "project_type": "other_building", "place_names": "Kampala", "district": "Kampala", "years_mentioned": "2019", "n_years": 1, "n_mentions": 1, "drivers_mentioned": "procurement_irregularities", "min_confidence_across_mentions": "medium", "geocode_status": "success", "geocode_precision": "place-centroid", "nominatim_display_name": "Kampala, Central Region, Uganda", "representative_sentence": "6  Uganda Revenue  Authority (URA) \u2013  Corporate Services      Opinion  Unqualified  \u2022  URA irregularly used the direct procurement method to procure furniture for the new building at  UGX.4,461,861,429."}}, {"type": "Feature", "geometry": {"type": "Point", "coordinates": [32.5883351, 0.2913827]}, "properties": {"project_name": "Police Hospital, Nsambya", "project_type": "hospital_health", "place_names": "Nsambya", "district": "Kampala", "years_mentioned": "2024", "n_years": 1, "n_mentions": 1, "drivers_mentioned": "cost_overrun", "min_confidence_across_mentions": "high", "geocode_status": "success", "geocode_precision": "place-centroid", "nominatim_display_name": "Nsambya, Makindye, Kampala Capital City, Kampala, Central Region, Uganda", "representative_sentence": "vi) UNRA signed Addendum No.1 for the Kira-Matugga Road project  worth UGX.22.089Bn, with significant cost escalations up to 663% for  some items."}}, {"type": "Feature", "geometry": {"type": "Point", "coordinates": [30.1803448, -1.185208]}, "properties": {"project_name": "Rugaaga Health Centre IV Theatre/Staff Houses", "project_type": "hospital_health", "place_names": "Rugaaga", "district": NaN, "years_mentioned": "2023", "n_years": 1, "n_mentions": 1, "drivers_mentioned": "contract_management", "min_confidence_across_mentions": "high", "geocode_status": "success", "geocode_precision": "place-centroid", "nominatim_display_name": "Rugaaga, Rukiga, Western Region, Uganda", "representative_sentence": "Construction of a mini piped water scheme at  Chungambe Trading Center  Sand, bricks  8  Construction of a theatre, 2 units of 2 in one staff  houses and fencing at Rugaaga Health Centre IV  Concrete blocks, sand,  aggregates  9  Full Rehabilitation of Tete Ogolo-liri road 15km  Concrete pipe culverts  10  Construction of two classroom blocks, one with an  office and store, construction of a 5 stance VIP latrine  for girls, construction of a 2 stance VIP lined latrine  for Teachers at Bwondha P/S  Aggregates, sand, concrete,  bricks  11  Construction of a Two(2) Classroom Block with Office  and Store at Namayemba P/S  Aggregates, sand, concrete,  bricks    Failure to undertake tests on materials used can lead to the use of substandard materials  thereby compromising the quality of works    I advised the Accounting Officer to always ensure that materials used are tested, results  reviewed and approved prior to their incorporation into the works    h."}}, {"type": "Feature", "geometry": {"type": "Point", "coordinates": [30.06, -1.209722]}, "properties": {"project_name": "Rwamucucu Seed School", "project_type": "school", "place_names": "Rwamucucu", "district": NaN, "years_mentioned": "2019", "n_years": 1, "n_mentions": 1, "drivers_mentioned": "delay_time_overrun", "min_confidence_across_mentions": "high", "geocode_status": "success", "geocode_precision": "place-centroid", "nominatim_display_name": "Rwamucucu, Kabale, Western Region, Uganda", "representative_sentence": "\u2022  Under UgIFT, I noted incomplete works on the upgrading of Mpungu HC II to HC III which was  awarded in the third quarter of the financial year I further noted 1.1% partial implementation in  construction of Nyamweru Seed School due to delayed procurement process."}}, {"type": "Feature", "geometry": {"type": "LineString", "coordinates": [[30.2732064, 1.0507314], [30.4859681, 1.1208123]]}, "properties": {"project_name": "Rwebisengo-Rwangara Road", "project_type": "road", "place_names": "Rwebisengo;Rwangara", "district": "Ntoroko", "years_mentioned": "2019", "n_years": 1, "n_mentions": 1, "drivers_mentioned": "contract_management", "min_confidence_across_mentions": "high", "geocode_status": "success", "geocode_precision": "place-centroid (line endpoints)", "nominatim_display_name": "Rwebisengo: Rwebisengo, Ntoroko, Western Region, Uganda | Rwangara: Rwangara, Ntoroko, Western Region, Uganda", "representative_sentence": "I also noted poor workmanship on Rwebisengo- Rwangara Road and  Rehabilitation of Rwensenene and Kakogha Bridges  \u2022  A review of the cumulative water situation analysis of the 4 different types of water sources in  the district, revealed 35% of the water facilities were non-functional  \u2022  Deductions of UGX 1.49Bn were noted in respect of statutory and other bodies but only UGX  1.41Bn was remitted resulting into under payment of UGX 82 million  \u2022  Under UWEP, i noted that out of UGX 33 million collected; only UGX 15 million was transferred  to the Ministry of Gender leaving a balance of UGX 18 million."}}, {"type": "Feature", "geometry": {"type": "Point", "coordinates": [30.4617708, 0.8491544]}, "properties": {"project_name": "Rwensenene Bridge", "project_type": "bridge", "place_names": "Rwensenene", "district": NaN, "years_mentioned": "2019", "n_years": 1, "n_mentions": 1, "drivers_mentioned": "contract_management", "min_confidence_across_mentions": "medium", "geocode_status": "success", "geocode_precision": "place-centroid", "nominatim_display_name": "Rwensenene, Kabarole, Western Region, Uganda", "representative_sentence": "I also noted poor workmanship on Rwebisengo- Rwangara Road and  Rehabilitation of Rwensenene and Kakogha Bridges  \u2022  A review of the cumulative water situation analysis of the 4 different types of water sources in  the district, revealed 35% of the water facilities were non-functional  \u2022  Deductions of UGX 1.49Bn were noted in respect of statutory and other bodies but only UGX  1.41Bn was remitted resulting into under payment of UGX 82 million  \u2022  Under UWEP, i noted that out of UGX 33 million collected; only UGX 15 million was transferred  to the Ministry of Gender leaving a balance of UGX 18 million."}}, {"type": "Feature", "geometry": {"type": "Point", "coordinates": [30.1056283, -0.2998092]}, "properties": {"project_name": "Ryeru Seed Secondary School", "project_type": "school", "place_names": "Ryeru", "district": NaN, "years_mentioned": "2019", "n_years": 1, "n_mentions": 1, "drivers_mentioned": "procurement_irregularities", "min_confidence_across_mentions": "high", "geocode_status": "success", "geocode_precision": "place-centroid", "nominatim_display_name": "Ryeru, Rubirizi, Western Region, Uganda", "representative_sentence": "\u2022  Out of the approved the structure of the District of the 214 positions, only 100(46.7%) positions  were filled leaving 114 (53.3%) positions vacant  \u2022  Under UgIFT, I noted that the procurement process for the construction of Rwamucucu seed  school was delayed by 6months and field inspections revealed that project was incomplete at  foundation level."}}, {"type": "Feature", "geometry": {"type": "LineString", "coordinates": [[33.691487, 1.2200724], [33.9219127, 1.4565401]]}, "properties": {"project_name": "Selected Town Roads in Pallisa and Kumi", "project_type": "road", "place_names": "Pallisa;Kumi", "district": NaN, "years_mentioned": "2025", "n_years": 1, "n_mentions": 1, "drivers_mentioned": "delay_time_overrun", "min_confidence_across_mentions": "medium", "geocode_status": "success", "geocode_precision": "place-centroid (line endpoints)", "nominatim_display_name": "Pallisa: Pallisa, Eastern Region, Uganda | Kumi: Kumi, Eastern Region, Uganda", "representative_sentence": "xiii) Two (2) construction contracts worth UGX.16.91Bn were behind schedule, while  four (4) supplies worth UGX.3.03Bn procured and delivered to MAAIF and  NAGRC stores remained undistributed three (3) months after delivery."}}, {"type": "Feature", "geometry": {"type": "Point", "coordinates": [32.3298012, 0.6200762]}, "properties": {"project_name": "Semuto Health Centre IV", "project_type": "hospital_health", "place_names": "Semuto", "district": "Nakaseke", "years_mentioned": "2018", "n_years": 1, "n_mentions": 1, "drivers_mentioned": "delay_time_overrun", "min_confidence_across_mentions": "medium", "geocode_status": "success", "geocode_precision": "place-centroid", "nominatim_display_name": "Semuto, Nakaseke, Central Region, Uganda", "representative_sentence": "Nakaseke DLG  Performance of Youth Livelihood Programme  - Noncompliance with the Repayment schedule  - Inspection of Performance of Youth projects  - Lack of Project Records  \uf0b7 Implementation of the Uganda Road Funds  - Budget Performance  - Status of implementation  \uf0b7 Under staffing  \uf0b7 Double Deployment of Head Teachers in One School  \uf0b7 Delayed disbursement of funds to Youth and Wen Groups FYR 2017/18  \uf0b7 Construction of Primary Schools under Global Partnership for Education  \uf0b7 Direct Payments by the Ministry of Education to the Contractor  \uf0b7 Incomplete works  \uf0b7 Construction works under School Facilities Grant  \uf0b7 Lack of Basic Infrastructure in Primary Schools  \uf0b7 Inspection of Semuto HCIV  \uf0b7 Inadequate Funding of Nakaseke Hospital  \uf0b7 Theft of Hospital equipment at Nakaseke Hospital  \uf0b7 Management and Utilisation of Natural Resources  \uf0b7 Lack of legal ownership of Nabika forest reserves and wetlands  \uf0b7 Absence of a Distinct Environmental Committee  \uf0b7 Lack of Lease Register        254    \uf0b7 Illegal Land Management of the District land by Luwero District Land  Board  \uf0b7 Lack of a Wetlands Register  \uf0b7 Degradation and Illegal activities on River Mayanja wetland  \uf0b7 Lack of Land Title for health facilities  \uf0b7  Status of basic medical equipment in health facilities    73."}}, {"type": "Feature", "geometry": {"type": "Point", "coordinates": [32.5908766, 0.3172782]}, "properties": {"project_name": "Shimoni Road Upgrade (3.178km)", "project_type": "road", "place_names": "Shimoni", "district": NaN, "years_mentioned": "2023", "n_years": 1, "n_mentions": 1, "drivers_mentioned": "delay_time_overrun", "min_confidence_across_mentions": "medium", "geocode_status": "success", "geocode_precision": "place-centroid", "nominatim_display_name": "Shimoni, Kampala, Central Region, Uganda", "representative_sentence": "\uf0b7  There was delayed completion of; Construction of a Ferry Landing Site at Gerenge  in Katabi Town Council, Civil Works for Upgrading of Shimon Roads (3.178km) and  Civil Works for the upgrading of Kiwogoloma-Kitukutwe-Kijabijjo road (4.5km) and  Bulindo-Nsansa-Namugongo road (4.56km), Ssezibwa (Bulandi \u2013Gyira) Swamp  Crossing Between Kayunga and Nakasogola Districts as well as civil Works for  Upgrading of Kafunta-Buwampa Road (9.5KM)."}}, {"type": "Feature", "geometry": {"type": "Point", "coordinates": [34.3825348, 1.3396913]}, "properties": {"project_name": "Sipi Irrigation Scheme", "project_type": "other", "place_names": "Sipi", "district": "Kapchorwa", "years_mentioned": "2024", "n_years": 1, "n_mentions": 1, "drivers_mentioned": "procurement_irregularities", "min_confidence_across_mentions": "high", "geocode_status": "success", "geocode_precision": "place-centroid", "nominatim_display_name": "Sipi, Chepkui, Kapchorwa, Eastern Region, Uganda", "representative_sentence": "These included the IT systems meant to support entity operations,        384      procurement of equipment and goods, consultancy services in support  of various initiatives, and construction of justice centres."}}, {"type": "Feature", "geometry": {"type": "Point", "coordinates": [33.2493316, 0.183737]}, "properties": {"project_name": "Siriba-Kalwala-Kiryampungula Road", "project_type": "road", "place_names": "Siriba;Kalwala;Kiryampungula", "district": NaN, "years_mentioned": "2023", "n_years": 1, "n_mentions": 1, "drivers_mentioned": "delay_time_overrun", "min_confidence_across_mentions": "high", "geocode_status": "partial", "geocode_precision": "place-centroid (one endpoint only)", "nominatim_display_name": "Siriba: Siriba, Buvuma, Central Region, Uganda", "representative_sentence": "Delayed Completion of Works    I noted delays in completion of the works on seven (7) out of the fifteen (15) contracts  ranging from 30 to 182 days."}}, {"type": "Feature", "geometry": {"type": "Point", "coordinates": [32.942579, 0.3684502]}, "properties": {"project_name": "Sleeper Making Factory at Kawolo Station", "project_type": "other_building", "place_names": "Kawolo", "district": "Buikwe", "years_mentioned": "2022", "n_years": 1, "n_mentions": 1, "drivers_mentioned": "land_and_right_of_way", "min_confidence_across_mentions": "high", "geocode_status": "success", "geocode_precision": "place-centroid", "nominatim_display_name": "KAWOLO, Jinja - Kampala Road, Kinawataka, Buikwe, Central Region, Uganda", "representative_sentence": "\uf0b7  Inspection of the project for Construction of the Sleeper making Factory at Kawolo Station at contract sum of  EUR.19,840,000 revealed that progress of works was approximately at 55% and land left outside the fence had  been encroached."}}, {"type": "Feature", "geometry": {"type": "LineString", "coordinates": [[33.5007314, 1.787906], [33.8668408, 1.3793704]]}, "properties": {"project_name": "Soroti-Katakwi-Akisim Road", "project_type": "road", "place_names": "Soroti;Katakwi;Akisim", "district": NaN, "years_mentioned": "2019", "n_years": 1, "n_mentions": 1, "drivers_mentioned": "contract_management", "min_confidence_across_mentions": "high", "geocode_status": "success", "geocode_precision": "place-centroid (line endpoints)", "nominatim_display_name": "Soroti: Soroti, Eastern Region, Uganda | Akisim: Akisim, Kumi, Eastern Region, Uganda", "representative_sentence": "7  Lopei bridge  Camber loss on the road surface, spot pot holes, missing bolts,  rusting of some bolts, The lower end of the embankment that is  lower than the flood level  8  Kaabong bridge  Failed gabion/protection works- U/S of Kapedo side, Cracks in  stone pitching mortar, Eroded approach Embankment on Kapedo  side, Pothole on the approach slab area    101    S/No Contract road  name  Defects noted  9  Waiga  bridge,  Ruzairwe bridge,  Nsongi  bridge,  Mpondwe bridge  Ruzairwe; Guardrail end details not as per drawing, Rusted  guardrail posts and bolts, Missing hazard sign plate on Pacwa  side, Hazard sign installed in wrong location; Mpondwe; Hairline  cracks on walkway slab, Short and inadequate gabion works on  both downstream of Uganda and DR Congo side: Nsongi;  Hairline cracks on walkway slab, Eroded banks at mitre drain  location;  10  Kaitabawala- Kisozi-Busota  (58.2Km)."}}, {"type": "Feature", "geometry": {"type": "LineString", "coordinates": [[31.9918085, 3.5739499], [31.666547, 3.4024546]]}, "properties": {"project_name": "Tete Ogolo-Liri Road", "project_type": "road", "place_names": "Tete;Ogolo;Liri", "district": NaN, "years_mentioned": "2023", "n_years": 1, "n_mentions": 1, "drivers_mentioned": "delay_time_overrun", "min_confidence_across_mentions": "high", "geocode_status": "success", "geocode_precision": "place-centroid (line endpoints)", "nominatim_display_name": "Tete: Tete, Ogolo North, Adjumani, Northern Region, Uganda | Liri: Liri, Adjumani, Northern Region, Uganda", "representative_sentence": "Delayed Completion of Works    I noted delays in completion of the works on seven (7) out of the fifteen (15) contracts  ranging from 30 to 182 days."}}, {"type": "Feature", "geometry": {"type": "Point", "coordinates": [31.9331808, 2.4896356]}, "properties": {"project_name": "Todora HC II Works", "project_type": "hospital_health", "place_names": "Todora", "district": "Nwoya", "years_mentioned": "2018", "n_years": 1, "n_mentions": 1, "drivers_mentioned": "contract_management", "min_confidence_across_mentions": "medium", "geocode_status": "success", "geocode_precision": "place-centroid", "nominatim_display_name": "TODORA HEALTH UNIT II, Arua - Kampala Road, Olwiyo, Nwoya, Uganda", "representative_sentence": "Nwoya DLG  \uf0b7  Performance of Youth Livelihood Programme  \uf0b7  Funding of the Programme  \uf0b7  Non-compliance with the Repayment Schedule  \uf0b7  Transfer of recovered funds to the recovery account in BOU  \uf0b7  Inspection of Performance of Youth projects  \uf0b7  Implementation of the Uganda Road Funds  \uf0b7  Budget performance  \uf0b7  Status of implementation        235      \uf0b7  Unpaid, Salaries , Pensions Gratuity Arrears  \uf0b7  Payment for Work not done at Anaka Central P/S  \uf0b7  Payment for Work not done at Todora HCII  \uf0b7  Payment for Work not done at Lulyango Primary School  \uf0b7  Construction of Box Culvert on Ceke Stream/ Diversion of Funds  \uf0b7  Summary of exceptions raised in the PPDA audit reports  \uf0b7  Management of Natural Resources  \uf0b7  Lack of legal ownership of land, forests reserves and wetlands."}}, {"type": "Feature", "geometry": {"type": "Point", "coordinates": [31.0311224, 1.5529095]}, "properties": {"project_name": "Tonya Primary School Classroom Blocks", "project_type": "school", "place_names": "Tonya", "district": NaN, "years_mentioned": "2023", "n_years": 1, "n_mentions": 1, "drivers_mentioned": "delay_time_overrun", "min_confidence_across_mentions": "high", "geocode_status": "success", "geocode_precision": "place-centroid", "nominatim_display_name": "TONYA, Hoima, Western Region, Uganda", "representative_sentence": "Unjustified extensions of time lead  to delayed completion of the works."}}, {"type": "Feature", "geometry": {"type": "Point", "coordinates": [34.1026752, 0.7407633]}, "properties": {"project_name": "Tororo Warehouses (Uganda Property Holdings)", "project_type": "other_building", "place_names": "Tororo", "district": "Tororo", "years_mentioned": "2024", "n_years": 1, "n_mentions": 1, "drivers_mentioned": "procurement_irregularities", "min_confidence_across_mentions": "medium", "geocode_status": "success", "geocode_precision": "place-centroid", "nominatim_display_name": "Tororo, Eastern Region, Uganda", "representative_sentence": "Uganda Electricity  Transmission  Company  2.17  2.02  The available funds are not excess in nature however  tagged and committed to several disbursements/activities  pending conclusion of the relevant processes under way  like procurements, RAP processes, fixed funds on bank  accounts for treasury management purposes."}}, {"type": "Feature", "geometry": {"type": "LineString", "coordinates": [[34.1026752, 0.7407633], [32.9501481, 2.3320326]]}, "properties": {"project_name": "Tororo-Opuyo-Lira Transmission Line", "project_type": "power_transmission", "place_names": "Tororo;Opuyo;Lira", "district": NaN, "years_mentioned": "2023", "n_years": 1, "n_mentions": 1, "drivers_mentioned": "governance_and_controls", "min_confidence_across_mentions": "high", "geocode_status": "success", "geocode_precision": "place-centroid (line endpoints)", "nominatim_display_name": "Tororo: Tororo, Eastern Region, Uganda | Lira: Lira, Northern Region, Uganda", "representative_sentence": "The other  six pillars which support the primary pillar include: Infrastructure and Economic Services;  Financial Inclusion (FI); Social Services; Community Mobilization and Mind-set Change;  Parish Development Management Information System (PDMIS); and Governance and  Administration."}}, {"type": "Feature", "geometry": {"type": "Point", "coordinates": [34.4705799, 1.4113055]}, "properties": {"project_name": "Tumboboi Maternity Ward", "project_type": "hospital_health", "place_names": "Tumboboi", "district": "Kapchorwa", "years_mentioned": "2018", "n_years": 1, "n_mentions": 1, "drivers_mentioned": "delay_time_overrun", "min_confidence_across_mentions": "high", "geocode_status": "success", "geocode_precision": "place-centroid", "nominatim_display_name": "Tumboboi Nursery School, Mbale-Sironko-Kapchorwa Highway, Siyoy, Greenlodge, Kaplongon, Kapchorwa, Eastern Region, Uganda", "representative_sentence": "Kapchorwa DLG    \uf0b7  YLP-Low Recovery of Funds  \uf0b7  Performance of URF  \uf0b7  Outstanding rent arrears  \uf0b7  Missing vouchers  \uf0b7  Failure to sign Financing agreements with Youth Groups  \uf0b7  NUSAF Project Operations, shortcomings on Chebaser-kapkwateny car  sub-project (road construction)  \uf0b7  Unrealized Royalties Revenue  \uf0b7  Outstanding Rent Arrears  \uf0b7  Shortfall in Central Government Transfers  \uf0b7  Staffing Gaps  \uf0b7  Stalled construction of the new Administration Block  \uf0b7  Status of Medical Equipment in the Hospital  \uf0b7  Inadequate medical equipment  \uf0b7  Failure to prepare defect reports  \uf0b7  Defects on the construction of maternity ward in Tumboboi Sub-county  \uf0b7  Lack of legal ownership of land, forests reserves  \uf0b7  Absence of a Distinct Environmental Committee  \uf0b7  Unlicensed activities on Natural resources        265    \uf0b7  Budget for the Physical Planning committee  \uf0b7  Physical Planning Committee Performance  101."}}, {"type": "Feature", "geometry": {"type": "Point", "coordinates": [32.5773569, 0.3408291]}, "properties": {"project_name": "UHI 250-Bed Heart Hospital", "project_type": "hospital_health", "place_names": "Kampala (Mulago)", "district": "Kampala", "years_mentioned": "2023", "n_years": 1, "n_mentions": 1, "drivers_mentioned": "procurement_irregularities", "min_confidence_across_mentions": "high", "geocode_status": "success", "geocode_precision": "place-centroid", "nominatim_display_name": "Uganda Cancer Institute, Mulago Hill Road 2, Mulago, Kawempe, Kampala Capital City, Kampala, Central Region, Uganda", "representative_sentence": "Key issues noted and recommendations made in the said report related to the  performance of the Results Based Financing (RBF) Program, the Scholarship program,  delays in procurement of medicines, procurement of medical equipment and construction  of maternity units, birth and death notifications at health facilities, among others."}}, {"type": "Feature", "geometry": {"type": "Point", "coordinates": [30.1686851, -0.4818132]}, "properties": {"project_name": "UTC Bushenyi (Lot 1)", "project_type": "school", "place_names": "Bushenyi", "district": "Bushenyi", "years_mentioned": "2022", "n_years": 1, "n_mentions": 1, "drivers_mentioned": "procurement_irregularities", "min_confidence_across_mentions": "high", "geocode_status": "success", "geocode_precision": "place-centroid", "nominatim_display_name": "Bushenyi, Western Region, Uganda", "representative_sentence": "The audit made the following observations;    \uf0b7  There was lack of competition during procurement of IPPs to the extent that 15  out of the 17 sampled small/mini hydro power plants, which commenced  construction and were commissioned after the enactment of the PPP Act 2015  and PPP regulations 2016, were not subjected to any competition before securing  the sites."}}, {"type": "Feature", "geometry": {"type": "Point", "coordinates": [30.1686851, -0.4818132]}, "properties": {"project_name": "UTC Bushenyi (Lot 2)", "project_type": "school", "place_names": "Bushenyi", "district": "Bushenyi", "years_mentioned": "2022", "n_years": 1, "n_mentions": 1, "drivers_mentioned": "procurement_irregularities", "min_confidence_across_mentions": "high", "geocode_status": "success", "geocode_precision": "place-centroid", "nominatim_display_name": "Bushenyi, Western Region, Uganda", "representative_sentence": "The audit made the following observations;    \uf0b7  There was lack of competition during procurement of IPPs to the extent that 15  out of the 17 sampled small/mini hydro power plants, which commenced  construction and were commissioned after the enactment of the PPP Act 2015  and PPP regulations 2016, were not subjected to any competition before securing  the sites."}}, {"type": "Feature", "geometry": {"type": "Point", "coordinates": [32.581339, 0.3240394]}, "properties": {"project_name": "Uganda Blood Transfusion Service HQ (Nakasero)", "project_type": "other_building", "place_names": "Nakasero", "district": "Kampala", "years_mentioned": "2022", "n_years": 1, "n_mentions": 1, "drivers_mentioned": "procurement_irregularities", "min_confidence_across_mentions": "medium", "geocode_status": "success", "geocode_precision": "place-centroid", "nominatim_display_name": "Nakasero, Central, Kampala Capital City, Kampala, Central Region, Uganda", "representative_sentence": "\uf0b7  Direct procurements worth UGX.571,826,881 were undertaken by the Hospital without justification while a total of  UGX.777,307,880 procurements were irregularly undertaken during the year."}}, {"type": "Feature", "geometry": {"type": "Point", "coordinates": [32.5773569, 0.3408291]}, "properties": {"project_name": "Uganda Cancer Institute (UCI) Building", "project_type": "hospital_health", "place_names": "Kampala (Mulago)", "district": "Kampala", "years_mentioned": "2022", "n_years": 1, "n_mentions": 1, "drivers_mentioned": "contract_management", "min_confidence_across_mentions": "medium", "geocode_status": "success", "geocode_precision": "place-centroid", "nominatim_display_name": "Uganda Cancer Institute, Mulago Hill Road 2, Mulago, Kawempe, Kampala Capital City, Kampala, Central Region, Uganda", "representative_sentence": "The contract for consultancy services for the design and  construction supervision expired in April 2020 and had never been renewed."}}, {"type": "Feature", "geometry": {"type": "Point", "coordinates": [31.045278, 1.474167]}, "properties": {"project_name": "Uganda Oil Refinery Project", "project_type": "other_building", "place_names": "Kabaale", "district": "Hoima", "years_mentioned": "2022", "n_years": 1, "n_mentions": 1, "drivers_mentioned": "procurement_irregularities", "min_confidence_across_mentions": "high", "geocode_status": "success", "geocode_precision": "place-centroid [disambiguated]", "nominatim_display_name": "[CORRECTED via disambiguated query] Kabaale, Hoima, Western Region, Uganda (was: Kabaale (lwambajjo), Rakai, Central Region, Uganda)", "representative_sentence": "\uf0b7  I noted that the Company was unable to secure a Joint Venture Partner for the planned Engineering, Procurement  and Construction (EPC) of the Kampala Storage Terminal."}}, {"type": "Feature", "geometry": {"type": "Point", "coordinates": [32.5813539, 0.3177137]}, "properties": {"project_name": "Uganda Revenue Authority Headquarters Building Project", "project_type": "other_building", "place_names": "Kampala", "district": "Kampala", "years_mentioned": "2024", "n_years": 1, "n_mentions": 1, "drivers_mentioned": "procurement_irregularities", "min_confidence_across_mentions": "medium", "geocode_status": "success", "geocode_precision": "place-centroid", "nominatim_display_name": "Kampala, Central Region, Uganda", "representative_sentence": "5.1.3 Implementation of Road Maintenance Grant    In a bid to reduce the Roads rehabilitation backlog, Government decided in February 2023  to allocate a Road Rehabilitation Development Grant of One (1) Billion shillings to each of  the 176 Local Government (LGs) comprising of 135 Districts, 10 Cities and 31 Municipal  Councils in the FY 2023/24."}}, {"type": "Feature", "geometry": {"type": "LineString", "coordinates": [[32.0611057, 0.3941603], [32.07, 0.36]]}, "properties": {"project_name": "Wabigalo-Busubizi Road", "project_type": "road", "place_names": "Wabigalo;Busubizi", "district": "Mityana", "years_mentioned": "2018", "n_years": 1, "n_mentions": 1, "drivers_mentioned": "delay_time_overrun", "min_confidence_across_mentions": "high", "geocode_status": "success", "geocode_precision": "place-centroid (line endpoints)", "nominatim_display_name": "Wabigalo: Wabigalo, Mityana, Central Region, Uganda | Busubizi: Busubizi, Mityana, Central Region, Uganda", "representative_sentence": "Mityana MC    \uf0b7  Budget Performance under Uganda Road Fund  - Status of implementation  - Routine manual maintenance  - Routine mechanised maintenance  - Inspection of Wabigalo- Busubizi Road (Status of Road)  - The Poor state of Main Street  - Lack of Road Equipment  \uf0b7  Under Collection of Local Revenue  \uf0b7  Comingling of Property Tax with other Revenues  \uf0b7  Lack of a Valuation Roll for Property Tax  \uf0b7  Irregular Allocation of Classroom Block to Pre Primary Section  \uf0b7  Incomplete works on Pit latrine constructed at NAKASETA P/S  \uf0b7  Un Distributed Youth Livelihood program Funds financial year 2017/18  \uf0b7  Non functionality of the Stores system  \uf0b7  Lack of an owned Office Premises  \uf0b7  Understaffing  \uf0b7  Management and Utilization of Natural Resources  \uf0b7  Lack of Land Titles  \uf0b7  Lack of inventory of wetlands (Un known wetlands)  \uf0b7  Human Activities on Lake Wamala Buffer Zone  \uf0b7  Garbage Management  \uf0b7  Littering of Garbage  \uf0b7  Absence of by-laws on Garbage Management  \uf0b7  Failure to Maintain Data and Records on Garbage Volume  \uf0b7  In appropriate Location of the Landfill  \uf0b7  Lack of a Physical Development Plan  77."}}, {"type": "Feature", "geometry": {"type": "Point", "coordinates": [31.392426, 2.724252]}, "properties": {"project_name": "Wadelai Irrigation Scheme", "project_type": "other", "place_names": "Wadelai", "district": "Pakwach", "years_mentioned": "2024", "n_years": 1, "n_mentions": 1, "drivers_mentioned": "procurement_irregularities", "min_confidence_across_mentions": "high", "geocode_status": "success", "geocode_precision": "place-centroid", "nominatim_display_name": "Wadelai, Pakwach, Uganda", "representative_sentence": "vi) There was delayed procurement of Civil works for Construction of Sipi  Irrigation Scheme."}}, {"type": "Feature", "geometry": {"type": "Point", "coordinates": [31.782973, 1.824002]}, "properties": {"project_name": "Waiga Bridge", "project_type": "bridge", "place_names": "Waiga", "district": NaN, "years_mentioned": "2019", "n_years": 1, "n_mentions": 1, "drivers_mentioned": "procurement_irregularities", "min_confidence_across_mentions": "medium", "geocode_status": "success", "geocode_precision": "place-centroid", "nominatim_display_name": "Waiga, Masindi, Western Region, Uganda", "representative_sentence": "c)  Delayed procurement of the Consultant    The contractor for the civil works was procured on 8th February 2016 while the  commencement date of the project was 20th June 2016."}}, {"type": "Feature", "geometry": {"type": "Point", "coordinates": [32.4561265, 0.3760928]}, "properties": {"project_name": "Wakiso Health Centre IV", "project_type": "hospital_health", "place_names": "Wakiso", "district": "Wakiso", "years_mentioned": "2018", "n_years": 1, "n_mentions": 1, "drivers_mentioned": "delayed_payments", "min_confidence_across_mentions": "medium", "geocode_status": "success", "geocode_precision": "place-centroid", "nominatim_display_name": "Wakiso, Central Region, Uganda", "representative_sentence": "Wakiso DLG    \uf0b7 Performance of Youth Livelihood Programme  \uf0b7 Implementation of the Uganda Road Funds  \uf0b7 Delayed Works on Nansana-Kireka-Biira Road (1km)  \uf0b7 Outstanding Commitments  \uf0b7 Outstanding Salary Arrears of UGX.61,419,581  \uf0b7 Pension Arrears  \uf0b7 Shortfall in Government Releases  \uf0b7 Unspent/Un-Utilized conditional Grant  \uf0b7 Pensioners not on the Payroll  \uf0b7 Unrealized Royalties fr Ministry of Energy  \uf0b7 Failure to meet minimum standards at Wakiso Health Centre IV  \uf0b7 Entebbe Hospital - Outstanding utility bills  \uf0b7 Audit of UPE Schools Capitation Grant  \uf0b7 Mismanagement of UPE Funds at Kyengeza Muslim P/S  \uf0b7 Insufficient Infrastructure in UPE Schools  \uf0b7 Management of Procurement  \uf0b7 Failure to prepare Evaluation tools  \uf0b7 Irregularities in the procurement for the Rehabilitation of Boreholes        247    \uf0b7 Lack of signed contracts  \uf0b7 Management and Utilisation of Natural Resources  \uf0b7 Lack of a land Register  \uf0b7 Lack of a lease Register  \uf0b7 Management of Road Equipment  \uf0b7 Lack of Road safety Equipment  \uf0b7 Non-functioning Road equipment  \uf0b7 Inadequate mechanical imprest  \uf0b7 Lack of Physical Planning Committee  \uf0b7 Entebbe Hospital  \uf0b7 Existence and Status of Medical equipment  \uf0b7 Essential Medicines and Health supplies Stock Outs  65."}}, {"type": "Feature", "geometry": {"type": "Point", "coordinates": [34.008752, 0.7417872]}, "properties": {"project_name": "Were-Asumuk Road", "project_type": "road", "place_names": "Were;Asumuk", "district": "Tororo", "years_mentioned": "2019", "n_years": 1, "n_mentions": 1, "drivers_mentioned": "cost_overrun", "min_confidence_across_mentions": "medium", "geocode_status": "success", "geocode_precision": "place-centroid [disambiguated]", "nominatim_display_name": "[CORRECTED via disambiguated query] Were 'a', Tororo, Eastern Region, Uganda (was: Were: Were, Kapchorwa, Eastern Region, Uganda)", "representative_sentence": "\u2022  Under URF field inspection revealed excess expenditures, some road sections were poorly  maintained with overgrown bushes, water logged spots and potholes and blocked road  drainages."}}]}