name_key,family,mentions,years,drivers,example_name,example_sentence
uganda,road,41,"[2018, 2023]","['claims_and_disputes', 'contract_management', 'delay_time_overrun', 'delayed_payments', 'governance_and_controls', 'land_and_right_of_way', 'procurement_irregularities']",Uganda,"During the overall office wide planning, I identified risks such as inadequate release of funds and failure to undertake budget monitoring and supervision that are likely to be the causes of failure to implement the planned activities under Uganda road fund."
kanara,water,8,[2023],"['contract_management', 'procurement_irregularities']",Kanara,I advised the Accounting Officer to put in place measures to ensure that the supervision teams prepare quality progress reports 4.3.3 Special Audit on Alleged Mismanagement of Funds for Kanara Water Supply Project in Kitagwenda District (Phase II &III) and Kikazi-Ntara Road I conducted a special audit to assist the Directorate of Criminal Investigation in investigating the alleged cases of corruption and embezzlement of funds and loss of public resources in Kitagwenda District Local Government in the Financial Year 2020/21.
ntara circular,road,5,[2023],"['governance_and_controls', 'procurement_irregularities']",Ntara Circular,I established that the construction of Kikazi Street and Ntara Circular road was conceptualized and approved under the Uganda Road Fund (URF) Board special project for the extended periodic maintenance/tarmacking of 1.0km in March 2020 but was not included in the district procurement plan for the FY 2020/21.
kawolo,health,5,[2018],['contract_management'],Kawolo,"Buikwe DLG  Performance of Youth Livelihood Programme  Underfunding of the Programme  Non-compliance with the Repayment schedule  Transfer of recovered funds to the Recovery Account in BOU  Inspection of Njeru Youth Group project  Implementation of the Uganda Road Funds  Budget Performance  Status of Implementation  Routine Manual Maintenance  Periodic Maintenance  Outstanding Commitments of UGX.110,530,664  Un utilized Funds under ICEIDA Project  Insufficient School Infrastructure  Status of Fish handling Facility at Kiyindi  Inspection at Kawolo Hospital  Insufficient housing facilities at Kawolo Hospital  Stock out of Essential medicines and health supplies at Kawolo Hospital  Under staffing at Kawolo Hospital  Status of Basic Medical Equipment at Kawolo Hospital  Management and Utilization of Natural Resources  Pollution of Environment  Illegal sand mining on the lake  Lack of a fully constituted Physical Planning Committee 63."
busega mpigi,road,4,[2024],['cost_overrun'],Busega Mpigi,70 e) Significant Cost Escalation and Payment Shortfall on Busega-Mpigi Expressway The Busega-Mpigi Expressway project is facing significant shortcomings in technical preparation and funding management.
updf national referral,health,4,"[2022, 2023, 2024]","['delay_time_overrun', 'procurement_irregularities']",UPDF National Referral, I noted delayed completion of the UPDF National Referral Hospital at Lower Mbuya which resulted in delayed service delivery.
yumbe,health,3,[2019],['contract_management'],Yumbe,"Key audit findings resulting from the engineering audit and corresponding recommendations resulting from the engineering audit for the Kayunga and Yumbe Hospital rehabilitation projects are presented below, detailed findings, quality results, quantity verification and pictures of defective works are presented in a separate report which has been issued on infrastructure component."
entebbe international,airport,3,"[2018, 2019]","['contract_management', 'governance_and_controls', 'procurement_irregularities']",Entebbe International,"Civil Aviation Authority (for the year ended 30th June 2016)  Entebbe International Airport -Expansion Project Management  Inconsistencies in the operationalization of the requirements of the agreements signed  Absence of evidence of involvement of an independent consultant and verification report during the year ended 30 June 2016  Need for a technical and final audit of the project  Management of Trade and Other Payables and Supplier Relationships  Recovery of Receivables from Government Entities  Nakasongola Project Funding-Ugx 23 Billion  Non-existence of recovery plan for Government debts  Compliance with safety regulations requirements - ICAO Safety Report  Corporate Governance (failure to assess likelihood of fraud or its consequences, absence of whistle blowing policy and no fraud Tracker) 123."
mutekanga,road,2,[2018],"['claims_and_disputes', 'land_and_right_of_way']",Mutekanga,"10 Hoima Nkenda transmission line Delays in land titling 11 Mbarara Nkenda transmission line Delays in land transfer and titling 84 12 Uganda National Oil Company Lack of Title for assets transferred to the Company 13 Uganda Posts Limited Lack of Land Titles for UPL Land - Plot 40 Margarita Road, Kasese; Plot 18-20 Gogonyo Road, Pallisa; Plot 76 Mawokota Block 92, Mpigi; Plot 6-10 Birch Avenue, Masaka; Plot 2-6 Mutekanga Road, Kamuli; Plot 1-11 Nsambya Road, Kampala 14 Law Development Centre • Untitled Land on plots 34, 89, 155, 159, 166, 170, 221, 222, 245, 450, 451, 464, 465, 466, 482, 481, 508-510, 613-615 • Untitled Land in Kyadodndo and Bukoto 15 Uganda Human Rights Commission Inadequate management of land assets 16 Parliamentary Commission Absence of land titles for 3 plots; 16-18 on Parliament Avenue 17 National Library of Uganda Forfeiture of land/Loss of land 18 NEC Head Quarter Undeveloped Plot in Namanve Industrial Park 19 NEC Farm Katonga Un-surveyed Land/untitled land blocks 274,378 and 386 20 National Water & Sewerage Corporation Absence of land titles for assets taken over 21 National Forestry Authority • Over 2m Hectares of Forest cover lost in last 10yrs  Loss of land in Buhungiro Central Forest Reserve in Kyegegwa District • Encroachment on Namanve Central Forest Reserve 22 Uganda National Road Authority  Delayed return of residual Titles to Project Affected Persons (PAPs) 23 Uganda Railway Corporation  Un-titled land of over 362 sq meters at Nalukolongo leading to encroachment of some plots I advised Management of the affected entities to process land titles and institute measures to recover land from the encroachers."
gogonyo,road,2,[2018],"['claims_and_disputes', 'land_and_right_of_way']",Gogonyo,"10 Hoima Nkenda transmission line Delays in land titling 11 Mbarara Nkenda transmission line Delays in land transfer and titling 84 12 Uganda National Oil Company Lack of Title for assets transferred to the Company 13 Uganda Posts Limited Lack of Land Titles for UPL Land - Plot 40 Margarita Road, Kasese; Plot 18-20 Gogonyo Road, Pallisa; Plot 76 Mawokota Block 92, Mpigi; Plot 6-10 Birch Avenue, Masaka; Plot 2-6 Mutekanga Road, Kamuli; Plot 1-11 Nsambya Road, Kampala 14 Law Development Centre • Untitled Land on plots 34, 89, 155, 159, 166, 170, 221, 222, 245, 450, 451, 464, 465, 466, 482, 481, 508-510, 613-615 • Untitled Land in Kyadodndo and Bukoto 15 Uganda Human Rights Commission Inadequate management of land assets 16 Parliamentary Commission Absence of land titles for 3 plots; 16-18 on Parliament Avenue 17 National Library of Uganda Forfeiture of land/Loss of land 18 NEC Head Quarter Undeveloped Plot in Namanve Industrial Park 19 NEC Farm Katonga Un-surveyed Land/untitled land blocks 274,378 and 386 20 National Water & Sewerage Corporation Absence of land titles for assets taken over 21 National Forestry Authority • Over 2m Hectares of Forest cover lost in last 10yrs  Loss of land in Buhungiro Central Forest Reserve in Kyegegwa District • Encroachment on Namanve Central Forest Reserve 22 Uganda National Road Authority  Delayed return of residual Titles to Project Affected Persons (PAPs) 23 Uganda Railway Corporation  Un-titled land of over 362 sq meters at Nalukolongo leading to encroachment of some plots I advised Management of the affected entities to process land titles and institute measures to recover land from the encroachers."
nsambya,road,2,[2018],"['claims_and_disputes', 'land_and_right_of_way']",Nsambya,"10 Hoima Nkenda transmission line Delays in land titling 11 Mbarara Nkenda transmission line Delays in land transfer and titling 84 12 Uganda National Oil Company Lack of Title for assets transferred to the Company 13 Uganda Posts Limited Lack of Land Titles for UPL Land - Plot 40 Margarita Road, Kasese; Plot 18-20 Gogonyo Road, Pallisa; Plot 76 Mawokota Block 92, Mpigi; Plot 6-10 Birch Avenue, Masaka; Plot 2-6 Mutekanga Road, Kamuli; Plot 1-11 Nsambya Road, Kampala 14 Law Development Centre • Untitled Land on plots 34, 89, 155, 159, 166, 170, 221, 222, 245, 450, 451, 464, 465, 466, 482, 481, 508-510, 613-615 • Untitled Land in Kyadodndo and Bukoto 15 Uganda Human Rights Commission Inadequate management of land assets 16 Parliamentary Commission Absence of land titles for 3 plots; 16-18 on Parliament Avenue 17 National Library of Uganda Forfeiture of land/Loss of land 18 NEC Head Quarter Undeveloped Plot in Namanve Industrial Park 19 NEC Farm Katonga Un-surveyed Land/untitled land blocks 274,378 and 386 20 National Water & Sewerage Corporation Absence of land titles for assets taken over 21 National Forestry Authority • Over 2m Hectares of Forest cover lost in last 10yrs  Loss of land in Buhungiro Central Forest Reserve in Kyegegwa District • Encroachment on Namanve Central Forest Reserve 22 Uganda National Road Authority  Delayed return of residual Titles to Project Affected Persons (PAPs) 23 Uganda Railway Corporation  Un-titled land of over 362 sq meters at Nalukolongo leading to encroachment of some plots I advised Management of the affected entities to process land titles and institute measures to recover land from the encroachers."
nakaseke,health,2,[2018],['delay_time_overrun'],Nakaseke,Nakaseke DLG Performance of Youth Livelihood Programme - Noncompliance with the Repayment schedule - Inspection of Performance of Youth projects - Lack of Project Records  Implementation of the Uganda Road Funds - Budget Performance - Status of implementation  Under staffing  Double Deployment of Head Teachers in One School  Delayed disbursement of funds to Youth and Wen Groups FYR 2017/18  Construction of Primary Schools under Global Partnership for Education  Direct Payments by the Ministry of Education to the Contractor  Incomplete works  Construction works under School Facilities Grant  Lack of Basic Infrastructure in Primary Schools  Inspection of Semuto HCIV  Inadequate Funding of Nakaseke Hospital  Theft of Hospital equipment at Nakaseke Hospital  Management and Utilisation of Natural Resources  Lack of legal ownership of Nabika forest reserves and wetlands  Absence of a Distinct Environmental Committee  Lack of Lease Register 254  Illegal Land Management of the District land by Luwero District Land Board  Lack of a Wetlands Register  Degradation and Illegal activities on River Mayanja wetland  Lack of Land Title for health facilities  Status of basic medical equipment in health facilities 73.
kafunta buwampa,road,2,"[2023, 2025]","['contract_management', 'delay_time_overrun']",Kafunta-Buwampa," There was delayed completion of; Construction of a Ferry Landing Site at Gerenge in Katabi Town Council, Civil Works for Upgrading of Shimon Roads (3.178km) and Civil Works for the upgrading of Kiwogoloma-Kitukutwe-Kijabijjo road (4.5km) and Bulindo-Nsansa-Namugongo road (4.56km), Ssezibwa (Bulandi –Gyira) Swamp Crossing Between Kayunga and Nakasogola Districts as well as civil Works for Upgrading of Kafunta-Buwampa Road (9.5KM)."
kampala jinja,road,2,"[2023, 2024]","['land_and_right_of_way', 'procurement_irregularities']",Kampala-Jinja," On physical inspection in December 2023 of the Right of Way (ROW) for the Kampala-Jinja Expressway Project, I noted that there were new structures being constructed in some cleared sections of the ROW."
mulago national referral,health,2,"[2018, 2025]",['procurement_irregularities'],Mulago National Referral,"Mulago National Referral Hospital  Unspent releases (UGX.3,502,000,000)  Absence of an approved strategic plan  Delays in Banking of Collections  Lack of Hospital Management Board  Staffing gaps  Use of Inappropriate procurement method  Procurement and execution of works worth (UGX 709,716,746) before Solicitor General’s clearance  Failure to obtain a performance security 144."
nyendo,market,2,[2018],['delay_time_overrun'],Nyendo,"40,563,582  Delayed completion of additional civil works for Nyendo Market  Performance as per the logical framework-additional works on Nyendo market stalled 16."
kawempe national referral,health,2,"[2024, 2025]","['delayed_payments', 'procurement_irregularities']",Kawempe National Referral,Kawempe National Referral Hospital (KNRH) Human capital development Unqualified i) The Hospital realized an increase in domestic arrears and other payables from UGX.0.73Bn at the end of the previous financial year to UGX.1.37Bn at the close of the year under review representing an increase of 87.7%.
kayunga,health,2,[2019],['contract_management'],Kayunga,"5.1.1 Kayunga hospital The rehabilitation and construction works of Kayunga hospital were contracted to Arab Contractors Osman Ahmed Osman at a contract price of USD.16,670,711 and supervised by Dar Engineering in association with Joadah Consult Ltd at a supervision cost of USD.1,433,803."
margarita,road,2,[2018],"['claims_and_disputes', 'land_and_right_of_way']",Margarita,"10 Hoima Nkenda transmission line Delays in land titling 11 Mbarara Nkenda transmission line Delays in land transfer and titling 84 12 Uganda National Oil Company Lack of Title for assets transferred to the Company 13 Uganda Posts Limited Lack of Land Titles for UPL Land - Plot 40 Margarita Road, Kasese; Plot 18-20 Gogonyo Road, Pallisa; Plot 76 Mawokota Block 92, Mpigi; Plot 6-10 Birch Avenue, Masaka; Plot 2-6 Mutekanga Road, Kamuli; Plot 1-11 Nsambya Road, Kampala 14 Law Development Centre • Untitled Land on plots 34, 89, 155, 159, 166, 170, 221, 222, 245, 450, 451, 464, 465, 466, 482, 481, 508-510, 613-615 • Untitled Land in Kyadodndo and Bukoto 15 Uganda Human Rights Commission Inadequate management of land assets 16 Parliamentary Commission Absence of land titles for 3 plots; 16-18 on Parliament Avenue 17 National Library of Uganda Forfeiture of land/Loss of land 18 NEC Head Quarter Undeveloped Plot in Namanve Industrial Park 19 NEC Farm Katonga Un-surveyed Land/untitled land blocks 274,378 and 386 20 National Water & Sewerage Corporation Absence of land titles for assets taken over 21 National Forestry Authority • Over 2m Hectares of Forest cover lost in last 10yrs  Loss of land in Buhungiro Central Forest Reserve in Kyegegwa District • Encroachment on Namanve Central Forest Reserve 22 Uganda National Road Authority  Delayed return of residual Titles to Project Affected Persons (PAPs) 23 Uganda Railway Corporation  Un-titled land of over 362 sq meters at Nalukolongo leading to encroachment of some plots I advised Management of the affected entities to process land titles and institute measures to recover land from the encroachers."
kiruddu national referral,health,2,"[2024, 2025]","['delayed_payments', 'procurement_irregularities']",Kiruddu National Referral,Kiruddu National Referral Hospital Human capital development Unqualified i) I noted that the Hospital paid UGX.0.538Bn in excess of the approved budget of domestic arrears for FY 2023/24.
makerere university business,school,2,"[2024, 2025]",['delayed_payments'],Makerere University Business,Makerere University Business School (MUBS) Human Capital Development Unqualified i) The school diverted UGX.7.68Bn from the current year’s budget to pay unbudgeted domestic arrears.
entebbe,health,2,[2018],['delayed_payments'],Entebbe,"Wakiso DLG  Performance of Youth Livelihood Programme  Implementation of the Uganda Road Funds  Delayed Works on Nansana-Kireka-Biira Road (1km)  Outstanding Commitments  Outstanding Salary Arrears of UGX.61,419,581  Pension Arrears  Shortfall in Government Releases  Unspent/Un-Utilized conditional Grant  Pensioners not on the Payroll  Unrealized Royalties fr Ministry of Energy  Failure to meet minimum standards at Wakiso Health Centre IV  Entebbe Hospital - Outstanding utility bills  Audit of UPE Schools Capitation Grant  Mismanagement of UPE Funds at Kyengeza Muslim P/S  Insufficient Infrastructure in UPE Schools  Management of Procurement  Failure to prepare Evaluation tools  Irregularities in the procurement for the Rehabilitation of Boreholes 247  Lack of signed contracts  Management and Utilisation of Natural Resources  Lack of a land Register  Lack of a lease Register  Management of Road Equipment  Lack of Road safety Equipment  Non-functioning Road equipment  Inadequate mechanical imprest  Lack of Physical Planning Committee  Entebbe Hospital  Existence and Status of Medical equipment  Essential Medicines and Health supplies Stock Outs 65."
no contract,road,2,[2019],['contract_management'],No Contract,"They however had outstanding snags to be rectified as detailed in the report and summarized in table below; Table 39: Showing Outstanding defects S/No Contract road name Defects noted 1 Soroti - Katakwi - Akisim road Stripping at various sections, scouring of embankment, no rounding on terminal end of walkways, eroded and silted stone pitching works, spot honey combs at box and culvert wing walls, full flow for culverts, vandalism of reflectors and hazard signs, missing bolts on guard rails and omission anti-theft protection on bolts and nuts on some guard rails."
soroti regional referral,health,2,"[2018, 2024]",['delayed_payments'],Soroti Regional Referral,Soroti Regional Referral Hospital  Revenue Shortfall  Budget Under Absorption  Unapproved Supplementary Funding  Un accounted for Funds  Under staffing  Unsupported Domestic Arrears  Lack of a Hospital Board  Management of the of Oxygen Plant and supply of oxygen 177  Shortage of medical equipment at the health facility  Utilization of Medical Equipment  Failure to supply ordered Medicines  Expired Drugs  Drug Stock Outs  Unapproved Variation 133.
seed secondary,school,2,[2019],"['delay_time_overrun', 'procurement_irregularities']",Seed Secondary,"• Under UgFIT, inspections revealed stalled works for Nakitokolo Health Centre II and Seed Secondary School with both lacking land titles."
biyaya secondary,school,2,[2023],"['delay_time_overrun', 'procurement_irregularities']",Biyaya Secondary,"Procurement Issues On six (6) of the fifteen (15) contracts, I noted a number of issues arising from my review of the procurement of the works contractors as detailed below;  The successful bidder for the extension of piped water from Itula to Lomunga Parish did not provide CVs of key personnel  There were changes in the evaluation criteria during the evaluation of bids for full rehabilitation of Siriba-Kalwala_Kiryampungula Road (11.3km) and Tete Ogolo-liri road 15km  The best evaluated bidder for works at Kasenyi-Lyato did not provide the required work method statement and his proposed Quantity Surveyor was passed despite not having the required 4 years’ experience  The best evaluated bidder for Biyaya Secondary School had a work method relating to a waste treatment plant and faecal sludge treatment plants which did not constitute scope of works  During the evaluation of bids for construction of the 15m single span bridge at Oru River, the bid for one of the bidders, Multex (U) Ltd, despite being submitted on time was never opened claiming late submission Inadequacies during the procurement process can result in the procurement of contractors with inadequate capacity to execute the works I advised the Accounting Officer to ensure that going forward, the evaluation teams adhere to the relevant procurement guidelines c."
bed,health,2,"[2023, 2025]","['contract_management', 'delay_time_overrun']",Bed," Completion of Construction of 350 Bed hospital and renovation of the six level building at a contract price of UGX.69,676,552,693 was behind schedule with 11.6% works completed by September 2023 after two thirds of the project elapsed time."
secondary,school,2,"[2018, 2025]",['delayed_payments'],Secondary, Delayed execution of construction of National High Altitude Training Centre (Kiprotich)  Irregularities in development of Secondary school program  Accumulation of Domestic Arrears UGX.
tokuru,road,1,[2018],['claims_and_disputes'],Tokuru,"Yumbe DLG  YLP-Low Recovery of Funds  URF-Performance of URF  Unspent Balance not returned to the Consolidated Fund  Delayed Disbursement of Funds to Groups  Failure to Remit Sub-counties’ Share of Collected Local Revenue  Nugatory Expenditure  Lack of Budget Provisions for the Committee  Failure to Issue Occupational Permits, Monitor and Control Developments  Condition of Medical equipment  Inspections of Health Centres  Award of Contract to a Company that Failed the Eligibility Test  Wasteful Expenditure on Kurunga – Tokuru Road  PPDA Reports for FY 2017/18 10."
ttubi,road,1,[2019],['contract_management'],Ttubi,Inspection of the Kibale – Kasekulo – Ttubi road revealed poor workmanship on some road sections.
mulago,health,1,[2018],['delayed_payments'],Mulago,"4,811,238,710  Unspent balances UGX.3,641,516,554  None Alignment of the Ministry’s budget with the National Development Plan  Domestic arrears UGX.42,597,252,938  Improvement of Health Services at Mulago Hospital and the City of Kampala Project (MKCCAP) o Omission of essential components of works during planning and design review o Delayed execution of works o Validity of contractor’s all risk policy o Unspecified percentage for Subcontracting of works o Non recovery of Advance Payment worth UGX.251,848,338, and retention worth UGX.628,710,846 o Implementation and Payment of some Addendum Works before Contractual Approval by contracts committee o Payment for unexecuted works USD.221, 142.63 o Delayed payment of VAT and IPCs USD."
mujunza,health,1,[2019],['delay_time_overrun'],MuJunza,• Under UgIFT I noted incomplete works on the construction of a seed school at Banamywa Sub County while the site for construction of MuJunza health centre appeared abandoned.
mugurusi,road,1,[2019],['contract_management'],Mugurusi,"• Under URF, I noted poor workmanship on Cathedral and Mugurusi Road."
mubende regional referral,health,1,[2018],['delayed_payments'],Mubende Regional Referral,"Mubende Regional Referral Hospital  Mischarged Expenditure UGX.777,764,898  Un-supported Receivables UGX.215,408,183  Budget shortfall of UGX.1,057,562,572  Non construction of the paediatrics and medical wards  Domestic Arrears UGX.1,543,294,611  Poor Condition of Medical Equipment  Poor maintenance of Medical Equipment 14."
mpondwe,bridge,1,[2019],['contract_management'],Mpondwe,"7 Lopei bridge Camber loss on the road surface, spot pot holes, missing bolts, rusting of some bolts, The lower end of the embankment that is lower than the flood level 8 Kaabong bridge Failed gabion/protection works- U/S of Kapedo side, Cracks in stone pitching mortar, Eroded approach Embankment on Kapedo side, Pothole on the approach slab area 101 S/No Contract road name Defects noted 9 Waiga bridge, Ruzairwe bridge, Nsongi bridge, Mpondwe bridge Ruzairwe; Guardrail end details not as per drawing, Rusted guardrail posts and bolts, Missing hazard sign plate on Pacwa side, Hazard sign installed in wrong location; Mpondwe; Hairline cracks on walkway slab, Short and inadequate gabion works on both downstream of Uganda and DR Congo side: Nsongi; Hairline cracks on walkway slab, Eroded banks at mitre drain location; 10 Kaitabawala- Kisozi-Busota (58.2Km)."
uganda national,road,1,[2018],['land_and_right_of_way'],Uganda National,"10 Hoima Nkenda transmission line Delays in land titling 11 Mbarara Nkenda transmission line Delays in land transfer and titling 84 12 Uganda National Oil Company Lack of Title for assets transferred to the Company 13 Uganda Posts Limited Lack of Land Titles for UPL Land - Plot 40 Margarita Road, Kasese; Plot 18-20 Gogonyo Road, Pallisa; Plot 76 Mawokota Block 92, Mpigi; Plot 6-10 Birch Avenue, Masaka; Plot 2-6 Mutekanga Road, Kamuli; Plot 1-11 Nsambya Road, Kampala 14 Law Development Centre • Untitled Land on plots 34, 89, 155, 159, 166, 170, 221, 222, 245, 450, 451, 464, 465, 466, 482, 481, 508-510, 613-615 • Untitled Land in Kyadodndo and Bukoto 15 Uganda Human Rights Commission Inadequate management of land assets 16 Parliamentary Commission Absence of land titles for 3 plots; 16-18 on Parliament Avenue 17 National Library of Uganda Forfeiture of land/Loss of land 18 NEC Head Quarter Undeveloped Plot in Namanve Industrial Park 19 NEC Farm Katonga Un-surveyed Land/untitled land blocks 274,378 and 386 20 National Water & Sewerage Corporation Absence of land titles for assets taken over 21 National Forestry Authority • Over 2m Hectares of Forest cover lost in last 10yrs  Loss of land in Buhungiro Central Forest Reserve in Kyegegwa District • Encroachment on Namanve Central Forest Reserve 22 Uganda National Road Authority  Delayed return of residual Titles to Project Affected Persons (PAPs) 23 Uganda Railway Corporation  Un-titled land of over 362 sq meters at Nalukolongo leading to encroachment of some plots I advised Management of the affected entities to process land titles and institute measures to recover land from the encroachers."
wabigalo busubizi,road,1,[2018],['delay_time_overrun'],Wabigalo- Busubizi,Mityana MC  Budget Performance under Uganda Road Fund - Status of implementation - Routine manual maintenance - Routine mechanised maintenance - Inspection of Wabigalo- Busubizi Road (Status of Road) - The Poor state of Main Street - Lack of Road Equipment  Under Collection of Local Revenue  Comingling of Property Tax with other Revenues  Lack of a Valuation Roll for Property Tax  Irregular Allocation of Classroom Block to Pre Primary Section  Incomplete works on Pit latrine constructed at NAKASETA P/S  Un Distributed Youth Livelihood program Funds financial year 2017/18  Non functionality of the Stores system  Lack of an owned Office Premises  Understaffing  Management and Utilization of Natural Resources  Lack of Land Titles  Lack of inventory of wetlands (Un known wetlands)  Human Activities on Lake Wamala Buffer Zone  Garbage Management  Littering of Garbage  Absence of by-laws on Garbage Management  Failure to Maintain Data and Records on Garbage Volume  In appropriate Location of the Landfill  Lack of a Physical Development Plan 77.
mpigi,road,1,[2018],['procurement_irregularities'],Mpigi,"Busega – Mpigi Road Project  Funds Utilization  Diversion of Project funds – UGX.36,431,557,233  Low disbursement of project funds  Delayed procurement 207 125."
misdirected secondary,school,1,[2018],['contract_management'],Misdirected Secondary,Mukono DLG  Performance of Youth Livelihood Programme  Funding of the Programme  Non-compliance with the Repayment Schedule  Transfer of recovered funds to the Recovery Account in BOU 246  Review of Sampled Youth Groups Files  Implementation of the Uganda Road Funds  Failure to carry out Property Valuation  Misdirected Secondary School Grants  Insufficient Infrastructure in UPE Schools  Under staffing  Management and Utilisation of Natural resources  Lack of a District Environment Committee  Lack of proper demarcation of wetlands  Unlicensed Activities in the Wetlands  Status of Basic Medical Equipment at Kojja HC IV  Poorly equipped Ophthalmic Department  Inadequate Beds in the Maternity Ward  Physical Planning Committees  Inadequate composition of the District Physical planning Committee  Lack of Physical Development Plans 64.
naguru national referral,health,1,[2025],['delayed_payments'],Naguru National Referral,Naguru National Referral Hospital Human Capital Development Unqualified i) The Hospital had outstanding arrears amounting to UGX.434.418Bn out of which UGX.415.486Bn (96%) arose during the year under review.
mbarara regional referal,health,1,[2018],['delayed_payments'],Mbarara Regional Referal,"Mbarara Regional Referal Hospital  Domestic Arrears UGX.1,925,001,338  Unauthorized Utilization of Non-Tax Revenue (NTR)  Understaffing in the Hospital  Expired Drugs  medical equipment is obsolete, faulty (Condition of medical equipment ) 134."
mbarara nkenda,power_line,1,[2018],['land_and_right_of_way'],Mbarara Nkenda,"10 Hoima Nkenda transmission line Delays in land titling 11 Mbarara Nkenda transmission line Delays in land transfer and titling 84 12 Uganda National Oil Company Lack of Title for assets transferred to the Company 13 Uganda Posts Limited Lack of Land Titles for UPL Land - Plot 40 Margarita Road, Kasese; Plot 18-20 Gogonyo Road, Pallisa; Plot 76 Mawokota Block 92, Mpigi; Plot 6-10 Birch Avenue, Masaka; Plot 2-6 Mutekanga Road, Kamuli; Plot 1-11 Nsambya Road, Kampala 14 Law Development Centre • Untitled Land on plots 34, 89, 155, 159, 166, 170, 221, 222, 245, 450, 451, 464, 465, 466, 482, 481, 508-510, 613-615 • Untitled Land in Kyadodndo and Bukoto 15 Uganda Human Rights Commission Inadequate management of land assets 16 Parliamentary Commission Absence of land titles for 3 plots; 16-18 on Parliament Avenue 17 National Library of Uganda Forfeiture of land/Loss of land 18 NEC Head Quarter Undeveloped Plot in Namanve Industrial Park 19 NEC Farm Katonga Un-surveyed Land/untitled land blocks 274,378 and 386 20 National Water & Sewerage Corporation Absence of land titles for assets taken over 21 National Forestry Authority • Over 2m Hectares of Forest cover lost in last 10yrs  Loss of land in Buhungiro Central Forest Reserve in Kyegegwa District • Encroachment on Namanve Central Forest Reserve 22 Uganda National Road Authority  Delayed return of residual Titles to Project Affected Persons (PAPs) 23 Uganda Railway Corporation  Un-titled land of over 362 sq meters at Nalukolongo leading to encroachment of some plots I advised Management of the affected entities to process land titles and institute measures to recover land from the encroachers."
mbale regional referral,health,1,[2018],['delayed_payments'],Mbale Regional Referral,"Mbale Regional Referral Hospital  Unsupported Gratuity Payments UGX.695,585,680   Unsupported domestic arrears UGX.752,666,672  Shortfall in Central Government Grants UGX.141,57,943  Understaffing  Irregular Payment of Salaries to Retired Staff  Lack of land titles  shortage of medical equipment, (Condition of the Medical equipment )  There was no fridge for storage of dead bodies (State of the Hospital Mortuary) 13."
waiga,bridge,1,[2019],['contract_management'],Waiga,"7 Lopei bridge Camber loss on the road surface, spot pot holes, missing bolts, rusting of some bolts, The lower end of the embankment that is lower than the flood level 8 Kaabong bridge Failed gabion/protection works- U/S of Kapedo side, Cracks in stone pitching mortar, Eroded approach Embankment on Kapedo side, Pothole on the approach slab area 101 S/No Contract road name Defects noted 9 Waiga bridge, Ruzairwe bridge, Nsongi bridge, Mpondwe bridge Ruzairwe; Guardrail end details not as per drawing, Rusted guardrail posts and bolts, Missing hazard sign plate on Pacwa side, Hazard sign installed in wrong location; Mpondwe; Hairline cracks on walkway slab, Short and inadequate gabion works on both downstream of Uganda and DR Congo side: Nsongi; Hairline cracks on walkway slab, Eroded banks at mitre drain location; 10 Kaitabawala- Kisozi-Busota (58.2Km)."
maracha seed secondary,school,1,[2025],['delayed_payments'],Maracha Seed Secondary,"Parliamentary Police Division Lira DLG Completed 230 SN Subject of Investigation Requester of Investigation Entity Under Investigation Status of Audit 9 Special audit into the expenditures of Wakiso HCIV for the financial years 2022/2023 State House Health Monitoring Unit Wakiso DLG Completed 10 Assessment of the Financial Management and Reporting Systems of the Global Fund Grants Ministry of Finance, Planning and Economic Development Ministry of Health – Global Fund Completed 11 Verification report on the audit of the Uganda Railways Corporation (URC) pension arrears for 129 pensioners PS-Ministry of Works and Transport Ministry of Works and Transport Completed 12 Special audit of alleged mismanagement of Uganda’s Mission in Abuja State House Anti- Corruption Unit Uganda’s Mission in Abuja Completed 13 Crisis Response Initiative Grant Permanent Secretary Ministry of Agriculture and Animal Husbandry National Oil Palm Project Completed 14 Mismanagement of a total of UGX.143m in Rugyeyo and Kihihi HCIVs in Kanungu District StateHouse Health Monitoring Unit Kanungu District Ongoing 15 Maracha Seed Secondary School CID Maracha seed Secondary school Ongoing 16 Soroti District Road Fund RDC Soroti Soroti District Ongoing 17 Consultancy services for the Technical, Financial and Asset valuation of Kilembe Mines ltd PS."
mandela national,stadium,1,[2019],['delayed_payments'],Mandela National,"I however noted that M/s Fortune Energy Limited had breached contract with accumulated arrears totalling to UGX.1,375,569,240 and Mandela National Stadium (MNSL) has since not taken any legal step to have the arrears recovered but instead M/s Fortune Energy Limited had taken the Stadium to court."
wakiso,health,1,[2018],['delayed_payments'],Wakiso,"Wakiso DLG  Performance of Youth Livelihood Programme  Implementation of the Uganda Road Funds  Delayed Works on Nansana-Kireka-Biira Road (1km)  Outstanding Commitments  Outstanding Salary Arrears of UGX.61,419,581  Pension Arrears  Shortfall in Government Releases  Unspent/Un-Utilized conditional Grant  Pensioners not on the Payroll  Unrealized Royalties fr Ministry of Energy  Failure to meet minimum standards at Wakiso Health Centre IV  Entebbe Hospital - Outstanding utility bills  Audit of UPE Schools Capitation Grant  Mismanagement of UPE Funds at Kyengeza Muslim P/S  Insufficient Infrastructure in UPE Schools  Management of Procurement  Failure to prepare Evaluation tools  Irregularities in the procurement for the Rehabilitation of Boreholes 247  Lack of signed contracts  Management and Utilisation of Natural Resources  Lack of a land Register  Lack of a lease Register  Management of Road Equipment  Lack of Road safety Equipment  Non-functioning Road equipment  Inadequate mechanical imprest  Lack of Physical Planning Committee  Entebbe Hospital  Existence and Status of Medical equipment  Essential Medicines and Health supplies Stock Outs 65."
were asumuk,road,1,[2019],['cost_overrun'],Were-Asumuk,"282 SN LOCAL GOVERNMENTS SUMMARY OF KEY FINDINGS • Field inspection revealed that Were-Asumuk road had excess expenditure of UGX.96,830,800, and no road signage."
lwemikomago,health,1,[2019],['delay_time_overrun'],Lwemikomago,"• Under the UgIFT program, I noted delays in contract execution of up to three months for the upgrade of Lwemikomago health centre II and incomplete works."
luwero,health,1,[2018],['delayed_payments'],Luwero,Luwero DLG  Performance of Youth Livelihood Programme - Under funding of the Programme - Non Compliance with Repayments Schedules - Un confirmed transfers of Recovered funds to Recovery Account in BOU - Inspection of performance of Youth Projects - Nakigoza Youth Tato Growing Project - Record keeping - Kanyogoga Youth Piggery Project - Poor Record keeping  Implementation of the Uganda Road Funds - Inspection of Kikoza-Kigoloba-Naluvule Road (8.9Kms) - Failure to carry out Routine Manual Maintenance on District Roads  Mischarge of Expenditure  Un accounted for funds  Financial Loss  Outstanding Creditors  Outstanding Salary and Pension Arrears  Diversion of PHC and Agricultural Extension Services Wage to Pay Primary Teachers Salary  Un-updated property valuation list  Under staffing and related  Un Recovered UWEP Revolving Funds  Un approved borehole Rehabilitation Assessments  Difficulties in accessing Road equipment fr Regional Workshops  Failure to Perform Physical count for students under USE  Review of Eye Clinic Donation at Luwero Health Centre IV  Management of Procurement  Absence of a Contracts Register  Absence of 10% Performance securities for Procurement contracts 253  Lack of a representative of Lower Local Government on Evaluation Committee  Management of Natural Resources  Environmental dilapidation of district wetlands  Failure to de-gazette Bombo Local Forest Reserve  Poor Status of basic Medical Equipment  Lack of a District Physical Development Plan  Absence of District land and Lease Registers  Absence of legitimate Registration of the District Land  Capitation Grants  Under funding of the USE and UPE capitation programs  Construction of a 2 classro block and others at Bulamba Primary Schoo  Status of Basic Medical Equipment 72.
lulyango primary,school,1,[2018],['contract_management'],Lulyango Primary,"Nwoya DLG  Performance of Youth Livelihood Programme  Funding of the Programme  Non-compliance with the Repayment Schedule  Transfer of recovered funds to the recovery account in BOU  Inspection of Performance of Youth projects  Implementation of the Uganda Road Funds  Budget performance  Status of implementation 235  Unpaid, Salaries , Pensions Gratuity Arrears  Payment for Work not done at Anaka Central P/S  Payment for Work not done at Todora HCII  Payment for Work not done at Lulyango Primary School  Construction of Box Culvert on Ceke Stream/ Diversion of Funds  Summary of exceptions raised in the PPDA audit reports  Management of Natural Resources  Lack of legal ownership of land, forests reserves and wetlands."
lopei,bridge,1,[2019],['contract_management'],Lopei,"7 Lopei bridge Camber loss on the road surface, spot pot holes, missing bolts, rusting of some bolts, The lower end of the embankment that is lower than the flood level 8 Kaabong bridge Failed gabion/protection works- U/S of Kapedo side, Cracks in stone pitching mortar, Eroded approach Embankment on Kapedo side, Pothole on the approach slab area 101 S/No Contract road name Defects noted 9 Waiga bridge, Ruzairwe bridge, Nsongi bridge, Mpondwe bridge Ruzairwe; Guardrail end details not as per drawing, Rusted guardrail posts and bolts, Missing hazard sign plate on Pacwa side, Hazard sign installed in wrong location; Mpondwe; Hairline cracks on walkway slab, Short and inadequate gabion works on both downstream of Uganda and DR Congo side: Nsongi; Hairline cracks on walkway slab, Eroded banks at mitre drain location; 10 Kaitabawala- Kisozi-Busota (58.2Km)."
suam,road,1,[2025],['procurement_irregularities'],Suam,Kapchorwa - Suam Road-project Integrated transport infrastructure and services Unqualified i) The Commission did not reserve any procurements for registered associations as required by the PPDA guidelines.
road component the,road,1,[2019],['delay_time_overrun'],Road Component The,Road Component The road construction works for the upgrade of Luuku – Kalangala – Mulabana (65.6 km) road from Class “C” to Class “B” gravel standards that were expected to be executed within a period of twelve (12) months were completed after three years in March 2016 resulting in a two years delay with no provisions for remedies/ penalties for delayed completion of the road construction works by the implementation agreement.
primary,school,1,[2018],['delayed_payments'],Primary,Jinja DA  Management of the Youth Livelihood project  Implementation of the Uganda Road Fund Domestic Arrears  Audit of Primary School  Understaffing  Management of Natural Resources  Status of Basic Medical Equipment in Health Facilities  Physical Planning Committees 244 58.
ryeru seed secondary,school,1,[2019],['procurement_irregularities'],Ryeru Seed Secondary,I further noted that the construction of Ryeru Seed Secondary School was not implemented due to delayed procurement process.
police,health,1,[2024],['procurement_irregularities'],Police,"vii) Despite receiving funds to implement the planned activities, UPF did not undertake the procurement of land, construction of 338 accommodation blocks, a Police hospital at Nsambya, and district police stations."
otwee,health,1,[2019],['delay_time_overrun'],Otwee,228 SN LOCAL GOVERNMENTS SUMMARY OF KEY FINDINGS • Construction works under UgIFT at Amuru Seed Secondary School and Otwee Health Centre II were behind schedule.
ongoing,road,1,[2024],['delay_time_overrun'],Ongoing,"• Out of the sampled 303 projects, 165 were Completed roads and 138 were Incomplete works/ Ongoing road works."
ogom seed secondary,school,1,[2019],['delay_time_overrun'],Ogom Seed Secondary,"• Under UgIFT, construction of Ogom Seed Secondary School was not undertaken and works at Lapu HC II had stalled at beam level despite receipt of funds that were swept back at year end."
rugaaga,health,1,[2023],['contract_management'],Rugaaga,"Construction of a mini piped water scheme at Chungambe Trading Center Sand, bricks 8 Construction of a theatre, 2 units of 2 in one staff houses and fencing at Rugaaga Health Centre IV Concrete blocks, sand, aggregates 9 Full Rehabilitation of Tete Ogolo-liri road 15km Concrete pipe culverts 10 Construction of two classroom blocks, one with an office and store, construction of a 5 stance VIP latrine for girls, construction of a 2 stance VIP lined latrine for Teachers at Bwondha P/S Aggregates, sand, concrete, bricks 11 Construction of a Two(2) Classroom Block with Office and Store at Namayemba P/S Aggregates, sand, concrete, bricks Failure to undertake tests on materials used can lead to the use of substandard materials thereby compromising the quality of works I advised the Accounting Officer to always ensure that materials used are tested, results reviewed and approved prior to their incorporation into the works h."
ruzairwe,bridge,1,[2019],['contract_management'],Ruzairwe,"7 Lopei bridge Camber loss on the road surface, spot pot holes, missing bolts, rusting of some bolts, The lower end of the embankment that is lower than the flood level 8 Kaabong bridge Failed gabion/protection works- U/S of Kapedo side, Cracks in stone pitching mortar, Eroded approach Embankment on Kapedo side, Pothole on the approach slab area 101 S/No Contract road name Defects noted 9 Waiga bridge, Ruzairwe bridge, Nsongi bridge, Mpondwe bridge Ruzairwe; Guardrail end details not as per drawing, Rusted guardrail posts and bolts, Missing hazard sign plate on Pacwa side, Hazard sign installed in wrong location; Mpondwe; Hairline cracks on walkway slab, Short and inadequate gabion works on both downstream of Uganda and DR Congo side: Nsongi; Hairline cracks on walkway slab, Eroded banks at mitre drain location; 10 Kaitabawala- Kisozi-Busota (58.2Km)."
rwebisengo rwangara,road,1,[2019],['contract_management'],Rwebisengo- Rwangara,"I also noted poor workmanship on Rwebisengo- Rwangara Road and Rehabilitation of Rwensenene and Kakogha Bridges • A review of the cumulative water situation analysis of the 4 different types of water sources in the district, revealed 35% of the water facilities were non-functional • Deductions of UGX 1.49Bn were noted in respect of statutory and other bodies but only UGX 1.41Bn was remitted resulting into under payment of UGX 82 million • Under UWEP, i noted that out of UGX 33 million collected; only UGX 15 million was transferred to the Ministry of Gender leaving a balance of UGX 18 million."
nyendo,health,1,[2019],['delay_time_overrun'],Nyendo,"• Under the UgIFT program, I noted a delay in the upgrade of Nyendo health centre II to III of five months and incomplete works despite payment of all the contract funds to the contractor."
nyamweru seed,school,1,[2019],['delay_time_overrun'],Nyamweru Seed,"• Under UgIFT, I noted incomplete works on the upgrading of Mpungu HC II to HC III which was awarded in the third quarter of the financial year I further noted 1.1% partial implementation in construction of Nyamweru Seed School due to delayed procurement process."
nyakinama seed,school,1,[2019],['procurement_irregularities'],Nyakinama Seed,I further noted that the construction of Nyakinama Seed School was not implemented due to delayed procurement process.
nyakasharara seed,school,1,[2019],['procurement_irregularities'],Nyakasharara Seed,I further noted a 4 months delay in procurement for the construction of Nyakasharara Seed School.
nsongi,bridge,1,[2019],['contract_management'],Nsongi,"7 Lopei bridge Camber loss on the road surface, spot pot holes, missing bolts, rusting of some bolts, The lower end of the embankment that is lower than the flood level 8 Kaabong bridge Failed gabion/protection works- U/S of Kapedo side, Cracks in stone pitching mortar, Eroded approach Embankment on Kapedo side, Pothole on the approach slab area 101 S/No Contract road name Defects noted 9 Waiga bridge, Ruzairwe bridge, Nsongi bridge, Mpondwe bridge Ruzairwe; Guardrail end details not as per drawing, Rusted guardrail posts and bolts, Missing hazard sign plate on Pacwa side, Hazard sign installed in wrong location; Mpondwe; Hairline cracks on walkway slab, Short and inadequate gabion works on both downstream of Uganda and DR Congo side: Nsongi; Hairline cracks on walkway slab, Eroded banks at mitre drain location; 10 Kaitabawala- Kisozi-Busota (58.2Km)."
sop sop primary,school,1,[2018],['contract_management'],SOP-SOP Primary,Tororo DLG  YLP-Low Recovery Of Funds  Performance of URF  Transfers of UWEP funds to MoGLSD  Failure of council to sit in the whole financial Year  Non-operational district service commission  Lack of Local Environment Committees  Inadequate monitoring and supervision of the usage of Natural Resources  Existence of land office and staffing  Demarcations and size of the wetlands  Failure to report a fraudulent company to PPDA  Procurement not in the procurement Plan  Audit of SOP-SOP Primary School under capitation Grant  Inadequate ambulance services  Inadequate Health and safety measures  Status of the Basic Medical equipment  Understaffing  Failure to Implement Budget as approved by Parliament  Local Revenue Shortfall 268  Revenue Accountability and contracts 109.
laroo pageya,road,1,[2018],['claims_and_disputes'],Laroo- Pageya,Gulu DLG  Performance of Youth Livelihood Programme  Failure to transfer recovered funds to the recovery account in BOU  Inspection of performance of youth projects  Implementation of the Uganda Road Funds  Budget performance  Status of implementation  Contingent liability  Unpaid pension and gratuity arrears  Payables  Incomplete and abandoned work  Incomplete renovation and expansion of OPD in Lugore HCII Palaro sub county  Incomplete/ abandoned low cost sealing of Laroo- Pageya Road 2Km  Non- disbursement of YLP funds for financial year 2017/2018  Non-assessment of taxable revenue  Summary of exceptions raised in the PPDA report  Management of natural resources  Unlicensed activities on natural resources  The physical planning Committee  Establishment of the physical planning Committee  Performance of the physical planning Committee  Non budgeting for the physical planning Committee activities  Management of road equipment  Failure to maintain road equipment records  Non-functional/ grounded equipment  Status of basic medical equipment  Failure to record medical equipment in the district assets register  Missing procurement records 27.
nasuleta,health,1,[2018],['land_and_right_of_way'],Nasuleta,Butebo DLG  Performance Of URF  Local Revenue Shortfall  Failure to carry out local revenue enumeration and assessment  Absence of a District Environmental Committee  Unlicensed activities carried out in the gazetted wetlands  Lack of clear boundaries of wetlands  Lack of Financial Statements for Nasenyi Primary School  Inadequate supervision by district officials  Lack of District Physical Planning Committee  Encroachment on council land at Nasuleta Health Centre II 100.
nasenyi primary,school,1,[2018],['land_and_right_of_way'],Nasenyi Primary,Butebo DLG  Performance Of URF  Local Revenue Shortfall  Failure to carry out local revenue enumeration and assessment  Absence of a District Environmental Committee  Unlicensed activities carried out in the gazetted wetlands  Lack of clear boundaries of wetlands  Lack of Financial Statements for Nasenyi Primary School  Inadequate supervision by district officials  Lack of District Physical Planning Committee  Encroachment on council land at Nasuleta Health Centre II 100.
nansana kireka biira,road,1,[2018],['delayed_payments'],Nansana-Kireka-Biira,"Wakiso DLG  Performance of Youth Livelihood Programme  Implementation of the Uganda Road Funds  Delayed Works on Nansana-Kireka-Biira Road (1km)  Outstanding Commitments  Outstanding Salary Arrears of UGX.61,419,581  Pension Arrears  Shortfall in Government Releases  Unspent/Un-Utilized conditional Grant  Pensioners not on the Payroll  Unrealized Royalties fr Ministry of Energy  Failure to meet minimum standards at Wakiso Health Centre IV  Entebbe Hospital - Outstanding utility bills  Audit of UPE Schools Capitation Grant  Mismanagement of UPE Funds at Kyengeza Muslim P/S  Insufficient Infrastructure in UPE Schools  Management of Procurement  Failure to prepare Evaluation tools  Irregularities in the procurement for the Rehabilitation of Boreholes 247  Lack of signed contracts  Management and Utilisation of Natural Resources  Lack of a land Register  Lack of a lease Register  Management of Road Equipment  Lack of Road safety Equipment  Non-functioning Road equipment  Inadequate mechanical imprest  Lack of Physical Planning Committee  Entebbe Hospital  Existence and Status of Medical equipment  Essential Medicines and Health supplies Stock Outs 65."
namwiwa town,water,1,[2018],['delay_time_overrun'],Namwiwa Town,"Water and Sanitation Development Facility -Eastern (2017/18)  Revenue shortfall i.e only UGX.13,570,088,440 was received resulting into a shortfall of UGX.7,616,911,560 representing 36%  Delayed completion of Namwiwa Town Water Supply System and Kamuli Faecal Sludge Management Facility  Delayed completion of Bulegenyi Town Council water supply system  Failure to recover connection fees from Local Governments  Failure to operationalize Namagera Town Water Supply System (TWSS) 53."
namungoona nansana wakiso kakiri,road,1,[2025],['procurement_irregularities'],Namungoona–Nansana– Wakiso–Kakiri,"v) The project experienced delays in implementing key components such as the Capacity Improvement and Signalisation Study for the Namungoona–Nansana– Wakiso–Kakiri Road, whose procurement was still under evaluation as at 30th June 2025."
namagera town,water,1,[2018],['delay_time_overrun'],Namagera Town,"Water and Sanitation Development Facility -Eastern (2017/18)  Revenue shortfall i.e only UGX.13,570,088,440 was received resulting into a shortfall of UGX.7,616,911,560 representing 36%  Delayed completion of Namwiwa Town Water Supply System and Kamuli Faecal Sludge Management Facility  Delayed completion of Bulegenyi Town Council water supply system  Failure to recover connection fees from Local Governments  Failure to operationalize Namagera Town Water Supply System (TWSS) 53."
nakitokolo,health,1,[2019],['delay_time_overrun'],Nakitokolo,"• Under UgFIT, inspections revealed stalled works for Nakitokolo Health Centre II and Seed Secondary School with both lacking land titles."
nakasero hill,road,1,[2022],['land_and_right_of_way'],Nakasero Hill, Plot 2F on Nakasero Hill Road which houses the Headquarters of UBTS was encroached upon by a Hotel by way of a wall fence covering a total area of 0.079ha.
nakasero,health,1,[2018],['delay_time_overrun'],Nakasero,"764,230,132,962 yet budget was UGX.145,592,926,044  Irregular Patient Referrals to Nakasero Hospital  Unjustifiable Compensation for land occupied by UPDF at Usuk, Ngariam, Katakwi District  Un justifiable Payment to Pajimolugwar clan and Pajimokal clan in respect of land – UGX.1,756,170,429  Un justified Payment of Land at JIE Block 4, Plot 21, Nakapirimor, Kotido District – UGX.3,327,577,000  Un justified Land compensation for Plot 20 Lugard Avenue, Entebbe – UGX.575,000,000  Incomplete works at Peace Support Operation Training Centre (PSO TC)-SINGO  Abandoned motor vehicles at Peace Support Operation Training Centre (PSO TC)-SINGO  Abandoned Kaweweta construction sites works– UGX.3.1 billion  Incomplete Renovation works on the Administration Block at Lugazi  Land disputes at Kimaka  Failure to implement Presidential directive  Doubtful Supply of Jet Ranger spare parts by YAMASEC Ltd – USD.479,030.12  Doubtful Fuel supply by Hared Petroleum Limited 20."
nakaseke seed secondary,school,1,[2019],['delay_time_overrun'],Nakaseke Seed Secondary,"• Under UgIFT, Inspections revealed construction works of the Health Centre had stalled and construction of Nakaseke Seed Secondary School had not commenced."
lira regional referral,health,1,[2018],['delayed_payments'],Lira Regional Referral,"Lira Regional Referral Hospital  Mischarged Expenditure - UGX.167,904,869  Unaccounted for funds - UGX.136,359,356  Non Tax Revenue (NTR) Spent at source - UGX.15,475,663  Over statements of Benefits Expenditure - UGX.170,282,724  Unsupported Payables/Domestic Arrears - UGX.157,916,520 150  Undisclosed Expenditure - UGX.298,206,573  Overstatement of Net worth - UGX.108,735,083  Understaffing  Condition of Medical Equipment  Failure to plan for Consultancy Services  Failure to provide a Performance Security 12."
abok seed,school,1,[2018],['contract_management'],Abok Seed,Oyam DLG  Performance of Youth Livelihood Programme  Funding of the Programme  Non-compliance with the repayment schedule  Transfer of recovered funds to the recovery account in BOU 236  Inspection of Performance of Youth projects  Implementation of the Uganda Road Funds  Unpaid Gratuity Arrears  Over expenditure on Council activities  Construction of Abok Seed School  Supply of Double Cabin Pickup  Summary of exceptions raised in the PPDA audit report  Incomplete Physical Planning Committee  Status of Basic Medical Equipment  Condition of Medical Equipment  Management of natural resources  Unlicensed /illegal activities on Natural resources HOIMA BRANCH 34.
lagara monroc market,road,1,[2023],['delay_time_overrun'],Lagara– Monroc Market," There were delays in completion of the rehabilitation of Corner Pa Lagara– Monroc Market Road 14.7km worth UGX.1,780,629,779."
district road equipment inadequate,road,1,[2018],['land_and_right_of_way'],District Road Equipment Inadequate,- Noncompliance with the repayment schedule - Transfer of the Recovered Funds to the Recovery Account in BOU - Inspection of Performance of Youth projects - Kayonjo Piggery Youth Project - Record keeping - Bwetyaba Youth dairy Production - Record Keeping - Failed Youth Livelihood Projects  Implementation of the Uganda Road Funds - Budget Performance - Status of implementation - Routine manual maintenance - Under Utilization of Road Gangs - Routine mechanised maintenance - Periodic maintenance - Burnt district Grader  Outstanding Pensions  Outstanding Commitments  Construction of Nakyesa Public Latrine  High School Dropout Rates  Failure to collect Local service Tax (LST) fr Non-Government employees  Management and Utilisation of Natural Resources  Ruining and encroachment on wet land  Failure to demarcate wetlands  Lack of a District Environmental Action Plan 252  Status of Essential medical equipment at the Kayunga General Hospital  Challenges faced by Kayunga HCIVs  District Road Equipment Inadequate Road Equipment  In adequate Infrastructure in Primary schools 71.
butabika,road,1,[2024],['delay_time_overrun'],Butabika,"ii) Construction of Office Block at Plot 92a Butabika Road and Plot 2-4 Bukasa Lane, Butabika is behind schedule and the contract lacked essential accessibility features for disability as required under the Building Control Code 2019."
buvuma,health,1,[2018],['land_and_right_of_way'],Buvuma,Buvuma DLG  Performance of Youth Livelihood Programme  Underfunding of the Programme  Non Compliance with the Repayment Schedule  Transfer of recovered funds to the recovery account in BOU  Implementation of the Uganda Road Funds  Routine manual maintenance  Routine Mechanised Maintenance  Periodic Maintenance  Lack of Property Valuation Roll  Construction of the District Administration Block under Phase II  Un Confirmed Ownership of Land  Lack of Land titles  Under Staffing  Management and Utilization of Natural Resources  Lack of a District Environment Committee  Failure to carry out demarcation of Wetlands  Encroachment on Natural Resources  Status of Medical Equipment at Buvuma Health Centre IV  Lack of Essential Medical Equipment  Lack of Power at the Health Centre IV  Lack of a fully Constituted District Physical Planning Committee 66.
carryout,market,1,[2020],['procurement_irregularities'],Carryout,"Approved Job evaluation report implemen­ tation plan Timing of develop­ ment and approval NA Q2 Document review Once Head HRMD AAG/C and Director Corporate Support Top man­ agement approval minute extract Delayed approval by top man­ agement %-age Lev­ el of imple­ mentation of approved plan NA 60 % 70 % 80 % 85 % 90 % Document review Annual Head HRMD AAG/C and Director Corporate Support Job Evalu­ ation report Imple­ menta­ tion plan Inadequate funding Page 163 strategic report Activities Output Indicator Base­ line FY 2019/20 Target (2020/21, 2021/22, 2022/23, 2023/24, 2024/25) Data col­ lection method Fre­ quency Responsi­ ble centre To be Consult­ ed Means of veri­ fication Associated risks 1 2 3 4 5 Intervention 2.2.5: Establish a system that enables the highest ethical and professional standards in all our work 2.2.5.1: Review and Update OAG code of conduct OAG code of conduct reviewed Timing of review and update Q1 Document review Once Head HRMD AAG/C and Director Corporate Support Updated OAG code of conduct None Percentage of reported non- compliance cases handled O 100 % 100 % 100 % 100 % 100 % Document review Annual Head HRMD AAG/C and Director Corporate Support HRAC reports Delays in HRAC resolving the cases 2.2.5.2: Establish sensitiza­ tion pro­ grammes to promote high ethical and pro­ fessional standards Sensitiza­ tion pro­ grammes imple­ mented Number of pro­ grammes implement­ ed NA 0 2 4 4 4 Document review Annual Head HRMD AAG/C and Director Corporate Support Activity reports Resistance to change 2.2.5.3: Conduct periodic integrity surveys Periodic integrity survey reports produced Number of integrity surveys NA 1 1 Document review Every two years Head HRMD AAG/C and Director Corporate Support Integrity reports Lack of skills to conduct integrity surveys Page 164 strategic report Activities Output Indicator Base­ line FY 2019/20 Target (2020/21, 2021/22, 2022/23, 2023/24, 2024/25) Data col­ lection method Fre­ quency Responsi­ ble centre To be Consult­ ed Means of veri­ fication Associated risks 1 2 3 4 5 Specific objective 2.3: Enhance financial management and operational efficiency Intervention 2.3.1: Enhance transparency and efficacy of planning, budgeting and performance reporting 2.3.1.1: Improve decentral­ ization of planning and budget execution according to office structures and out­ comes Decen­ tralized approved budgets and func­ tional com­ mitment control system Timing of review and approval of commit­ ment con­ trol system NA 1 Document review Once Head Planning AAG-C and Director Corporate Support Top man­ agement minute extract Delays in Top man­ agement approval % level of compliance to decen­ tralized budgeting systems NA 50 % 70 % 75 % 80 % Document review Annual Head Planning AAG-C and Director Corporate Support Internal audit reports Resistance to change Approved and functional PBS pro­ gramme budgeting system based on OAG struc­ tures Timing of review and approval of OAG programme based budgeting structure NA Q2 Document review Once Head Planning AAG-C and Director Corporate Support Ap­ proved and function­ al PBS pro­ gramme bud­ geting system based on OAG struc­ tures Delayed Top man­ agement approval Page 165 strategic report Activities Output Indicator Base­ line FY 2019/20 Target (2020/21, 2021/22, 2022/23, 2023/24, 2024/25) Data col­ lection method Fre­ quency Responsi­ ble centre To be Consult­ ed Means of veri­ fication Associated risks 1 2 3 4 5 Authorized PBS users trained Number of PBS users trained 1 14 14 14 Document review Every one year Head Planning AAG-C and Director Corporate Support Training report Delayed uptake 2.3.1.2: Implement holistic operational plan­ ning and budgeting to ensure effective resource allocation and utiliza­ tion Effec­ tive and inclusive operational plans NPA annual compliance rating 51.4 % 60 % 65 % 70 % 85 % 85 % Document review Annual Head planning AAG-C and Director Corporate Support NPA cer­ tificate of com­ pliance report Uncoor­ dinated operational planning Stream­ lined annu­ al audit plans aligned to Financial Year out­ comes Timing of production and approv­ al of con­ solidated operational plan Q4 Q4 Q4 Q4 Q4 Q4 Document review Annual Head Planning AAG-C and Director Corporate Support Consol­ idated opera­ tional plan Delayed Top man­ agement approval Number of planning meetings 3 3 3 3 3 3 Document review Annual Head Planning AAG-C and Director Corporate Support Atten­ dance list Inadequate funding, Audit and corporate divergent planning period Page 166 strategic report Activities Output Indicator Base­ line FY 2019/20 Target (2020/21, 2021/22, 2022/23, 2023/24, 2024/25) Data col­ lection method Fre­ quency Responsi­ ble centre To be Consult­ ed Means of veri­ fication Associated risks 1 2 3 4 5 2.3.1.3: Improve on coordina­ tion and alignment of func­ tional strategies to the OAG overall strategic plan(over­ all multi­ year Audit strategy, IT, HR, communi­ cation and stakehold­ er, energy sector, LG, engineer­ ing Audit, VFM, FIIT) Functional strategies aligned to the OAG strategic plan Level of alignment to the OAG strategic plan NA 80 % 100 % 100 % 100 % 100 % Document review Annual Head Planning AAG-C and Director Corporate Support Budget perfor­ mance report No adherence to the planning roadmap Number of functional strategies assessed 9 0 9 9 9 9 Document review Annual Head Planning AAG-C and Director Corporate Support Self-as­ sess­ ment report Capacity gaps Page 167 strategic report Activities Output Indicator Base­ line FY 2019/20 Target (2020/21, 2021/22, 2022/23, 2023/24, 2024/25) Data col­ lection method Fre­ quency Responsi­ ble centre To be Consult­ ed Means of veri­ fication Associated risks 1 2 3 4 5 2.3.1.4: Enhance the time­ liness and accuracy of budget perfor­ mance reporting Timely and accurate budget perfor­ mance reports Timing of produc­ tion and approval by 30th of the month succeeding the quarter NA 4 4 4 4 4 Document review Quar­ terly Head Planning AAG-C and Director Corporate Support Quar­ terly budget perfor­ mance report Delayed approval, delayed cost Centre submission 2.3.1.5: Develop the OAG strategic plan 2025- 2030 OAG stra­ tegic plan developed and ap­ proved Timing of develop­ ment and approval of the OAG strategic plan NA Q4 Document review Once Head Planning AAG-C, AAAG-A, Directors of Audit and Director Corporate Support OAG strategic plan 2025- 2030 Inadequate funding and delayed Top man­ agement approval Page 168 strategic report Activities Output Indicator Base­ line FY 2019/20 Target (2020/21, 2021/22, 2022/23, 2023/24, 2024/25) Data col­ lection method Fre­ quency Responsi­ ble centre To be Consult­ ed Means of veri­ fication Associated risks 1 2 3 4 5 Intervention 2.3.2: Efficient Financial management and timely reporting 2.3.2.1: Effective mobiliza­ tion and manage­ ment of Financial resources to enhance perfor­ mance Financial resources secured and man­ aged Timing of produc­ tion of financial re­ ports(quar­ terly and Annual) 5 5 5 5 5 5 Document review Annual Head Finance and Admin AAG-C and Director Corporate Support Periodic financial state­ ments System failures, delay data submission %-age of Total budget requirement funded NA 70 % 75 % 80 % 85 % 90 % Document review Annual Head Finance and Admin AAG-C and Director Corporate Support Budget perfor­ mance report None 2.3.2.2: Review and implement the OAG finance, account­ ing and reporting framework Reviewed and func­ tional OAG finance, account­ ing and reporting framework Timing of review NA Q1 Document review Once Head Finance and Admin AAG-C and Director Corporate Support Re­ viewed and function­ al OAG finance, account­ ing and report­ ing frame­ work None % -age Level of compliance NA 85 % 90 % 100 % 100 % Document review Annual Head Finance and Admin AAG-C and Director Corporate Support Self-as­ sess­ ment reports None Page 169 strategic report Activities Output Indicator Base­ line FY 2019/20 Target (2020/21, 2021/22, 2022/23, 2023/24, 2024/25) Data col­ lection method Fre­ quency Responsi­ ble centre To be Consult­ ed Means of veri­ fication Associated risks 1 2 3 4 5 2.3.2.3: Ensuring compliance to other National financial regula­ tions and instructions where applicable Compli­ ance with National financial regulations and in­ structions % -age Level of compliance NA 100 % 100 % 100 % 100 % 100 % Document review Annual Head Finance and Admin AAG-C and Director Corporate Support None 2.3.2.4: Develop and imple­ ment an asset man­ agement policy and strategy Approved asset man­ agement policy Timing of produc­ tion and approval NA Q3 Document review Once Head Finance and Admin AAG/C AAG-C and Director Corporate Support Ap­ proved asset man­ agement policy Delayed Top Man­ agement approval Inadequate funding %-age Level of compliance NA 85 % 90 % Document review Annual Head Finance and Admin AAG-C and Director Corporate Support Self-as­ sess­ ment reports None Approved asset man­ agement strategy Timing of produc­ tion and approval NA Q1 Document review Once Head Finance and Admin AAG-C and Director Corporate Support Ap­ proved asset manage­ ment strategy Inadequate funding, delayed Top Man­ agement approval Page 170 strategic report Activities Output Indicator Base­ line FY 2019/20 Target (2020/21, 2021/22, 2022/23, 2023/24, 2024/25) Data col­ lection method Fre­ quency Responsi­ ble centre To be Consult­ ed Means of veri­ fication Associated risks 1 2 3 4 5 %-age Level of compliance NA 85 % 90 % Document review Annual Head Finance and Admin AAG-C and Director Corporate Support Self -assess­ ment reports None Intervention 2.3.3: Improve efficiency and effectiveness of procurement and disposal processes to enhance compliance, value for money and transparency 2.3.3.1: Analyze procure­ ment and out­ sourcing processes to identify noncompli­ ance areas, gaps and delays in processes to improve efficiency Procure­ ment compliant self-as­ sessment report Number of self-as­ sessment reports produced NA Q2 Q2 Document review Every two years Head Pro­ curement and Dis­ posal Unit, Secretary outsourcing AAG-C and Director Corporate Support Self-as­ sess­ ment report Inadequate coordination between PDU and outsourcing %-age of self-as­ sessment recommen­ dations NA 70 % 80 % Document review Every two years Head Procure­ ment and Disposal, Secretary Outsourcing AAG-C and Director Corporate Support Self-as­ sess­ ment report, quarterly reports Inadequate coordination between PDU and outsourcing Average turnaround time tagged to legal re­ quirements NA + 25 days + 20 days +15 days +13 days +10 days Document review Annual Head Pro­ curement and Dis­ posal Unit, Secretary Outsourcing AAG/C AAG-C and Director Corporate Support Self-as­ sess­ ment report, quarterly reports Lack of capacity Page 171 strategic report Activities Output Indicator Base­ line FY 2019/20 Target (2020/21, 2021/22, 2022/23, 2023/24, 2024/25) Data col­ lection method Fre­ quency Responsi­ ble centre To be Consult­ ed Means of veri­ fication Associated risks 1 2 3 4 5 2.3.3.2: Carryout market research on regular intervals to create an average market price da­ tabase for common user items Average market price da­ tabase for common user items developed Timing of database establish­ ment NA Q1 Q1 Document review Every two years Head Pro­ curement and Dispos­ al Unit AAG-C and Director Corporate Support Data­ base devel­ oped High Market price fluctuations 2.3.3.3: Design a mechanism to mon­ itor the progress of awarded contracts against set delivera­ bles and timelines Functional contract tracking mechanism developed Timing of establish­ ment of the mechanism Q3 Document review Once Head Pro­ curement and Dispos­ al Unit AAG-C and Director Corporate Support Estab­ lished Mecha­ nism None %-age of multi-year contracts renewed / terminate on time NA 85 % 90 % 95 % 95 % Document review Annual Head Pro­ curement and Dispos­ al Unit AAG-C and Director Corporate Support Func­ tional contract tracking mecha­ nism None Page 172 strategic report Activities Output Indicator Base­ line FY 2019/20 Target (2020/21, 2021/22, 2022/23, 2023/24, 2024/25) Data col­ lection method Fre­ quency Responsi­ ble centre To be Consult­ ed Means of veri­ fication Associated risks 1 2 3 4 5 2.3.3.4: Create awareness to promote compliance with pro­ curement laws and regulations Stake­ holders sensitized on pro­ curement laws and regulations Number of sensiti­ zation en­ gagements held NA 2 2 2 2 2 Document review Annual Head Pro­ curement and Dispos­ al Unit AAG/C AAG-C and Director Corporate Support Activity report Inadequate funding Intervention 2.3.4: Effective, efficient and sustainable construction and maintenance of OAG premises 2.3.4.1: Acquisition of addi­ tional land for the proposed Center of Audit Ex­ cellence Land for the skills enhance­ ment facility, laborato­ ries and Kampala branch acquired (3 acres) Number of acres acquired 2 3 Document review Annual Head Estates AAG/C AAG-C and Director Corporate Support Land title Inadequate funding Page 173 strategic report Activities Output Indicator Base­ line FY 2019/20 Target (2020/21, 2021/22, 2022/23, 2023/24, 2024/25) Data col­ lection method Fre­ quency Responsi­ ble centre To be Consult­ ed Means of veri­ fication Associated risks 1 2 3 4 5 2.3.4.2: Construct and equip­ ping the proposed Center of Audit Ex­ cellence OAG skills enhance­ ment facility, Laborato­ ries and accom­ modate Kampala branch construct­ ed and equipped Timing of construct­ ing and equipping NA 1 Document review Annual Head Estates AAG-C and Director Corporate Support Signed con­ tracts, com­ pleted designs and complet­ ed con­ struction Inadequate funding 2.3.4.3: Remod­ eling and re-con­ struction of Soroti and Masaka branches Soroti remodeled and con­ structed Timing of remodeling and con­ struction NA Q4 Document review Once Head Estates AAG/C AAG-C and Director Corporate Support Signed con­ tracts, com­ pleted designs and complet­ ed con­ struction Inadequate funding Page 174 strategic report Activities Output Indicator Base­ line FY 2019/20 Target (2020/21, 2021/22, 2022/23, 2023/24, 2024/25) Data col­ lection method Fre­ quency Responsi­ ble centre To be Consult­ ed Means of veri­ fication Associated risks 1 2 3 4 5 Masaka, remodeled and con­ structed Timing of remodeling and con­ struction NA Q4 Document review Once Head Estates AAG/C AAG-C and Director Corporate Support Signed con­ tracts, com­ pleted designs and complet­ ed con­ struction Inadequate funding 2.3.4.4: Conduct water us­ age studies Sustain­ able man­ agement of utilities (water) Timing of study NA Q4 Document review Annual Head of Estates AAG-C and Director Corporate Support Study report None %-age level of imple­ mentation of recom­ mendations NA 70 % 85 % 100 % Document review Annual Head of Estates AAG-C and Director Corporate Support Study report, unit quarterly reports Inadequate funding Average cost of wa­ ter bills per staff Pa UGx 354,796.11 95 % 90 % 85 % 80 % 80 % Analytics Quar­ terly Head of Estates AAG-C and Director Corporate Support Perfor­ mance reports, financial state­ ments Inadequate funding Page 175 strategic report Activities Output Indicator Base­ line FY 2019/20 Target (2020/21, 2021/22, 2022/23, 2023/24, 2024/25) Data col­ lection method Fre­ quency Responsi­ ble centre To be Consult­ ed Means of veri­ fication Associated risks 1 2 3 4 5 2.3.4.5: Carry out energy studies Sustain­ able man­ agement of utilities (electricity, air condi­ tioning and generator fuel) Timing of study NA Q4 Document review Annu­ ally Head of Estates AAG/C AAG-C and Director Corporate Support Study report None %-age level of imple­ mentation of recom­ mendations NA 75 % 85 % 100 % Document review Annu­ ally Head of Estates AAG/C AAG-C and Director Corporate Support Study report, unit quarterly reports Inadequate funding Average cost of energy bills per staff UGx 1, 044, 906.15 95 % 90 % 85 % 80 % 80 % Analytics Quar­ terly Head of Estates AAG/C AAG-C and Director Corporate Support Perfor­ mance reports, financial state­ ments Inadequate funding 2.3.4.6 Installation of a third elevator in Audit House Third elevator installed Timing of installation NA 1 Observa­ tion Once Head Estates AAG-C and Director Corporate Support Elevator Inadequate funding Page 176 strategic report Activities Output Indicator Base­ line FY 2019/20 Target (2020/21, 2021/22, 2022/23, 2023/24, 2024/25) Data col­ lection method Fre­ quency Responsi­ ble centre To be Consult­ ed Means of veri­ fication Associated risks 1 2 3 4 5 Intervention 2.3.5: Efficient acquisition and management of inventory, fleet and security 2.3.5.1: Effective inventory manage­ ment and safe guard office prop­ erties Updated inventory register Timing of updating the register NA Q4 Q4 Q4 Q4 Q4 Document review Annual Head Accounts AAG-C and Director Corporate Support Updated inven­ tory register Inadequate manpower Inventory acquired and dis­ posed of Timing of acquisition of inventory NA 4 4 4 4 4 Document review Quar­ terly Head Admin AAG-C and Director Corporate Support Monthly PDU reports Emerging general government guidelines, inadequate funding Timing of disposal of inventory NA 1 1 1 1 1 Document Annual Head Admin AAG/C AAG-C and Director Corporate Support Disposal reports Emerging general government guidelines 2.3.5.2: Review fleet man­ agement policy and enhance fleet man­ agement to create efficiency Fleet man­ agement policy reviewed Timing of approv­ al of the reviewed policy NA 1 1 Document review Every 2 years Head Admin AAG/C AAG-C and Director Corporate Support Re­ viewed Fleet man­ agement policy Limitation arising with complying with GOU guidelines Fleet pro­ cured Number of vehicles procured NA 15 15 15 15 15 Document review Annual Head Admin AAG-C and Director Corporate Support Procure­ ment reports Inadequate funding Page 177 strategic report Activities Output Indicator Base­ line FY 2019/20 Target (2020/21, 2021/22, 2022/23, 2023/24, 2024/25) Data col­ lection method Fre­ quency Responsi­ ble centre To be Consult­ ed Means of veri­ fication Associated risks 1 2 3 4 5 2.3.5.3: Improve physical security manage­ ment for the office Office premises secured Number of security incidents reported NA 4 2 1 0 0 Document review Annual Head Admin AAG-C and Director Corporate Support Security reports Security equipment acquired and installed (cctv, metal detectors and walk- through) Lots of security equipment procured NA 3 3 3 2 Document review Annual Head Admin AAG-C and Director Corporate Support Procure­ ment reports Inadequate funding Security awareness activities conducted Number of sensitization sessions on security awareness NA 4 4 4 4 4 Document review Annual Head Admin AAG/C AAG-C and Director Corporate Support Activity reports Inadequate funding 2.3.5.4: Devel­ op and implement awareness campaigns to promote fire safety Fire safety awareness campaigns across the office developed and imple­ mented Number of awareness campaigns implement­ ed NA 1 1 1 1 1 Document review Annual Head Admin AAG-C and Director Corporate Support Activity reports Inadequate funding Page 178 strategic report Activities Output Indicator Base­ line FY 2019/20 Target (2020/21, 2021/22, 2022/23, 2023/24, 2024/25) Data col­ lection method Fre­ quency Responsi­ ble centre To be Consult­ ed Means of veri­ fication Associated risks 1 2 3 4 5 Specific objective 2.4: Improve IT as a business enabler through greater collaboration, resource optimization and innovation."
chakulia,health,1,[2019],['delay_time_overrun'],Chakulia,• Physical inspection on the upgrading of Chakulia Health Center II to Health Center III revealed that the project was behind schedule.
china uganda friendship,health,1,[2018],['delayed_payments'],China- Uganda Friendship,"China- Uganda Friendship Hospital  Accumulation of utility arrears (UGX.344,755,371)  Lack of a housing policy  Failure to sign evaluation reports by some evaluation committee members  Failure to state the date of expiry of bid validity in the bidding document 145."
dilapidated,school,1,[2018],['delayed_payments'],Dilapidated,BUKEDEA DLG  Performance of YLP  Performance Of URF  Pension and Gratuity Arrears  Un-Spent Conditional Grant  Reconciliation of Central Government Releases  Salary Arrears  Lack of Annual Budgets by Primary Schools  Dilapidated school Accommodation and Classroom Structures  Poor pupil to facilities ratio  Unlicensed activities on Natural resources  Shortage of medical equipment at the health facility  Non-Functional Medical Equipment  Idle and non-functioning dental machine 141.
emergency,road,1,[2018],['governance_and_controls'],Emergency,"Uganda Road Fund  Undisclosed non-produced assets worth UGX.1,510,000,000  Mischarge of expenditure – UGX.418,598,288  Reporting Inconsistencies  Governance Issues  Unsigned board minutes 206  Non consideration of internal audit reports by the board  Unrecovered PAYE amounting to UGX.55,602,000  Emergency road funds  Unverified emergency sites  Inadequate emergency intervention fund  Failure to apply the allocation formula for road maintenance funds 122."
kyoho,bridge,1,[2019],['cost_overrun'],Kyoho,• I noted excess expenditure of UGX.0.19bn on the construction of Kyoho Bridge due to a decision to change from force Account to irregular contracting of the unfinished works to a private contractor.
for mulago national referral,health,1,[2022],['procurement_irregularities'],For Mulago National Referral, For Mulago National Referral Hospital I undertook a special audit which included among others the procurement and maintenance of medical equipment and noted various anomalies in the payments for maintenance of medical equipment.
fort portal regional referral,health,1,[2018],['cost_overrun'],Fort Portal Regional Referral,"Fort Portal Regional Referral Hospital  Unimplemented budget activities  Inadequate controls surrounding management of Domestic arrears- UGX 362,688,782  Under Budgeting for Domestic Arrears  Unspent Balances  Unauthorized Excess Expenditure  Non Delivery of Ambulance Equipment  Lack of Skilled Staff to handle Medical Equipment  Inadequate Medical Equipment  Condition of Medical Equipment  Hospital Governing Board not fully constituted 129."
gbe,health,1,[2018],['land_and_right_of_way'],Gbe,Butambala DLG  Performance of Youth Livelihood Programme  Implementation of the Uganda Road Funds - Budget Performance - Status of implementation - Routine manual maintenance - Routine mechanised maintenance - Periodic maintenance - In adequate Monitoring and Supervision of Road works  Un verified Outstanding Pension and Gratuity Payments  Under Staffing  Gombe Hospital  Inadequate Funding  Hospital Dilapidated Buildings  Discharge of Sewage into the Community by the Hospital  Lack of Land title for the Hospital  Management of Procurement  Drilling and Installation of Hand pump Borehole to Solar Powered Boreholes  Failure to Meet Evaluation Criteria  Inspection of the motorized Pump  Procurement Evaluation for Construction of classrooms at Mavugera P/S  Construction of Facilities at Bwetyabya UMEA P/S  Management of Natural Resources  Absence of Environment Committees 251  Conservation of Natural Resources  Encroachment on Forest Reserves  Un controlled Human Activities on Wetlands  Lack of a District Land Office  Lack of a Land Board  Inflated Pupil Enrolment  Status of Basic Medical Equipment at Gbe Hospital 70.
gem farm bailey,bridge,1,[2019],['contract_management'],Gem Farm Bailey,"Bleeding, broken end structures, broken and scoured aprons, Stripped capping layer along road carriageway, silted culverts 11 Low Cost Sealing of Selected District Roads; Lot 6: in Kamuli District Silted culverts, damaged culvert bases, washed off culvert backfill, damaged road base, damaged end structures 12 Construction of Gem Farm Bailey Bridge in Atiak, Amuru District Collapsed gabion at Abutment 2 RHS, Inadequate backfill at approach to the bridge (LHS) in the corner, Need for river training 13 Construction of Kisaigi Bridge in Kakumiro District Lot 1 Honey combs, collapsing backfill, Crack at Abutment wall, Formwork left within the bridge structure at different locations 14 Construction of Kabindula Swamp Crossing in Kyankwanzi District Lot 20 Extensive Honey combing, poor workmanship on concrete works The Accounting Officer indicated that contractors had been instructed to address the identified defects prior to issue of the practical completion certificate."
gombe,health,1,[2018],['land_and_right_of_way'],Gombe,Butambala DLG  Performance of Youth Livelihood Programme  Implementation of the Uganda Road Funds - Budget Performance - Status of implementation - Routine manual maintenance - Routine mechanised maintenance - Periodic maintenance - In adequate Monitoring and Supervision of Road works  Un verified Outstanding Pension and Gratuity Payments  Under Staffing  Gombe Hospital  Inadequate Funding  Hospital Dilapidated Buildings  Discharge of Sewage into the Community by the Hospital  Lack of Land title for the Hospital  Management of Procurement  Drilling and Installation of Hand pump Borehole to Solar Powered Boreholes  Failure to Meet Evaluation Criteria  Inspection of the motorized Pump  Procurement Evaluation for Construction of classrooms at Mavugera P/S  Construction of Facilities at Bwetyabya UMEA P/S  Management of Natural Resources  Absence of Environment Committees 251  Conservation of Natural Resources  Encroachment on Forest Reserves  Un controlled Human Activities on Wetlands  Lack of a District Land Office  Lack of a Land Board  Inflated Pupil Enrolment  Status of Basic Medical Equipment at Gbe Hospital 70.
gulu regional referral,health,1,[2018],['claims_and_disputes'],Gulu Regional Referral,"657,578.14) 2,450,004,629 - 6 Gulu University 324,624,045 - 7 Gulu Regional Referral Hospital - 111,598,776 Total 2,775,690,674 24,724,815,955 44 3.1.4 Wasteful/ Nugatory Expenditure Good practice requires Accounting Officers to reduce cases of apparent waste, extravagant administration or failure to achieve value for money due to management’s laxity in the conduct of operations."
butabika,health,1,[2023],['contract_management'],Butabika," Regional mental health units had challenges of lack of critical staff, designated space and infrastructure to accommodate mental health patients, drug shortages, and insufficient outreach and technical supervision by Butabika Hospital."
butaaka,health,1,[2019],['contract_management'],Butaaka,"• Under UgIFT, there was unspent balance of 0.125bn on the contract for the upgrade of Butaaka Health Centre II and inspections revealed incomplete and shoddy works at the facility."
busu primary,school,1,[2018],['claims_and_disputes'],Busu Primary,Bundibugyo DLG  URF-Performance of URF  Funds not accounted for  Local Revenue Shortfall  Underfunding of Youth Livelihood Programme  Inspection of Performance of Youth Projects  Garnish Orders fr Court Cases  Failure to remit Statutory deductions  Capitation Grants  Lack of Financial Statements and Books of Accounts - Busu Primary School  Management of Natural Resources  Failure to Demarcate and Monitor Natural resources  Unlicensed Activities on the Forest Reserves  Failure to Constitute the District Environment Committee  Management of Procurement  Payments made to companies over and above the awarded contract price  Status of Basic Medical Equipment  Inadequate Medical Equipment 18.
bunamwaya kisigula mutundwe mirembe,road,1,[2018],['procurement_irregularities'],Bunamwaya-Kisigula-Mutundwe Mirembe,Makindye MC  Implementation of the Uganda Road Funds - Budget Performance - Status of implementation - Routine manual maintenance - Routine mechanized maintenance - Periodic maintenance - Unimplemented works - Inspection of Bunamwaya-Kisigula-Mutundwe Mirembe Road - Inadequate Road Equipment - Lack of Bill of Quantities/Detailed scope of works - Outstanding Commitments  Unspent Conditional Grants  Revenue Management  Lack of Local Revenue appeals tribunal  Under staffing  Lack of legal ownership of Municipal Assets  Developments on untitled land  Underfunded Youth Livelihood Program  Management and Utilization of Natural Resources  Illegal developments in Kaliddubi wetland  Status of Basic Medical Equipment at Ndejje HC1V  Garbage Management  Management of Procurement  Irregular Procurement for construction of a perimeter wall  Lack of Contract Implementation plans and management Reports  Physical Planning Committee  Capitation Grants  Under realization of Capitation Grants 255  Insufficient School Infrastructure 74.
bunambutye,health,1,[2019],['delay_time_overrun'],Bunambutye,"• Under URF field inspection revealed some incomplete works such as Drainage works, culvert cleaning, failure to test road construction materials and late transfer of funds to lower local governments • Works under UgIFT were ongoing with however there was delayed Completion of the upgrade of Bunambutye Health centre II to health centre III and no evidence of materials testing was availed • Under NUSAF-3 UGX.0.907Bn was used to support beneficiary sub-groups."
bulindo nsansa namugongo,road,1,[2023],['delay_time_overrun'],Bulindo-Nsansa-Namugongo," There was delayed completion of; Construction of a Ferry Landing Site at Gerenge in Katabi Town Council, Civil Works for Upgrading of Shimon Roads (3.178km) and Civil Works for the upgrading of Kiwogoloma-Kitukutwe-Kijabijjo road (4.5km) and Bulindo-Nsansa-Namugongo road (4.56km), Ssezibwa (Bulandi –Gyira) Swamp Crossing Between Kayunga and Nakasogola Districts as well as civil Works for Upgrading of Kafunta-Buwampa Road (9.5KM)."
bulegenyi town council,water,1,[2018],['delay_time_overrun'],Bulegenyi Town Council,"Water and Sanitation Development Facility -Eastern (2017/18)  Revenue shortfall i.e only UGX.13,570,088,440 was received resulting into a shortfall of UGX.7,616,911,560 representing 36%  Delayed completion of Namwiwa Town Water Supply System and Kamuli Faecal Sludge Management Facility  Delayed completion of Bulegenyi Town Council water supply system  Failure to recover connection fees from Local Governments  Failure to operationalize Namagera Town Water Supply System (TWSS) 53."
bulaga,health,1,[2019],['delay_time_overrun'],Bulaga,An inspection of the site for upgrading Bulaga health centre revealed that the site had been abandoned which resulted in delayed completion of works.
bukamba,health,1,[2019],['delay_time_overrun'],Bukamba,"• Under UgIFT, construction works of Bukamba Health Centre worth UGX.0.488bn had stalled after payment of UGX.0.292bn and the district did not have a land title for the land."
buhara seed secondary,school,1,[2019],['procurement_irregularities'],Buhara Seed Secondary,• I noted further that construction of Buhara Seed Secondary School under UgIFT did not take off due to disagreements in the procurement process and all funds swept to CF.
average,market,1,[2020],['procurement_irregularities'],Average,"Approved Job evaluation report implemen­ tation plan Timing of develop­ ment and approval NA Q2 Document review Once Head HRMD AAG/C and Director Corporate Support Top man­ agement approval minute extract Delayed approval by top man­ agement %-age Lev­ el of imple­ mentation of approved plan NA 60 % 70 % 80 % 85 % 90 % Document review Annual Head HRMD AAG/C and Director Corporate Support Job Evalu­ ation report Imple­ menta­ tion plan Inadequate funding Page 163 strategic report Activities Output Indicator Base­ line FY 2019/20 Target (2020/21, 2021/22, 2022/23, 2023/24, 2024/25) Data col­ lection method Fre­ quency Responsi­ ble centre To be Consult­ ed Means of veri­ fication Associated risks 1 2 3 4 5 Intervention 2.2.5: Establish a system that enables the highest ethical and professional standards in all our work 2.2.5.1: Review and Update OAG code of conduct OAG code of conduct reviewed Timing of review and update Q1 Document review Once Head HRMD AAG/C and Director Corporate Support Updated OAG code of conduct None Percentage of reported non- compliance cases handled O 100 % 100 % 100 % 100 % 100 % Document review Annual Head HRMD AAG/C and Director Corporate Support HRAC reports Delays in HRAC resolving the cases 2.2.5.2: Establish sensitiza­ tion pro­ grammes to promote high ethical and pro­ fessional standards Sensitiza­ tion pro­ grammes imple­ mented Number of pro­ grammes implement­ ed NA 0 2 4 4 4 Document review Annual Head HRMD AAG/C and Director Corporate Support Activity reports Resistance to change 2.2.5.3: Conduct periodic integrity surveys Periodic integrity survey reports produced Number of integrity surveys NA 1 1 Document review Every two years Head HRMD AAG/C and Director Corporate Support Integrity reports Lack of skills to conduct integrity surveys Page 164 strategic report Activities Output Indicator Base­ line FY 2019/20 Target (2020/21, 2021/22, 2022/23, 2023/24, 2024/25) Data col­ lection method Fre­ quency Responsi­ ble centre To be Consult­ ed Means of veri­ fication Associated risks 1 2 3 4 5 Specific objective 2.3: Enhance financial management and operational efficiency Intervention 2.3.1: Enhance transparency and efficacy of planning, budgeting and performance reporting 2.3.1.1: Improve decentral­ ization of planning and budget execution according to office structures and out­ comes Decen­ tralized approved budgets and func­ tional com­ mitment control system Timing of review and approval of commit­ ment con­ trol system NA 1 Document review Once Head Planning AAG-C and Director Corporate Support Top man­ agement minute extract Delays in Top man­ agement approval % level of compliance to decen­ tralized budgeting systems NA 50 % 70 % 75 % 80 % Document review Annual Head Planning AAG-C and Director Corporate Support Internal audit reports Resistance to change Approved and functional PBS pro­ gramme budgeting system based on OAG struc­ tures Timing of review and approval of OAG programme based budgeting structure NA Q2 Document review Once Head Planning AAG-C and Director Corporate Support Ap­ proved and function­ al PBS pro­ gramme bud­ geting system based on OAG struc­ tures Delayed Top man­ agement approval Page 165 strategic report Activities Output Indicator Base­ line FY 2019/20 Target (2020/21, 2021/22, 2022/23, 2023/24, 2024/25) Data col­ lection method Fre­ quency Responsi­ ble centre To be Consult­ ed Means of veri­ fication Associated risks 1 2 3 4 5 Authorized PBS users trained Number of PBS users trained 1 14 14 14 Document review Every one year Head Planning AAG-C and Director Corporate Support Training report Delayed uptake 2.3.1.2: Implement holistic operational plan­ ning and budgeting to ensure effective resource allocation and utiliza­ tion Effec­ tive and inclusive operational plans NPA annual compliance rating 51.4 % 60 % 65 % 70 % 85 % 85 % Document review Annual Head planning AAG-C and Director Corporate Support NPA cer­ tificate of com­ pliance report Uncoor­ dinated operational planning Stream­ lined annu­ al audit plans aligned to Financial Year out­ comes Timing of production and approv­ al of con­ solidated operational plan Q4 Q4 Q4 Q4 Q4 Q4 Document review Annual Head Planning AAG-C and Director Corporate Support Consol­ idated opera­ tional plan Delayed Top man­ agement approval Number of planning meetings 3 3 3 3 3 3 Document review Annual Head Planning AAG-C and Director Corporate Support Atten­ dance list Inadequate funding, Audit and corporate divergent planning period Page 166 strategic report Activities Output Indicator Base­ line FY 2019/20 Target (2020/21, 2021/22, 2022/23, 2023/24, 2024/25) Data col­ lection method Fre­ quency Responsi­ ble centre To be Consult­ ed Means of veri­ fication Associated risks 1 2 3 4 5 2.3.1.3: Improve on coordina­ tion and alignment of func­ tional strategies to the OAG overall strategic plan(over­ all multi­ year Audit strategy, IT, HR, communi­ cation and stakehold­ er, energy sector, LG, engineer­ ing Audit, VFM, FIIT) Functional strategies aligned to the OAG strategic plan Level of alignment to the OAG strategic plan NA 80 % 100 % 100 % 100 % 100 % Document review Annual Head Planning AAG-C and Director Corporate Support Budget perfor­ mance report No adherence to the planning roadmap Number of functional strategies assessed 9 0 9 9 9 9 Document review Annual Head Planning AAG-C and Director Corporate Support Self-as­ sess­ ment report Capacity gaps Page 167 strategic report Activities Output Indicator Base­ line FY 2019/20 Target (2020/21, 2021/22, 2022/23, 2023/24, 2024/25) Data col­ lection method Fre­ quency Responsi­ ble centre To be Consult­ ed Means of veri­ fication Associated risks 1 2 3 4 5 2.3.1.4: Enhance the time­ liness and accuracy of budget perfor­ mance reporting Timely and accurate budget perfor­ mance reports Timing of produc­ tion and approval by 30th of the month succeeding the quarter NA 4 4 4 4 4 Document review Quar­ terly Head Planning AAG-C and Director Corporate Support Quar­ terly budget perfor­ mance report Delayed approval, delayed cost Centre submission 2.3.1.5: Develop the OAG strategic plan 2025- 2030 OAG stra­ tegic plan developed and ap­ proved Timing of develop­ ment and approval of the OAG strategic plan NA Q4 Document review Once Head Planning AAG-C, AAAG-A, Directors of Audit and Director Corporate Support OAG strategic plan 2025- 2030 Inadequate funding and delayed Top man­ agement approval Page 168 strategic report Activities Output Indicator Base­ line FY 2019/20 Target (2020/21, 2021/22, 2022/23, 2023/24, 2024/25) Data col­ lection method Fre­ quency Responsi­ ble centre To be Consult­ ed Means of veri­ fication Associated risks 1 2 3 4 5 Intervention 2.3.2: Efficient Financial management and timely reporting 2.3.2.1: Effective mobiliza­ tion and manage­ ment of Financial resources to enhance perfor­ mance Financial resources secured and man­ aged Timing of produc­ tion of financial re­ ports(quar­ terly and Annual) 5 5 5 5 5 5 Document review Annual Head Finance and Admin AAG-C and Director Corporate Support Periodic financial state­ ments System failures, delay data submission %-age of Total budget requirement funded NA 70 % 75 % 80 % 85 % 90 % Document review Annual Head Finance and Admin AAG-C and Director Corporate Support Budget perfor­ mance report None 2.3.2.2: Review and implement the OAG finance, account­ ing and reporting framework Reviewed and func­ tional OAG finance, account­ ing and reporting framework Timing of review NA Q1 Document review Once Head Finance and Admin AAG-C and Director Corporate Support Re­ viewed and function­ al OAG finance, account­ ing and report­ ing frame­ work None % -age Level of compliance NA 85 % 90 % 100 % 100 % Document review Annual Head Finance and Admin AAG-C and Director Corporate Support Self-as­ sess­ ment reports None Page 169 strategic report Activities Output Indicator Base­ line FY 2019/20 Target (2020/21, 2021/22, 2022/23, 2023/24, 2024/25) Data col­ lection method Fre­ quency Responsi­ ble centre To be Consult­ ed Means of veri­ fication Associated risks 1 2 3 4 5 2.3.2.3: Ensuring compliance to other National financial regula­ tions and instructions where applicable Compli­ ance with National financial regulations and in­ structions % -age Level of compliance NA 100 % 100 % 100 % 100 % 100 % Document review Annual Head Finance and Admin AAG-C and Director Corporate Support None 2.3.2.4: Develop and imple­ ment an asset man­ agement policy and strategy Approved asset man­ agement policy Timing of produc­ tion and approval NA Q3 Document review Once Head Finance and Admin AAG/C AAG-C and Director Corporate Support Ap­ proved asset man­ agement policy Delayed Top Man­ agement approval Inadequate funding %-age Level of compliance NA 85 % 90 % Document review Annual Head Finance and Admin AAG-C and Director Corporate Support Self-as­ sess­ ment reports None Approved asset man­ agement strategy Timing of produc­ tion and approval NA Q1 Document review Once Head Finance and Admin AAG-C and Director Corporate Support Ap­ proved asset manage­ ment strategy Inadequate funding, delayed Top Man­ agement approval Page 170 strategic report Activities Output Indicator Base­ line FY 2019/20 Target (2020/21, 2021/22, 2022/23, 2023/24, 2024/25) Data col­ lection method Fre­ quency Responsi­ ble centre To be Consult­ ed Means of veri­ fication Associated risks 1 2 3 4 5 %-age Level of compliance NA 85 % 90 % Document review Annual Head Finance and Admin AAG-C and Director Corporate Support Self -assess­ ment reports None Intervention 2.3.3: Improve efficiency and effectiveness of procurement and disposal processes to enhance compliance, value for money and transparency 2.3.3.1: Analyze procure­ ment and out­ sourcing processes to identify noncompli­ ance areas, gaps and delays in processes to improve efficiency Procure­ ment compliant self-as­ sessment report Number of self-as­ sessment reports produced NA Q2 Q2 Document review Every two years Head Pro­ curement and Dis­ posal Unit, Secretary outsourcing AAG-C and Director Corporate Support Self-as­ sess­ ment report Inadequate coordination between PDU and outsourcing %-age of self-as­ sessment recommen­ dations NA 70 % 80 % Document review Every two years Head Procure­ ment and Disposal, Secretary Outsourcing AAG-C and Director Corporate Support Self-as­ sess­ ment report, quarterly reports Inadequate coordination between PDU and outsourcing Average turnaround time tagged to legal re­ quirements NA + 25 days + 20 days +15 days +13 days +10 days Document review Annual Head Pro­ curement and Dis­ posal Unit, Secretary Outsourcing AAG/C AAG-C and Director Corporate Support Self-as­ sess­ ment report, quarterly reports Lack of capacity Page 171 strategic report Activities Output Indicator Base­ line FY 2019/20 Target (2020/21, 2021/22, 2022/23, 2023/24, 2024/25) Data col­ lection method Fre­ quency Responsi­ ble centre To be Consult­ ed Means of veri­ fication Associated risks 1 2 3 4 5 2.3.3.2: Carryout market research on regular intervals to create an average market price da­ tabase for common user items Average market price da­ tabase for common user items developed Timing of database establish­ ment NA Q1 Q1 Document review Every two years Head Pro­ curement and Dispos­ al Unit AAG-C and Director Corporate Support Data­ base devel­ oped High Market price fluctuations 2.3.3.3: Design a mechanism to mon­ itor the progress of awarded contracts against set delivera­ bles and timelines Functional contract tracking mechanism developed Timing of establish­ ment of the mechanism Q3 Document review Once Head Pro­ curement and Dispos­ al Unit AAG-C and Director Corporate Support Estab­ lished Mecha­ nism None %-age of multi-year contracts renewed / terminate on time NA 85 % 90 % 95 % 95 % Document review Annual Head Pro­ curement and Dispos­ al Unit AAG-C and Director Corporate Support Func­ tional contract tracking mecha­ nism None Page 172 strategic report Activities Output Indicator Base­ line FY 2019/20 Target (2020/21, 2021/22, 2022/23, 2023/24, 2024/25) Data col­ lection method Fre­ quency Responsi­ ble centre To be Consult­ ed Means of veri­ fication Associated risks 1 2 3 4 5 2.3.3.4: Create awareness to promote compliance with pro­ curement laws and regulations Stake­ holders sensitized on pro­ curement laws and regulations Number of sensiti­ zation en­ gagements held NA 2 2 2 2 2 Document review Annual Head Pro­ curement and Dispos­ al Unit AAG/C AAG-C and Director Corporate Support Activity report Inadequate funding Intervention 2.3.4: Effective, efficient and sustainable construction and maintenance of OAG premises 2.3.4.1: Acquisition of addi­ tional land for the proposed Center of Audit Ex­ cellence Land for the skills enhance­ ment facility, laborato­ ries and Kampala branch acquired (3 acres) Number of acres acquired 2 3 Document review Annual Head Estates AAG/C AAG-C and Director Corporate Support Land title Inadequate funding Page 173 strategic report Activities Output Indicator Base­ line FY 2019/20 Target (2020/21, 2021/22, 2022/23, 2023/24, 2024/25) Data col­ lection method Fre­ quency Responsi­ ble centre To be Consult­ ed Means of veri­ fication Associated risks 1 2 3 4 5 2.3.4.2: Construct and equip­ ping the proposed Center of Audit Ex­ cellence OAG skills enhance­ ment facility, Laborato­ ries and accom­ modate Kampala branch construct­ ed and equipped Timing of construct­ ing and equipping NA 1 Document review Annual Head Estates AAG-C and Director Corporate Support Signed con­ tracts, com­ pleted designs and complet­ ed con­ struction Inadequate funding 2.3.4.3: Remod­ eling and re-con­ struction of Soroti and Masaka branches Soroti remodeled and con­ structed Timing of remodeling and con­ struction NA Q4 Document review Once Head Estates AAG/C AAG-C and Director Corporate Support Signed con­ tracts, com­ pleted designs and complet­ ed con­ struction Inadequate funding Page 174 strategic report Activities Output Indicator Base­ line FY 2019/20 Target (2020/21, 2021/22, 2022/23, 2023/24, 2024/25) Data col­ lection method Fre­ quency Responsi­ ble centre To be Consult­ ed Means of veri­ fication Associated risks 1 2 3 4 5 Masaka, remodeled and con­ structed Timing of remodeling and con­ struction NA Q4 Document review Once Head Estates AAG/C AAG-C and Director Corporate Support Signed con­ tracts, com­ pleted designs and complet­ ed con­ struction Inadequate funding 2.3.4.4: Conduct water us­ age studies Sustain­ able man­ agement of utilities (water) Timing of study NA Q4 Document review Annual Head of Estates AAG-C and Director Corporate Support Study report None %-age level of imple­ mentation of recom­ mendations NA 70 % 85 % 100 % Document review Annual Head of Estates AAG-C and Director Corporate Support Study report, unit quarterly reports Inadequate funding Average cost of wa­ ter bills per staff Pa UGx 354,796.11 95 % 90 % 85 % 80 % 80 % Analytics Quar­ terly Head of Estates AAG-C and Director Corporate Support Perfor­ mance reports, financial state­ ments Inadequate funding Page 175 strategic report Activities Output Indicator Base­ line FY 2019/20 Target (2020/21, 2021/22, 2022/23, 2023/24, 2024/25) Data col­ lection method Fre­ quency Responsi­ ble centre To be Consult­ ed Means of veri­ fication Associated risks 1 2 3 4 5 2.3.4.5: Carry out energy studies Sustain­ able man­ agement of utilities (electricity, air condi­ tioning and generator fuel) Timing of study NA Q4 Document review Annu­ ally Head of Estates AAG/C AAG-C and Director Corporate Support Study report None %-age level of imple­ mentation of recom­ mendations NA 75 % 85 % 100 % Document review Annu­ ally Head of Estates AAG/C AAG-C and Director Corporate Support Study report, unit quarterly reports Inadequate funding Average cost of energy bills per staff UGx 1, 044, 906.15 95 % 90 % 85 % 80 % 80 % Analytics Quar­ terly Head of Estates AAG/C AAG-C and Director Corporate Support Perfor­ mance reports, financial state­ ments Inadequate funding 2.3.4.6 Installation of a third elevator in Audit House Third elevator installed Timing of installation NA 1 Observa­ tion Once Head Estates AAG-C and Director Corporate Support Elevator Inadequate funding Page 176 strategic report Activities Output Indicator Base­ line FY 2019/20 Target (2020/21, 2021/22, 2022/23, 2023/24, 2024/25) Data col­ lection method Fre­ quency Responsi­ ble centre To be Consult­ ed Means of veri­ fication Associated risks 1 2 3 4 5 Intervention 2.3.5: Efficient acquisition and management of inventory, fleet and security 2.3.5.1: Effective inventory manage­ ment and safe guard office prop­ erties Updated inventory register Timing of updating the register NA Q4 Q4 Q4 Q4 Q4 Document review Annual Head Accounts AAG-C and Director Corporate Support Updated inven­ tory register Inadequate manpower Inventory acquired and dis­ posed of Timing of acquisition of inventory NA 4 4 4 4 4 Document review Quar­ terly Head Admin AAG-C and Director Corporate Support Monthly PDU reports Emerging general government guidelines, inadequate funding Timing of disposal of inventory NA 1 1 1 1 1 Document Annual Head Admin AAG/C AAG-C and Director Corporate Support Disposal reports Emerging general government guidelines 2.3.5.2: Review fleet man­ agement policy and enhance fleet man­ agement to create efficiency Fleet man­ agement policy reviewed Timing of approv­ al of the reviewed policy NA 1 1 Document review Every 2 years Head Admin AAG/C AAG-C and Director Corporate Support Re­ viewed Fleet man­ agement policy Limitation arising with complying with GOU guidelines Fleet pro­ cured Number of vehicles procured NA 15 15 15 15 15 Document review Annual Head Admin AAG-C and Director Corporate Support Procure­ ment reports Inadequate funding Page 177 strategic report Activities Output Indicator Base­ line FY 2019/20 Target (2020/21, 2021/22, 2022/23, 2023/24, 2024/25) Data col­ lection method Fre­ quency Responsi­ ble centre To be Consult­ ed Means of veri­ fication Associated risks 1 2 3 4 5 2.3.5.3: Improve physical security manage­ ment for the office Office premises secured Number of security incidents reported NA 4 2 1 0 0 Document review Annual Head Admin AAG-C and Director Corporate Support Security reports Security equipment acquired and installed (cctv, metal detectors and walk- through) Lots of security equipment procured NA 3 3 3 2 Document review Annual Head Admin AAG-C and Director Corporate Support Procure­ ment reports Inadequate funding Security awareness activities conducted Number of sensitization sessions on security awareness NA 4 4 4 4 4 Document review Annual Head Admin AAG/C AAG-C and Director Corporate Support Activity reports Inadequate funding 2.3.5.4: Devel­ op and implement awareness campaigns to promote fire safety Fire safety awareness campaigns across the office developed and imple­ mented Number of awareness campaigns implement­ ed NA 1 1 1 1 1 Document review Annual Head Admin AAG-C and Director Corporate Support Activity reports Inadequate funding Page 178 strategic report Activities Output Indicator Base­ line FY 2019/20 Target (2020/21, 2021/22, 2022/23, 2023/24, 2024/25) Data col­ lection method Fre­ quency Responsi­ ble centre To be Consult­ ed Means of veri­ fication Associated risks 1 2 3 4 5 Specific objective 2.4: Improve IT as a business enabler through greater collaboration, resource optimization and innovation."
at isimba,hydro power plant,1,[2025],['contract_management'],At Isimba,"ix) At Isimba Hydro Power Plant, the spillway structure is eroded, equipment and parts at the intake gate are corroded, and the open intake pits show deterioration, with defects remaining unresolved beyond the Defect Liability Period."
aswa river community,road,1,[2024],['delay_time_overrun'],Aswa River Community,"This affected construction of 3 strategic bulk markets, 100 479 2000000947 and ASAP Grant No.2000000324 for 9-month period ended 31st March 2024 demonstration water harvesting infrastructure and recruitment of 7 weather station workers iii) The maintenance of completed 1,138 Kms of community access roads and 2 markets was not effectively undertaken by the districts due to failure by management to put in place effective sustainability measures iv) Inspection of Ayerolwango - Aswa River Community Road revealed that although the project had spent UGX.0.799Bn, the works had stalled due to the rocks in the basement, which were not envisioned v) Three projects namely; the bridge at St."
aninolal primary,school,1,[2018],['delayed_payments'],Aninolal Primary,"Apac DLG  Unsupported expenditure transactions  Unexplained adjustment  Performance of Youth Livelihood Programme  Funding of the program  Non – compliance with the repayment schedule  Transfer of recovered funds to the recovery account in BOU  Inspection of performance of youth projects  Implementation of the Uganda Road Fund  Budget performance  Status of implementation  Unsupported domestic arrears  Unbudgeted for domestic arrears  Loss of district motor cycles  Outstanding electricity bill  Management of natural resources  Lack of legal ownership of land, forest reserves and wetlands  Unlicensed/illegal activities on Natural Resources  Physical Planning Committees  Existence of Physical Planning Committee  Capitation grant in Aninolal Primary school  Disclosure of capitation grant funds in financial statements  Status of basic medical equipment  Inventory of Medical Equipment  Condition of Medical Equipment 3."
amuru seed secondary,school,1,[2019],['delay_time_overrun'],Amuru Seed Secondary,228 SN LOCAL GOVERNMENTS SUMMARY OF KEY FINDINGS • Construction works under UgIFT at Amuru Seed Secondary School and Otwee Health Centre II were behind schedule.
akisim,road,1,[2019],['contract_management'],Akisim,"They however had outstanding snags to be rectified as detailed in the report and summarized in table below; Table 39: Showing Outstanding defects S/No Contract road name Defects noted 1 Soroti - Katakwi - Akisim road Stripping at various sections, scouring of embankment, no rounding on terminal end of walkways, eroded and silted stone pitching works, spot honey combs at box and culvert wing walls, full flow for culverts, vandalism of reflectors and hazard signs, missing bolts on guard rails and omission anti-theft protection on bolts and nuts on some guard rails."
agereger primary,school,1,[2018],['delayed_payments'],Agereger Primary,Amuria DLG  Unsupported Pension and Gratuity Payments  Mischarge of Expenditure  Non-Disclosure of Un- Spent Balance in the Financial statements  YLP-Low Recovery of Funds  URF-Performance of URF  Domestic Arrears  Under Collection of Local Revenue  Under Staffing  Infrastructure in UPE Schools  Construction of Two classroom block at Agereger Primary School  Missing District Assets  Shortage of Medical equipment in various departments  Lack of a District Physical Development Plan  Unlicensed activities on the Natural Resources 15.
hoima nkenda,power_line,1,[2018],['land_and_right_of_way'],Hoima Nkenda,"10 Hoima Nkenda transmission line Delays in land titling 11 Mbarara Nkenda transmission line Delays in land transfer and titling 84 12 Uganda National Oil Company Lack of Title for assets transferred to the Company 13 Uganda Posts Limited Lack of Land Titles for UPL Land - Plot 40 Margarita Road, Kasese; Plot 18-20 Gogonyo Road, Pallisa; Plot 76 Mawokota Block 92, Mpigi; Plot 6-10 Birch Avenue, Masaka; Plot 2-6 Mutekanga Road, Kamuli; Plot 1-11 Nsambya Road, Kampala 14 Law Development Centre • Untitled Land on plots 34, 89, 155, 159, 166, 170, 221, 222, 245, 450, 451, 464, 465, 466, 482, 481, 508-510, 613-615 • Untitled Land in Kyadodndo and Bukoto 15 Uganda Human Rights Commission Inadequate management of land assets 16 Parliamentary Commission Absence of land titles for 3 plots; 16-18 on Parliament Avenue 17 National Library of Uganda Forfeiture of land/Loss of land 18 NEC Head Quarter Undeveloped Plot in Namanve Industrial Park 19 NEC Farm Katonga Un-surveyed Land/untitled land blocks 274,378 and 386 20 National Water & Sewerage Corporation Absence of land titles for assets taken over 21 National Forestry Authority • Over 2m Hectares of Forest cover lost in last 10yrs  Loss of land in Buhungiro Central Forest Reserve in Kyegegwa District • Encroachment on Namanve Central Forest Reserve 22 Uganda National Road Authority  Delayed return of residual Titles to Project Affected Persons (PAPs) 23 Uganda Railway Corporation  Un-titled land of over 362 sq meters at Nalukolongo leading to encroachment of some plots I advised Management of the affected entities to process land titles and institute measures to recover land from the encroachers."
hoima regional referral,health,1,[2018],['delayed_payments'],Hoima Regional Referral,Hoima Regional Referral Hospital  Domestic Arrears  Inadequate medical equipment 176  Expired Drugs  Ineligible occupants in staff houses  Un-habitable houses  Irregularities in Prior year force account works  Collection of NTR on collection bank accounts  Utilisation of revenue at source  Staffing gaps 130.
ishasha,bridge,1,[2022],['land_and_right_of_way'],Ishasha,"The slippage of 15.95% recorded was attributed to encumbrances on land on sections that required extra land take beyond the 30m standard Right of Way, excessive rainfall in the region, and the Contractors restricted access to Ishasha Bridge.Time elapsed as of 30th June 2022 was 43.8 months representing 88.3% of the total extended civil works contract duration of (49.6 months)."
karuma,hydro power plant,1,[2024],['contract_management'],Karuma,"vii) Karuma Hydro Power plant (HPP) was commissioned on 12th June 2024, but there were 4,539 snags and outstanding scope of works which would be addressed during the defect’s liability period."
kyashojwa primary,school,1,[2018],['land_and_right_of_way'],Kyashojwa Primary,Isingiro DLG  PERFORMANCE OF URF  Under Collection of Local Revenue  Unaccounted for Funds  Under collection of revenue  Lack of land titles  Land Encroachment  Under funding of Kyashojwa Primary School  Lack of a fully-fledged district lands office  Unlicensed activities on Natural resources 124.
kv double circuit,power_line,1,[2025],['contract_management'],Kv Double Circuit,Mutundwe-Entebbe 132 Kv Double Circuit Transmission Line project for the year ended 30th June 2024 Energy Development Unqualified i) There was no valid contract for provision of consultancy services between UETCL and M/S GOPA Intec and yet there were defects liability period activities that were supposed to be supervised.
kiwogoloma kitukutwe kijabijjo,road,1,[2023],['delay_time_overrun'],Kiwogoloma-Kitukutwe-Kijabijjo," There was delayed completion of; Construction of a Ferry Landing Site at Gerenge in Katabi Town Council, Civil Works for Upgrading of Shimon Roads (3.178km) and Civil Works for the upgrading of Kiwogoloma-Kitukutwe-Kijabijjo road (4.5km) and Bulindo-Nsansa-Namugongo road (4.56km), Ssezibwa (Bulandi –Gyira) Swamp Crossing Between Kayunga and Nakasogola Districts as well as civil Works for Upgrading of Kafunta-Buwampa Road (9.5KM)."
kisaigi,bridge,1,[2019],['contract_management'],Kisaigi,"Bleeding, broken end structures, broken and scoured aprons, Stripped capping layer along road carriageway, silted culverts 11 Low Cost Sealing of Selected District Roads; Lot 6: in Kamuli District Silted culverts, damaged culvert bases, washed off culvert backfill, damaged road base, damaged end structures 12 Construction of Gem Farm Bailey Bridge in Atiak, Amuru District Collapsed gabion at Abutment 2 RHS, Inadequate backfill at approach to the bridge (LHS) in the corner, Need for river training 13 Construction of Kisaigi Bridge in Kakumiro District Lot 1 Honey combs, collapsing backfill, Crack at Abutment wall, Formwork left within the bridge structure at different locations 14 Construction of Kabindula Swamp Crossing in Kyankwanzi District Lot 20 Extensive Honey combing, poor workmanship on concrete works The Accounting Officer indicated that contractors had been instructed to address the identified defects prior to issue of the practical completion certificate."
aduku seed secondary,school,1,[2019],['delay_time_overrun'],Aduku Seed Secondary,"• Under UgIFT, I noted that Aduku Seed Secondary School had no land title and construction works were behind schedule with all structures at ring beam level."
kira matugga,road,1,[2024],['cost_overrun'],Kira-Matugga,"vi) UNRA signed Addendum No.1 for the Kira-Matugga Road project worth UGX.22.089Bn, with significant cost escalations up to 663% for some items."
kindra lokajo,road,1,[2019],['procurement_irregularities'],Kindra-Lokajo,"• Inspection of Kindra-Lokajo road revealed that a section of the road with a stream need a bridge, there was no sign post and no records of community procurement and project management."
kikoza kigoloba naluvule,road,1,[2018],['delayed_payments'],Kikoza-Kigoloba-Naluvule,Luwero DLG  Performance of Youth Livelihood Programme - Under funding of the Programme - Non Compliance with Repayments Schedules - Un confirmed transfers of Recovered funds to Recovery Account in BOU - Inspection of performance of Youth Projects - Nakigoza Youth Tato Growing Project - Record keeping - Kanyogoga Youth Piggery Project - Poor Record keeping  Implementation of the Uganda Road Funds - Inspection of Kikoza-Kigoloba-Naluvule Road (8.9Kms) - Failure to carry out Routine Manual Maintenance on District Roads  Mischarge of Expenditure  Un accounted for funds  Financial Loss  Outstanding Creditors  Outstanding Salary and Pension Arrears  Diversion of PHC and Agricultural Extension Services Wage to Pay Primary Teachers Salary  Un-updated property valuation list  Under staffing and related  Un Recovered UWEP Revolving Funds  Un approved borehole Rehabilitation Assessments  Difficulties in accessing Road equipment fr Regional Workshops  Failure to Perform Physical count for students under USE  Review of Eye Clinic Donation at Luwero Health Centre IV  Management of Procurement  Absence of a Contracts Register  Absence of 10% Performance securities for Procurement contracts 253  Lack of a representative of Lower Local Government on Evaluation Committee  Management of Natural Resources  Environmental dilapidation of district wetlands  Failure to de-gazette Bombo Local Forest Reserve  Poor Status of basic Medical Equipment  Lack of a District Physical Development Plan  Absence of District land and Lease Registers  Absence of legitimate Registration of the District Land  Capitation Grants  Under funding of the USE and UPE capitation programs  Construction of a 2 classro block and others at Bulamba Primary Schoo  Status of Basic Medical Equipment 72.
kikazi ntara,road,1,[2023],['contract_management'],Kikazi-Ntara,I advised the Accounting Officer to put in place measures to ensure that the supervision teams prepare quality progress reports 4.3.3 Special Audit on Alleged Mismanagement of Funds for Kanara Water Supply Project in Kitagwenda District (Phase II &III) and Kikazi-Ntara Road I conducted a special audit to assist the Directorate of Criminal Investigation in investigating the alleged cases of corruption and embezzlement of funds and loss of public resources in Kitagwenda District Local Government in the Financial Year 2020/21.
kihanga seed,school,1,[2019],['procurement_irregularities'],Kihanga Seed,I further noted that the Construction of Kihanga Seed School was not implemented due to delayed procurement process.
kigarama seed,school,1,[2019],['procurement_irregularities'],Kigarama Seed,I further noted that the construction of Kigarama Seed School was partially implemented due to delayed procurement process.
kebisoni seed secondary,school,1,[2019],['procurement_irregularities'],Kebisoni Seed Secondary,I further noted that the construction of Kebisoni Seed Secondary school was not implemented due to delayed procurement process by 11months.
kayunga general,health,1,[2018],['land_and_right_of_way'],Kayunga General,- Noncompliance with the repayment schedule - Transfer of the Recovered Funds to the Recovery Account in BOU - Inspection of Performance of Youth projects - Kayonjo Piggery Youth Project - Record keeping - Bwetyaba Youth dairy Production - Record Keeping - Failed Youth Livelihood Projects  Implementation of the Uganda Road Funds - Budget Performance - Status of implementation - Routine manual maintenance - Under Utilization of Road Gangs - Routine mechanised maintenance - Periodic maintenance - Burnt district Grader  Outstanding Pensions  Outstanding Commitments  Construction of Nakyesa Public Latrine  High School Dropout Rates  Failure to collect Local service Tax (LST) fr Non-Government employees  Management and Utilisation of Natural Resources  Ruining and encroachment on wet land  Failure to demarcate wetlands  Lack of a District Environmental Action Plan 252  Status of Essential medical equipment at the Kayunga General Hospital  Challenges faced by Kayunga HCIVs  District Road Equipment Inadequate Road Equipment  In adequate Infrastructure in Primary schools 71.
katuugo,health,1,[2019],['delay_time_overrun'],Katuugo,"• Under UgIFT, works for upgrade of Katuugo Health Centre II had stalled and funds for the construction of a Seed secondary school in Katikamu Sub County were not utilized."
karuma,dam,1,[2019],['land_and_right_of_way'],Karuma,"Regarding resettlement, by 16th December 2019 (over six years after construction works were launched), MEMD had not built resettlement houses for the 119 vulnerable PAPs displaced by Karuma dam while UETCL had, on the other hand, constructed and handed over 34 out of 50 planned resettlement houses to vulnerable PAPs affected by the transmission lines under their charge."
jinja,road,1,[2024],['procurement_irregularities'],Jinja,"Kampala - Jinja Expressway (KJE) Project Integrated Transport Infrastructure & Services Unqualified i) The procurement process for the Kampala Jinja Expressway, initiated in May 2018, remains incomplete as of September 2024, primarily due to delays in approving the Partial Risk Guarantee (PRG) requested by prequalified consortia."
kanginima seed secondary,school,1,[2019],['procurement_irregularities'],Kanginima Seed Secondary,• Works under UgIFT were ongoing however there was delayed construction works at Kanginima Seed Secondary School and delay in procurement process which resulted in delay of 7 months from the plan.
kanara rgc,water,1,[2023],['procurement_irregularities'],Kanara RGC," I also established that for phase III, the generator specifications were changed from 50KVA power rating that was in the original engineer’s estimate for the Kanara RGC water supply scheme to 25KVA during preparation of the unpriced BoQs at tender."
kame nabuti katosi,road,1,[2025],['procurement_irregularities'],Kame-Nabuti-Katosi,"Lot 2: Anthony-Kame, Kame Annex, Albert Cook-Cathedral Rise, Kame-Nabuti-Katosi road, Admin Link, Access Road, Link Road (8.68Km) 357,722 5 Construction of selected roads in Kira and Mukono municipalities Lot 3: Nasuuti-Nakabago-Ntawo, Bajjo-Seeta, Serado Link, Kigunga Link (9.72km) 324,033 Source: Analysis of procurement Data 24 Analysis of the costs for furniture with the same specifications from a sample of entities also revealed wide variances, as detailed below; Table 9: Furniture costs in different entities SN Item Name Entity A Entity B Entity C Entity D (Amounts in UGX) 1 Deluxe Bullet Desk Executive Package 3,000,000 1,350,000 - - 2 Executive desk 5,000,000 4,300,000 4,915,254 7,500,000 3 Executive desk set 4,000,000 4,300,000 4,661,017 7,500,000 4 Executive high back chair 400,000 850,000 - 1,600,000 5 Executive high back chair swivel 1,000,000 1,900,000 - 1,250,000 6 Workstation 6,000,000 4,000,000 - - Source: Analysis of procurement Performance Data In light of the above, it was noticed that government was incurring different costs on common user items due to the price variances that ought to be standardized."
kalibala kamya memorial seed secondary,school,1,[2019],['procurement_irregularities'],Kalibala Kamya Memorial Seed Secondary,• I noted procurement delays of 7 and 10 months in the signing of contracts for upgrading Kiziba HC II to HC III and construction of Samson Kalibala Kamya Memorial Seed Secondary school respectively.
kakyeka,stadium,1,[2024],['delay_time_overrun'],Kakyeka,"The partially implemented activity is Hoima city stadium construction, while Kakyeka Stadium Redevelopment remained unimplemented due to due to the delayed creation of a project code, delayed completion of project environment impact assessment."
kabwoya,road,1,[2022],['land_and_right_of_way'],Kabwoya,"Road Sector Support Project 4 (RSSP–4), for the upgrading of Kigumba – Masindi – Hoima – Kabwoya Road Project implemented by UNRA  I noted during various grievances relating with the resettlement of PAPs for Lot 1."
kabuwoko,road,1,[2019],['contract_management'],Kabuwoko,"• Under URF field inspections, I observed poor workmanship on the 10 km stretch of Kikondo – Kawule – Busowe– Abonera/Kabuwoko road."
kabale regional referral,health,1,[2025],['delayed_payments'],Kabale Regional Referral,"Kabale Regional Referral Hospital Human capital development Unqualified i) The statement of financial position reported an outstanding balance of UGX.0.448Bn in respect of unpaid retention fees and other works on the interns’ hostel, and pension arrears of UGX.0.018Bn which remained unpaid."
kabale international,airport,1,[2024],['governance_and_controls'],Kabale International,"iv) PAU lacks a consolidated regulatory oversight on the progress and readiness of supporting infrastructure managed by other government entities like Kabale International Airport managed by Ministry of works, the Kabalega Industrial Park by the UNOC and an electricity substation by UETCL."
kabala kaket,road,1,[2019],['delay_time_overrun'],Kabala-Kaket,• URF field inspection revealed incomplete works on Kabala-Kaket road.
kabaale international airport access,road,1,[2025],['delayed_payments'],Kabaale International Airport Access,"317 Entity Name Programme Name Opinion Summary of Key Findings I noted that; xvii) Government-funded road projects experienced widespread suspension or reduction of works due to delayed payments of IPCs, including Masindi–Biiso– Kabale–Kiziranfumbi–Hohwa–Nyairongo–Butole, Ntungamo–Kabale–Katuna, Kabaale International Airport Access Road, Hoima–Busunju, Moroto–Lokitanyala, Olwiyo–Pakwach, and selected town roads in Pallisa and Kumi."
kabaale international,airport,1,[2025],['contract_management'],Kabaale International,"xix) Major delayed projects included Kayunga–Nabuganyi and Nansana–Kireka–Bira roads, Kafunta–Buwampa road, Kabaale International Airport, and the New Kampala Port at Bukasa, mainly due to delayed payments, design changes, scope changes, funding gaps, and weak contract management."
kabaale,health,1,[2019],['procurement_irregularities'],Kabaale,"• Under the UgIFT, I noted there were procurement delays of up to four months in the contract for the upgrade of Kabaale health centre II."
kaabong,bridge,1,[2019],['contract_management'],Kaabong,"7 Lopei bridge Camber loss on the road surface, spot pot holes, missing bolts, rusting of some bolts, The lower end of the embankment that is lower than the flood level 8 Kaabong bridge Failed gabion/protection works- U/S of Kapedo side, Cracks in stone pitching mortar, Eroded approach Embankment on Kapedo side, Pothole on the approach slab area 101 S/No Contract road name Defects noted 9 Waiga bridge, Ruzairwe bridge, Nsongi bridge, Mpondwe bridge Ruzairwe; Guardrail end details not as per drawing, Rusted guardrail posts and bolts, Missing hazard sign plate on Pacwa side, Hazard sign installed in wrong location; Mpondwe; Hairline cracks on walkway slab, Short and inadequate gabion works on both downstream of Uganda and DR Congo side: Nsongi; Hairline cracks on walkway slab, Eroded banks at mitre drain location; 10 Kaitabawala- Kisozi-Busota (58.2Km)."
kiryampungula,road,1,[2023],['procurement_irregularities'],Kiryampungula,"Procurement Issues On six (6) of the fifteen (15) contracts, I noted a number of issues arising from my review of the procurement of the works contractors as detailed below;  The successful bidder for the extension of piped water from Itula to Lomunga Parish did not provide CVs of key personnel  There were changes in the evaluation criteria during the evaluation of bids for full rehabilitation of Siriba-Kalwala_Kiryampungula Road (11.3km) and Tete Ogolo-liri road 15km  The best evaluated bidder for works at Kasenyi-Lyato did not provide the required work method statement and his proposed Quantity Surveyor was passed despite not having the required 4 years’ experience  The best evaluated bidder for Biyaya Secondary School had a work method relating to a waste treatment plant and faecal sludge treatment plants which did not constitute scope of works  During the evaluation of bids for construction of the 15m single span bridge at Oru River, the bid for one of the bidders, Multex (U) Ltd, despite being submitted on time was never opened claiming late submission Inadequacies during the procurement process can result in the procurement of contractors with inadequate capacity to execute the works I advised the Accounting Officer to ensure that going forward, the evaluation teams adhere to the relevant procurement guidelines c."
